feature,mu_level,noise_arm,noise_level,sample_ratio,n_pos,n_neg,sigma,nsr,n_nan_pos,n_nan_neg,auc,auc_se,auc_lo,auc_hi,p_raw,thresh_max_r0,thresh_mean2sd_r0,p_bh,detectable
barcode_mean_len,high,abs,0.0,0.1,40,10,0.0,0.0,0,0,0.895,0.06901662169823426,0.7597274214714609,1.0,5.0915299035043556e-05,4.0,2.9298221281347034,0.00010227047106391038,False
barcode_mean_len,high,abs,5.0,0.1,40,10,2.2361,0.008792039789480949,0,0,0.83375,0.08328125329042502,0.6705187435507669,0.9969812564492331,0.0005540225371044692,8.45013427734375,6.501531836977749,0.0008960712339254894,False
barcode_mean_len,high,abs,10.0,0.1,40,10,3.1622999999999997,0.012433731687435985,0,0,0.8825,0.0724161454466948,0.7405643549244781,1.0,9.520068179527628e-05,3.354726791381836,2.8109676305453624,0.00017958749304179905,False
barcode_mean_len,high,abs,15.0,0.1,40,10,3.873,0.015228107018764689,0,0,0.83375,0.08328125329042502,0.6705187435507669,0.9969812564492331,0.000600633246805559,4.880340576171875,5.332575032652396,0.000958934002569479,False
barcode_mean_len,high,abs,20.0,0.1,40,10,4.472100000000001,0.017583686392620076,0,0,0.86875,0.07583503613481309,0.7201133291757664,1.0,0.00016533225333054954,2.048500061035156,2.7272764795408833,0.00029512283224071226,False
barcode_mean_len,high,abs,25.0,0.1,40,10,5.0,0.019659317091098225,0,0,0.8825,0.0724161454466948,0.7405643549244781,1.0,0.00010224320120915413,2.808685302734375,3.365617937046033,0.0001901723542490267,False
barcode_mean_len,high,abs,30.0,0.1,40,10,5.477199999999999,0.02153560231427264,0,0,0.85125,0.07976445866104212,0.6949116610243574,1.0,0.0003340235747854134,4.371429443359375,5.490762281759686,0.0005557100618075751,False
barcode_mean_len,high,abs,35.0,0.1,40,10,5.916100000000001,0.02326129716852924,0,0,0.8025,0.08868117913105483,0.6286848889031325,0.9763151110968675,0.0016720352532447378,6.9904632568359375,6.967042393962153,0.0024258857808386993,False
barcode_mean_len,high,abs,40.0,0.1,40,10,6.324599999999999,0.02486746337487197,0,0,0.82875,0.08421742049965074,0.6636838558206846,0.9938161441793154,0.0007271688507113954,6.286003112792969,6.665865542213533,0.0011404165786873485,False
barcode_mean_len,high,abs,45.0,0.1,40,10,6.708199999999998,0.026375726182101017,0,0,0.74,0.09670703816955153,0.550454205187679,0.929545794812321,0.010146100345558372,13.313079833984377,12.38621798644334,0.013160213837335125,False
barcode_mean_len,high,abs,50.0,0.1,40,10,7.0711,0.027802599416572937,0,0,0.6475,0.10322418164527133,0.44518060397526815,0.8498193960247318,0.07787443283065422,10.108673095703123,12.289337742762363,0.08952190671509076,False
barcode_mean_len,high,abs,55.0,0.1,40,10,7.416200000000001,0.029159485482200532,0,0,0.9075,0.06529615537908832,0.7795195354569868,1.0,3.921022751464492e-05,6.1205596923828125,5.398928849154155,8.250115744031624e-05,True
barcode_mean_len,high,abs,60.0,0.1,40,10,7.746,0.030456214037529378,0,0,0.7475,0.09591525384521943,0.55950610246337,0.9354938975366301,0.008337223018530049,17.15522003173828,14.938165508631315,0.010966927025789172,False
barcode_mean_len,high,abs,65.0,0.1,40,10,8.0623,0.031699862436712245,0,0,0.7875,0.09091985771966847,0.6092970788694498,0.9657029211305501,0.002675819095262301,8.97412363688151,9.685157219736833,0.0037477586725812345,False
barcode_mean_len,high,abs,70.0,0.1,40,10,8.3666,0.03289632847487648,0,0,0.7325,0.09745604398391211,0.5414861537915323,0.9235138462084678,0.012373087501183704,7.70220947265625,9.991997574152222,0.015828021150069937,False
barcode_mean_len,high,abs,75.0,0.1,40,10,8.6603,0.03405111676080759,0,0,0.835,0.08304262107383252,0.6722364626952883,0.9977635373047117,0.0005930271105896122,11.364517211914062,10.643562453664103,0.0009574916889728113,False
barcode_mean_len,high,abs,80.0,0.1,40,10,8.9443,0.03516776597158197,0,0,0.85125,0.07976445866104212,0.6949116610243574,1.0,0.0003340235747854134,6.992726643880208,8.393923657888855,0.0005557100618075751,False
barcode_mean_len,high,abs,85.0,0.1,40,10,9.219499999999998,0.03624981478427602,0,0,0.7975,0.08945125689625472,0.6221755364833408,0.9728244635166592,0.0019539558145495314,9.167373657226562,9.258831341745731,0.0027913654493564736,False
barcode_mean_len,high,abs,90.0,0.1,40,10,9.486800000000002,0.03730080187596613,0,0,0.80875,0.08768382172853907,0.6368897094120634,0.9806102905879366,0.0013984397626494,6.985990524291992,7.522651983285129,0.0020643634591491146,False
barcode_mean_len,high,abs,95.0,0.1,40,10,9.7468,0.03832308636470324,0,0,0.755,0.09507958205821124,0.568644019165906,0.941355980834094,0.006890541650397237,12.710113525390623,13.265174699069952,0.009158656568910987,False
barcode_mean_len,high,abs,100.0,0.1,40,10,10.0,0.03931863418219645,0,0,0.7175,0.09882976058442998,0.5237936692545173,0.9112063307454827,0.01791103806918521,12.207252502441406,13.298785058822746,0.02250490364752308,False
barcode_mean_len,high,abs,0.0,0.2,40,10,0.0,0.0,0,0,1.0,0.0,1.0,1.0,6.458484796201204e-07,2.0,2.8511900715418266,6.1159669901964865e-06,True
barcode_mean_len,high,abs,5.0,0.2,40,10,2.2361,0.008554687994029036,0,0,0.9975,0.011304532632817974,0.9753431160396768,1.0,7.38464879278088e-07,3.005859375,2.996627401171981,6.1159669901964865e-06,True
barcode_mean_len,high,abs,10.0,0.2,40,10,3.1622999999999997,0.012098067994954614,0,0,0.9975,0.011304532632817974,0.9753431160396768,1.0,7.38464879278088e-07,3.911445617675781,4.1632053412508885,6.1159669901964865e-06,True
barcode_mean_len,high,abs,15.0,0.2,40,10,3.873,0.014817005769363827,0,0,0.995,0.015966145597504214,0.9637063546288918,1.0,8.335799989322588e-07,4.868815104166667,5.601076261847663,6.1159669901964865e-06,True
barcode_mean_len,high,abs,20.0,0.2,40,10,4.472100000000001,0.01710899341625922,0,0,1.0,0.0,1.0,1.0,6.538314816033479e-07,3.867462158203125,4.614124295929054,6.1159669901964865e-06,True
barcode_mean_len,high,abs,25.0,0.2,40,10,5.0,0.019128589942375193,0,0,0.9575,0.04560493655786812,0.8681143243465785,1.0,4.79371076974779e-06,4.5304107666015625,4.479229919931716,1.4936901582520684e-05,True
barcode_mean_len,high,abs,30.0,0.2,40,10,5.477199999999999,0.020954222566475486,0,0,0.95,0.049253353765432696,0.8534634266197518,1.0,6.698612424583832e-06,6.671755472819011,7.680908402764231,1.9407194874962503e-05,True
barcode_mean_len,high,abs,35.0,0.2,40,10,5.916100000000001,0.022633330191617177,0,0,0.98,0.031677997785087585,0.9179111243412283,1.0,1.704032931269903e-06,4.8136138916015625,5.2160896304171285,7.170817312583755e-06,True
barcode_mean_len,high,abs,40.0,0.2,40,10,6.324599999999999,0.024196135989909228,0,0,0.9825,0.02967211382340579,0.9243426569061247,1.0,1.5147411749632373e-06,5.222333526611328,6.316793386797727,6.93945464392025e-06,True
barcode_mean_len,high,abs,45.0,0.2,40,10,6.708199999999998,0.025663681410288252,0,0,0.9875,0.025144807945463806,0.938216176426891,1.0,1.1948706156750042e-06,5.447081247965495,6.374904277297796,6.4232929050737215e-06,True
barcode_mean_len,high,abs,50.0,0.2,40,10,7.0711,0.02705203446830585,0,0,0.985,0.027507974990862768,0.9310843690179089,1.0,1.3457139554261416e-06,6.0366261800130205,7.012073738745828,6.621767082255618e-06,True
barcode_mean_len,high,abs,55.0,0.2,40,10,7.416200000000001,0.02837228974612858,0,0,0.9925,0.019528774581448426,0.9542236018203611,1.0,9.40412128600105e-07,5.6663869222005205,6.3423378401220605,6.1159669901964865e-06,True
barcode_mean_len,high,abs,60.0,0.2,40,10,7.746,0.029634011538727655,0,0,0.9575,0.04560493655786812,0.8681143243465785,1.0,4.79371076974779e-06,7.231474740164621,7.701861398423212,1.4936901582520684e-05,True
barcode_mean_len,high,abs,65.0,0.2,40,10,8.0623,0.03084408613848231,0,0,0.9025,0.06682609616168726,0.7715208515230929,1.0,4.9568014246983466e-05,9.253854370117187,9.958712115334936,9.977976893873295e-05,True
barcode_mean_len,high,abs,70.0,0.2,40,10,8.3666,0.032008252122375264,0,0,0.91,0.06450887154044081,0.783562611780736,1.0,3.6627656988930286e-05,8.469927978515624,8.57317867127058,7.724199773175774e-05,True
barcode_mean_len,high,abs,75.0,0.2,40,10,8.6603,0.03313186549559038,0,0,0.9825,0.02967211382340579,0.9243426569061247,1.0,1.5147411749632373e-06,7.249584197998047,8.436107163274777,6.93945464392025e-06,True
barcode_mean_len,high,abs,80.0,0.2,40,10,8.9443,0.0342183694043173,0,0,0.9275,0.05852534927823359,0.8127903154146622,1.0,1.7729779558998625e-05,7.101028987339565,8.743585710678804,4.142888188409226e-05,True
barcode_mean_len,high,abs,85.0,0.2,40,10,9.219499999999998,0.035271206994745626,0,0,0.91,0.06450887154044081,0.783562611780736,1.0,3.6627656988930286e-05,6.8053468976702005,7.509989344249951,7.724199773175774e-05,True
barcode_mean_len,high,abs,90.0,0.2,40,10,9.486800000000002,0.036293821413065,0,0,0.905,0.06606839361879746,0.775505948507157,1.0,4.483810553584596e-05,9.480865478515623,9.686898263333557,9.16471168095313e-05,True
barcode_mean_len,high,abs,95.0,0.2,40,10,9.7468,0.037288508090068506,0,0,0.85,0.08002868353293151,0.6931437802754542,1.0,0.00035800791626764355,8.622328186035157,10.473674048790093,0.0005913807497849174,False
barcode_mean_len,high,abs,100.0,0.2,40,10,10.0,0.038257179884750386,0,0,0.95,0.049253353765432696,0.8534634266197518,1.0,6.698612424583832e-06,8.08655242919922,9.016606398341583,1.9407194874962503e-05,True
barcode_mean_len,high,abs,0.0,0.3,40,10,0.0,0.0,0,0,0.99875,0.007998714160738517,0.9830725202449525,1.0,6.804877872384784e-07,5.0,4.398299734359383,6.1159669901964865e-06,True
barcode_mean_len,high,abs,5.0,0.3,40,10,2.2361,0.00862968335854591,0,0,1.0,0.0,1.0,1.0,6.538314816033479e-07,3.109811305999756,3.2069463696746947,6.1159669901964865e-06,True
barcode_mean_len,high,abs,10.0,0.3,40,10,3.1622999999999997,0.012204126686968266,0,0,0.995,0.015966145597504214,0.9637063546288918,1.0,8.335799989322588e-07,3.8636480967203775,3.986697497577498,6.1159669901964865e-06,True
barcode_mean_len,high,abs,15.0,0.3,40,10,3.873,0.014946900249384337,0,0,1.0,0.0,1.0,1.0,6.538314816033479e-07,3.177191257476806,3.3811153819126716,6.1159669901964865e-06,True
barcode_mean_len,high,abs,20.0,0.3,40,10,4.472100000000001,0.017258980791446343,0,0,0.9875,0.025144807945463806,0.938216176426891,1.0,1.1948706156750042e-06,4.715054035186768,4.748592740416823,6.4232929050737215e-06,True
barcode_mean_len,high,abs,25.0,0.3,40,10,5.0,0.01929628227392762,0,0,0.9775,0.03355397998186842,0.9117341992355379,1.0,1.9158940685337106e-06,3.752685546875,4.6100486713305715,7.614450785198081e-06,True
barcode_mean_len,high,abs,30.0,0.3,40,10,5.477199999999999,0.02113791945415127,0,0,0.97,0.038585514924043426,0.8943723907488749,1.0,2.7137920615033714e-06,4.209299802780151,4.767808590750837,9.744504313506313e-06,True
barcode_mean_len,high,abs,35.0,0.3,40,10,5.916100000000001,0.022831747112156648,0,0,0.9925,0.019528774581448426,0.9542236018203611,1.0,9.40412128600105e-07,4.906559857455167,5.208868079952963,6.1159669901964865e-06,True
barcode_mean_len,high,abs,40.0,0.3,40,10,6.324599999999999,0.024408253373936532,0,0,0.9775,0.03355397998186842,0.9117341992355379,1.0,1.9158940685337106e-06,5.342178889683315,5.8960329166047405,7.614450785198081e-06,True
barcode_mean_len,high,abs,45.0,0.3,40,10,6.708199999999998,0.025888664149992257,0,0,0.955,0.04686026014902687,0.8631538901079073,1.0,5.362343977023508e-06,5.619805230034722,6.54794786637407,1.6297319930169484e-05,True
barcode_mean_len,high,abs,50.0,0.3,40,10,7.0711,0.027289188317433922,0,0,0.9875,0.025144807945463806,0.938216176426891,1.0,1.1948706156750042e-06,5.001908302307129,5.421350567234058,6.4232929050737215e-06,True
barcode_mean_len,high,abs,55.0,0.3,40,10,7.416200000000001,0.028621017719980407,0,0,0.9625,0.04295969827343276,0.8782989913840719,1.0,3.8244606308012755e-06,5.6437943776448565,6.289608400762308,1.2657467568132337e-05,True
barcode_mean_len,high,abs,60.0,0.3,40,10,7.746,0.029893800498768674,0,0,0.9725,0.03699385627789856,0.8999920416953189,1.0,2.417801838661637e-06,6.621516545613607,7.032677058839624,8.852581535257174e-06,True
barcode_mean_len,high,abs,65.0,0.3,40,10,8.0623,0.031114483315417333,0,0,0.98,0.031677997785087585,0.9179111243412283,1.0,1.704032931269903e-06,6.124982985583219,6.061313000354547,7.170817312583755e-06,True
barcode_mean_len,high,abs,70.0,0.3,40,10,8.3666,0.032288855054608566,0,0,0.93,0.05759422016493448,0.8171153284767285,1.0,1.5948230628176892e-05,7.444650990622384,7.810973877905469,3.812816062777509e-05,True
barcode_mean_len,high,abs,75.0,0.3,40,10,8.6603,0.03342231867537908,0,0,0.9625,0.04295969827343276,0.8782989913840719,1.0,3.8244606308012755e-06,7.009256553649903,7.122193532004475,1.2657467568132337e-05,True
barcode_mean_len,high,abs,80.0,0.3,40,10,8.9443,0.03451834750853816,0,0,0.94,0.053640414858621525,0.8348647868771017,1.0,1.03825916524498e-05,6.50098458925883,7.259247278332968,2.712306246286043e-05,True
barcode_mean_len,high,abs,85.0,0.3,40,10,9.219499999999998,0.03558041488489514,0,0,0.935,0.05566554073401402,0.8258955401613326,1.0,1.2882436923605882e-05,7.756863525935581,8.111039312165325,3.238017929446884e-05,True
barcode_mean_len,high,abs,90.0,0.3,40,10,9.486800000000002,0.03661199413525931,0,0,0.9,0.06756974068663674,0.7675633082541921,1.0,5.476621751138575e-05,7.045474243164063,7.3618383599328245,0.0001079080133169253,True
barcode_mean_len,high,abs,95.0,0.3,40,10,9.7468,0.03761540081350355,0,0,0.9425,0.052588271035109095,0.8394269887711862,1.0,9.313067252422732e-06,8.229528253728693,8.010968801982273,2.5251173599863383e-05,True
barcode_mean_len,high,abs,100.0,0.3,40,10,10.0,0.03859256454785524,0,0,0.975,0.0353207267702707,0.9057713755302694,1.0,2.152876113554094e-06,6.652259826660156,7.384071967607184,8.172141982062479e-06,True
barcode_mean_len,high,abs,0.0,0.4,40,10,0.0,0.0,0,0,0.985,0.027507974990862768,0.9310843690179089,1.0,1.3353659895369233e-06,9.0,7.352828012447608,6.621767082255618e-06,True
barcode_mean_len,high,abs,5.0,0.4,40,10,2.2361,0.008624513683051638,0,0,0.995,0.015966145597504214,0.9637063546288918,1.0,8.335799989322588e-07,2.377132097880045,2.3891428201749796,6.1159669901964865e-06,True
barcode_mean_len,high,abs,10.0,0.4,40,10,3.1622999999999997,0.012196815714822323,0,0,0.9975,0.011304532632817974,0.9753431160396768,1.0,7.38464879278088e-07,3.465438079833985,3.2518755169822366,6.1159669901964865e-06,True
barcode_mean_len,high,abs,15.0,0.4,40,10,3.873,0.014937946198496935,0,0,0.995,0.015966145597504214,0.9637063546288918,1.0,8.335799989322588e-07,2.931706746419271,3.2889152737774676,6.1159669901964865e-06,True
barcode_mean_len,high,abs,20.0,0.4,40,10,4.472100000000001,0.017248641671649405,0,0,0.9925,0.019528774581448426,0.9542236018203611,1.0,9.40412128600105e-07,3.2415329615275064,3.42473979025688,6.1159669901964865e-06,True
barcode_mean_len,high,abs,25.0,0.4,40,10,5.0,0.019284722693644375,0,0,0.9975,0.011304532632817974,0.9753431160396768,1.0,7.38464879278088e-07,4.219577471415202,4.232520567082421,6.1159669901964865e-06,True
barcode_mean_len,high,abs,30.0,0.4,40,10,5.477199999999999,0.021125256627525797,0,0,0.985,0.027507974990862768,0.9310843690179089,1.0,1.3457139554261416e-06,4.215914726257324,4.289246675167465,6.621767082255618e-06,True
barcode_mean_len,high,abs,35.0,0.4,40,10,5.916100000000001,0.022818069585573898,0,0,1.0,0.0,1.0,1.0,6.538314816033479e-07,3.6823905536106656,4.138905450550032,6.1159669901964865e-06,True
barcode_mean_len,high,abs,40.0,0.4,40,10,6.324599999999999,0.024393631429644645,0,0,1.0,0.0,1.0,1.0,6.538314816033479e-07,5.218064069747925,5.950783430826297,6.1159669901964865e-06,True
barcode_mean_len,high,abs,45.0,0.4,40,10,6.708199999999998,0.02587315535470104,0,0,0.975,0.0353207267702707,0.9057713755302694,1.0,2.152876113554094e-06,5.966684103012085,6.074051236028414,8.172141982062479e-06,True
barcode_mean_len,high,abs,50.0,0.4,40,10,7.0711,0.027272840527805754,0,0,0.9925,0.019528774581448426,0.9542236018203611,1.0,9.40412128600105e-07,4.670282363891602,5.385954608082349,6.1159669901964865e-06,True
barcode_mean_len,high,abs,55.0,0.4,40,10,7.416200000000001,0.028603872088121086,0,0,0.9975,0.011304532632817974,0.9753431160396768,1.0,7.38464879278088e-07,5.589774449666341,5.808309823716328,6.1159669901964865e-06,True
barcode_mean_len,high,abs,60.0,0.4,40,10,7.746,0.02987589239699387,0,0,0.9625,0.04295969827343276,0.8782989913840719,1.0,3.8244606308012755e-06,4.80427434709337,5.238420909280098,1.2657467568132337e-05,True
barcode_mean_len,high,abs,65.0,0.4,40,10,8.0623,0.031095843954593815,0,0,0.9975,0.011304532632817974,0.9753431160396768,1.0,7.38464879278088e-07,5.177662344539867,5.8742360697215545,6.1159669901964865e-06,True
barcode_mean_len,high,abs,70.0,0.4,40,10,8.3666,0.032269512177729005,0,0,0.9825,0.02967211382340579,0.9243426569061247,1.0,1.5147411749632373e-06,5.471330810995663,5.833561814848645,6.93945464392025e-06,True
barcode_mean_len,high,abs,75.0,0.4,40,10,8.6603,0.03340229678875367,0,0,0.9725,0.03699385627789856,0.8999920416953189,1.0,2.417801838661637e-06,6.020793307911266,6.146779188369794,8.852581535257174e-06,True
barcode_mean_len,high,abs,80.0,0.4,40,10,8.9443,0.034497669037752685,0,0,0.9875,0.025144807945463806,0.938216176426891,1.0,1.1948706156750042e-06,6.064755386776394,6.536764684535527,6.4232929050737215e-06,True
barcode_mean_len,high,abs,85.0,0.4,40,10,9.219499999999998,0.03555910017481087,0,0,0.995,0.015966145597504214,0.9637063546288918,1.0,8.335799989322588e-07,6.998897222372202,6.96682898366052,6.1159669901964865e-06,True
barcode_mean_len,high,abs,90.0,0.4,40,10,9.486800000000002,0.036590061450013096,0,0,0.985,0.027507974990862768,0.9310843690179089,1.0,1.3457139554261416e-06,5.905584096908569,6.147882495435503,6.621767082255618e-06,True
barcode_mean_len,high,abs,95.0,0.4,40,10,9.7468,0.037592867030082605,0,0,0.9675,0.040105371991940766,0.8888934708957961,1.0,3.0442948627741216e-06,7.03978983561198,7.483935581711755,1.0603723679325592e-05,True
barcode_mean_len,high,abs,100.0,0.4,40,10,10.0,0.03856944538728875,0,0,0.9925,0.019528774581448426,0.9542236018203611,1.0,9.40412128600105e-07,7.120040332569795,7.324761119216445,6.1159669901964865e-06,True
barcode_mean_len,high,abs,0.0,0.5,40,10,0.0,0.0,0,0,0.97875,0.03263079257468428,0.9147936465536188,1.0,1.7780497398066027e-06,3.0,2.8856180831641267,7.448586747838471e-06,True
barcode_mean_len,high,abs,5.0,0.5,40,10,2.2361,0.008603157194750924,0,0,0.975,0.0353207267702707,0.9057713755302694,1.0,2.152876113554094e-06,1.8212168557303288,1.904417915193985,8.172141982062479e-06,True
barcode_mean_len,high,abs,10.0,0.5,40,10,3.1622999999999997,0.012166613298582733,0,0,0.99,0.022520106444870028,0.9458605913680548,1.0,1.0603340998194995e-06,2.023296316464742,2.173780654128059,6.280959954344806e-06,True
barcode_mean_len,high,abs,15.0,0.5,40,10,3.873,0.014900956046362117,0,0,0.9925,0.019528774581448426,0.9542236018203611,1.0,9.40412128600105e-07,2.9583110014597573,3.067832818756879,6.1159669901964865e-06,True
barcode_mean_len,high,abs,20.0,0.5,40,10,4.472100000000001,0.01720592965012549,0,0,1.0,0.0,1.0,1.0,6.538314816033479e-07,3.1683911747402616,3.459116173689326,6.1159669901964865e-06,True
barcode_mean_len,high,abs,25.0,0.5,40,10,5.0,0.019236968817921654,0,0,0.9925,0.019528774581448426,0.9542236018203611,1.0,9.40412128600105e-07,3.7585866110665456,3.8038589062372443,6.1159669901964865e-06,True
barcode_mean_len,high,abs,30.0,0.5,40,10,5.477199999999999,0.0210729451219041,0,0,0.975,0.0353207267702707,0.9057713755302694,1.0,2.152876113554094e-06,3.530091404914856,3.8109412467081065,8.172141982062479e-06,True
barcode_mean_len,high,abs,35.0,0.5,40,10,5.916100000000001,0.02276156624474126,0,0,0.9825,0.02967211382340579,0.9243426569061247,1.0,1.5147411749632373e-06,3.778262594471807,3.9030817962645394,6.93945464392025e-06,True
barcode_mean_len,high,abs,40.0,0.5,40,10,6.324599999999999,0.024333226597165466,0,0,0.9825,0.02967211382340579,0.9243426569061247,1.0,1.5147411749632373e-06,3.754046712602888,4.095263100797364,6.93945464392025e-06,True
barcode_mean_len,high,abs,45.0,0.5,40,10,6.708199999999998,0.025809086844876414,0,0,0.98,0.031677997785087585,0.9179111243412283,1.0,1.704032931269903e-06,4.621748694058122,4.710972963530094,7.170817312583755e-06,True
barcode_mean_len,high,abs,50.0,0.5,40,10,7.0711,0.027205306041681174,0,0,0.9975,0.011304532632817974,0.9753431160396768,1.0,7.38464879278088e-07,4.444662513732911,4.8143919612381705,6.1159669901964865e-06,True
barcode_mean_len,high,abs,55.0,0.5,40,10,7.416200000000001,0.028533041629494122,0,0,0.985,0.027507974990862768,0.9310843690179089,1.0,1.3457139554261416e-06,4.301745761524547,4.641711451251949,6.621767082255618e-06,True
barcode_mean_len,high,abs,60.0,0.5,40,10,7.746,0.029801912092724234,0,0,0.9975,0.011304532632817974,0.9753431160396768,1.0,7.38464879278088e-07,5.591052823596531,5.8912643589541895,6.1159669901964865e-06,True
barcode_mean_len,high,abs,65.0,0.5,40,10,8.0623,0.031018842740145956,0,0,0.9675,0.040105371991940766,0.8888934708957961,1.0,3.0442948627741216e-06,6.543202229908535,6.8328033832005115,1.0603723679325592e-05,True
barcode_mean_len,high,abs,70.0,0.5,40,10,8.3666,0.03218960466240467,0,0,0.9875,0.025144807945463806,0.938216176426891,1.0,1.1948706156750042e-06,5.481490005146373,5.684956962385796,6.4232929050737215e-06,True
barcode_mean_len,high,abs,75.0,0.5,40,10,8.6603,0.03331958421076939,0,0,0.995,0.015966145597504214,0.9637063546288918,1.0,8.335799989322588e-07,6.439041510872219,6.433266381567611,6.1159669901964865e-06,True
barcode_mean_len,high,abs,80.0,0.5,40,10,8.9443,0.03441224403962734,0,0,0.975,0.0353207267702707,0.9057713755302694,1.0,2.152876113554094e-06,6.335000317672203,6.35543223654947,8.172141982062479e-06,True
barcode_mean_len,high,abs,85.0,0.5,40,10,9.219499999999998,0.03547104680336575,0,0,0.985,0.027507974990862768,0.9310843690179089,1.0,1.3457139554261416e-06,5.361823385412043,5.795728857677162,6.621767082255618e-06,True
barcode_mean_len,high,abs,90.0,0.5,40,10,9.486800000000002,0.036499455156371846,0,0,0.98,0.031677997785087585,0.9179111243412283,1.0,1.704032931269903e-06,6.299277652393688,6.9112101253944225,7.170817312583755e-06,True
barcode_mean_len,high,abs,95.0,0.5,40,10,9.7468,0.037499777534903765,0,0,1.0,0.0,1.0,1.0,6.538314816033479e-07,6.201743618647257,6.095230072836552,6.1159669901964865e-06,True
barcode_mean_len,high,abs,100.0,0.5,40,10,10.0,0.03847393763584331,0,0,0.9925,0.019528774581448426,0.9542236018203611,1.0,9.40412128600105e-07,6.619017514315519,6.852701763224074,6.1159669901964865e-06,True
barcode_mean_len,high,abs,0.0,0.6,40,10,0.0,0.0,0,0,0.99875,0.007998714160738517,0.9830725202449525,1.0,6.928918733906197e-07,6.0,5.235042313800298,6.1159669901964865e-06,True
barcode_mean_len,high,abs,5.0,0.6,40,10,2.2361,0.00865947226469705,0,0,1.0,0.0,1.0,1.0,6.538314816033479e-07,1.7146498362223308,1.93738750298374,6.1159669901964865e-06,True
barcode_mean_len,high,abs,10.0,0.6,40,10,3.1622999999999997,0.012246254256362188,0,0,1.0,0.0,1.0,1.0,6.538314816033479e-07,2.2755093574523926,2.4203031935602346,6.1159669901964865e-06,True
barcode_mean_len,high,abs,15.0,0.6,40,10,3.873,0.014998495631309726,0,0,0.985,0.027507974990862768,0.9310843690179089,1.0,1.3457139554261416e-06,3.0522629130970347,3.2631946479816434,6.621767082255618e-06,True
barcode_mean_len,high,abs,20.0,0.6,40,10,4.472100000000001,0.01731855727156732,0,0,1.0,0.0,1.0,1.0,6.538314816033479e-07,2.845532528559367,2.983708843005717,6.1159669901964865e-06,True
barcode_mean_len,high,abs,25.0,0.6,40,10,5.0,0.01936289133915534,0,0,1.0,0.0,1.0,1.0,6.538314816033479e-07,3.1145073083730845,3.337794591263881,6.1159669901964865e-06,True
barcode_mean_len,high,abs,30.0,0.6,40,10,5.477199999999999,0.02121088568856432,0,0,1.0,0.0,1.0,1.0,6.538314816033479e-07,3.8426168615167793,4.128990054304288,6.1159669901964865e-06,True
barcode_mean_len,high,abs,35.0,0.6,40,10,5.916100000000001,0.02291056029031538,0,0,0.985,0.027507974990862768,0.9310843690179089,1.0,1.3457139554261416e-06,4.042169782850477,4.196129631497631,6.621767082255618e-06,True
barcode_mean_len,high,abs,40.0,0.6,40,10,6.324599999999999,0.024492508512724376,0,0,0.9775,0.03355397998186842,0.9117341992355379,1.0,1.9158940685337106e-06,4.112603710543725,4.238951981165121,7.614450785198081e-06,True
barcode_mean_len,high,abs,45.0,0.6,40,10,6.708199999999998,0.025978029536264362,0,0,0.995,0.015966145597504214,0.9637063546288918,1.0,8.335799989322588e-07,4.514609683643688,4.459458699769665,6.1159669901964865e-06,True
barcode_mean_len,high,abs,50.0,0.6,40,10,7.0711,0.027383388189660268,0,0,0.9875,0.025144807945463806,0.938216176426891,1.0,1.1948706156750042e-06,4.716349553316832,4.709276537539313,6.4232929050737215e-06,True
barcode_mean_len,high,abs,55.0,0.6,40,10,7.416200000000001,0.028719814949888765,0,0,0.99,0.022520106444870028,0.9458605913680548,1.0,1.0603340998194995e-06,4.80747329730254,5.057501833671803,6.280959954344806e-06,True
barcode_mean_len,high,abs,60.0,0.6,40,10,7.746,0.02999699126261945,0,0,0.9975,0.011304532632817974,0.9753431160396768,1.0,7.38464879278088e-07,5.170266800456577,5.764494800275472,6.1159669901964865e-06,True
barcode_mean_len,high,abs,65.0,0.6,40,10,8.0623,0.03122188776873442,0,0,0.995,0.015966145597504214,0.9637063546288918,1.0,8.335799989322588e-07,5.555915776421042,5.753865051910681,6.1159669901964865e-06,True
barcode_mean_len,high,abs,70.0,0.6,40,10,8.3666,0.032400313335635415,0,0,0.985,0.027507974990862768,0.9310843690179089,1.0,1.3457139554261416e-06,5.272126072331479,5.560927713445519,6.621767082255618e-06,True
barcode_mean_len,high,abs,75.0,0.6,40,10,8.6603,0.03353768957289739,0,0,0.9825,0.02967211382340579,0.9243426569061247,1.0,1.5147411749632373e-06,5.735846411098134,6.2952735056601945,6.93945464392025e-06,True
barcode_mean_len,high,abs,80.0,0.6,40,10,8.9443,0.034637501800961416,0,0,0.995,0.015966145597504214,0.9637063546288918,1.0,8.335799989322588e-07,5.848249673843384,6.012716891240671,6.1159669901964865e-06,True
barcode_mean_len,high,abs,85.0,0.6,40,10,9.219499999999998,0.03570323534026853,0,0,0.99,0.022520106444870028,0.9458605913680548,1.0,1.0603340998194995e-06,5.914493441581726,6.240603067617346,6.280959954344806e-06,True
barcode_mean_len,high,abs,90.0,0.6,40,10,9.486800000000002,0.036738375511259774,0,0,0.9825,0.02967211382340579,0.9243426569061247,1.0,1.5147411749632373e-06,6.3062124782138405,6.5481380523514,6.93945464392025e-06,True
barcode_mean_len,high,abs,95.0,0.6,40,10,9.7468,0.03774524586089585,0,0,0.985,0.027507974990862768,0.9310843690179089,1.0,1.3457139554261416e-06,5.325304181952226,5.675213711305125,6.621767082255618e-06,True
barcode_mean_len,high,abs,100.0,0.6,40,10,10.0,0.03872578267831068,0,0,0.9925,0.019528774581448426,0.9542236018203611,1.0,9.40412128600105e-07,7.429244493183337,7.360965086096199,6.1159669901964865e-06,True
barcode_mean_len,high,abs,0.0,0.7,40,10,0.0,0.0,0,0,0.99125,0.021079573827453433,0.9499340352981912,1.0,9.91895926393654e-07,3.5,3.9831699287505833,6.280959954344806e-06,True
barcode_mean_len,high,abs,5.0,0.7,40,10,2.2361,0.008624497516051533,0,0,0.9925,0.019528774581448426,0.9542236018203611,1.0,9.40412128600105e-07,1.7593681812286377,1.9681898542306324,6.1159669901964865e-06,True
barcode_mean_len,high,abs,10.0,0.7,40,10,3.1622999999999997,0.012196792851397418,0,0,0.98,0.031677997785087585,0.9179111243412283,1.0,1.704032931269903e-06,2.199001948038737,2.2030685847920597,7.170817312583755e-06,True
barcode_mean_len,high,abs,15.0,0.7,40,10,3.873,0.01493791819671195,0,0,0.99,0.022520106444870028,0.9458605913680548,1.0,1.0603340998194995e-06,2.518038034439087,2.59076707873467,6.280959954344806e-06,True
barcode_mean_len,high,abs,20.0,0.7,40,10,4.472100000000001,0.017248609338372193,0,0,1.0,0.0,1.0,1.0,6.538314816033479e-07,2.8402477132863013,2.9241135713374486,6.1159669901964865e-06,True
barcode_mean_len,high,abs,25.0,0.7,40,10,5.0,0.019284686543650852,0,0,0.995,0.015966145597504214,0.9637063546288918,1.0,8.335799989322588e-07,4.037762138578627,3.763624767666484,6.1159669901964865e-06,True
barcode_mean_len,high,abs,30.0,0.7,40,10,5.477199999999999,0.02112521702737689,0,0,0.9975,0.011304532632817974,0.9753431160396768,1.0,7.38464879278088e-07,3.615049367997704,3.8245910136294006,6.1159669901964865e-06,True
barcode_mean_len,high,abs,35.0,0.7,40,10,5.916100000000001,0.02281802681217856,0,0,0.9975,0.011304532632817974,0.9753431160396768,1.0,7.38464879278088e-07,3.9046207004123263,4.1811483482849345,6.1159669901964865e-06,True
barcode_mean_len,high,abs,40.0,0.7,40,10,6.324599999999999,0.024393585702794835,0,0,1.0,0.0,1.0,1.0,6.538314816033479e-07,4.298247387534694,4.472541164563928,6.1159669901964865e-06,True
barcode_mean_len,high,abs,45.0,0.7,40,10,6.708199999999998,0.025873106854423726,0,0,0.9825,0.02967211382340579,0.9243426569061247,1.0,1.5147411749632373e-06,4.272906052438836,4.4284760920521755,6.93945464392025e-06,True
barcode_mean_len,high,abs,50.0,0.7,40,10,7.0711,0.02727278940376191,0,0,0.99,0.022520106444870028,0.9458605913680548,1.0,1.0603340998194995e-06,4.214387017327386,4.6285397533410695,6.280959954344806e-06,True
barcode_mean_len,high,abs,55.0,0.7,40,10,7.416200000000001,0.028603818469004685,0,0,1.0,0.0,1.0,1.0,6.538314816033479e-07,4.816756748017811,4.759213825182033,6.1159669901964865e-06,True
barcode_mean_len,high,abs,60.0,0.7,40,10,7.746,0.0298758363934239,0,0,0.9975,0.011304532632817974,0.9753431160396768,1.0,7.38464879278088e-07,4.633227495104075,4.598957310236017,6.1159669901964865e-06,True
barcode_mean_len,high,abs,65.0,0.7,40,10,8.0623,0.031095785664175257,0,0,0.9975,0.011304532632817974,0.9753431160396768,1.0,7.38464879278088e-07,5.279647576647836,5.214319234113578,6.1159669901964865e-06,True
barcode_mean_len,high,abs,70.0,0.7,40,10,8.3666,0.032269451687221846,0,0,1.0,0.0,1.0,1.0,6.538314816033479e-07,5.157426039377849,5.437884013186137,6.1159669901964865e-06,True
barcode_mean_len,high,abs,75.0,0.7,40,10,8.6603,0.033402234174795896,0,0,0.9975,0.011304532632817974,0.9753431160396768,1.0,7.38464879278088e-07,5.405940796466584,5.360112172248219,6.1159669901964865e-06,True
barcode_mean_len,high,abs,80.0,0.7,40,10,8.9443,0.03449760437047526,0,0,0.99,0.022520106444870028,0.9458605913680548,1.0,1.0603340998194995e-06,5.377977492762547,5.537216639372093,6.280959954344806e-06,True
barcode_mean_len,high,abs,85.0,0.7,40,10,9.219499999999998,0.03555903351783781,0,0,0.98,0.031677997785087585,0.9179111243412283,1.0,1.704032931269903e-06,5.443888713013042,5.676472726477607,7.170817312583755e-06,True
barcode_mean_len,high,abs,90.0,0.7,40,10,9.486800000000002,0.03658999286046138,0,0,0.965,0.041561275136107974,0.8835399007332283,1.0,3.413117415298884e-06,6.105657190084457,6.8190837910910975,1.1542542531738045e-05,True
barcode_mean_len,high,abs,95.0,0.7,40,10,9.7468,0.03759279656073122,0,0,0.995,0.015966145597504214,0.9637063546288918,1.0,8.335799989322588e-07,5.80939222353956,6.131969886400162,6.1159669901964865e-06,True
barcode_mean_len,high,abs,100.0,0.7,40,10,10.0,0.038569373087301705,0,0,0.9725,0.03699385627789856,0.8999920416953189,1.0,2.417801838661637e-06,6.158070243134791,6.535700747276913,8.852581535257174e-06,True
barcode_mean_len,high,abs,0.0,0.8,40,10,0.0,0.0,0,0,1.0,0.0,1.0,1.0,6.526860122997188e-07,4.0,4.958028438279493,6.1159669901964865e-06,True
barcode_mean_len,high,abs,5.0,0.8,40,10,2.2361,0.008604741578661663,0,0,1.0,0.0,1.0,1.0,6.538314816033479e-07,1.5803721518743603,1.648249816259765,6.1159669901964865e-06,True
barcode_mean_len,high,abs,10.0,0.8,40,10,3.1622999999999997,0.012168853939538381,0,0,1.0,0.0,1.0,1.0,6.538314816033479e-07,2.194939512472886,2.399366012949868,6.1159669901964865e-06,True
barcode_mean_len,high,abs,15.0,0.8,40,10,3.873,0.014903700252294897,0,0,1.0,0.0,1.0,1.0,6.538314816033479e-07,2.7370607843001684,2.8979240298161497,6.1159669901964865e-06,True
barcode_mean_len,high,abs,20.0,0.8,40,10,4.472100000000001,0.017209098347092177,0,0,1.0,0.0,1.0,1.0,6.538314816033479e-07,2.841073193333365,2.927121405691007,6.1159669901964865e-06,True
barcode_mean_len,high,abs,25.0,0.8,40,10,5.0,0.019240511557313315,0,0,1.0,0.0,1.0,1.0,6.538314816033479e-07,3.555139088859925,3.7081470869894195,6.1159669901964865e-06,True
barcode_mean_len,high,abs,30.0,0.8,40,10,5.477199999999999,0.0210768259803433,0,0,1.0,0.0,1.0,1.0,6.538314816033479e-07,3.232140529028913,3.3908452678604815,6.1159669901964865e-06,True
barcode_mean_len,high,abs,35.0,0.8,40,10,5.916100000000001,0.022765758084844264,0,0,1.0,0.0,1.0,1.0,6.538314816033479e-07,4.126294157721779,4.103329226914214,6.1159669901964865e-06,True
barcode_mean_len,high,abs,40.0,0.8,40,10,6.324599999999999,0.024337707879076763,0,0,1.0,0.0,1.0,1.0,6.538314816033479e-07,3.730300466219584,3.987320606381258,6.1159669901964865e-06,True
barcode_mean_len,high,abs,45.0,0.8,40,10,6.708199999999998,0.02581383992575384,0,0,1.0,0.0,1.0,1.0,6.538314816033479e-07,4.337529781016897,4.568587659703338,6.1159669901964865e-06,True
barcode_mean_len,high,abs,50.0,0.8,40,10,7.0711,0.027210316254583637,0,0,0.98,0.031677997785087585,0.9179111243412283,1.0,1.704032931269903e-06,4.609221453569373,4.514074733982338,7.170817312583755e-06,True
barcode_mean_len,high,abs,55.0,0.8,40,10,7.416200000000001,0.028538296362269403,0,0,0.9975,0.011304532632817974,0.9753431160396768,1.0,7.38464879278088e-07,4.8862066445527255,4.941529500747075,6.1159669901964865e-06,True
barcode_mean_len,high,abs,60.0,0.8,40,10,7.746,0.029807400504589795,0,0,0.995,0.015966145597504214,0.9637063546288918,1.0,8.335799989322588e-07,5.149177343237634,5.313166391400861,6.1159669901964865e-06,True
barcode_mean_len,high,abs,65.0,0.8,40,10,8.0623,0.031024555265705432,0,0,1.0,0.0,1.0,1.0,6.538314816033479e-07,5.004879907325462,5.49311423103452,6.1159669901964865e-06,True
barcode_mean_len,high,abs,70.0,0.8,40,10,8.3666,0.032195532799083514,0,0,1.0,0.0,1.0,1.0,6.538314816033479e-07,5.256244038467977,5.415189081147543,6.1159669901964865e-06,True
barcode_mean_len,high,abs,75.0,0.8,40,10,8.6603,0.0333257204479601,0,0,1.0,0.0,1.0,1.0,6.538314816033479e-07,5.669041974203927,6.235178796673788,6.1159669901964865e-06,True
barcode_mean_len,high,abs,80.0,0.8,40,10,8.9443,0.0344185815044155,0,0,1.0,0.0,1.0,1.0,6.538314816033479e-07,5.792794785409604,5.81537650720728,6.1159669901964865e-06,True
barcode_mean_len,high,abs,85.0,0.8,40,10,9.219499999999998,0.03547757926053002,0,0,0.9875,0.025144807945463806,0.938216176426891,1.0,1.1948706156750042e-06,5.6456806773231145,5.7936512688065305,6.4232929050737215e-06,True
barcode_mean_len,high,abs,90.0,0.8,40,10,9.486800000000002,0.036506177008383996,0,0,1.0,0.0,1.0,1.0,6.538314816033479e-07,5.794896576139662,5.873652883795986,6.1159669901964865e-06,True
barcode_mean_len,high,abs,95.0,0.8,40,10,9.7468,0.03750668360936429,0,0,0.9975,0.011304532632817974,0.9753431160396768,1.0,7.38464879278088e-07,6.237755000591278,6.386497278340603,6.1159669901964865e-06,True
barcode_mean_len,high,abs,100.0,0.8,40,10,10.0,0.03848102311462663,0,0,1.0,0.0,1.0,1.0,6.538314816033479e-07,5.324321406228202,5.478598837411437,6.1159669901964865e-06,True
barcode_mean_len,high,abs,0.0,0.9,40,10,0.0,0.0,0,0,1.0,0.0,1.0,1.0,6.507806367265887e-07,6.0,5.550980250849256,6.1159669901964865e-06,True
barcode_mean_len,high,abs,5.0,0.9,40,10,2.2361,0.008638840059632764,0,0,1.0,0.0,1.0,1.0,6.538314816033479e-07,1.6688322448730468,1.8342216828623628,6.1159669901964865e-06,True
barcode_mean_len,high,abs,10.0,0.9,40,10,3.1622999999999997,0.012217076123865968,0,0,1.0,0.0,1.0,1.0,6.538314816033479e-07,2.340612150527336,2.373476442447953,6.1159669901964865e-06,True
barcode_mean_len,high,abs,15.0,0.9,40,10,3.873,0.014962759961968471,0,0,1.0,0.0,1.0,1.0,6.538314816033479e-07,2.603404750823975,2.681654895799113,6.1159669901964865e-06,True
barcode_mean_len,high,abs,20.0,0.9,40,10,4.472100000000001,0.017277293784125795,0,0,1.0,0.0,1.0,1.0,6.538314816033479e-07,2.618150127177336,2.7989043595355554,6.1159669901964865e-06,True
barcode_mean_len,high,abs,25.0,0.9,40,10,5.0,0.01931675698679121,0,0,1.0,0.0,1.0,1.0,6.538314816033479e-07,3.352813720703125,3.5497657723377483,6.1159669901964865e-06,True
barcode_mean_len,high,abs,30.0,0.9,40,10,5.477199999999999,0.02116034827361056,0,0,1.0,0.0,1.0,1.0,6.538314816033479e-07,3.3908394243982105,3.4851266385081265,6.1159669901964865e-06,True
barcode_mean_len,high,abs,35.0,0.9,40,10,5.916100000000001,0.0228559732019111,0,0,0.9825,0.02967211382340579,0.9243426569061247,1.0,1.5147411749632373e-06,3.661809830830015,3.7080019530531216,6.93945464392025e-06,True
barcode_mean_len,high,abs,40.0,0.9,40,10,6.324599999999999,0.024434152247731936,0,0,1.0,0.0,1.0,1.0,6.538314816033479e-07,3.8292911957417215,4.051033713499379,6.1159669901964865e-06,True
barcode_mean_len,high,abs,45.0,0.9,40,10,6.708199999999998,0.025916133843758554,0,0,0.9975,0.011304532632817974,0.9753431160396768,1.0,7.38464879278088e-07,4.432020103722288,4.351422660838591,6.1159669901964865e-06,True
barcode_mean_len,high,abs,50.0,0.9,40,10,7.0711,0.027318144065859862,0,0,0.9975,0.011304532632817974,0.9753431160396768,1.0,7.38464879278088e-07,4.168144483842067,4.158559526798772,6.1159669901964865e-06,True
barcode_mean_len,high,abs,55.0,0.9,40,10,7.416200000000001,0.028651386633088194,0,0,0.985,0.027507974990862768,0.9310843690179089,1.0,1.3457139554261416e-06,4.8240288762903925,4.743083802300597,6.621767082255618e-06,True
barcode_mean_len,high,abs,60.0,0.9,40,10,7.746,0.029925519923936942,0,0,0.995,0.015966145597504214,0.9637063546288918,1.0,8.335799989322588e-07,4.750819347798824,4.825475052752731,6.1159669901964865e-06,True
barcode_mean_len,high,abs,65.0,0.9,40,10,8.0623,0.031147497970921346,0,0,1.0,0.0,1.0,1.0,6.538314816033479e-07,4.855455045379809,5.0235176597819615,6.1159669901964865e-06,True
barcode_mean_len,high,abs,70.0,0.9,40,10,8.3666,0.03232311580113746,0,0,1.0,0.0,1.0,1.0,6.538314816033479e-07,4.968869837996078,5.274755694846126,6.1159669901964865e-06,True
barcode_mean_len,high,abs,75.0,0.9,40,10,8.6603,0.03345778210654158,0,0,0.9975,0.011304532632817974,0.9753431160396768,1.0,7.38464879278088e-07,5.059959942102433,5.433901982790158,6.1159669901964865e-06,True
barcode_mean_len,high,abs,80.0,0.9,40,10,8.9443,0.03455497390339132,0,0,0.9875,0.025144807945463806,0.938216176426891,1.0,1.1948706156750042e-06,5.207088744054075,5.387921918939464,6.4232929050737215e-06,True
barcode_mean_len,high,abs,85.0,0.9,40,10,9.219499999999998,0.035618168207944306,0,0,0.995,0.015966145597504214,0.9637063546288918,1.0,8.335799989322588e-07,6.03644733769553,5.962558650960909,6.1159669901964865e-06,True
barcode_mean_len,high,abs,90.0,0.9,40,10,9.486800000000002,0.03665084203645817,0,0,1.0,0.0,1.0,1.0,6.538314816033479e-07,5.491455805301666,5.898657965727722,6.1159669901964865e-06,True
barcode_mean_len,high,abs,95.0,0.9,40,10,9.7468,0.03765531339977131,0,0,0.98,0.031677997785087585,0.9179111243412283,1.0,1.704032931269903e-06,5.696689629554749,5.98627772779472,7.170817312583755e-06,True
barcode_mean_len,high,abs,100.0,0.9,40,10,10.0,0.03863351397358242,0,0,0.995,0.015966145597504214,0.9637063546288918,1.0,8.335799989322588e-07,6.03091317622722,6.167624857989138,6.1159669901964865e-06,True
barcode_mean_len,high,abs,0.0,1.0,40,10,0.0,0.0,0,0,0.9975,0.011304532632817974,0.9753431160396768,1.0,7.363304533400372e-07,6.0,5.657037015870597,6.1159669901964865e-06,True
barcode_mean_len,high,abs,5.0,1.0,40,10,2.2361,0.008640407025474134,0,0,1.0,0.0,1.0,1.0,6.538314816033479e-07,1.50188321451987,1.5912538257411257,6.1159669901964865e-06,True
barcode_mean_len,high,abs,10.0,1.0,40,10,3.1622999999999997,0.012219292132130428,0,0,1.0,0.0,1.0,1.0,6.538314816033479e-07,2.0154045239473,2.10920223918039,6.1159669901964865e-06,True
barcode_mean_len,high,abs,15.0,1.0,40,10,3.873,0.01496547399922245,0,0,1.0,0.0,1.0,1.0,6.538314816033479e-07,2.5743690645971964,2.7339139743332312,6.1159669901964865e-06,True
barcode_mean_len,high,abs,20.0,1.0,40,10,4.472100000000001,0.017280427645732694,0,0,1.0,0.0,1.0,1.0,6.538314816033479e-07,2.8217525077315995,2.9979192534481633,6.1159669901964865e-06,True
barcode_mean_len,high,abs,25.0,1.0,40,10,5.0,0.019320260778753484,0,0,1.0,0.0,1.0,1.0,6.538314816033479e-07,2.894856757842577,3.1505456828155594,6.1159669901964865e-06,True
barcode_mean_len,high,abs,30.0,1.0,40,10,5.477199999999999,0.021164186467477718,0,0,1.0,0.0,1.0,1.0,6.538314816033479e-07,3.326151385451808,3.440082347446184,6.1159669901964865e-06,True
barcode_mean_len,high,abs,35.0,1.0,40,10,5.916100000000001,0.022860118958636697,0,0,0.9875,0.025144807945463806,0.938216176426891,1.0,1.1948706156750042e-06,3.797338436631595,4.016681099572896,6.4232929050737215e-06,True
barcode_mean_len,high,abs,40.0,1.0,40,10,6.324599999999999,0.024438584264260856,0,0,0.995,0.015966145597504214,0.9637063546288918,1.0,8.335799989322588e-07,4.067091333289301,4.462978180281061,6.1159669901964865e-06,True
barcode_mean_len,high,abs,45.0,1.0,40,10,6.708199999999998,0.025920834671206826,0,0,1.0,0.0,1.0,1.0,6.538314816033479e-07,4.369869080227866,4.33560650980264,6.1159669901964865e-06,True
barcode_mean_len,high,abs,50.0,1.0,40,10,7.0711,0.027323099198528756,0,0,0.98,0.031677997785087585,0.9179111243412283,1.0,1.704032931269903e-06,4.318155016272496,4.569619047240492,7.170817312583755e-06,True
barcode_mean_len,high,abs,55.0,1.0,40,10,7.416200000000001,0.028656583597478316,0,0,1.0,0.0,1.0,1.0,6.538314816033479e-07,4.37337414260152,4.620361651635484,6.1159669901964865e-06,True
barcode_mean_len,high,abs,60.0,1.0,40,10,7.746,0.0299309479984449,0,0,1.0,0.0,1.0,1.0,6.538314816033479e-07,4.661867692873075,4.7957547086196675,6.1159669901964865e-06,True
barcode_mean_len,high,abs,65.0,1.0,40,10,8.0623,0.031153147695308848,0,0,0.9925,0.019528774581448426,0.9542236018203611,1.0,9.40412128600105e-07,4.956605464597292,5.157033609429423,6.1159669901964865e-06,True
barcode_mean_len,high,abs,70.0,1.0,40,10,8.3666,0.03232897876630378,0,0,1.0,0.0,1.0,1.0,6.538314816033479e-07,4.740900312599383,5.068278384435346,6.1159669901964865e-06,True
barcode_mean_len,high,abs,75.0,1.0,40,10,8.6603,0.03346385088444776,0,0,1.0,0.0,1.0,1.0,6.538314816033479e-07,5.249220757337099,5.481406007592864,6.1159669901964865e-06,True
barcode_mean_len,high,abs,80.0,1.0,40,10,8.9443,0.03456124169668096,0,0,1.0,0.0,1.0,1.0,6.538314816033479e-07,4.777917385101318,5.066566976737006,6.1159669901964865e-06,True
barcode_mean_len,high,abs,85.0,1.0,40,10,9.219499999999998,0.035624628849943545,0,0,1.0,0.0,1.0,1.0,6.538314816033479e-07,5.378798673319262,5.6030099627476915,6.1159669901964865e-06,True
barcode_mean_len,high,abs,90.0,1.0,40,10,9.486800000000002,0.03665748999117571,0,0,0.9875,0.025144807945463806,0.938216176426891,1.0,1.1948706156750042e-06,5.583976258834203,5.749311616648703,6.4232929050737215e-06,True
barcode_mean_len,high,abs,95.0,1.0,40,10,9.7468,0.0376621435516709,0,0,1.0,0.0,1.0,1.0,6.538314816033479e-07,5.721668248648172,5.790234509591525,6.1159669901964865e-06,True
barcode_mean_len,high,abs,100.0,1.0,40,10,10.0,0.03864052155750697,0,0,0.9975,0.011304532632817974,0.9753431160396768,1.0,7.38464879278088e-07,6.015145888273743,6.318307510973532,6.1159669901964865e-06,True
barcode_mean_len,low,abs,0.0,0.1,40,10,0.0,0.0,0,0,0.7625,0.09419882489169804,0.5778703032122718,0.9471296967877281,0.002276538561445429,0.0,0.0,0.003227409850829648,False
barcode_mean_len,low,abs,5.0,0.1,40,10,2.2361,0.13612211402106486,0,0,0.59375,0.10455874435082217,0.38881486107238855,0.7986851389276115,0.1847001266838324,2.655704498291016,2.9008647065432287,0.20137293999526862,False
barcode_mean_len,low,abs,10.0,0.1,40,10,3.1622999999999997,0.19250434290452728,0,0,0.54375,0.10434967355522622,0.33922463983175655,0.7482753601682434,0.34001961675600056,3.693019390106201,3.621333170535938,0.3577129452297291,False
barcode_mean_len,low,abs,15.0,0.1,40,10,3.873,0.235768054918646,0,0,0.32,0.08757275268590689,0.1483574047356225,0.4916425952643775,0.9606588420804721,3.789938807487488,4.373516293183032,0.9606588420804721,False
barcode_mean_len,low,abs,20.0,0.1,40,10,4.472100000000001,0.27223814056330403,0,0,0.65375,0.1029586367785997,0.4519510719139446,0.8555489280860555,0.06950298704910715,3.8089133898417153,3.9828058054756714,0.08019575428743132,False
barcode_mean_len,low,abs,25.0,0.1,40,10,5.0,0.30437394128407685,0,0,0.42,0.09821382957710019,0.22750089402888363,0.6124991059711163,0.7847275945905346,8.019834756851196,7.026830194734375,0.793257242357823,False
barcode_mean_len,low,abs,30.0,0.1,40,10,5.477199999999999,0.3334233902402291,0,0,0.4475,0.10025164601198605,0.2510067738165074,0.6439932261834926,0.6989738909817118,9.71367120742798,8.591046771652767,0.7112141940234187,False
barcode_mean_len,low,abs,35.0,0.1,40,10,5.916100000000001,0.3601413348061454,0,0,0.4525,0.1005811124822973,0.2553610195346973,0.6496389804653027,0.6818736010468446,6.409181038538615,6.357614358407847,0.6960948945922782,False
barcode_mean_len,low,abs,40.0,0.1,40,10,6.324599999999999,0.38500868580905456,0,0,0.6275,0.10391661476234981,0.42382343506579434,0.8311765649342056,0.11032436795292117,4.604302406311035,5.405218491469676,0.12436565114692931,False
barcode_mean_len,low,abs,45.0,0.1,40,10,6.708199999999998,0.4083602545843688,0,0,0.5475,0.10441201824482292,0.34285244424014705,0.7521475557598529,0.32682732276440973,7.937856515248616,8.359116534783803,0.3446138437311803,False
barcode_mean_len,low,abs,50.0,0.1,40,10,7.0711,0.43045171524276715,0,0,0.48625,0.1024733092888027,0.28540231379394676,0.6870976862060533,0.5578517589615091,7.883636474609375,8.853160778484686,0.5738961679581897,False
barcode_mean_len,low,abs,55.0,0.1,40,10,7.416200000000001,0.4514596046701942,0,0,0.6125,0.10428218623318157,0.40810691498296414,0.816893085017036,0.140230676047787,11.41793942451477,9.856964279959398,0.15470288104916002,False
barcode_mean_len,low,abs,60.0,0.1,40,10,7.746,0.471536109837292,0,0,0.37,0.09353009348091045,0.18668101677741553,0.5533189832225844,0.8985463304906676,6.942967414855957,8.013116328160303,0.9004828527546561,False
barcode_mean_len,low,abs,65.0,0.1,40,10,8.0623,0.4907908053629227,0,0,0.5975,0.10451924976700089,0.3926422704566783,0.8023577295433217,0.1752132972774747,8.517072200775146,8.67015798601999,0.19170396055064878,False
barcode_mean_len,low,abs,70.0,0.1,40,10,8.3666,0.5093150034294714,0,0,0.3925,0.09579428572684034,0.20474319997539295,0.5802568000246071,0.854294190675833,9.152433077494305,9.762954857760274,0.8598415555503515,False
barcode_mean_len,low,abs,75.0,0.1,40,10,8.6603,0.5271939287404982,0,0,0.5875,0.1046071800783166,0.3824699270464995,0.7925300729535005,0.2013671423828367,7.6296472152074175,8.067970876332524,0.21750457888041597,False
barcode_mean_len,low,abs,80.0,0.1,40,10,8.9443,0.5444823686054339,0,0,0.59125,0.10458072027656855,0.38627178825792574,0.7962282117420744,0.1912908759780209,5.062122058868408,6.729068732628261,0.2080707773796017,False
barcode_mean_len,low,abs,85.0,0.1,40,10,9.219499999999998,0.5612351103337093,0,0,0.3325,0.08918284328423731,0.1577016271628949,0.5072983728371051,0.9491968275122217,10.197578112284342,10.979093666863395,0.9502185679078216,False
barcode_mean_len,low,abs,90.0,0.1,40,10,9.486800000000002,0.5775069412347561,0,0,0.565,0.1046038311681622,0.35997649091040207,0.7700235090895978,0.26813415312869193,10.387527465820312,9.513886832574833,0.2853143734664571,False
barcode_mean_len,low,abs,95.0,0.1,40,10,9.7468,0.5933343861815281,0,0,0.515,0.10362595760792279,0.3118931230884714,0.7181068769115286,0.44694066037329955,10.974766492843628,10.22419754738451,0.46545891841788195,False
barcode_mean_len,low,abs,100.0,0.1,40,10,10.0,0.6087478825681537,0,0,0.55,0.10444943451988582,0.3452791083410238,0.7547208916589763,0.3181263989531554,8.880456447601318,10.504751320368229,0.3358201487246703,False
barcode_mean_len,low,abs,0.0,0.2,40,10,0.0,0.0,0,0,0.95,0.049253353765432696,0.8534634266197518,1.0,4.109924788926297e-06,0.0,0.0,1.3554007282629279e-05,True
barcode_mean_len,low,abs,5.0,0.2,40,10,2.2361,0.13553591570291915,0,0,0.8725,0.07493343300152697,0.7256304713170072,1.0,0.00015809949269810785,1.3259580116719007,1.4595485765513954,0.00028275486194084674,False
barcode_mean_len,low,abs,10.0,0.2,40,10,3.1622999999999997,0.19167533930832306,0,0,0.5125,0.10354264845968969,0.30955640901900816,0.7154435909809918,0.45654531550453065,2.647430624280657,2.9470249271253817,0.4738695797089436,False
barcode_mean_len,low,abs,15.0,0.2,40,10,3.873,0.23475273982264028,0,0,0.5125,0.10354264845968969,0.30955640901900816,0.7154435909809918,0.45654531550453065,2.538193861643473,2.7308478560048557,0.4738695797089436,False
barcode_mean_len,low,abs,20.0,0.2,40,10,4.472100000000001,0.27106577014222294,0,0,0.605,0.10441661323243907,0.4003434380644194,0.8096565619355806,0.15708206425420418,3.555707693099976,3.3692384683559604,0.17227160348633241,False
barcode_mean_len,low,abs,25.0,0.2,40,10,5.0,0.3030631807676739,0,0,0.5525,0.10448352506904578,0.34771229086467026,0.7572877091353297,0.30952470479269223,2.9842897521124945,3.2065263944872315,0.327856464074264,False
barcode_mean_len,low,abs,30.0,0.2,40,10,5.477199999999999,0.3319875307401407,0,0,0.535,0.1041752929843759,0.33081642575062326,0.7391835742493769,0.37167395095081923,3.875958502292633,4.099135013731298,0.38969196661134375,False
barcode_mean_len,low,abs,35.0,0.2,40,10,5.916100000000001,0.35859041674792713,0,0,0.4275,0.09880745599469239,0.23383738625040293,0.621162613749597,0.7628437815740234,5.398202919960022,5.2950158084249015,0.772815595712246,False
barcode_mean_len,low,abs,40.0,0.2,40,10,6.324599999999999,0.3833506786166461,0,0,0.6175,0.10417474428447085,0.41331750120243715,0.8216824987975629,0.12970417016075136,4.108389505973229,4.112131233277608,0.14394376879415127,False
barcode_mean_len,low,abs,45.0,0.2,40,10,6.708199999999998,0.406601685845142,0,0,0.7075,0.0996564435326974,0.5121733706759131,0.902826629324087,0.022700564863871654,3.804884201288224,4.23511748700136,0.027925298046826242,False
barcode_mean_len,low,abs,50.0,0.2,40,10,7.0711,0.42859801150525983,0,0,0.54,0.10427988507663306,0.33561142524979926,0.7443885747502008,0.3534843871002472,4.950095956524213,5.45233917215997,0.371458169495175,False
barcode_mean_len,low,abs,55.0,0.2,40,10,7.416200000000001,0.44951543224184454,0,0,0.5075,0.10336632418099231,0.304902004605255,0.7100979953947448,0.47582538495100074,4.472881363196806,4.444404492694712,0.49333066667160613,False
barcode_mean_len,low,abs,60.0,0.2,40,10,7.746,0.46950547964528055,0,0,0.3875,0.09531330788366643,0.20068591654801382,0.5743140834519862,0.8651030039479306,5.792212426662445,6.082630646243025,0.8688399499693039,False
barcode_mean_len,low,abs,65.0,0.2,40,10,8.0623,0.4886772564606436,0,0,0.4875,0.10253225085548641,0.28653678832324664,0.6884632116767533,0.5530593396267004,6.269372895359993,6.5040355860361245,0.5697058861297534,False
barcode_mean_len,low,abs,70.0,0.2,40,10,8.3666,0.5071216816421642,0,0,0.39,0.09555537841052628,0.20271145831536852,0.5772885416846315,0.8597693239522131,5.289284094291575,5.853900069294708,0.8644167257033061,False
barcode_mean_len,low,abs,75.0,0.2,40,10,8.6603,0.5249236128804573,0,0,0.625,0.10398658676614368,0.4211862899383584,0.8288137100616416,0.11496264233386527,5.19020694844863,5.810378951035249,0.1291247069691965,False
barcode_mean_len,low,abs,80.0,0.2,40,10,8.9443,0.5421376015480612,0,0,0.375,0.09405544646903502,0.19065132492069137,0.5593486750793086,0.8896756320470789,5.578165335314615,6.3425452148621195,0.8925548412122798,False
barcode_mean_len,low,abs,85.0,0.2,40,10,9.219499999999998,0.558818199017514,0,0,0.6125,0.10428218623318157,0.40810691498296414,0.816893085017036,0.140230676047787,6.102622277596417,6.711316373850878,0.15470288104916002,False
barcode_mean_len,low,abs,90.0,0.2,40,10,9.486800000000002,0.5750199566613537,0,0,0.655,0.10290267238769485,0.4533107621201181,0.8566892378798819,0.06790279371556637,6.75435505594526,7.218547426963782,0.0784467057832009,False
barcode_mean_len,low,abs,95.0,0.2,40,10,9.7468,0.5907792420612729,0,0,0.6875,0.10110454597232434,0.48933508989424435,0.8856649101057557,0.03538968432312426,5.350472482045491,6.008553260366931,0.042522488915381865,False
barcode_mean_len,low,abs,100.0,0.2,40,10,10.0,0.6061263615353478,0,0,0.4125,0.09759182042080232,0.22122003197522744,0.6037799680247725,0.8053813829689305,7.18543442885081,7.700075488731079,0.8132515593497344,False
barcode_mean_len,low,abs,0.0,0.3,40,10,0.0,0.0,0,0,0.95375,0.047472665316659175,0.860703575979348,1.0,4.724339347828082e-06,1.0,0.7324555320336759,1.4936901582520684e-05,True
barcode_mean_len,low,abs,5.0,0.3,40,10,2.2361,0.13490829241970365,0,0,0.715,0.09904300409228223,0.5208757119791267,0.9091242880208732,0.019054538799948485,1.3462673941333043,1.4139793591538647,0.02375431780690629,False
barcode_mean_len,low,abs,10.0,0.3,40,10,3.1622999999999997,0.1907877523897987,0,0,0.6225,0.10405292311578072,0.41855627069306983,0.8264437293069302,0.11973795101056678,2.0375489576866754,2.2351487066193374,0.13368102573808777,False
barcode_mean_len,low,abs,15.0,0.3,40,10,3.873,0.2336656753014231,0,0,0.6925,0.10076763163644752,0.49499544199256285,0.8900045580074372,0.031769739820150966,2.3886698976159098,2.608488737304424,0.03837124419836415,False
barcode_mean_len,low,abs,20.0,0.3,40,10,4.472100000000001,0.2698105516435565,0,0,0.8,0.08906926143924926,0.6254242475790714,0.9745757524209286,0.0018759532836208786,2.423910439014435,2.6707576681746197,0.0026840562365652567,False
barcode_mean_len,low,abs,25.0,0.3,40,10,5.0,0.3016597925399214,0,0,0.7,0.10023106787980358,0.5035471069555849,0.896452893044415,0.026917724646079708,3.191941738128662,3.1293964923857946,0.032680788408425754,False
barcode_mean_len,low,abs,30.0,0.3,40,10,5.477199999999999,0.3304502031399315,0,0,0.3925,0.09579428572684034,0.20474319997539295,0.5802568000246071,0.854294190675833,3.629711365699768,4.208663308191552,0.8598415555503515,False
barcode_mean_len,low,abs,35.0,0.3,40,10,5.916100000000001,0.3569298997290858,0,0,0.635,0.1036847409839294,0.4317779076714984,0.8382220923285016,0.0972183257394823,3.1516591362331225,3.523930067591943,0.11052939234439921,False
barcode_mean_len,low,abs,40.0,0.3,40,10,6.324599999999999,0.3815755047795974,0,0,0.66,0.10266922163097905,0.45876832560328107,0.861231674396719,0.061767841353188316,4.703190416097641,4.468853133895608,0.0719850782687533,False
barcode_mean_len,low,abs,45.0,0.3,40,10,6.708199999999998,0.40471884406326003,0,0,0.775,0.09262713591128943,0.5934508136138728,0.9565491863861273,0.003956435644328283,3.7009586223534177,3.8660737318672838,0.005434985449372679,False
barcode_mean_len,low,abs,50.0,0.3,40,10,7.0711,0.4266133118058077,0,0,0.6625,0.10254670775208181,0.4615084528059196,0.8634915471940803,0.05886713684544527,4.522773401095317,4.547263400518859,0.06895017287942581,False
barcode_mean_len,low,abs,55.0,0.3,40,10,7.416200000000001,0.447433870686913,0,0,0.7225,0.09838994089077595,0.5296557158540791,0.915344284145921,0.015918934230272068,3.606892839974413,4.166138332718106,0.020142324944425884,False
barcode_mean_len,low,abs,60.0,0.3,40,10,7.746,0.4673313506028462,0,0,0.6975,0.10041411563398664,0.5006883333573862,0.8943116666426139,0.028461301278696855,3.8409174233675,4.394302018568237,0.034464857017171974,False
barcode_mean_len,low,abs,65.0,0.3,40,10,8.0623,0.4864143490789216,0,0,0.635,0.1036847409839294,0.4317779076714984,0.8382220923285016,0.0972183257394823,4.357416042685509,4.860013123090354,0.11052939234439921,False
barcode_mean_len,low,abs,70.0,0.3,40,10,8.3666,0.5047733640529012,0,0,0.685,0.10126683952188238,0.4865169945371106,0.8834830054628895,0.03732271908511803,4.612907164519833,5.232518125051257,0.04467198037214899,False
barcode_mean_len,low,abs,75.0,0.3,40,10,8.6603,0.5224928602666962,0,0,0.6125,0.10428218623318157,0.40810691498296414,0.816893085017036,0.140230676047787,5.081973819062114,5.765997134508494,0.15470288104916002,False
barcode_mean_len,low,abs,80.0,0.3,40,10,8.9443,0.5396271364829638,0,0,0.6625,0.10254670775208181,0.4615084528059196,0.8634915471940803,0.05886713684544527,5.937073040221419,6.328995900240235,0.06895017287942581,False
barcode_mean_len,low,abs,85.0,0.3,40,10,9.219499999999998,0.556230491464361,0,0,0.65,0.10312081029138355,0.44788321182888824,0.8521167881711118,0.0744979868446957,5.170648835030281,5.687122981540764,0.08574644525441462,False
barcode_mean_len,low,abs,90.0,0.3,40,10,9.486800000000002,0.5723572239735453,0,0,0.7275,0.09793212629711515,0.5355530324576543,0.9194469675423458,0.014083685322570582,5.747863885015249,6.062131351831203,0.017893206762282295,False
barcode_mean_len,low,abs,95.0,0.3,40,10,9.7468,0.5880435331856212,0,0,0.7425,0.09644791625891247,0.5534620841325316,0.9315379158674685,0.009629774245624972,5.900488197803497,6.139041794659027,0.012507946995015676,False
barcode_mean_len,low,abs,100.0,0.3,40,10,10.0,0.6033195850798428,0,0,0.81,0.08747961294069849,0.638539958636231,0.9814600413637691,0.0013708079025865675,4.751983187678787,5.23677092247909,0.0020267906985779135,False
barcode_mean_len,low,abs,0.0,0.4,40,10,0.0,0.0,0,0,0.9625,0.04295969827343276,0.8782989913840719,1.0,3.117259954432762e-06,0.0,0.0,1.081735730456145e-05,True
barcode_mean_len,low,abs,5.0,0.4,40,10,2.2361,0.13726821827259283,0,0,0.825,0.08490067672827281,0.6585946736125853,0.9914053263874146,0.0008423307102951552,1.5025825058972393,1.4488644034778384,0.0013056126009574906,False
barcode_mean_len,low,abs,10.0,0.4,40,10,3.1622999999999997,0.19412516731962806,0,0,0.8,0.08906926143924926,0.6254242475790714,0.9745757524209286,0.0018759532836208786,1.805757418870926,2.0442002962837282,0.0026840562365652567,False
barcode_mean_len,low,abs,15.0,0.4,40,10,3.873,0.23775314582073792,0,0,0.705,0.09985225944018694,0.5092895714972335,0.9007104285027664,0.02403973530981892,2.207849698839709,2.230827049455131,0.029494662055582578,False
barcode_mean_len,low,abs,20.0,0.4,40,10,4.472100000000001,0.2745302978117537,0,0,0.84,0.08206926536676863,0.6791442398811335,1.0,0.0005074601599518824,2.402596807632691,2.5205484849854933,0.0008236264376182386,False
barcode_mean_len,low,abs,25.0,0.4,40,10,5.0,0.3069366715991969,0,0,0.81,0.08747961294069849,0.638539958636231,0.9814600413637691,0.0013708079025865675,2.921047019652831,2.89841709790924,0.0020267906985779135,False
barcode_mean_len,low,abs,30.0,0.4,40,10,5.477199999999999,0.33623070753662426,0,0,0.74,0.09670703816955153,0.550454205187679,0.929545794812321,0.010273260316368759,3.345979208295996,3.268146983553112,0.013196315047269263,False
barcode_mean_len,low,abs,35.0,0.4,40,10,5.916100000000001,0.3631736085696018,0,0,0.7725,0.09295209275622986,0.5903138981977895,0.9546861018022105,0.004250299114097227,2.994589995196525,3.5631117871983453,0.005795862428314401,False
barcode_mean_len,low,abs,40.0,0.4,40,10,6.324599999999999,0.3882503346392561,0,0,0.74,0.09670703816955153,0.550454205187679,0.929545794812321,0.010273260316368759,3.7387151194585337,3.9607136882316887,0.013196315047269263,False
barcode_mean_len,low,abs,45.0,0.4,40,10,6.708199999999998,0.41179851608434653,0,0,0.8,0.08906926143924926,0.6254242475790714,0.9745757524209286,0.0018759532836208786,3.813257069223457,3.74630572912011,0.0026840562365652567,False
barcode_mean_len,low,abs,50.0,0.4,40,10,7.0711,0.4340759797090162,0,0,0.865,0.07671476613521841,0.7146390583749719,1.0,0.00020865063868642314,3.3657003194093704,3.822422295793051,0.00036000945079475607,False
barcode_mean_len,low,abs,55.0,0.4,40,10,7.416200000000001,0.45526074878279277,0,0,0.7425,0.09644791625891247,0.5534620841325316,0.9315379158674685,0.009629774245624972,3.5510873253292896,4.36710363272336,0.012507946995015676,False
barcode_mean_len,low,abs,60.0,0.4,40,10,7.746,0.47550629164147584,0,0,0.745,0.09618400183005803,0.5564793564130863,0.9335206435869137,0.009021796391471338,3.867830334917495,4.483400668554653,0.011784087983242056,False
barcode_mean_len,low,abs,65.0,0.4,40,10,8.0623,0.49492310548684115,0,0,0.9175,0.062051095303092774,0.7958798532059381,1.0,2.692937670501682e-05,3.702014644463093,4.3846129637908025,5.878948435602263e-05,True
barcode_mean_len,low,abs,70.0,0.4,40,10,8.3666,0.5136032713203682,0,0,0.7825,0.09161950909760525,0.6029257621686936,0.9620742378313063,0.0031809058486296873,4.591680819789569,4.751652804937766,0.0044152872227247895,False
barcode_mean_len,low,abs,75.0,0.4,40,10,8.6603,0.531632731410105,0,0,0.8925,0.06972067602942168,0.7558474749823334,1.0,7.361890818995287e-05,4.356118810839123,4.287366672314922,0.00014234009275812095,False
barcode_mean_len,low,abs,80.0,0.4,40,10,8.9443,0.5490667343569394,0,0,0.8325,0.08351803426985104,0.668804652831092,0.996195347168908,0.000655417493371522,4.404973813560274,4.84968488719344,0.0010331157098907042,False
barcode_mean_len,low,abs,85.0,0.4,40,10,9.219499999999998,0.5659605287617592,0,0,0.77,0.09327168583810558,0.5871874957573131,0.9528125042426869,0.004563528464786798,4.618151683073777,4.921877549805383,0.00619573937554996,False
barcode_mean_len,low,abs,90.0,0.4,40,10,9.486800000000002,0.5823693632254523,0,0,0.7575,0.09479106771957473,0.5717095072696334,0.9432904927303665,0.00645957694817196,5.361098702996969,5.624351471356599,0.00861894772137722,False
barcode_mean_len,low,abs,95.0,0.4,40,10,9.7468,0.5983300701486105,0,0,0.8975,0.06829977543582832,0.7636324401457765,1.0,6.047572046107024e-05,4.281137545013203,4.663575359032691,0.00011790863737692939,False
barcode_mean_len,low,abs,100.0,0.4,40,10,10.0,0.6138733431983938,0,0,0.805,0.08828693143903175,0.6319576143794978,0.9780423856205023,0.00160536326768327,4.302979498073973,5.018895743137788,0.0023327934983522515,False
barcode_mean_len,low,abs,0.0,0.5,40,10,0.0,0.0,0,0,0.975,0.0353207267702707,0.9057713755302694,1.0,1.8166877881268505e-06,0.0,0.0,7.55484839681039e-06,True
barcode_mean_len,low,abs,5.0,0.5,40,10,2.2361,0.13544072004431557,0,0,0.8625,0.07728945925946673,0.7110126598514452,1.0,0.00022861273567770826,1.3499398349147094,1.4279038324780762,0.0003908269194490233,False
barcode_mean_len,low,abs,10.0,0.5,40,10,3.1622999999999997,0.19154071329374317,0,0,0.77,0.09327168583810558,0.5871874957573131,0.9528125042426869,0.004563528464786798,1.8607278141108423,2.0087570406338404,0.00619573937554996,False
barcode_mean_len,low,abs,15.0,0.5,40,10,3.873,0.2345878577575396,0,0,0.7925,0.09019728931072543,0.6157133129509782,0.9692866870490218,0.002360049479354411,2.234433171649774,2.319700812658914,0.0033255242663630335,False
barcode_mean_len,low,abs,20.0,0.5,40,10,4.472100000000001,0.27087538308223413,0,0,0.8,0.08906926143924926,0.6254242475790714,0.9745757524209286,0.0018759532836208786,2.629933113604784,2.608044371834019,0.0026840562365652567,False
barcode_mean_len,low,abs,25.0,0.5,40,10,5.0,0.3028503198522328,0,0,0.69,0.10093815147298531,0.49216122311294874,0.8878387768870512,0.03353952861482573,2.6522374246269464,3.011904782493139,0.040403836284699395,False
barcode_mean_len,low,abs,30.0,0.5,40,10,5.477199999999999,0.33175435437893,0,0,0.8075,0.08788643728693103,0.6352425829176152,0.9797574170823848,0.0014838621734863265,2.6844377103483392,3.0962115613735244,0.0021697984612300057,False
barcode_mean_len,low,abs,35.0,0.5,40,10,5.916100000000001,0.358338555455559,0,0,0.8025,0.08868117913105483,0.6286848889031325,0.9763151110968675,0.0017358655027570455,2.82622262124938,3.3240089953920244,0.00251457152268544,False
barcode_mean_len,low,abs,40.0,0.5,40,10,6.324599999999999,0.38308142658748634,0,0,0.77,0.09327168583810558,0.5871874957573131,0.9528125042426869,0.004563528464786798,3.340581378614416,3.7176398136140714,0.00619573937554996,False
barcode_mean_len,low,abs,45.0,0.5,40,10,6.708199999999998,0.4063161031265497,0,0,0.7475,0.09591525384521943,0.55950610246337,0.9354938975366301,0.008447705157869634,3.3939431459306086,4.040807327994206,0.011065303939181351,False
barcode_mean_len,low,abs,50.0,0.5,40,10,7.0711,0.4282969793414248,0,0,0.8275,0.08444694586942353,0.6619839860959299,0.9930160139040701,0.0007751751882197287,3.4852618629282173,4.0941611000775335,0.001205540008435364,False
barcode_mean_len,low,abs,55.0,0.5,40,10,7.416200000000001,0.44919970841762596,0,0,0.87,0.07553696919964208,0.7219475403687016,1.0,0.00017351414622119286,3.568893165454236,3.809168065498154,0.0003073679161632559,False
barcode_mean_len,low,abs,60.0,0.5,40,10,7.746,0.4691757155150792,0,0,0.9025,0.06682609616168726,0.7715208515230929,1.0,4.9568014246983466e-05,3.5084326686461766,3.976832492186634,9.977976893873295e-05,True
barcode_mean_len,low,abs,65.0,0.5,40,10,8.0623,0.48833402674893145,0,0,0.8075,0.08788643728693103,0.6352425829176152,0.9797574170823848,0.0014838621734863265,4.045707738760746,4.673501726999493,0.0021697984612300057,False
barcode_mean_len,low,abs,70.0,0.5,40,10,8.3666,0.5067654972151383,0,0,0.8575,0.0784114435756288,0.7038135705917676,1.0,0.0002739927806307303,3.887976281943598,4.441758535328754,0.0004641407759318382,False
barcode_mean_len,low,abs,75.0,0.5,40,10,8.6603,0.5245549250032584,0,0,0.85,0.08002868353293151,0.6931437802754542,1.0,0.00035800791626764355,3.815976178273559,4.252772839771633,0.0005913807497849174,False
barcode_mean_len,low,abs,80.0,0.5,40,10,8.9443,0.5417568231708654,0,0,0.9075,0.06529615537908832,0.7795195354569868,1.0,4.053683454445474e-05,3.5310954967478536,3.903919381120038,8.396270852192184e-05,True
barcode_mean_len,low,abs,85.0,0.5,40,10,9.219499999999998,0.5584257047755322,0,0,0.8175,0.08622027893840038,0.6485082532807352,0.9864917467192648,0.0010772103294282628,4.537500044932732,4.8357414135448,0.0016263078025459162,False
barcode_mean_len,low,abs,90.0,0.5,40,10,9.486800000000002,0.5746160828748327,0,0,0.8275,0.08444694586942353,0.6619839860959299,0.9930160139040701,0.0007751751882197287,4.382478314464459,4.557746058694236,0.001205540008435364,False
barcode_mean_len,low,abs,95.0,0.5,40,10,9.7468,0.5903642995071486,0,0,0.845,0.08106499473637233,0.6861126103167102,1.0,0.00042670433584312753,4.4095926359295845,4.701851094580475,0.0006986532259403321,False
barcode_mean_len,low,abs,100.0,0.5,40,10,10.0,0.6057006397044656,0,0,0.85,0.08002868353293151,0.6931437802754542,1.0,0.00035800791626764355,3.887619691305473,4.1568182614069205,0.0005913807497849174,False
barcode_mean_len,low,abs,0.0,0.6,40,10,0.0,0.0,0,0,0.96875,0.0393538915195523,0.8916163726216775,1.0,2.5347659721963364e-06,1.0,0.7324555320336759,9.244440604480757e-06,True
barcode_mean_len,low,abs,5.0,0.6,40,10,2.2361,0.13662712386213294,0,0,0.915,0.06288694712012229,0.7917415836445604,1.0,2.9853653258570326e-05,1.1481040113300471,1.188051872780611,6.441739566234432e-05,True
barcode_mean_len,low,abs,10.0,0.6,40,10,3.1622999999999997,0.19321852948849472,0,0,0.7975,0.08945125689625472,0.6221755364833408,0.9728244635166592,0.002026242253169372,1.8349838778749108,1.831724791497341,0.002885766149230499,False
barcode_mean_len,low,abs,15.0,0.6,40,10,3.873,0.23664274885650952,0,0,0.8125,0.08706637188752604,0.641849911100449,0.983150088899551,0.0012656750851485791,2.359120387647112,2.289026344190005,0.0018833245267010858,False
barcode_mean_len,low,abs,20.0,0.6,40,10,4.472100000000001,0.27324813766103695,0,0,0.925,0.059435712454553535,0.8085060035890751,1.0,1.9699265123654512e-05,2.137375029835312,2.132465924129518,4.523534954320666e-05,True
barcode_mean_len,low,abs,25.0,0.6,40,10,5.0,0.30550316144656536,0,0,0.885,0.07175972238441139,0.7443509441265537,1.0,9.846524797516955e-05,2.3078015707433224,2.6406963270384134,0.00018351238600582703,False
barcode_mean_len,low,abs,30.0,0.6,40,10,5.477199999999999,0.3346603831750255,0,0,0.8225,0.0853474056911907,0.6552190848452663,0.9897809151547338,0.0009148015225635345,2.84655543123946,3.065104482514372,0.0014108879203716203,False
barcode_mean_len,low,abs,35.0,0.6,40,10,5.916100000000001,0.361477450686805,0,0,0.9025,0.06682609616168726,0.7715208515230929,1.0,4.9568014246983466e-05,3.0756047639947437,3.1414214594841696,9.977976893873295e-05,True
barcode_mean_len,low,abs,40.0,0.6,40,10,6.324599999999999,0.38643705897698943,0,0,0.8375,0.08255974063638206,0.6756829083526912,0.9993170916473089,0.0005529425115197598,3.160967270471156,3.514787263226337,0.0008958824663996107,False
barcode_mean_len,low,abs,45.0,0.6,40,10,6.708199999999998,0.40987526152316983,0,0,0.9025,0.06682609616168726,0.7715208515230929,1.0,4.9568014246983466e-05,3.2434346508464698,3.5126124763470092,9.977976893873295e-05,True
barcode_mean_len,low,abs,50.0,0.6,40,10,7.0711,0.4320486809809616,0,0,0.915,0.06288694712012229,0.7917415836445604,1.0,2.9853653258570326e-05,3.068985774539984,3.556872353987197,6.441739566234432e-05,True
barcode_mean_len,low,abs,55.0,0.6,40,10,7.416200000000001,0.4531345091840035,0,0,0.8675,0.07613067315792804,0.7182838806104611,1.0,0.00019032591288338009,3.257072188925964,3.821258663196042,0.0003314664774935271,False
barcode_mean_len,low,abs,60.0,0.6,40,10,7.746,0.47328549771301903,0,0,0.9,0.06756974068663674,0.7675633082541921,1.0,5.476621751138575e-05,3.415939559831339,3.974624394901665,0.0001079080133169253,True
barcode_mean_len,low,abs,65.0,0.6,40,10,8.0623,0.49261162770612876,0,0,0.925,0.059435712454553535,0.8085060035890751,1.0,1.9699265123654512e-05,3.1536633476932,3.593099277944269,4.523534954320666e-05,True
barcode_mean_len,low,abs,70.0,0.6,40,10,8.3666,0.5112045501117668,0,0,0.91,0.06450887154044081,0.783562611780736,1.0,3.6627656988930286e-05,3.3371874201534824,3.893978695289854,7.724199773175774e-05,True
barcode_mean_len,low,abs,75.0,0.6,40,10,8.6603,0.5291498058151379,0,0,0.8775,0.07369592397629703,0.7330559890064577,1.0,0.00013103791371097225,3.839996349296452,4.330483396133171,0.00023709194504125327,False
barcode_mean_len,low,abs,80.0,0.6,40,10,8.9443,0.5465023853853028,0,0,0.8425,0.08157106268298436,0.6826207171413506,1.0,0.0004654621431825035,3.826208084346132,4.321959207513984,0.0007607729229520707,False
barcode_mean_len,low,abs,85.0,0.6,40,10,9.219499999999998,0.5633172793913218,0,0,0.8325,0.08351803426985104,0.668804652831092,0.996195347168908,0.000655417493371522,4.097990507649821,4.368015558046189,0.0010331157098907042,False
barcode_mean_len,low,abs,90.0,0.6,40,10,9.486800000000002,0.5796494784022552,0,0,0.845,0.08106499473637233,0.6861126103167102,1.0,0.00042670433584312753,4.309317517665125,4.290261400353513,0.0006986532259403321,False
barcode_mean_len,low,abs,95.0,0.6,40,10,9.7468,0.5955356427974766,0,0,0.8275,0.08444694586942353,0.6619839860959299,0.9930160139040701,0.0007751751882197287,3.993335613798277,4.577317618315279,0.001205540008435364,False
barcode_mean_len,low,abs,100.0,0.6,40,10,10.0,0.6110063228931307,0,0,0.7675,0.09358597014362194,0.5840714985185009,0.950928501481499,0.0048972035986814206,4.254825579062585,4.500627222246651,0.006619766492403665,False
barcode_mean_len,low,abs,0.0,0.7,40,10,0.0,0.0,0,0,0.97,0.038585514924043426,0.8943723907488749,1.0,2.4054960798365085e-06,1.0,0.7324555320336759,8.852581535257174e-06,True
barcode_mean_len,low,abs,5.0,0.7,40,10,2.2361,0.13553240861621668,0,0,0.915,0.06288694712012229,0.7917415836445604,1.0,2.9853653258570326e-05,1.1451466909431396,1.22536382810397,6.441739566234432e-05,True
barcode_mean_len,low,abs,10.0,0.7,40,10,3.1622999999999997,0.19167037957473368,0,0,0.8525,0.0794981354765421,0.6966836544659776,1.0,0.00032765379104512157,1.8340401832134487,1.772010322709984,0.0005470700640430217,False
barcode_mean_len,low,abs,15.0,0.7,40,10,3.873,0.23474666543115574,0,0,0.8875,0.07109188318924244,0.7481599089490848,1.0,8.94185165080138e-05,2.025151199510982,2.0765956560318384,0.00016902280559441633,False
barcode_mean_len,low,abs,20.0,0.7,40,10,4.472100000000001,0.2710587561256575,0,0,0.895,0.06901662169823426,0.7597274214714609,1.0,6.674312735333814e-05,2.1761029302848107,2.3117940752515493,0.00012985587539457002,False
barcode_mean_len,low,abs,25.0,0.7,40,10,5.0,0.3030553387957084,0,0,0.91,0.06450887154044081,0.783562611780736,1.0,3.6627656988930286e-05,2.393683663617151,2.584804742216832,7.724199773175774e-05,True
barcode_mean_len,low,abs,30.0,0.7,40,10,5.477199999999999,0.33197894033037073,0,0,0.8675,0.07613067315792804,0.7182838806104611,1.0,0.00019032591288338009,2.9031348936799644,3.0774062342370945,0.0003314664774935271,False
barcode_mean_len,low,abs,35.0,0.7,40,10,5.916100000000001,0.358581137969858,0,0,0.935,0.05566554073401402,0.8258955401613326,1.0,1.2882436923605882e-05,2.490376524300766,2.9935498935153237,3.238017929446884e-05,True
barcode_mean_len,low,abs,40.0,0.7,40,10,6.324599999999999,0.38334075914946736,0,0,0.8925,0.06972067602942168,0.7558474749823334,1.0,7.361890818995287e-05,3.052080622969233,3.4428014377791056,0.00014234009275812095,False
barcode_mean_len,low,abs,45.0,0.7,40,10,6.708199999999998,0.40659116474187423,0,0,0.8875,0.07109188318924244,0.7481599089490848,1.0,8.94185165080138e-05,2.958725089650348,3.489915877930286,0.00016902280559441633,False
barcode_mean_len,low,abs,50.0,0.7,40,10,7.0711,0.42858692123166675,0,0,0.94,0.053640414858621525,0.8348647868771017,1.0,1.03825916524498e-05,3.0772408248662058,3.4615155877594113,2.712306246286043e-05,True
barcode_mean_len,low,abs,55.0,0.7,40,10,7.416200000000001,0.4495038007153465,0,0,0.9175,0.062051095303092774,0.7958798532059381,1.0,2.692937670501682e-05,3.0853391646001582,3.636968151271665,5.878948435602263e-05,True
barcode_mean_len,low,abs,60.0,0.7,40,10,7.746,0.4694933308623115,0,0,0.88,0.07306145142200898,0.7367995552128623,1.0,0.00011919762532986999,3.734632066067528,3.8192431891672354,0.00021736037560152766,False
barcode_mean_len,low,abs,65.0,0.7,40,10,8.0623,0.48866461159452795,0,0,0.9275,0.05852534927823359,0.8127903154146622,1.0,1.7729779558998625e-05,3.24426798040376,3.516750847392351,4.142888188409226e-05,True
barcode_mean_len,low,abs,70.0,0.7,40,10,8.3666,0.5071085595136346,0,0,0.905,0.06606839361879746,0.775505948507157,1.0,4.483810553584596e-05,3.331544421926558,3.5023542375487593,9.16471168095313e-05,True
barcode_mean_len,low,abs,75.0,0.7,40,10,8.6603,0.5249100301144947,0,0,0.78,0.09196090310230838,0.5997566299194756,0.9602433700805244,0.0034227092074286774,4.094238318756078,4.158610886597941,0.0047438443560486885,False
barcode_mean_len,low,abs,80.0,0.7,40,10,8.9443,0.5421235733580909,0,0,0.835,0.08304262107383252,0.6722364626952883,0.9977635373047117,0.000602169309140404,3.5102598900925748,4.0527984259238075,0.000958934002569479,False
barcode_mean_len,low,abs,85.0,0.7,40,10,9.219499999999998,0.5588037392054066,0,0,0.88,0.07306145142200898,0.7367995552128623,1.0,0.00011919762532986999,3.602137475048081,3.9436294789940582,0.00021736037560152766,False
barcode_mean_len,low,abs,90.0,0.7,40,10,9.486800000000002,0.5750050776174253,0,0,0.76,0.09449749798856956,0.5747849039424037,0.9452150960575963,0.006032393056385331,4.272152686372716,4.431264485649668,0.008060525204652813,False
barcode_mean_len,low,abs,95.0,0.7,40,10,9.7468,0.5907639552348022,0,0,0.89,0.07041231224113942,0.7519918680073667,1.0,8.115768185505283e-05,3.7815716507343136,3.6746331550813265,0.00015466525435491624,False
barcode_mean_len,low,abs,100.0,0.7,40,10,10.0,0.6061106775914168,0,0,0.8125,0.08706637188752604,0.641849911100449,0.983150088899551,0.0012656750851485791,3.417033922814188,3.8376537496742014,0.0018833245267010858,False
barcode_mean_len,low,abs,0.0,0.8,40,10,0.0,0.0,0,0,0.985,0.027507974990862768,0.9310843690179089,1.0,1.2230843637143538e-06,1.0,0.7324555320336759,6.537175047438787e-06,True
barcode_mean_len,low,abs,5.0,0.8,40,10,2.2361,0.1363504790620606,0,0,0.8875,0.07109188318924244,0.7481599089490848,1.0,8.94185165080138e-05,1.1990031768554743,1.2469120901072777,0.00016902280559441633,False
barcode_mean_len,low,abs,10.0,0.8,40,10,3.1622999999999997,0.192827297499197,0,0,0.925,0.059435712454553535,0.8085060035890751,1.0,1.9699265123654512e-05,1.6203446201337823,1.5927037735725953,4.523534954320666e-05,True
barcode_mean_len,low,abs,15.0,0.8,40,10,3.873,0.23616359080871197,0,0,0.9075,0.06529615537908832,0.7795195354569868,1.0,4.053683454445474e-05,1.9570754052518489,2.058382408737285,8.396270852192184e-05,True
barcode_mean_len,low,abs,20.0,0.8,40,10,4.472100000000001,0.27269486043264674,0,0,0.89,0.07041231224113942,0.7519918680073667,1.0,8.115768185505283e-05,2.237552440805094,2.4707211979060504,0.00015466525435491624,False
barcode_mean_len,low,abs,25.0,0.8,40,10,5.0,0.3048845737267131,0,0,0.9225,0.060326234517198346,0.8042605803462912,1.0,2.1875232572411636e-05,2.346834526734149,2.7124118328470543,4.925899828654436e-05,True
barcode_mean_len,low,abs,30.0,0.8,40,10,5.477199999999999,0.33398275744319056,0,0,0.9,0.06756974068663674,0.7675633082541921,1.0,5.476621751138575e-05,2.7179864794519304,2.7548232419360765,0.0001079080133169253,True
barcode_mean_len,low,abs,35.0,0.8,40,10,5.916100000000001,0.3607455253249215,0,0,0.9,0.06756974068663674,0.7675633082541921,1.0,5.476621751138575e-05,2.788860961725866,3.261450535217582,0.0001079080133169253,True
barcode_mean_len,low,abs,40.0,0.8,40,10,6.324599999999999,0.385654594998394,0,0,0.92,0.06119776684378823,0.8000523769861752,1.0,2.4277915883066838e-05,2.849107297583365,3.247725206126792,5.375824231250514e-05,True
barcode_mean_len,low,abs,45.0,0.8,40,10,6.708199999999998,0.40904533949470734,0,0,0.8675,0.07613067315792804,0.7182838806104611,1.0,0.00019032591288338009,3.375059822574258,3.5590866508482297,0.0003314664774935271,False
barcode_mean_len,low,abs,50.0,0.8,40,10,7.0711,0.4311738618557922,0,0,0.8825,0.0724161454466948,0.7405643549244781,1.0,0.00010836681688949641,3.206666931814077,3.409078236783647,0.0002003601187022498,False
barcode_mean_len,low,abs,55.0,0.8,40,10,7.416200000000001,0.4522169951344099,0,0,0.9225,0.060326234517198346,0.8042605803462912,1.0,2.1875232572411636e-05,2.949737961803164,3.331669894357651,4.925899828654436e-05,True
barcode_mean_len,low,abs,60.0,0.8,40,10,7.746,0.47232718161742393,0,0,0.91,0.06450887154044081,0.783562611780736,1.0,3.6627656988930286e-05,3.1771371761957803,3.3669419661773436,7.724199773175774e-05,True
barcode_mean_len,low,abs,65.0,0.8,40,10,8.0623,0.49161417975137583,0,0,0.9025,0.06682609616168726,0.7715208515230929,1.0,4.9568014246983466e-05,3.347987389022654,3.7795508104536344,9.977976893873295e-05,True
barcode_mean_len,low,abs,70.0,0.8,40,10,8.3666,0.5101694549083835,0,0,0.8175,0.08622027893840038,0.6485082532807352,0.9864917467192648,0.0010772103294282628,4.227756069041789,4.308407817642532,0.0016263078025459162,False
barcode_mean_len,low,abs,75.0,0.8,40,10,8.6603,0.5280783747690905,0,0,0.82,0.08578723892978568,0.65185701169762,0.9881429883023799,0.0009929623365320707,3.556186369806528,3.891610102794938,0.0015163464252460194,False
barcode_mean_len,low,abs,80.0,0.8,40,10,8.9443,0.545395818556768,0,0,0.7925,0.09019728931072543,0.6157133129509782,0.9692866870490218,0.002360049479354411,3.751266235545758,4.171177737268712,0.0033255242663630335,False
barcode_mean_len,low,abs,85.0,0.8,40,10,9.219499999999998,0.5621766654946863,0,0,0.805,0.08828693143903175,0.6319576143794978,0.9780423856205023,0.00160536326768327,3.607973992500616,3.834862121648076,0.0023327934983522515,False
barcode_mean_len,low,abs,90.0,0.8,40,10,9.486800000000002,0.5784757948061163,0,0,0.79,0.0905614715575096,0.6124995157472812,0.9675004842527188,0.002544965666936298,3.928553624961654,4.054674452990857,0.003569861342761323,False
barcode_mean_len,low,abs,95.0,0.8,40,10,9.7468,0.5943297926399054,0,0,0.685,0.10126683952188238,0.4865169945371106,0.8834830054628895,0.03732271908511803,4.129164069658145,4.4694494992769584,0.04467198037214899,False
barcode_mean_len,low,abs,100.0,0.8,40,10,10.0,0.6097691474534263,0,0,0.71,0.09945631528229266,0.5150656220467064,0.9049343779532936,0.021424828797413028,3.712689450041192,4.174837045931404,0.0263908487173432,False
barcode_mean_len,low,abs,0.0,0.9,40,10,0.0,0.0,0,0,0.98,0.031677997785087585,0.9179111243412283,1.0,1.5756865675668902e-06,1.0,1.0432740427115679,7.170817312583755e-06,True
barcode_mean_len,low,abs,5.0,0.9,40,10,2.2361,0.13635117794972912,0,0,0.9375,0.05466568248721647,0.8303552623250557,1.0,1.15684232496683e-05,1.1067909318444435,1.1581002648745111,2.971998238174453e-05,True
barcode_mean_len,low,abs,10.0,0.9,40,10,3.1622999999999997,0.1928282858684443,0,0,0.9475,0.0503966615739767,0.8487225433150056,1.0,7.480530052733389e-06,1.4225438401629829,1.4933498810141281,2.101780347142614e-05,True
barcode_mean_len,low,abs,15.0,0.9,40,10,3.873,0.23616480130553236,0,0,0.9475,0.0503966615739767,0.8487225433150056,1.0,7.480530052733389e-06,1.7560175040005883,1.8075881588305323,2.101780347142614e-05,True
barcode_mean_len,low,abs,20.0,0.9,40,10,4.472100000000001,0.27269625817672893,0,0,0.965,0.041561275136107974,0.8835399007332283,1.0,3.413117415298884e-06,1.9362211588134128,2.1701419475603867,1.1542542531738045e-05,True
barcode_mean_len,low,abs,25.0,0.9,40,10,5.0,0.30488613646466867,0,0,0.905,0.06606839361879746,0.775505948507157,1.0,4.483810553584596e-05,2.3320194765380244,2.7156247989169704,9.16471168095313e-05,True
barcode_mean_len,low,abs,30.0,0.9,40,10,5.477199999999999,0.33398446932885667,0,0,0.93,0.05759422016493448,0.8171153284767285,1.0,1.5948230628176892e-05,2.395597759334521,2.6940329432012096,3.812816062777509e-05,True
barcode_mean_len,low,abs,35.0,0.9,40,10,5.916100000000001,0.3607473743877253,0,0,0.94,0.053640414858621525,0.8348647868771017,1.0,1.03825916524498e-05,2.416837920500359,2.6479334031967126,2.712306246286043e-05,True
barcode_mean_len,low,abs,40.0,0.9,40,10,6.324599999999999,0.3856565717368886,0,0,0.93,0.05759422016493448,0.8171153284767285,1.0,1.5948230628176892e-05,2.75352560138365,3.042897047223791,3.812816062777509e-05,True
barcode_mean_len,low,abs,45.0,0.9,40,10,6.708199999999998,0.409047436126458,0,0,0.9075,0.06529615537908832,0.7795195354569868,1.0,4.053683454445474e-05,2.935312821515905,3.1386908824590076,8.396270852192184e-05,True
barcode_mean_len,low,abs,50.0,0.9,40,10,7.0711,0.4311760719110637,0,0,0.8925,0.06972067602942168,0.7558474749823334,1.0,7.361890818995287e-05,2.9458986140042542,3.560435588018498,0.00014234009275812095,False
barcode_mean_len,low,abs,55.0,0.9,40,10,7.416200000000001,0.4522193130498551,0,0,0.8325,0.08351803426985104,0.668804652831092,0.996195347168908,0.000655417493371522,3.4428441725516072,3.675227235978233,0.0010331157098907042,False
barcode_mean_len,low,abs,60.0,0.9,40,10,7.746,0.4723296026110647,0,0,0.8625,0.07728945925946673,0.7110126598514452,1.0,0.00022861273567770826,3.285560741056023,3.5666380664591975,0.0003908269194490233,False
barcode_mean_len,low,abs,65.0,0.9,40,10,8.0623,0.4916166996038196,0,0,0.8225,0.0853474056911907,0.6552190848452663,0.9897809151547338,0.0009148015225635345,4.023016250946305,4.1024694427829145,0.0014108879203716203,False
barcode_mean_len,low,abs,70.0,0.9,40,10,8.3666,0.5101720698690593,0,0,0.92,0.06119776684378823,0.8000523769861752,1.0,2.4277915883066838e-05,3.157576007494169,3.2511743500050057,5.375824231250514e-05,True
barcode_mean_len,low,abs,75.0,0.9,40,10,8.6603,0.5280810815249939,0,0,0.8075,0.08788643728693103,0.6352425829176152,0.9797574170823848,0.0014838621734863265,3.642301387552704,3.7188348888028147,0.0021697984612300057,False
barcode_mean_len,low,abs,80.0,0.9,40,10,8.9443,0.5453986140761873,0,0,0.7425,0.09644791625891247,0.5534620841325316,0.9315379158674685,0.009629774245624972,3.9019945144914745,4.051418238499727,0.012507946995015676,False
barcode_mean_len,low,abs,85.0,0.9,40,10,9.219499999999998,0.5621795470272025,0,0,0.74,0.09670703816955153,0.550454205187679,0.929545794812321,0.010273260316368759,3.590454819432476,3.868804055559056,0.013196315047269263,False
barcode_mean_len,low,abs,90.0,0.9,40,10,9.486800000000002,0.5784787598826037,0,0,0.8175,0.08622027893840038,0.6485082532807352,0.9864917467192648,0.0010772103294282628,3.2584692188103994,3.8562604493250556,0.0016263078025459162,False
barcode_mean_len,low,abs,95.0,0.9,40,10,9.7468,0.5943328389787665,0,0,0.7125,0.0992518454456427,0.5179663829265404,0.9070336170734596,0.02021023696544571,3.632503623831762,3.7586309407142737,0.025076743715518754,False
barcode_mean_len,low,abs,100.0,0.9,40,10,10.0,0.6097722729293373,0,0,0.68,0.10157921865390412,0.480904731438348,0.8790952685616521,0.04144753474407487,5.02237229633565,4.605010723847689,0.04935493893980746,False
barcode_mean_len,low,abs,0.0,1.0,40,10,0.0,0.0,0,0,0.98,0.031677997785087585,0.9179111243412283,1.0,1.5817350762628036e-06,1.0,1.0432740427115679,7.170817312583755e-06,True
barcode_mean_len,low,abs,5.0,1.0,40,10,2.2361,0.13609915340210135,0,0,0.94,0.053640414858621525,0.8348647868771017,1.0,1.03825916524498e-05,1.037907331656569,1.0942225916793813,2.712306246286043e-05,True
barcode_mean_len,low,abs,10.0,1.0,40,10,3.1622999999999997,0.1924718719214101,0,0,0.9225,0.060326234517198346,0.8042605803462912,1.0,2.1875232572411636e-05,1.5183915404535562,1.5706201149637882,4.925899828654436e-05,True
barcode_mean_len,low,abs,15.0,1.0,40,10,3.873,0.23572828635854326,0,0,0.9,0.06756974068663674,0.7675633082541921,1.0,5.476621751138575e-05,1.9131271585356444,2.045108076869172,0.0001079080133169253,True
barcode_mean_len,low,abs,20.0,1.0,40,10,4.472100000000001,0.27219222035219237,0,0,0.84,0.08206926536676863,0.6791442398811335,1.0,0.0005074601599518824,2.332685891052951,2.5083315242164996,0.0008236264376182386,False
barcode_mean_len,low,abs,25.0,1.0,40,10,5.0,0.3043226005145149,0,0,0.8775,0.07369592397629703,0.7330559890064577,1.0,0.00013103791371097225,2.3779392035044347,2.625565162507364,0.00023709194504125327,False
barcode_mean_len,low,abs,30.0,1.0,40,10,5.477199999999999,0.33336714950762014,0,0,0.9325,0.05664131762496462,0.8214830174550694,1.0,1.4337632266600629e-05,2.3718048263417213,2.725448080276001,3.527512700512853e-05,True
barcode_mean_len,low,abs,35.0,1.0,40,10,5.916100000000001,0.3600805873807843,0,0,0.9275,0.05852534927823359,0.8127903154146622,1.0,1.7729779558998625e-05,2.5622457706211312,2.8248508804460917,4.142888188409226e-05,True
barcode_mean_len,low,abs,40.0,1.0,40,10,6.324599999999999,0.3849437438428202,0,0,0.9325,0.05664131762496462,0.8214830174550694,1.0,1.4337632266600629e-05,2.806053240125378,2.975461634682785,3.527512700512853e-05,True
barcode_mean_len,low,abs,45.0,1.0,40,10,6.708199999999998,0.40829137375429375,0,0,0.935,0.05566554073401402,0.8258955401613326,1.0,1.2882436923605882e-05,2.6535302982026456,3.1578334854811256,3.238017929446884e-05,True
barcode_mean_len,low,abs,50.0,1.0,40,10,7.0711,0.4303791080996372,0,0,0.9425,0.052588271035109095,0.8394269887711862,1.0,9.313067252422732e-06,2.808555090579855,3.0874335309033443,2.5251173599863383e-05,True
barcode_mean_len,low,abs,55.0,1.0,40,10,7.416200000000001,0.451383453987149,0,0,0.87,0.07553696919964208,0.7219475403687016,1.0,0.00017351414622119286,3.3529663244262338,3.323451659311454,0.0003073679161632559,False
barcode_mean_len,low,abs,60.0,1.0,40,10,7.746,0.4714565727170865,0,0,0.8775,0.07369592397629703,0.7330559890064577,1.0,0.00013103791371097225,2.9497426289444166,3.2259323833236278,0.00023709194504125327,False
barcode_mean_len,low,abs,65.0,1.0,40,10,8.0623,0.4907080204256347,0,0,0.8975,0.06829977543582832,0.7636324401457765,1.0,6.047572046107024e-05,3.0212212010825934,3.3120030030960192,0.00011790863737692939,False
barcode_mean_len,low,abs,70.0,1.0,40,10,8.3666,0.5092290938929481,0,0,0.845,0.08106499473637233,0.6861126103167102,1.0,0.00042670433584312753,3.1852433095544077,3.3755935869404725,0.0006986532259403321,False
barcode_mean_len,low,abs,75.0,1.0,40,10,8.6603,0.5271050034471706,0,0,0.7625,0.09419882489169804,0.5778703032122718,0.9471296967877281,0.005630440038165956,3.585067299505075,3.9830970167933546,0.00757787154195997,False
barcode_mean_len,low,abs,80.0,1.0,40,10,8.9443,0.544390527156395,0,0,0.8325,0.08351803426985104,0.668804652831092,0.996195347168908,0.000655417493371522,3.294842917962294,3.6940923611497976,0.0010331157098907042,False
barcode_mean_len,low,abs,85.0,1.0,40,10,9.219499999999998,0.561140443088714,0,0,0.775,0.09262713591128943,0.5934508136138728,0.9565491863861273,0.003956435644328283,3.604241968074348,3.688024314420545,0.005434985449372679,False
barcode_mean_len,low,abs,90.0,1.0,40,10,9.486800000000002,0.57740952931222,0,0,0.79,0.0905614715575096,0.6124995157472812,0.9675004842527188,0.002544965666936298,3.59939171102914,4.0014181158170254,0.003569861342761323,False
barcode_mean_len,low,abs,95.0,1.0,40,10,9.7468,0.5932343045389747,0,0,0.6675,0.10229000709854781,0.4670115860868463,0.8679884139131537,0.05338725643249419,4.155629486049691,4.581925100307674,0.06276883499648495,False
barcode_mean_len,low,abs,100.0,1.0,40,10,10.0,0.6086452010290297,0,0,0.6125,0.10428218623318157,0.40810691498296414,0.816893085017036,0.140230676047787,4.146218293359582,4.673143467113945,0.15470288104916002,False
barcode_mean_len,mid,abs,0.0,0.1,40,10,0.0,0.0,0,0,0.7225,0.09838994089077595,0.5296557158540791,0.915344284145921,0.010227347728032927,1.0,1.0432740427115679,0.013196315047269263,False
barcode_mean_len,mid,abs,5.0,0.1,40,10,2.2361,0.02983787430320628,0,0,0.63875,0.10355636071657341,0.4357795329955162,0.8417204670044839,0.08595262408618703,3.794012069702149,4.106183594654345,0.09832218991408849,False
barcode_mean_len,mid,abs,10.0,0.1,40,10,3.1622999999999997,0.04219682031618856,0,0,0.6025,0.10445434194636868,0.3977694897851174,0.8072305102148827,0.1624947447913067,3.826736450195313,4.410930160982465,0.1779977769798766,False
barcode_mean_len,mid,abs,15.0,0.1,40,10,3.873,0.05168019640280753,0,0,0.6225,0.10405292311578072,0.41855627069306983,0.8264437293069302,0.11942171531560486,5.263717651367188,4.913510444907073,0.13368102573808777,False
barcode_mean_len,mid,abs,20.0,0.1,40,10,4.472100000000001,0.05967441423521704,0,0,0.59,0.10459040611348415,0.38500280401757103,0.7949971959824289,0.19450470012568916,4.802219390869141,5.853605857514121,0.21117168551726387,False
barcode_mean_len,mid,abs,25.0,0.1,40,10,5.0,0.06671855977641043,0,0,0.4875,0.10253225085548641,0.28653678832324664,0.6884632116767533,0.5531660378227605,6.353729248046875,7.828608620618427,0.5697058861297534,False
barcode_mean_len,mid,abs,30.0,0.1,40,10,5.477199999999999,0.07308617912147106,0,0,0.5,0.1030776406404415,0.2979678243447347,0.7020321756552653,0.5048475531697979,7.682479858398437,8.138031459068277,0.5216758049421245,False
barcode_mean_len,mid,abs,35.0,0.1,40,10,5.916100000000001,0.07894273429864436,0,0,0.68875,0.10102186285285651,0.4907471488084012,0.8867528511915987,0.0341746527998129,5.9459381103515625,6.939792474118912,0.041115688362,False
barcode_mean_len,mid,abs,40.0,0.1,40,10,6.324599999999999,0.08439364063237711,0,0,0.5025,0.1031770889832045,0.3002729055929191,0.7047270944070808,0.4951610709162414,7.289718627929687,7.339305283588629,0.5122367925584347,False
barcode_mean_len,mid,abs,45.0,0.1,40,10,6.708199999999998,0.0895122885384233,0,0,0.57,0.10462840496051934,0.36492832627738203,0.7750716737226179,0.25221549938114346,14.666427612304688,12.017621283246777,0.26980123094528835,False
barcode_mean_len,mid,abs,50.0,0.1,40,10,7.0711,0.09435472160699518,0,0,0.6225,0.10405292311578072,0.41855627069306983,0.8264437293069302,0.1197323099698171,11.046249389648438,10.918408284527104,0.13368102573808777,False
barcode_mean_len,mid,abs,55.0,0.1,40,10,7.416200000000001,0.09895963660276302,0,0,0.685,0.10126683952188238,0.4865169945371106,0.8834830054628895,0.03730877580370911,4.546048482259114,5.9962322659441565,0.04467198037214899,False
barcode_mean_len,mid,abs,60.0,0.1,40,10,7.746,0.10336039280561506,0,0,0.545,0.10437128333289815,0.3404322846675197,0.7495677153324805,0.33562344548737827,7.70596440633138,9.09429407986391,0.3534878870931617,False
barcode_mean_len,mid,abs,65.0,0.1,40,10,8.0623,0.10758100889707078,0,0,0.555,0.10451428262472495,0.35015200605553914,0.7598479939444609,0.30100866762968426,11.678544362386068,11.819299798207272,0.31919961333592517,False
barcode_mean_len,mid,abs,70.0,0.1,40,10,8.3666,0.11164150044506313,0,0,0.475,0.10190693819274499,0.2752624011422198,0.6747375988577802,0.6005080727488906,12.56976318359375,11.533635203663664,0.6164155713647552,False
barcode_mean_len,mid,abs,75.0,0.1,40,10,8.6603,0.11556054864632946,0,0,0.57,0.10462840496051934,0.36492832627738203,0.7750716737226179,0.25238958524175414,9.32101821899414,9.474820800507622,0.26980123094528835,False
barcode_mean_len,mid,abs,80.0,0.1,40,10,8.9443,0.1193501628416296,0,0,0.595,0.10454645160131323,0.39008895486142603,0.7999110451385739,0.1815408617792153,8.20050048828125,8.389654295232528,0.19816079982942514,False
barcode_mean_len,mid,abs,85.0,0.1,40,10,9.219499999999998,0.12302235237172322,0,0,0.66,0.10266922163097905,0.45876832560328107,0.861231674396719,0.0617633353291558,7.795234044392903,7.4475949444014375,0.0719850782687533,False
barcode_mean_len,mid,abs,90.0,0.1,40,10,9.486800000000002,0.12658912657737012,0,0,0.5925,0.10457016679669323,0.38754247307848133,0.7974575269215187,0.18800954876767761,8.290944417317709,8.965896465087079,0.2047410776978222,False
barcode_mean_len,mid,abs,95.0,0.1,40,10,9.7468,0.13005849168574346,0,0,0.45,0.10041795997333237,0.2531807984522686,0.6468192015477314,0.6904752952073078,20.04877614974976,18.555089575936954,0.7041030970863994,False
barcode_mean_len,mid,abs,100.0,0.1,40,10,10.0,0.13343711955282087,0,0,0.465,0.10134939792536357,0.26635518006628744,0.6636448199337126,0.6375229896300212,14.27619171142578,16.109664207252905,0.6536895042512897,False
barcode_mean_len,mid,abs,0.0,0.2,40,10,0.0,0.0,0,0,0.975,0.0353207267702707,0.9057713755302694,1.0,1.8196624095543306e-06,0.0,0.0,7.55484839681039e-06,True
barcode_mean_len,mid,abs,5.0,0.2,40,10,2.2361,0.02910758528512501,0,0,0.965,0.041561275136107974,0.8835399007332283,1.0,3.413117415298884e-06,2.0057223637898765,1.9628008120657179,1.1542542531738045e-05,True
barcode_mean_len,mid,abs,10.0,0.2,40,10,3.1622999999999997,0.04116404317658013,0,0,0.8975,0.06829977543582832,0.7636324401457765,1.0,6.047572046107024e-05,2.7437429428100586,3.072336481443585,0.00011790863737692939,False
barcode_mean_len,mid,abs,15.0,0.2,40,10,3.873,0.05041531139452134,0,0,0.885,0.07175972238441139,0.7443509441265537,1.0,9.846524797516955e-05,4.131684984479632,4.117927284806381,0.00018351238600582703,False
barcode_mean_len,mid,abs,20.0,0.2,40,10,4.472100000000001,0.05821386885810453,0,0,0.7175,0.09882976058442998,0.5237936692545173,0.9112063307454827,0.017955525275765726,5.752270857493083,5.459334824687691,0.02250490364752308,False
barcode_mean_len,mid,abs,25.0,0.2,40,10,5.0,0.06508560727410448,0,0,0.795,0.08982724159900035,0.6189386064659593,0.9710613935340408,0.002187380451294903,3.3194993336995444,3.8245134437655777,0.003105746289624824,False
barcode_mean_len,mid,abs,30.0,0.2,40,10,5.477199999999999,0.071297377632345,0,0,0.8,0.08906926143924926,0.6254242475790714,0.9745757524209286,0.0018759532836208786,5.03814697265625,5.234746852268913,0.0026840562365652567,False
barcode_mean_len,mid,abs,35.0,0.2,40,10,5.916100000000001,0.07701059223886592,0,0,0.855,0.07895911185042043,0.700240140773176,1.0,0.00029970736220381725,4.207902749379476,4.480276785453244,0.00050494175153904,False
barcode_mean_len,mid,abs,40.0,0.2,40,10,6.324599999999999,0.08232808635316026,0,0,0.95,0.049253353765432696,0.8534634266197518,1.0,6.698612424583832e-06,3.480760097503662,4.077020041620731,1.9407194874962503e-05,True
barcode_mean_len,mid,abs,45.0,0.2,40,10,6.708199999999998,0.08732145414322952,0,0,0.855,0.07895911185042043,0.700240140773176,1.0,0.00029970736220381725,4.509958267211914,4.956813591625159,0.00050494175153904,False
barcode_mean_len,mid,abs,50.0,0.2,40,10,7.0711,0.09204536751918402,0,0,0.7725,0.09295209275622986,0.5903138981977895,0.9546861018022105,0.004250299114097227,5.724447886149089,5.820688458875285,0.005795862428314401,False
barcode_mean_len,mid,abs,55.0,0.2,40,10,7.416200000000001,0.09653757613324272,0,0,0.6275,0.10391661476234981,0.42382343506579434,0.8311765649342056,0.11032436795292117,6.099578244345529,5.707103756671112,0.12436565114692931,False
barcode_mean_len,mid,abs,60.0,0.2,40,10,7.746,0.10083062278904267,0,0,0.76,0.09449749798856956,0.5747849039424037,0.9452150960575963,0.006032393056385331,5.806688989911761,5.851562998448005,0.008060525204652813,False
barcode_mean_len,mid,abs,65.0,0.2,40,10,8.0623,0.10494793830520253,0,0,0.6075,0.10437535241532397,0.40292430926596506,0.812075690734035,0.15132284238357258,6.738688588142395,7.21250455622568,0.1663478054571188,False
barcode_mean_len,mid,abs,70.0,0.2,40,10,8.3666,0.10890904836390451,0,0,0.79,0.0905614715575096,0.6124995157472812,0.9675004842527188,0.002544965666936298,6.175891971588134,5.884437533617644,0.003569861342761323,False
barcode_mean_len,mid,abs,75.0,0.2,40,10,8.6603,0.11273217693518539,0,0,0.6675,0.10229000709854781,0.4670115860868463,0.8679884139131537,0.05338725643249419,6.1142298579216,6.6025290429157275,0.06276883499648495,False
barcode_mean_len,mid,abs,80.0,0.2,40,10,8.9443,0.11642903942835453,0,0,0.6125,0.10428218623318157,0.40810691498296414,0.816893085017036,0.140230676047787,6.904365322806618,7.594652632436727,0.15470288104916002,False
barcode_mean_len,mid,abs,85.0,0.2,40,10,9.219499999999998,0.12001135125272126,0,0,0.625,0.10398658676614368,0.4211862899383584,0.8288137100616416,0.11496264233386527,7.126901197433472,7.355403210585278,0.1291247069691965,False
barcode_mean_len,mid,abs,90.0,0.2,40,10,9.486800000000002,0.12349082781759486,0,0,0.6175,0.10417474428447085,0.41331750120243715,0.8216824987975629,0.12970417016075136,6.865702044963837,6.971150183054647,0.14394376879415127,False
barcode_mean_len,mid,abs,95.0,0.2,40,10,9.7468,0.1268752793958483,0,0,0.4925,0.10276002128899647,0.2910903582735669,0.6939096417264331,0.5338245728474461,8.116496086120605,8.311700465077328,0.5510064958358767,False
barcode_mean_len,mid,abs,100.0,0.2,40,10,10.0,0.13017121454820896,0,0,0.62,0.10411563774258063,0.41593335002454196,0.8240666499754581,0.12465145155433832,9.140770806206596,8.756273900699487,0.13866728462384525,False
barcode_mean_len,mid,abs,0.0,0.3,40,10,0.0,0.0,0,0,0.955,0.04686026014902687,0.8631538901079073,1.0,4.802294164702887e-06,1.0,1.0432740427115679,1.4936901582520684e-05,True
barcode_mean_len,mid,abs,5.0,0.3,40,10,2.2361,0.029285464731252788,0,0,0.97,0.038585514924043426,0.8943723907488749,1.0,2.7137920615033714e-06,1.674513578414917,1.9303811151275863,9.744504313506313e-06,True
barcode_mean_len,mid,abs,10.0,0.3,40,10,3.1622999999999997,0.041415600876365415,0,0,0.955,0.04686026014902687,0.8631538901079073,1.0,5.362343977023508e-06,2.633757677945224,2.8610209150919013,1.6297319930169484e-05,True
barcode_mean_len,mid,abs,15.0,0.3,40,10,3.873,0.05072340454547742,0,0,0.9375,0.05466568248721647,0.8303552623250557,1.0,1.15684232496683e-05,3.023759126663208,3.1621116179874593,2.971998238174453e-05,True
barcode_mean_len,mid,abs,20.0,0.3,40,10,4.472100000000001,0.05856961979546336,0,0,0.96,0.0443060570080222,0.8731601282642765,1.0,4.282956844238806e-06,2.7853115081787108,3.2758274651164765,1.3687800223855976e-05,True
barcode_mean_len,mid,abs,25.0,0.3,40,10,5.0,0.06548335211138319,0,0,0.94,0.053640414858621525,0.8348647868771017,1.0,1.03825916524498e-05,3.5375782012939454,3.689428356691103,2.712306246286043e-05,True
barcode_mean_len,mid,abs,30.0,0.3,40,10,5.477199999999999,0.07173308323689359,0,0,0.8575,0.0784114435756288,0.7038135705917676,1.0,0.0002739927806307303,4.124514516194662,4.245541642602334,0.0004641407759318382,False
barcode_mean_len,mid,abs,35.0,0.3,40,10,5.916100000000001,0.07748121188523081,0,0,0.8625,0.07728945925946673,0.7110126598514452,1.0,0.00022861273567770826,4.15825096766154,4.299885478251385,0.0003908269194490233,False
barcode_mean_len,mid,abs,40.0,0.3,40,10,6.324599999999999,0.08283120175273083,0,0,0.9275,0.05852534927823359,0.8127903154146622,1.0,1.7729779558998625e-05,4.25523583094279,4.1702867399668,4.142888188409226e-05,True
barcode_mean_len,mid,abs,45.0,0.3,40,10,6.708199999999998,0.08785508452671613,0,0,0.9475,0.0503966615739767,0.8487225433150056,1.0,7.480530052733389e-06,3.705315346519152,3.9140823487231478,2.101780347142614e-05,True
barcode_mean_len,mid,abs,50.0,0.3,40,10,7.0711,0.09260786622296034,0,0,0.85,0.08002868353293151,0.6931437802754542,1.0,0.00035800791626764355,4.4796685791015625,4.526339677772806,0.0005913807497849174,False
barcode_mean_len,mid,abs,55.0,0.3,40,10,7.416200000000001,0.097127527185688,0,0,0.755,0.09507958205821124,0.568644019165906,0.941355980834094,0.006913308506855391,5.055395194462368,5.605183900073405,0.009158656568910987,False
barcode_mean_len,mid,abs,60.0,0.3,40,10,7.746,0.10144680909095484,0,0,0.8225,0.0853474056911907,0.6552190848452663,0.9897809151547338,0.0009148015225635345,5.157954760960171,5.324657942649964,0.0014108879203716203,False
barcode_mean_len,mid,abs,65.0,0.3,40,10,8.0623,0.10558928594552093,0,0,0.95,0.049253353765432696,0.8534634266197518,1.0,6.698612424583832e-06,4.578940134782058,4.901565193102965,1.9407194874962503e-05,True
barcode_mean_len,mid,abs,70.0,0.3,40,10,8.3666,0.10957460275501972,0,0,0.8175,0.08622027893840038,0.6485082532807352,0.9864917467192648,0.0010772103294282628,5.451504803839184,5.767445916754459,0.0016263078025459162,False
barcode_mean_len,mid,abs,75.0,0.3,40,10,8.6603,0.11342109485804235,0,0,0.755,0.09507958205821124,0.568644019165906,0.941355980834094,0.006913308506855391,5.811257258057594,6.478272589012105,0.009158656568910987,False
barcode_mean_len,mid,abs,80.0,0.3,40,10,8.9443,0.11714054925796895,0,0,0.73,0.09769638617636826,0.5385150830943182,0.9214849169056818,0.013236527590881744,6.324845504760742,6.395532377979222,0.01688610515709194,False
barcode_mean_len,mid,abs,85.0,0.3,40,10,9.219499999999998,0.12074475295817946,0,0,0.875,0.07431983248097374,0.7293331283372915,1.0,0.00014397415867114637,5.536415822803974,5.630964463302664,0.00025898639760960567,False
barcode_mean_len,mid,abs,90.0,0.3,40,10,9.486800000000002,0.12424549296205402,0,0,0.6575,0.10278787025303673,0.45603577430404796,0.858964225695952,0.06477893921806628,6.7529293696085615,7.278052347400314,0.0752115024629234,False
barcode_mean_len,mid,abs,95.0,0.3,40,10,9.7468,0.12765062727184595,0,0,0.67,0.10215578070786634,0.46977466981258204,0.8702253301874181,0.05080317248777835,6.2831819599325005,7.146957635793376,0.05988206643046118,False
barcode_mean_len,mid,abs,100.0,0.3,40,10,10.0,0.13096670422276638,0,0,0.55,0.10444943451988582,0.3452791083410238,0.7547208916589763,0.3181263989531554,7.607036307163071,8.064283002650223,0.3358201487246703,False
barcode_mean_len,mid,abs,0.0,0.4,40,10,0.0,0.0,0,0,0.985,0.027507974990862768,0.9310843690179089,1.0,1.247255155576718e-06,1.0,1.0432740427115679,6.621767082255618e-06,True
barcode_mean_len,mid,abs,5.0,0.4,40,10,2.2361,0.02924666626494548,0,0,1.0,0.0,1.0,1.0,6.538314816033479e-07,1.453510929556454,1.6186023953651527,6.1159669901964865e-06,True
barcode_mean_len,mid,abs,10.0,0.4,40,10,3.1622999999999997,0.04136073195726357,0,0,0.9975,0.011304532632817974,0.9753431160396768,1.0,7.38464879278088e-07,2.0558641801277795,2.104030818392066,6.1159669901964865e-06,True
barcode_mean_len,mid,abs,15.0,0.4,40,10,3.873,0.050656204303981864,0,0,0.955,0.04686026014902687,0.8631538901079073,1.0,5.362343977023508e-06,2.87345689535141,3.102326967297249,1.6297319930169484e-05,True
barcode_mean_len,mid,abs,20.0,0.4,40,10,4.472100000000001,0.05849202459794405,0,0,0.955,0.04686026014902687,0.8631538901079073,1.0,5.362343977023508e-06,2.8256746927897134,2.9361398064055595,1.6297319930169484e-05,True
barcode_mean_len,mid,abs,25.0,0.4,40,10,5.0,0.06539659734570341,0,0,0.925,0.059435712454553535,0.8085060035890751,1.0,1.9699265123654512e-05,3.3418232202529907,3.6786653762549584,4.523534954320666e-05,True
barcode_mean_len,mid,abs,30.0,0.4,40,10,5.477199999999999,0.07163804859637735,0,0,0.935,0.05566554073401402,0.8258955401613326,1.0,1.2882436923605882e-05,3.521114502961819,3.8872389979678954,3.238017929446884e-05,True
barcode_mean_len,mid,abs,35.0,0.4,40,10,5.916100000000001,0.07737856191138319,0,0,0.8875,0.07109188318924244,0.7481599089490848,1.0,8.94185165080138e-05,3.9223459001917114,4.0100521304224035,0.00016902280559441633,False
barcode_mean_len,mid,abs,40.0,0.4,40,10,6.324599999999999,0.08272146391452714,0,0,0.9525,0.04807541585390428,0.8582721849263476,1.0,5.9950431523597874e-06,3.365978036935513,3.538032305809481,1.7812748024583394e-05,True
barcode_mean_len,mid,abs,45.0,0.4,40,10,6.708199999999998,0.08773869086288952,0,0,0.8675,0.07613067315792804,0.7182838806104611,1.0,0.00019032591288338009,4.205106182531877,4.54459195767692,0.0003314664774935271,False
barcode_mean_len,mid,abs,50.0,0.4,40,10,7.0711,0.09248517589824068,0,0,0.935,0.05566554073401402,0.8258955401613326,1.0,1.2882436923605882e-05,4.168889045439385,4.424415414031548,3.238017929446884e-05,True
barcode_mean_len,mid,abs,55.0,0.4,40,10,7.416200000000001,0.09699884904704113,0,0,0.91,0.06450887154044081,0.783562611780736,1.0,3.6627656988930286e-05,4.247598704538848,4.6255319523533425,7.724199773175774e-05,True
barcode_mean_len,mid,abs,60.0,0.4,40,10,7.746,0.10131240860796373,0,0,0.9475,0.0503966615739767,0.8487225433150056,1.0,7.480530052733389e-06,4.409782524220645,4.601113711720911,2.101780347142614e-05,True
barcode_mean_len,mid,abs,65.0,0.4,40,10,8.0623,0.10544939735605294,0,0,0.92,0.06119776684378823,0.8000523769861752,1.0,2.4277915883066838e-05,5.1117034639631,5.100857997501258,5.375824231250514e-05,True
barcode_mean_len,mid,abs,70.0,0.4,40,10,8.3666,0.10942943427051244,0,0,0.89,0.07041231224113942,0.7519918680073667,1.0,8.115768185505283e-05,5.166301044725603,5.150008330432886,0.00015466525435491624,False
barcode_mean_len,mid,abs,75.0,0.4,40,10,8.6603,0.11327083039859903,0,0,0.88,0.07306145142200898,0.7367995552128623,1.0,0.00011919762532986999,5.581532670506116,5.526685753590214,0.00021736037560152766,False
barcode_mean_len,mid,abs,80.0,0.4,40,10,8.9443,0.11698535712783502,0,0,0.7725,0.09295209275622986,0.5903138981977895,0.9546861018022105,0.004250299114097227,5.5538212060928345,5.7292802962473175,0.005795862428314401,False
barcode_mean_len,mid,abs,85.0,0.4,40,10,9.219499999999998,0.12058478584574252,0,0,0.84,0.08206926536676863,0.6791442398811335,1.0,0.0005074601599518824,5.654244840145111,6.050432926536233,0.0008236264376182386,False
barcode_mean_len,mid,abs,90.0,0.4,40,10,9.486800000000002,0.12408088793984381,0,0,0.8475,0.08055091811627885,0.6896202004920935,1.0,0.0003909577834976465,6.528873421527721,6.2900965523797225,0.000644664430235481,False
barcode_mean_len,mid,abs,95.0,0.4,40,10,9.7468,0.12748151100182042,0,0,0.81,0.08747961294069849,0.638539958636231,0.9814600413637691,0.0013708079025865675,6.331855019618725,6.462335758387859,0.0020267906985779135,False
barcode_mean_len,mid,abs,100.0,0.4,40,10,10.0,0.13079319469140682,0,0,0.82,0.08578723892978568,0.65185701169762,0.9881429883023799,0.0009929623365320707,5.848770380020142,6.285729310001877,0.0015163464252460194,False
barcode_mean_len,mid,abs,0.0,0.5,40,10,0.0,0.0,0,0,0.9875,0.025144807945463806,0.938216176426891,1.0,1.0528293832709513e-06,0.0,0.0,6.280959954344806e-06,True
barcode_mean_len,mid,abs,5.0,0.5,40,10,2.2361,0.029131844329241752,0,0,0.985,0.027507974990862768,0.9310843690179089,1.0,1.3457139554261416e-06,1.6054113472209257,1.608641850395518,6.621767082255618e-06,True
barcode_mean_len,mid,abs,10.0,0.5,40,10,3.1622999999999997,0.04119835039683431,0,0,0.98,0.031677997785087585,0.9179111243412283,1.0,1.704032931269903e-06,2.1304903652357017,2.19834559808824,7.170817312583755e-06,True
barcode_mean_len,mid,abs,15.0,0.5,40,10,3.873,0.05045732887042321,0,0,0.9675,0.040105371991940766,0.8888934708957961,1.0,3.0442948627741216e-06,2.802209287881851,2.9060981675104145,1.0603723679325592e-05,True
barcode_mean_len,mid,abs,20.0,0.5,40,10,4.472100000000001,0.05826238586145613,0,0,0.9725,0.03699385627789856,0.8999920416953189,1.0,2.417801838661637e-06,2.765245757997036,2.9503784506062347,8.852581535257174e-06,True
barcode_mean_len,mid,abs,25.0,0.5,40,10,5.0,0.06513985136899457,0,0,0.9725,0.03699385627789856,0.8999920416953189,1.0,2.417801838661637e-06,3.118819442060259,3.3359691071980246,8.852581535257174e-06,True
barcode_mean_len,mid,abs,30.0,0.5,40,10,5.477199999999999,0.0713567987836514,0,0,0.9475,0.0503966615739767,0.8487225433150056,1.0,7.480530052733389e-06,3.6652732049265215,3.7565586321188613,2.101780347142614e-05,True
barcode_mean_len,mid,abs,35.0,0.5,40,10,5.916100000000001,0.07707477493682176,0,0,0.945,0.051507624142056146,0.8440450566815699,1.0,8.349009789524274e-06,3.679988848440575,4.211969755907851,2.2972127527389273e-05,True
barcode_mean_len,mid,abs,40.0,0.5,40,10,6.324599999999999,0.08239670079366862,0,0,0.905,0.06606839361879746,0.775505948507157,1.0,4.483810553584596e-05,4.455552107095718,4.34054413562991,9.16471168095313e-05,True
barcode_mean_len,mid,abs,45.0,0.5,40,10,6.708199999999998,0.08739423019069789,0,0,0.91,0.06450887154044081,0.783562611780736,1.0,3.6627656988930286e-05,4.0431338714228735,4.2145063389123525,7.724199773175774e-05,True
barcode_mean_len,mid,abs,50.0,0.5,40,10,7.0711,0.09212208060305951,0,0,0.9425,0.052588271035109095,0.8394269887711862,1.0,9.313067252422732e-06,4.376320165023207,4.585430100197684,2.5251173599863383e-05,True
barcode_mean_len,mid,abs,55.0,0.5,40,10,7.416200000000001,0.09661803314454753,0,0,0.9075,0.06529615537908832,0.7795195354569868,1.0,4.053683454445474e-05,4.514508545398712,4.685771066051649,8.396270852192184e-05,True
barcode_mean_len,mid,abs,60.0,0.5,40,10,7.746,0.10091465774084642,0,0,0.885,0.07175972238441139,0.7443509441265537,1.0,9.846524797516955e-05,4.886720393979272,5.214250505329058,0.00018351238600582703,False
barcode_mean_len,mid,abs,65.0,0.5,40,10,8.0623,0.10503540473844901,0,0,0.9,0.06756974068663674,0.7675633082541921,1.0,5.476621751138575e-05,5.790861853957177,5.4506405841056855,0.0001079080133169253,True
barcode_mean_len,mid,abs,70.0,0.5,40,10,8.3666,0.10899981609276597,0,0,0.9475,0.0503966615739767,0.8487225433150056,1.0,7.480530052733389e-06,4.861819861900239,5.363773694499709,2.101780347142614e-05,True
barcode_mean_len,mid,abs,75.0,0.5,40,10,8.6603,0.11282613096218073,0,0,0.87,0.07553696919964208,0.7219475403687016,1.0,0.00017351414622119286,5.779307248744559,5.7816259578317855,0.0003073679161632559,False
barcode_mean_len,mid,abs,80.0,0.5,40,10,8.9443,0.11652607451993965,0,0,0.8725,0.07493343300152697,0.7256304713170072,1.0,0.00015809949269810785,5.190172476130862,5.577012899699091,0.00028275486194084674,False
barcode_mean_len,mid,abs,85.0,0.5,40,10,9.219499999999998,0.12011137193928909,0,0,0.8825,0.0724161454466948,0.7405643549244781,1.0,0.00010836681688949641,5.68770718185798,5.592865303571529,0.0002003601187022498,False
barcode_mean_len,mid,abs,90.0,0.5,40,10,9.486800000000002,0.12359374839347556,0,0,0.9275,0.05852534927823359,0.8127903154146622,1.0,1.7729779558998625e-05,5.466328603300181,5.5673515800043045,4.142888188409226e-05,True
barcode_mean_len,mid,abs,95.0,0.5,40,10,9.7468,0.12698102066466327,0,0,0.8975,0.06829977543582832,0.7636324401457765,1.0,6.047572046107024e-05,5.717097617685795,5.727004613660331,0.00011790863737692939,False
barcode_mean_len,mid,abs,100.0,0.5,40,10,10.0,0.13027970273798914,0,0,0.8525,0.0794981354765421,0.6966836544659776,1.0,0.00032765379104512157,6.198481292316788,6.205273360028624,0.0005470700640430217,False
barcode_mean_len,mid,abs,0.0,0.6,40,10,0.0,0.0,0,0,1.0,0.0,1.0,1.0,6.290170251937818e-07,1.0,1.266091783079296,6.1159669901964865e-06,True
barcode_mean_len,mid,abs,5.0,0.6,40,10,2.2361,0.028892968220140952,0,0,0.975,0.0353207267702707,0.9057713755302694,1.0,2.152876113554094e-06,1.5407666071601536,1.6534399896688807,8.172141982062479e-06,True
barcode_mean_len,mid,abs,10.0,0.6,40,10,3.1622999999999997,0.040860531014959865,0,0,0.9775,0.03355397998186842,0.9117341992355379,1.0,1.9158940685337106e-06,2.216996407316577,2.2513649104879505,7.614450785198081e-06,True
barcode_mean_len,mid,abs,15.0,0.6,40,10,3.873,0.05004358745879252,0,0,0.985,0.027507974990862768,0.9310843690179089,1.0,1.3457139554261416e-06,2.529489588093113,2.5484919221643487,6.621767082255618e-06,True
barcode_mean_len,mid,abs,20.0,0.6,40,10,4.472100000000001,0.05778464432596591,0,0,0.9525,0.04807541585390428,0.8582721849263476,1.0,5.9950431523597874e-06,2.755684554990795,2.7993344653630157,1.7812748024583394e-05,True
barcode_mean_len,mid,abs,25.0,0.6,40,10,5.0,0.06460571580014524,0,0,0.9875,0.025144807945463806,0.938216176426891,1.0,1.1948706156750042e-06,2.6998994332902573,3.059981974509363,6.4232929050737215e-06,True
barcode_mean_len,mid,abs,30.0,0.6,40,10,5.477199999999999,0.0707716853161111,0,0,0.9275,0.05852534927823359,0.8127903154146622,1.0,1.7729779558998625e-05,3.637556167319417,3.6772403874810564,4.142888188409226e-05,True
barcode_mean_len,mid,abs,35.0,0.6,40,10,5.916100000000001,0.07644277504904784,0,0,0.9375,0.05466568248721647,0.8303552623250557,1.0,1.15684232496683e-05,3.5233804723049733,3.5901710536372238,2.971998238174453e-05,True
barcode_mean_len,mid,abs,40.0,0.6,40,10,6.324599999999999,0.08172106202991973,0,0,0.935,0.05566554073401402,0.8258955401613326,1.0,1.2882436923605882e-05,3.545044833421707,3.625562624622102,3.238017929446884e-05,True
barcode_mean_len,mid,abs,45.0,0.6,40,10,6.708199999999998,0.08667761254610686,0,0,0.945,0.051507624142056146,0.8440450566815699,1.0,8.349009789524274e-06,3.786119745969773,3.9713227821863217,2.2972127527389273e-05,True
barcode_mean_len,mid,abs,50.0,0.6,40,10,7.0711,0.09136669539888141,0,0,0.965,0.041561275136107974,0.8835399007332283,1.0,3.413117415298884e-06,4.048434646624439,3.944073559395309,1.1542542531738045e-05,True
barcode_mean_len,mid,abs,55.0,0.6,40,10,7.416200000000001,0.09582578190340742,0,0,0.9325,0.05664131762496462,0.8214830174550694,1.0,1.4337632266600629e-05,4.122264893488451,4.296460909196613,3.527512700512853e-05,True
barcode_mean_len,mid,abs,60.0,0.6,40,10,7.746,0.10008717491758504,0,0,0.8525,0.0794981354765421,0.6966836544659776,1.0,0.00032765379104512157,4.649363609099829,5.021727944792986,0.0005470700640430217,False
barcode_mean_len,mid,abs,65.0,0.6,40,10,8.0623,0.10417413249910218,0,0,0.9475,0.0503966615739767,0.8487225433150056,1.0,7.480530052733389e-06,4.496756829942266,4.592054453519373,2.101780347142614e-05,True
barcode_mean_len,mid,abs,70.0,0.6,40,10,8.3666,0.10810603636269905,0,0,0.925,0.059435712454553535,0.8085060035890751,1.0,1.9699265123654512e-05,4.837625129257932,4.93222978782769,4.523534954320666e-05,True
barcode_mean_len,mid,abs,75.0,0.6,40,10,8.6603,0.11190097610879957,0,0,0.865,0.07671476613521841,0.7146390583749719,1.0,0.00020865063868642314,5.098538726568222,5.052583425063705,0.00036000945079475607,False
barcode_mean_len,mid,abs,80.0,0.6,40,10,8.9443,0.1155705807662478,0,0,0.9175,0.062051095303092774,0.7958798532059381,1.0,2.692937670501682e-05,4.977446016157046,5.2215264057651645,5.878948435602263e-05,True
barcode_mean_len,mid,abs,85.0,0.6,40,10,9.219499999999998,0.1191264793638878,0,0,0.845,0.08106499473637233,0.6861126103167102,1.0,0.00042670433584312753,5.347438706753535,5.465779725123385,0.0006986532259403321,False
barcode_mean_len,mid,abs,90.0,0.6,40,10,9.486800000000002,0.12258030093056357,0,0,0.95,0.049253353765432696,0.8534634266197518,1.0,6.698612424583832e-06,5.182914359004874,5.265238098635237,1.9407194874962503e-05,True
barcode_mean_len,mid,abs,95.0,0.6,40,10,9.7468,0.12593979815217113,0,0,0.94,0.053640414858621525,0.8348647868771017,1.0,1.03825916524498e-05,5.401017688935803,5.619411383523965,2.712306246286043e-05,True
barcode_mean_len,mid,abs,100.0,0.6,40,10,10.0,0.12921143160029047,0,0,0.7725,0.09295209275622986,0.5903138981977895,0.9546861018022105,0.004250299114097227,6.472073179980119,6.568889835460305,0.005795862428314401,False
barcode_mean_len,mid,abs,0.0,0.7,40,10,0.0,0.0,0,0,1.0,0.0,1.0,1.0,6.375731809027466e-07,1.0,1.5540925533894598,6.1159669901964865e-06,True
barcode_mean_len,mid,abs,5.0,0.7,40,10,2.2361,0.02900960591408364,0,0,0.9825,0.02967211382340579,0.9243426569061247,1.0,1.5147411749632373e-06,1.3946138240396977,1.3981578050472567,6.93945464392025e-06,True
barcode_mean_len,mid,abs,10.0,0.7,40,10,3.1622999999999997,0.04102548042668337,0,0,0.9975,0.011304532632817974,0.9753431160396768,1.0,7.38464879278088e-07,1.9846926017198712,2.016415668711695,6.1159669901964865e-06,True
barcode_mean_len,mid,abs,15.0,0.7,40,10,3.873,0.05024560784636016,0,0,1.0,0.0,1.0,1.0,6.538314816033479e-07,2.095152686597133,2.1733599098733922,6.1159669901964865e-06,True
barcode_mean_len,mid,abs,20.0,0.7,40,10,4.472100000000001,0.05801791449772973,0,0,0.99,0.022520106444870028,0.9458605913680548,1.0,1.0603340998194995e-06,2.52696491690243,2.604751938967696,6.280959954344806e-06,True
barcode_mean_len,mid,abs,25.0,0.7,40,10,5.0,0.0648665218775628,0,0,0.9575,0.04560493655786812,0.8681143243465785,1.0,4.79371076974779e-06,2.6493426765714374,2.847745508129936,1.4936901582520684e-05,True
barcode_mean_len,mid,abs,30.0,0.7,40,10,5.477199999999999,0.0710573827255574,0,0,0.9775,0.03355397998186842,0.9117341992355379,1.0,1.9158940685337106e-06,3.385304821260048,3.4053828000586446,7.614450785198081e-06,True
barcode_mean_len,mid,abs,35.0,0.7,40,10,5.916100000000001,0.07675136601596987,0,0,0.9475,0.0503966615739767,0.8487225433150056,1.0,7.480530052733389e-06,3.574763405494965,3.5216846116621747,2.101780347142614e-05,True
barcode_mean_len,mid,abs,40.0,0.7,40,10,6.324599999999999,0.08205096085336674,0,0,0.9875,0.025144807945463806,0.938216176426891,1.0,1.1948706156750042e-06,3.4298154281368896,3.5319673396243223,6.4232929050737215e-06,True
barcode_mean_len,mid,abs,45.0,0.7,40,10,6.708199999999998,0.08702752041181334,0,0,0.9525,0.04807541585390428,0.8582721849263476,1.0,5.9950431523597874e-06,3.874815889804716,4.286815231212542,1.7812748024583394e-05,True
barcode_mean_len,mid,abs,50.0,0.7,40,10,7.0711,0.09173553256968688,0,0,0.94,0.053640414858621525,0.8348647868771017,1.0,1.03825916524498e-05,4.307705167361668,4.332209865942068,2.712306246286043e-05,True
barcode_mean_len,mid,abs,55.0,0.7,40,10,7.416200000000001,0.09621261990967625,0,0,0.9325,0.05664131762496462,0.8214830174550694,1.0,1.4337632266600629e-05,4.78266284098992,4.758158937249969,3.527512700512853e-05,True
barcode_mean_len,mid,abs,60.0,0.7,40,10,7.746,0.10049121569272032,0,0,0.94,0.053640414858621525,0.8348647868771017,1.0,1.03825916524498e-05,4.475788092435296,4.625373667257987,2.712306246286043e-05,True
barcode_mean_len,mid,abs,65.0,0.7,40,10,8.0623,0.10459467186669492,0,0,0.9775,0.03355397998186842,0.9117341992355379,1.0,1.9158940685337106e-06,4.394269194068579,4.518917073090163,7.614450785198081e-06,True
barcode_mean_len,mid,abs,70.0,0.7,40,10,8.3666,0.10854244838816339,0,0,0.9625,0.04295969827343276,0.8782989913840719,1.0,3.8244606308012755e-06,4.67673776036417,4.79669921664069,1.2657467568132337e-05,True
barcode_mean_len,mid,abs,75.0,0.7,40,10,8.6603,0.11235270788325145,0,0,0.945,0.051507624142056146,0.8440450566815699,1.0,8.349009789524274e-06,4.662061235434573,4.988489774169301,2.2972127527389273e-05,True
barcode_mean_len,mid,abs,80.0,0.7,40,10,8.9443,0.11603712632589704,0,0,0.94,0.053640414858621525,0.8348647868771017,1.0,1.03825916524498e-05,5.103138868349144,5.438230815979697,2.712306246286043e-05,True
barcode_mean_len,mid,abs,85.0,0.7,40,10,9.219499999999998,0.11960737969003805,0,0,0.935,0.05566554073401402,0.8258955401613326,1.0,1.2882436923605882e-05,4.942521649296396,5.197936739023479,3.238017929446884e-05,True
barcode_mean_len,mid,abs,90.0,0.7,40,10,9.486800000000002,0.12307514394961258,0,0,0.94,0.053640414858621525,0.8348647868771017,1.0,1.03825916524498e-05,4.92271450922153,5.225400595944353,2.712306246286043e-05,True
barcode_mean_len,mid,abs,95.0,0.7,40,10,9.7468,0.12644820308724586,0,0,0.89,0.07041231224113942,0.7519918680073667,1.0,8.115768185505283e-05,5.698869195520535,6.0881651727932615,0.00015466525435491624,False
barcode_mean_len,mid,abs,100.0,0.7,40,10,10.0,0.1297330437551256,0,0,0.9725,0.03699385627789856,0.8999920416953189,1.0,2.417801838661637e-06,5.222304758098391,5.322117530322625,8.852581535257174e-06,True
barcode_mean_len,mid,abs,0.0,0.8,40,10,0.0,0.0,0,0,1.0,0.0,1.0,1.0,6.308688156254478e-07,1.0,1.266091783079296,6.1159669901964865e-06,True
barcode_mean_len,mid,abs,5.0,0.8,40,10,2.2361,0.029049122225129474,0,0,0.9975,0.011304532632817974,0.9753431160396768,1.0,7.38464879278088e-07,1.4190355127162122,1.418397305300159,6.1159669901964865e-06,True
barcode_mean_len,mid,abs,10.0,0.8,40,10,3.1622999999999997,0.041081364524183595,0,0,1.0,0.0,1.0,1.0,6.538314816033479e-07,1.8559176054867832,1.835416308563159,6.1159669901964865e-06,True
barcode_mean_len,mid,abs,15.0,0.8,40,10,3.873,0.050314051418955535,0,0,1.0,0.0,1.0,1.0,6.538314816033479e-07,2.07283664648495,2.1311651525631947,6.1159669901964865e-06,True
barcode_mean_len,mid,abs,20.0,0.8,40,10,4.472100000000001,0.05809694535262356,0,0,0.995,0.015966145597504214,0.9637063546288918,1.0,8.335799989322588e-07,2.753312152184424,2.705338537736538,6.1159669901964865e-06,True
barcode_mean_len,mid,abs,25.0,0.8,40,10,5.0,0.06495488176988837,0,0,0.96,0.0443060570080222,0.8731601282642765,1.0,4.282956844238806e-06,2.977834058860026,3.1410016235505394,1.3687800223855976e-05,True
barcode_mean_len,mid,abs,30.0,0.8,40,10,5.477199999999999,0.07115417568600652,0,0,1.0,0.0,1.0,1.0,6.538314816033479e-07,3.1138123345838205,3.1890486614874884,6.1159669901964865e-06,True
barcode_mean_len,mid,abs,35.0,0.8,40,10,5.916100000000001,0.07685591520776733,0,0,0.985,0.027507974990862768,0.9310843690179089,1.0,1.3457139554261416e-06,3.3220266040166218,3.473386487426928,6.621767082255618e-06,True
barcode_mean_len,mid,abs,40.0,0.8,40,10,6.324599999999999,0.08216272904836719,0,0,0.95,0.049253353765432696,0.8534634266197518,1.0,6.698612424583832e-06,3.5819896330316383,3.7617278942398973,1.9407194874962503e-05,True
barcode_mean_len,mid,abs,45.0,0.8,40,10,6.708199999999998,0.08714606757775303,0,0,0.975,0.0353207267702707,0.9057713755302694,1.0,2.152876113554094e-06,3.613473399265392,3.794818529179618,8.172141982062479e-06,True
barcode_mean_len,mid,abs,50.0,0.8,40,10,7.0711,0.09186049289661154,0,0,0.9475,0.0503966615739767,0.8487225433150056,1.0,7.480530052733389e-06,3.8446932148623776,4.089151507322022,2.101780347142614e-05,True
barcode_mean_len,mid,abs,55.0,0.8,40,10,7.416200000000001,0.09634367883636923,0,0,0.96,0.0443060570080222,0.8731601282642765,1.0,4.282956844238806e-06,4.017339917546824,4.249199508913325,1.3687800223855976e-05,True
barcode_mean_len,mid,abs,60.0,0.8,40,10,7.746,0.10062810283791107,0,0,0.9125,0.06370599684137335,0.7876362461909082,1.0,3.3076919763217736e-05,4.333507377435179,4.384732716523161,7.120725782359373e-05,True
barcode_mean_len,mid,abs,65.0,0.8,40,10,8.0623,0.10473714865867421,0,0,0.9425,0.052588271035109095,0.8394269887711862,1.0,9.313067252422732e-06,4.60061013399736,4.930084521131392,2.5251173599863383e-05,True
barcode_mean_len,mid,abs,70.0,0.8,40,10,8.3666,0.1086903027631896,0,0,0.9425,0.052588271035109095,0.8394269887711862,1.0,9.313067252422732e-06,4.512802228177946,4.5788608099289485,2.5251173599863383e-05,True
barcode_mean_len,mid,abs,75.0,0.8,40,10,8.6603,0.11250575251835285,0,0,0.9375,0.05466568248721647,0.8303552623250557,1.0,1.15684232496683e-05,4.579134280197933,4.809985408546595,2.971998238174453e-05,True
barcode_mean_len,mid,abs,80.0,0.8,40,10,8.9443,0.11619518980288251,0,0,0.96,0.0443060570080222,0.8731601282642765,1.0,4.282956844238806e-06,4.700330262848486,4.854723466859386,1.3687800223855976e-05,True
barcode_mean_len,mid,abs,85.0,0.8,40,10,9.219499999999998,0.11977030649549718,0,0,0.955,0.04686026014902687,0.8631538901079073,1.0,5.362343977023508e-06,5.103283766772329,5.374933291440161,1.6297319930169484e-05,True
barcode_mean_len,mid,abs,90.0,0.8,40,10,9.486800000000002,0.12324279447491542,0,0,0.93,0.05759422016493448,0.8171153284767285,1.0,1.5948230628176892e-05,5.133315875831217,5.2013361591342555,3.812816062777509e-05,True
barcode_mean_len,mid,abs,95.0,0.8,40,10,9.7468,0.12662044832694963,0,0,0.94,0.053640414858621525,0.8348647868771017,1.0,1.03825916524498e-05,5.169183848279245,5.569337563080391,2.712306246286043e-05,True
barcode_mean_len,mid,abs,100.0,0.8,40,10,10.0,0.12990976353977673,0,0,0.93,0.05759422016493448,0.8171153284767285,1.0,1.5948230628176892e-05,5.305852372537959,5.3164596553636345,3.812816062777509e-05,True
barcode_mean_len,mid,abs,0.0,0.9,40,10,0.0,0.0,0,0,1.0,0.0,1.0,1.0,6.386963650142791e-07,1.0,1.5540925533894598,6.1159669901964865e-06,True
barcode_mean_len,mid,abs,5.0,0.9,40,10,2.2361,0.02908309342790185,0,0,0.9975,0.011304532632817974,0.9753431160396768,1.0,7.38464879278088e-07,1.4798315099950106,1.4947387590669552,6.1159669901964865e-06,True
barcode_mean_len,mid,abs,10.0,0.9,40,10,3.1622999999999997,0.04112940671126248,0,0,0.99,0.022520106444870028,0.9458605913680548,1.0,1.0603340998194995e-06,1.9767913224605411,1.9491025769987593,6.280959954344806e-06,True
barcode_mean_len,mid,abs,15.0,0.9,40,10,3.873,0.05037289067853132,0,0,0.9825,0.02967211382340579,0.9243426569061247,1.0,1.5147411749632373e-06,2.435859841959817,2.3942873381257628,6.93945464392025e-06,True
barcode_mean_len,mid,abs,20.0,0.9,40,10,4.472100000000001,0.05816488623895169,0,0,0.9675,0.040105371991940766,0.8888934708957961,1.0,3.0442948627741216e-06,2.5049083277031228,2.634147860928093,1.0603723679325592e-05,True
barcode_mean_len,mid,abs,25.0,0.9,40,10,5.0,0.06503084260073756,0,0,0.99,0.022520106444870028,0.9458605913680548,1.0,1.0603340998194995e-06,2.836370449885726,2.802447297660634,6.280959954344806e-06,True
barcode_mean_len,mid,abs,30.0,0.9,40,10,5.477199999999999,0.07123738621855194,0,0,0.98,0.031677997785087585,0.9179111243412283,1.0,1.704032931269903e-06,3.1098172893890967,3.1520330702357247,7.170817312583755e-06,True
barcode_mean_len,mid,abs,35.0,0.9,40,10,5.916100000000001,0.0769457935820447,0,0,0.975,0.0353207267702707,0.9057713755302694,1.0,2.152876113554094e-06,3.202180138215996,3.342366819113606,8.172141982062479e-06,True
barcode_mean_len,mid,abs,40.0,0.9,40,10,6.324599999999999,0.08225881342252496,0,0,0.9925,0.019528774581448426,0.9542236018203611,1.0,9.40412128600105e-07,3.334229578165447,3.4579825199704084,6.1159669901964865e-06,True
barcode_mean_len,mid,abs,45.0,0.9,40,10,6.708199999999998,0.08724797966685355,0,0,0.9925,0.019528774581448426,0.9542236018203611,1.0,9.40412128600105e-07,3.5360680250046044,3.5572086688999978,6.1159669901964865e-06,True
barcode_mean_len,mid,abs,50.0,0.9,40,10,7.0711,0.09196791822281508,0,0,0.9725,0.03699385627789856,0.8999920416953189,1.0,2.417801838661637e-06,3.711601215423924,3.8151124230672724,8.852581535257174e-06,True
barcode_mean_len,mid,abs,55.0,0.9,40,10,7.416200000000001,0.096456346979118,0,0,0.9225,0.060326234517198346,0.8042605803462912,1.0,2.1875232572411636e-05,4.348362763888306,4.505434320145221,4.925899828654436e-05,True
barcode_mean_len,mid,abs,60.0,0.9,40,10,7.746,0.10074578135706264,0,0,0.92,0.06119776684378823,0.8000523769861752,1.0,2.4277915883066838e-05,4.887553753124343,4.68129377358686,5.375824231250514e-05,True
barcode_mean_len,mid,abs,65.0,0.9,40,10,8.0623,0.10485963245998528,0,0,0.975,0.0353207267702707,0.9057713755302694,1.0,2.152876113554094e-06,4.193038592647229,4.5306515940150085,8.172141982062479e-06,True
barcode_mean_len,mid,abs,70.0,0.9,40,10,8.3666,0.10881740954066618,0,0,0.9525,0.04807541585390428,0.8582721849263476,1.0,5.9950431523597874e-06,4.618865459958712,4.685966411597347,1.7812748024583394e-05,True
barcode_mean_len,mid,abs,75.0,0.9,40,10,8.6603,0.1126373212350335,0,0,0.885,0.07175972238441139,0.7443509441265537,1.0,9.846524797516955e-05,4.894846700258174,5.183789415882541,0.00018351238600582703,False
barcode_mean_len,mid,abs,80.0,0.9,40,10,8.9443,0.1163310730947554,0,0,0.9525,0.04807541585390428,0.8582721849263476,1.0,5.9950431523597874e-06,4.599369673650333,4.841529082961169,1.7812748024583394e-05,True
barcode_mean_len,mid,abs,85.0,0.9,40,10,9.219499999999998,0.1199103706715,0,0,0.96,0.0443060570080222,0.8731601282642765,1.0,4.282956844238806e-06,4.8462912335383646,4.845121364022647,1.3687800223855976e-05,True
barcode_mean_len,mid,abs,90.0,0.9,40,10,9.486800000000002,0.12338691951693544,0,0,0.92,0.06119776684378823,0.8000523769861752,1.0,2.4277915883066838e-05,4.90209992334508,5.204973774760193,5.375824231250514e-05,True
barcode_mean_len,mid,abs,95.0,0.9,40,10,9.7468,0.12676852333217378,0,0,0.98,0.031677997785087585,0.9179111243412283,1.0,1.704032931269903e-06,4.741051945604582,5.145672717146779,7.170817312583755e-06,True
barcode_mean_len,mid,abs,100.0,0.9,40,10,10.0,0.13006168520147512,0,0,0.905,0.06606839361879746,0.775505948507157,1.0,4.483810553584596e-05,5.528137705890479,5.644522234311944,9.16471168095313e-05,True
barcode_mean_len,mid,abs,0.0,1.0,40,10,0.0,0.0,0,0,1.0,0.0,1.0,1.0,6.383217860269887e-07,1.0,1.5540925533894598,6.1159669901964865e-06,True
barcode_mean_len,mid,abs,5.0,1.0,40,10,2.2361,0.029080711073262978,0,0,1.0,0.0,1.0,1.0,6.538314816033479e-07,1.3167943993100413,1.4086766577150909,6.1159669901964865e-06,True
barcode_mean_len,mid,abs,10.0,1.0,40,10,3.1622999999999997,0.04112603757746948,0,0,1.0,0.0,1.0,1.0,6.538314816033479e-07,1.7523363168422992,1.8800244785785063,6.1159669901964865e-06,True
barcode_mean_len,mid,abs,15.0,1.0,40,10,3.873,0.05036876436060442,0,0,0.9925,0.019528774581448426,0.9542236018203611,1.0,9.40412128600105e-07,2.1931265745191806,2.34802086391563,6.1159669901964865e-06,True
barcode_mean_len,mid,abs,20.0,1.0,40,10,4.472100000000001,0.05816012163621455,0,0,1.0,0.0,1.0,1.0,6.538314816033479e-07,2.403883143169124,2.570462486527957,6.1159669901964865e-06,True
barcode_mean_len,mid,abs,25.0,1.0,40,10,5.0,0.06502551557010638,0,0,0.9775,0.03355397998186842,0.9117341992355379,1.0,1.9158940685337106e-06,2.707242454676067,2.8724895138211295,7.614450785198081e-06,True
barcode_mean_len,mid,abs,30.0,1.0,40,10,5.477199999999999,0.07123155077611731,0,0,0.9925,0.019528774581448426,0.9542236018203611,1.0,9.40412128600105e-07,2.7821136486644926,2.9308405335915464,6.1159669901964865e-06,True
barcode_mean_len,mid,abs,35.0,1.0,40,10,5.916100000000001,0.07693949053286127,0,0,0.95,0.049253353765432696,0.8534634266197518,1.0,6.698612424583832e-06,3.2139918992916745,3.2198920943539386,1.9407194874962503e-05,True
barcode_mean_len,mid,abs,40.0,1.0,40,10,6.324599999999999,0.08225207515493896,0,0,0.9875,0.025144807945463806,0.938216176426891,1.0,1.1948706156750042e-06,3.232269443280529,3.4215941487860957,6.4232929050737215e-06,True
barcode_mean_len,mid,abs,45.0,1.0,40,10,6.708199999999998,0.0872408327094775,0,0,1.0,0.0,1.0,1.0,6.538314816033479e-07,3.3313482373037884,3.448731531924222,6.1159669901964865e-06,True
barcode_mean_len,mid,abs,50.0,1.0,40,10,7.0711,0.09196038462955584,0,0,0.96,0.0443060570080222,0.8731601282642765,1.0,4.282956844238806e-06,3.735302054097481,3.940410684466218,1.3687800223855976e-05,True
barcode_mean_len,mid,abs,55.0,1.0,40,10,7.416200000000001,0.09644844571420458,0,0,0.9925,0.019528774581448426,0.9542236018203611,1.0,9.40412128600105e-07,3.75432673525246,3.842956423079625,6.1159669901964865e-06,True
barcode_mean_len,mid,abs,60.0,1.0,40,10,7.746,0.10073752872120884,0,0,0.93,0.05759422016493448,0.8171153284767285,1.0,1.5948230628176892e-05,3.7795570177121434,4.026823052428428,3.812816062777509e-05,True
barcode_mean_len,mid,abs,65.0,1.0,40,10,8.0623,0.10485104283617373,0,0,0.945,0.051507624142056146,0.8440450566815699,1.0,8.349009789524274e-06,3.868917545205668,4.1007687322671424,2.2972127527389273e-05,True
barcode_mean_len,mid,abs,70.0,1.0,40,10,8.3666,0.10880849571377044,0,0,0.94,0.053640414858621525,0.8348647868771017,1.0,1.03825916524498e-05,4.082796832374415,4.310516667282137,2.712306246286043e-05,True
barcode_mean_len,mid,abs,75.0,1.0,40,10,8.6603,0.11262809449835844,0,0,0.9675,0.040105371991940766,0.8888934708957961,1.0,3.0442948627741216e-06,4.446088174133436,4.682306573019129,1.0603723679325592e-05,True
barcode_mean_len,mid,abs,80.0,1.0,40,10,8.9443,0.1163215437827405,0,0,0.93,0.05759422016493448,0.8171153284767285,1.0,1.5948230628176892e-05,4.475844656379195,4.8450386348191,3.812816062777509e-05,True
barcode_mean_len,mid,abs,85.0,1.0,40,10,9.219499999999998,0.11990054815971916,0,0,0.98,0.031677997785087585,0.9179111243412283,1.0,1.704032931269903e-06,4.51675602604272,4.577817065528647,7.170817312583755e-06,True
barcode_mean_len,mid,abs,90.0,1.0,40,10,9.486800000000002,0.12337681222209702,0,0,0.98,0.031677997785087585,0.9179111243412283,1.0,1.704032931269903e-06,4.569988043783428,4.693619336108876,7.170817312583755e-06,True
barcode_mean_len,mid,abs,95.0,1.0,40,10,9.7468,0.12675813903174257,0,0,1.0,0.0,1.0,1.0,6.538314816033479e-07,4.49177281424917,4.905077004254808,6.1159669901964865e-06,True
barcode_mean_len,mid,abs,100.0,1.0,40,10,10.0,0.13005103114021277,0,0,0.99,0.022520106444870028,0.9458605913680548,1.0,1.0603340998194995e-06,4.908986355185277,4.964801981099651,6.280959954344806e-06,True
barcode_mean_len,high,rel,0.02,0.1,40,10,5.24491,0.02000001094197877,0,0,0.8575,0.0784114435756288,0.7038135705917676,1.0,0.0002506018036980322,5.04290771484375,4.470105263574638,0.0004268492260790659,False
barcode_mean_len,high,rel,0.04,0.1,40,10,10.48981,0.03999998632188451,0,0,0.755,0.09507958205821124,0.568644019165906,0.941355980834094,0.006849645825995781,12.52801513671875,13.437058895870225,0.00912631893721501,False
barcode_mean_len,high,rel,0.06,0.1,40,10,15.734722000000001,0.06000000471306657,0,0,0.695,0.10059296152465282,0.49783779541168044,0.8921622045883195,0.030016284055143158,13.574188232421877,17.193945521383426,0.03630057759594686,False
barcode_mean_len,high,rel,0.08,0.1,40,10,20.979622,0.07999998166749556,0,0,0.6825,0.1014250559728188,0.4837068902932752,0.8812931097067248,0.03933756863392009,18.31298828125,20.33630425172488,0.046962694261290995,False
barcode_mean_len,high,rel,0.1,0.1,40,10,26.224538,0.10000001527708703,0,0,0.535,0.1041752929843759,0.33081642575062326,0.7391835742493769,0.3716620592156052,42.95005798339844,47.83100101405941,0.38969196661134375,False
barcode_mean_len,high,rel,0.12,0.1,40,10,31.469438000000004,0.11999999223151603,0,0,0.6525,0.10301364640632465,0.45059325304360365,0.8544067469563963,0.07114172152652558,41.665130615234375,39.59660907198739,0.08198488354357966,False
barcode_mean_len,high,rel,0.14,0.1,40,10,36.714349999999996,0.14000001062269807,0,0,0.595,0.10454645160131323,0.39008895486142603,0.7999110451385739,0.1815408617792153,31.138818359375,38.562390250268024,0.19816079982942514,False
barcode_mean_len,high,rel,0.16,0.1,40,10,41.95924999999999,0.15999998600260382,0,0,0.67,0.10215578070786634,0.46977466981258204,0.8702253301874181,0.05080317248777835,31.14192771911621,39.97154324641616,0.05988206643046118,False
barcode_mean_len,high,rel,0.18,0.1,40,10,47.20416000000001,0.17999999694458257,0,0,0.4475,0.10025164601198605,0.2510067738165074,0.6439932261834926,0.6989782509004351,41.26060485839844,52.32515828844684,0.7112141940234187,False
barcode_mean_len,high,rel,0.2,0.1,40,10,52.44907,0.20000000788656133,0,0,0.455,0.10074110208318172,0.2575474399169638,0.6524525600830362,0.6731765635691276,59.66773223876953,73.32356663893658,0.6879716528783392,False
barcode_mean_len,high,rel,0.02,0.2,40,10,5.302714000000001,0.020000001302790005,0,0,0.9875,0.025144807945463806,0.938216176426891,1.0,1.1948706156750042e-06,4.725894165039063,4.6565021728789455,6.4232929050737215e-06,True
barcode_mean_len,high,rel,0.04,0.2,40,10,10.605428,0.04000000376243535,0,0,0.9075,0.06529615537908832,0.7795195354569868,1.0,4.053683454445474e-05,12.075740814208984,11.373147732297465,8.396270852192184e-05,True
barcode_mean_len,high,rel,0.06,0.2,40,10,15.908140000000001,0.05999999779971629,0,0,0.72,0.09861208355600148,0.5267203162302371,0.9132796837697629,0.016911030685880117,19.71372120721,19.44824021087281,0.021281811282636683,False
barcode_mean_len,high,rel,0.08,0.2,40,10,21.210853999999998,0.07999999862342455,0,0,0.835,0.08304262107383252,0.6722364626952883,0.9977635373047117,0.000602169309140404,13.639021093195137,14.273471222033265,0.000958934002569479,False
barcode_mean_len,high,rel,0.1,0.2,40,10,26.51357,0.10000000768830564,0,0,0.62,0.10411563774258063,0.41593335002454196,0.8240666499754581,0.12465145155433832,21.43363094329834,21.76781055046912,0.13866728462384525,False
barcode_mean_len,high,rel,0.12,0.2,40,10,31.816284000000007,0.12000000793989427,0,0,0.7225,0.09838994089077595,0.5296557158540791,0.915344284145921,0.015918934230272068,25.80369221080433,26.19902946158057,0.020142324944425884,False
barcode_mean_len,high,rel,0.14,0.2,40,10,37.118998,0.14000000944686333,0,0,0.64,0.1035117110210622,0.43711704639871807,0.842882953601282,0.08913953290126436,31.495435306004115,31.302408993700883,0.10184246387982292,False
barcode_mean_len,high,rel,0.16,0.2,40,10,42.421702,0.1599999737805948,0,0,0.585,0.1046204989881772,0.37994382198317267,0.7900561780168273,0.20825401539401828,26.706005443226207,32.005254108721985,0.2241623082366169,False
barcode_mean_len,high,rel,0.18,0.2,40,10,47.72442399999999,0.18000000280262918,0,0,0.605,0.10441661323243907,0.4003434380644194,0.8096565619355806,0.15708206425420418,35.53025068555559,40.39975957961822,0.17227160348633241,False
barcode_mean_len,high,rel,0.2,0.2,40,10,53.027136,0.20000000034632529,0,0,0.5025,0.1031770889832045,0.3002729055929191,0.7047270944070808,0.49516223280648686,55.41996547154018,54.65090324079647,0.5122367925584347,False
barcode_mean_len,high,rel,0.02,0.3,40,10,5.272410000000001,0.020000003328420498,0,0,0.9825,0.02967211382340579,0.9243426569061247,1.0,1.5147411749632373e-06,4.484537298029119,5.0022117309681455,6.93945464392025e-06,True
barcode_mean_len,high,rel,0.04,0.3,40,10,10.544816,0.03999999717976213,0,0,0.87,0.07553696919964208,0.7219475403687016,1.0,0.00017351414622119286,11.324493050575256,11.27576310776585,0.0003073679161632559,False
barcode_mean_len,high,rel,0.06,0.3,40,10,15.817228,0.06000000899605464,0,0,0.8325,0.08351803426985104,0.668804652831092,0.996195347168908,0.000655417493371522,12.043716669082642,13.36676944111294,0.0010331157098907042,False
barcode_mean_len,high,rel,0.08,0.3,40,10,21.089634,0.08000000238399511,0,0,0.8525,0.0794981354765421,0.6966836544659776,1.0,0.00032765379104512157,15.28741554543376,16.875814102746396,0.0005470700640430217,False
barcode_mean_len,high,rel,0.1,0.3,40,10,26.362048,0.10000002768859789,0,0,0.795,0.08982724159900035,0.6189386064659593,0.9710613935340408,0.002187380451294903,20.917584949069557,20.765700839356313,0.003105746289624824,False
barcode_mean_len,high,rel,0.12,0.3,40,10,31.634455999999997,0.12000002827060614,0,0,0.76,0.09449749798856956,0.5747849039424037,0.9452150960575963,0.006032393056385331,23.41725444793701,24.61011904436408,0.008060525204652813,False
barcode_mean_len,high,rel,0.14,0.3,40,10,36.90686,0.14000001059696435,0,0,0.585,0.1046204989881772,0.37994382198317267,0.7900561780168273,0.20825401539401828,26.85477303203784,29.513128312862612,0.2241623082366169,False
barcode_mean_len,high,rel,0.16,0.3,40,10,42.179262,0.15999998789727873,0,0,0.5175,0.10370602505543723,0.314236190891343,0.7207638091086569,0.4373670273956248,36.03901130274723,37.79770887458537,0.4559992550201021,False
barcode_mean_len,high,rel,0.18,0.3,40,10,47.451674000000004,0.1800000012660623,0,0,0.6375,0.10360008096728822,0.43444384130411506,0.8405561586958848,0.09311418888995943,32.09774677570049,37.460783984632606,0.10612278880840964,False
barcode_mean_len,high,rel,0.2,0.3,40,10,52.724078,0.19999998012695017,0,0,0.6325,0.10376570656366776,0.4291192151352111,0.8358807848647888,0.10145366950933238,35.71217425116177,38.41292807339515,0.11492315790947516,False
barcode_mean_len,high,rel,0.02,0.4,40,10,5.260459999999999,0.020000003642205003,0,0,0.9875,0.025144807945463806,0.938216176426891,1.0,1.1948706156750042e-06,4.486139678955079,4.718725284195437,6.4232929050737215e-06,True
barcode_mean_len,high,rel,0.04,0.4,40,10,10.520914,0.03999998386224466,0,0,0.9925,0.019528774581448426,0.9542236018203611,1.0,9.40412128600105e-07,8.29418408870697,8.64887724875822,6.1159669901964865e-06,True
barcode_mean_len,high,rel,0.06,0.4,40,10,15.781372000000001,0.05999997575990749,0,0,0.935,0.05566554073401402,0.8258955401613326,1.0,1.2882436923605882e-05,11.819959050133114,12.479333218445746,3.238017929446884e-05,True
barcode_mean_len,high,rel,0.08,0.4,40,10,21.041839999999997,0.08000001237328405,0,0,0.8,0.08906926143924926,0.6254242475790714,0.9745757524209286,0.0018759532836208786,13.381200994764056,15.152008946896844,0.0026840562365652567,False
barcode_mean_len,high,rel,0.1,0.4,40,10,26.302296000000002,0.09999999984514604,0,0,0.7675,0.09358597014362194,0.5840714985185009,0.950928501481499,0.0048972035986814206,19.594415862219677,20.105102607217887,0.006619766492403665,False
barcode_mean_len,high,rel,0.12,0.4,40,10,31.562756000000004,0.12000000066931714,0,0,0.8,0.08906926143924926,0.6254242475790714,0.9745757524209286,0.0018759532836208786,23.93416876263089,23.875234723877686,0.0026840562365652567,False
barcode_mean_len,high,rel,0.14,0.4,40,10,36.823212,0.13999998793584717,0,0,0.6775,0.10172935038490083,0.47811047324559436,0.8768895267544057,0.043644388198652406,28.54893997192383,28.395922700948113,0.05177204212340145,False
barcode_mean_len,high,rel,0.16,0.4,40,10,42.083676,0.16000000305187093,0,0,0.565,0.1046038311681622,0.35997649091040207,0.7700235090895978,0.26813415312869193,29.795501425459577,33.92317079332553,0.2853143734664571,False
barcode_mean_len,high,rel,0.18,0.4,40,10,47.344123999999994,0.1799999591024381,0,0,0.7475,0.09591525384521943,0.55950610246337,0.9354938975366301,0.008447705157869634,29.423668992732253,32.489227937132654,0.011065303939181351,False
barcode_mean_len,high,rel,0.2,0.4,40,10,52.604596,0.20000000997874917,0,0,0.655,0.10290267238769485,0.4533107621201181,0.8566892378798819,0.06790279371556637,34.96698162257671,37.33187378184357,0.0784467057832009,False
barcode_mean_len,high,rel,0.02,0.5,40,10,5.281862,0.0200000418058471,0,0,0.9925,0.019528774581448426,0.9542236018203611,1.0,9.40412128600105e-07,4.969286727905273,4.9869083958014615,6.1159669901964865e-06,True
barcode_mean_len,high,rel,0.04,0.5,40,10,10.563702000000001,0.039999992145183065,0,0,0.9625,0.04295969827343276,0.8782989913840719,1.0,3.8244606308012755e-06,8.40696055094401,9.388122713365123,1.2657467568132337e-05,True
barcode_mean_len,high,rel,0.06,0.5,40,10,15.845560000000003,0.06000001528993842,0,0,0.9725,0.03699385627789856,0.8999920416953189,1.0,2.417801838661637e-06,11.03191198266688,10.977420738585092,8.852581535257174e-06,True
barcode_mean_len,high,rel,0.08,0.5,40,10,21.127406,0.07999999325972298,0,0,0.925,0.059435712454553535,0.8085060035890751,1.0,1.9699265123654512e-05,12.719718670522845,15.810352758166598,4.523534954320666e-05,True
barcode_mean_len,high,rel,0.1,0.5,40,10,26.409263999999997,0.10000001503023988,0,0,0.7625,0.09419882489169804,0.5778703032122718,0.9471296967877281,0.005630440038165956,18.61911731416529,19.659337466377895,0.00757787154195997,False
barcode_mean_len,high,rel,0.12,0.5,40,10,31.691108,0.11999998331358926,0,0,0.815,0.08664662470765618,0.6451726155729939,0.984827384427006,0.0011679661730172098,19.831568481705407,22.174600563805374,0.0017491280851948553,False
barcode_mean_len,high,rel,0.14,0.5,40,10,36.972968,0.14000001554721184,0,0,0.57,0.10462840496051934,0.36492832627738203,0.7750716737226179,0.25239469991656005,28.160585562388103,31.742940478263584,0.26980123094528835,False
barcode_mean_len,high,rel,0.16,0.5,40,10,42.25482,0.1600000158540054,0,0,0.745,0.09618400183005803,0.5564793564130863,0.9335206435869137,0.009021796391471338,28.40614595413208,28.90762581439454,0.011784087983242056,False
barcode_mean_len,high,rel,0.18,0.5,40,10,47.53667,0.18000000905068814,0,0,0.74,0.09670703816955153,0.550454205187679,0.929545794812321,0.010273260316368759,33.23274724930525,33.93233643795591,0.013196315047269263,False
barcode_mean_len,high,rel,0.2,0.5,40,10,52.818516,0.19999998776582514,0,0,0.8075,0.08788643728693103,0.6352425829176152,0.9797574170823848,0.0014838621734863265,29.527769178714397,32.63128703208994,0.0021697984612300057,False
barcode_mean_len,high,rel,0.02,0.6,40,10,5.260162,0.020000014300156344,0,0,0.9925,0.019528774581448426,0.9542236018203611,1.0,9.40412128600105e-07,4.160431817173958,4.665723078819795,6.1159669901964865e-06,True
barcode_mean_len,high,rel,0.04,0.6,40,10,10.520314,0.03999999100529718,0,0,0.98,0.031677997785087585,0.9179111243412283,1.0,1.704032931269903e-06,7.6191475579613135,8.919163890859407,7.170817312583755e-06,True
barcode_mean_len,high,rel,0.06,0.6,40,10,15.780476,0.06000000568504653,0,0,0.9275,0.05852534927823359,0.8127903154146622,1.0,1.7729779558998625e-05,10.566631133739763,11.618934905716353,4.142888188409226e-05,True
barcode_mean_len,high,rel,0.08,0.6,40,10,21.040632000000002,0.07999999706795836,0,0,0.785,0.09127251511834561,0.6061058703680426,0.9638941296319574,0.0029545854695520483,15.410421564028812,17.481624371578583,0.004113419890244619,False
barcode_mean_len,high,rel,0.1,0.6,40,10,26.300794,0.10000000955668459,0,0,0.76,0.09449749798856956,0.5747849039424037,0.9452150960575963,0.006032393056385331,17.798096016661763,19.690792113736023,0.008060525204652813,False
barcode_mean_len,high,rel,0.12,0.6,40,10,31.560948,0.11999999556879565,0,0,0.72,0.09861208355600148,0.5267203162302371,0.9132796837697629,0.016911030685880117,21.111888741001938,22.359503739110238,0.021281811282636683,False
barcode_mean_len,high,rel,0.14,0.6,40,10,36.82110600000001,0.1399999944969212,0,0,0.7275,0.09793212629711515,0.5355530324576543,0.9194469675423458,0.014083685322570582,23.84119565963745,26.63997310088798,0.017893206762282295,False
barcode_mean_len,high,rel,0.16,0.6,40,10,42.081266,0.15999999634007886,0,0,0.61,0.10433054750064677,0.4055121268987323,0.8144878731012677,0.14570580932416705,27.686231349994028,31.693032477656807,0.16055260980032626,False
barcode_mean_len,high,rel,0.18,0.6,40,10,47.341426,0.18000000830520804,0,0,0.7175,0.09882976058442998,0.5237936692545173,0.9112063307454827,0.017955525275765726,29.156747302559555,32.535489608744946,0.02250490364752308,False
barcode_mean_len,high,rel,0.2,0.6,40,10,52.601586,0.20000001034581572,0,0,0.645,0.10332377769889893,0.4424853957101581,0.8475146042898419,0.08157128836298416,34.28442790692436,36.85776790536033,0.09354044164929133,False
barcode_mean_len,high,rel,0.02,0.7,40,10,5.270146,0.020000031344298518,0,0,0.9975,0.011304532632817974,0.9753431160396768,1.0,7.38464879278088e-07,3.8772038496457615,4.29766376189078,6.1159669901964865e-06,True
barcode_mean_len,high,rel,0.04,0.7,40,10,10.540282,0.04000002151150338,0,0,0.96,0.0443060570080222,0.8731601282642765,1.0,4.282956844238806e-06,7.962648562763048,8.168014295254551,1.3687800223855976e-05,True
barcode_mean_len,high,rel,0.06,0.7,40,10,15.81041,0.059999984524406275,0,0,0.9325,0.05664131762496462,0.8214830174550694,1.0,1.4337632266600629e-05,10.548945249073087,11.567679177832423,3.527512700512853e-05,True
barcode_mean_len,high,rel,0.08,0.7,40,10,21.080548,0.07999997939184897,0,0,0.915,0.06288694712012229,0.7917415836445604,1.0,2.9853653258570326e-05,13.4633291395087,15.143289083103781,6.441739566234432e-05,True
barcode_mean_len,high,rel,0.1,0.7,40,10,26.350694000000004,0.10000001474613654,0,0,0.7925,0.09019728931072543,0.6157133129509782,0.9692866870490218,0.002360049479354411,20.78221509146364,20.62636090274512,0.0033255242663630335,False
barcode_mean_len,high,rel,0.12,0.7,40,10,31.620832000000004,0.12000001125632251,0,0,0.7825,0.09161950909760525,0.6029257621686936,0.9620742378313063,0.0031809058486296873,20.781533538196715,22.034106612879768,0.0044152872227247895,False
barcode_mean_len,high,rel,0.14,0.7,40,10,36.890968,0.14000000767036208,0,0,0.82,0.08578723892978568,0.65185701169762,0.9881429883023799,0.0009929623365320707,22.63352419734001,23.916897230615756,0.0015163464252460194,False
barcode_mean_len,high,rel,0.16,0.7,40,10,42.16110600000001,0.160000000737281,0,0,0.815,0.08664662470765618,0.6451726155729939,0.984827384427006,0.0011679661730172098,24.885507555702063,26.382574084162236,0.0017491280851948553,False
barcode_mean_len,high,rel,0.18,0.7,40,10,47.431248000000004,0.18000002050119626,0,0,0.7675,0.09358597014362194,0.5840714985185009,0.950928501481499,0.0048972035986814206,29.50539090500937,30.925928539630576,0.006619766492403665,False
barcode_mean_len,high,rel,0.2,0.7,40,10,52.701386,0.20000001378807106,0,0,0.8525,0.0794981354765421,0.6966836544659776,1.0,0.00032765379104512157,27.697098992336755,31.156211876026802,0.0005470700640430217,False
barcode_mean_len,high,rel,0.02,0.8,40,10,5.28168,0.019999987715500926,0,0,1.0,0.0,1.0,1.0,6.538314816033479e-07,3.729010679892131,3.8539487968673285,6.1159669901964865e-06,True
barcode_mean_len,high,rel,0.04,0.8,40,10,10.563366,0.039999996783758915,0,0,0.9875,0.025144807945463806,0.938216176426891,1.0,1.1948706156750042e-06,8.107087455297771,8.248578487796298,6.4232929050737215e-06,True
barcode_mean_len,high,rel,0.06,0.8,40,10,15.845054,0.06000001257470615,0,0,0.93,0.05759422016493448,0.8171153284767285,1.0,1.5948230628176892e-05,10.718101586886617,12.709587642359168,3.812816062777509e-05,True
barcode_mean_len,high,rel,0.08,0.8,40,10,21.126732,0.07999999147081308,0,0,0.945,0.051507624142056146,0.8440450566815699,1.0,8.349009789524274e-06,13.576405812468794,14.880345831715342,2.2972127527389273e-05,True
barcode_mean_len,high,rel,0.1,0.8,40,10,26.408419999999996,0.1000000089065439,0,0,0.805,0.08828693143903175,0.6319576143794978,0.9780423856205023,0.00160536326768327,17.025506553298328,18.68069643396359,0.0023327934983522515,False
barcode_mean_len,high,rel,0.12,0.8,40,10,31.690094000000002,0.11999997063341102,0,0,0.7925,0.09019728931072543,0.6157133129509782,0.9692866870490218,0.002360049479354411,19.6469027889918,21.884100155373474,0.0033255242663630335,False
barcode_mean_len,high,rel,0.14,0.8,40,10,36.971786,0.1400000017640275,0,0,0.84,0.08206926536676863,0.6791442398811335,1.0,0.0005074601599518824,21.218961719881023,23.409731741566258,0.0008236264376182386,False
barcode_mean_len,high,rel,0.16,0.8,40,10,42.253474000000004,0.16000001680253095,0,0,0.775,0.09262713591128943,0.5934508136138728,0.9565491863861273,0.003956435644328283,25.21431877181448,26.888257412675237,0.005434985449372679,False
barcode_mean_len,high,rel,0.18,0.8,40,10,47.535148,0.17999998326333105,0,0,0.815,0.08664662470765618,0.6451726155729939,0.984827384427006,0.0011679661730172098,27.67365104538723,29.514982787306405,0.0017491280851948553,False
barcode_mean_len,high,rel,0.2,0.8,40,10,52.816835999999995,0.19999999963536477,0,0,0.835,0.08304262107383252,0.6722364626952883,0.9977635373047117,0.000602169309140404,30.154991924225747,32.51140237975111,0.000958934002569479,False
barcode_mean_len,high,rel,0.02,0.9,40,10,5.268086,0.020000012356933373,0,0,1.0,0.0,1.0,1.0,6.538314816033479e-07,3.9835737788677217,4.231283769365994,6.1159669901964865e-06,True
barcode_mean_len,high,rel,0.04,0.9,40,10,10.536164,0.03999999912448386,0,0,0.9475,0.0503966615739767,0.8487225433150056,1.0,7.480530052733389e-06,7.976231586101443,8.746363519283694,2.101780347142614e-05,True
barcode_mean_len,high,rel,0.06,0.9,40,10,15.804252000000002,0.06000001885058685,0,0,0.9625,0.04295969827343276,0.8782989913840719,1.0,3.8244606308012755e-06,9.942009728322638,11.066757756897895,1.2657467568132337e-05,True
barcode_mean_len,high,rel,0.08,0.9,40,10,21.072328000000002,0.07999998882586123,0,0,0.89,0.07041231224113942,0.7519918680073667,1.0,8.115768185505283e-05,12.898781335751217,14.393428667694858,0.00015466525435491624,False
barcode_mean_len,high,rel,0.1,0.9,40,10,26.340412,0.0999999948491345,0,0,0.8125,0.08706637188752604,0.641849911100449,0.983150088899551,0.0012656750851485791,16.31922629498696,18.677369716543787,0.0018833245267010858,False
barcode_mean_len,high,rel,0.12,0.9,40,10,31.608494,0.11999999501404116,0,0,0.835,0.08304262107383252,0.6722364626952883,0.9977635373047117,0.000602169309140404,20.45243386072772,21.12809739451627,0.000958934002569479,False
barcode_mean_len,high,rel,0.14,0.9,40,10,36.87658,0.14000000983168762,0,0,0.8625,0.07728945925946673,0.7110126598514452,1.0,0.00022861273567770826,20.644594916930565,22.423389702951845,0.0003908269194490233,False
barcode_mean_len,high,rel,0.16,0.9,40,10,42.144670000000005,0.16000003634362042,0,0,0.8675,0.07613067315792804,0.7182838806104611,1.0,0.00019032591288338009,23.01398099810872,25.238903528037998,0.0003314664774935271,False
barcode_mean_len,high,rel,0.18,0.9,40,10,47.412743999999996,0.18000000402452657,0,0,0.8775,0.07369592397629703,0.7330559890064577,1.0,0.00013103791371097225,25.65888574719429,27.518241609712497,0.00023709194504125327,False
barcode_mean_len,high,rel,0.2,0.9,40,10,52.680829999999986,0.20000002414608606,0,0,0.865,0.07671476613521841,0.7146390583749719,1.0,0.00020865063868642314,27.46119664644632,29.793353148921923,0.00036000945079475607,False
barcode_mean_len,high,rel,0.02,1.0,40,10,5.262698,0.020000005614585974,0,0,0.995,0.015966145597504214,0.9637063546288918,1.0,8.335799989322588e-07,3.9465027183726216,4.135184674537639,6.1159669901964865e-06,True
barcode_mean_len,high,rel,0.04,1.0,40,10,10.525396,0.04000001240557207,0,0,0.965,0.041561275136107974,0.8835399007332283,1.0,3.413117415298884e-06,7.691462782960312,8.424634629461915,1.1542542531738045e-05,True
barcode_mean_len,high,rel,0.06,1.0,40,10,15.788097999999998,0.060000029699603566,0,0,0.93,0.05759422016493448,0.8171153284767285,1.0,1.5948230628176892e-05,10.338154793709748,11.424610282727663,3.812816062777509e-05,True
barcode_mean_len,high,rel,0.08,1.0,40,10,21.050784,0.07999999392108935,0,0,0.92,0.06119776684378823,0.8000523769861752,1.0,2.4277915883066838e-05,14.059936641661588,14.771178839539244,5.375824231250514e-05,True
barcode_mean_len,high,rel,0.1,1.0,40,10,26.313477999999996,0.09999998651575812,0,0,0.835,0.08304262107383252,0.6722364626952883,0.9977635373047117,0.000602169309140404,16.616554415954724,18.249637111266175,0.000958934002569479,False
barcode_mean_len,high,rel,0.12,1.0,40,10,31.576177999999995,0.11999999892472119,0,0,0.9175,0.062051095303092774,0.7958798532059381,1.0,2.692937670501682e-05,17.52031908584077,19.57251495863889,5.878948435602263e-05,True
barcode_mean_len,high,rel,0.14,1.0,40,10,36.838879999999996,0.14000001942062693,0,0,0.9225,0.060326234517198346,0.8042605803462912,1.0,2.1875232572411636e-05,19.26446303423525,20.65372479291063,4.925899828654436e-05,True
barcode_mean_len,high,rel,0.16,1.0,40,10,42.101574,0.1600000145703443,0,0,0.8675,0.07613067315792804,0.7182838806104611,1.0,0.00019032591288338009,24.099565893173217,24.801407088917383,0.0003314664774935271,False
barcode_mean_len,high,rel,0.18,1.0,40,10,47.364274,0.18000002604045356,0,0,0.9,0.06756974068663674,0.7675633082541921,1.0,5.476621751138575e-05,23.913819509159243,27.359378004912696,0.0001079080133169253,True
barcode_mean_len,high,rel,0.2,1.0,40,10,52.62697,0.20000002378353593,0,0,0.905,0.06606839361879746,0.775505948507157,1.0,4.483810553584596e-05,26.472029530576297,29.562767808933394,9.16471168095313e-05,True
barcode_mean_len,low,rel,0.02,0.1,40,10,0.34948599999999996,0.01999951151785347,0,0,0.8125,0.08706637188752604,0.641849911100449,0.983150088899551,0.001033180869968835,0.3169269561767578,0.28996437542642806,0.0015751773919196993,False
barcode_mean_len,low,rel,0.04,0.1,40,10,0.698984,0.039999760467823636,0,0,0.74875,0.09577905415612091,0.5610230538540031,0.936476946145997,0.007595965549095675,1.4140310287475586,1.082376200936844,0.010034443125936049,False
barcode_mean_len,low,rel,0.06,0.1,40,10,1.0484740000000001,0.05999947052285351,0,0,0.68375,0.1013464559145458,0.4851109464074902,0.8823890535925097,0.038023993540430255,2.0365428924560547,1.766843122604209,0.04545284574884337,False
barcode_mean_len,low,rel,0.08,0.1,40,10,1.3979679999999999,0.07999944630637018,0,0,0.70125,0.10013795998962628,0.5049795984203325,0.8975204015796676,0.026073541223122283,1.8618833323319752,1.7964307785403395,0.0318638545827907,False
barcode_mean_len,low,rel,0.1,0.1,40,10,1.747472,0.10000046141135817,0,0,0.58,0.10463681170629084,0.3749118490556699,0.78508815094433,0.22213085825272372,2.6556711196899414,2.8663465844144542,0.23882277245668562,False
barcode_mean_len,low,rel,0.12,0.1,40,10,2.096966,0.12000043719487488,0,0,0.6375,0.10360008096728822,0.43444384130411506,0.8405561586958848,0.09300845193911067,2.443785548210144,2.6175104268752567,0.10612278880840964,False
barcode_mean_len,low,rel,0.14,0.1,40,10,2.4464559999999995,0.14000014724990473,0,0,0.5125,0.10354264845968969,0.30955640901900816,0.7154435909809918,0.45653491983828354,3.1100032329559326,3.52591273481498,0.4738695797089436,False
barcode_mean_len,low,rel,0.16,0.1,40,10,2.7959540000000005,0.1600003961998749,0,0,0.485,0.10241356897482393,0.2842694048093451,0.6857305951906549,0.5626344640338443,5.006987889607747,4.832197956398565,0.5781768525430665,False
barcode_mean_len,low,rel,0.18,0.1,40,10,3.1454400000000002,0.17999990771772836,0,0,0.4325,0.09918743769527291,0.2380926221172651,0.6269073778827349,0.7476257606655753,5.551453272501628,5.329595871418375,0.7582245991482934,False
barcode_mean_len,low,rel,0.2,0.1,40,10,3.4949260000000004,0.1999994192355818,0,0,0.56625,0.10461124177284906,0.3612119661252159,0.7712880338747842,0.2641039352801583,3.996628761291504,4.225105402854497,0.2816704814341138,False
barcode_mean_len,low,rel,0.02,0.2,40,10,0.34821799999999997,0.019999650230264877,0,0,0.9675,0.040105371991940766,0.8888934708957961,1.0,3.0380491670641133e-06,0.2339403629302978,0.2953204339028928,1.0603723679325592e-05,True
barcode_mean_len,low,rel,0.04,0.2,40,10,0.6964500000000001,0.04000032838129813,0,0,0.89,0.07041231224113942,0.7519918680073667,1.0,8.115768185505283e-05,0.7643486601965768,0.8086647649152179,0.00015466525435491624,False
barcode_mean_len,low,rel,0.06,0.2,40,10,1.044666,0.05999988613937316,0,0,0.705,0.09985225944018694,0.5092895714972335,0.9007104285027664,0.02403973530981892,0.960909811158975,1.0834617359735796,0.029494662055582578,False
barcode_mean_len,low,rel,0.08,0.2,40,10,1.3928900000000002,0.0799998731740887,0,0,0.74,0.09670703816955153,0.550454205187679,0.929545794812321,0.010273260316368759,1.457035392522812,1.4297499106833125,0.013196315047269263,False
barcode_mean_len,low,rel,0.1,0.2,40,10,1.7411139999999998,0.09999981130577548,0,0,0.6575,0.10278787025303673,0.45603577430404796,0.858964225695952,0.06477893921806628,1.5778624047007823,1.7757776881423002,0.0752115024629234,False
barcode_mean_len,low,rel,0.12,0.2,40,10,2.0893420000000003,0.1200001887811838,0,0,0.66,0.10266922163097905,0.45876832560328107,0.861231674396719,0.061767841353188316,2.208578586578369,2.1842807965934394,0.0719850782687533,False
barcode_mean_len,low,rel,0.14,0.2,40,10,2.437562,0.13999999361432208,0,0,0.655,0.10290267238769485,0.4533107621201181,0.8566892378798819,0.06790279371556637,2.1577736854553224,2.2758161246444093,0.0784467057832009,False
barcode_mean_len,low,rel,0.16,0.2,40,10,2.7857819999999998,0.15999978241685578,0,0,0.63,0.10384299287365496,0.42646773396763626,0.8335322660323637,0.10582184466544836,1.9027974713932383,2.200404301072391,0.11972544469448537,False
barcode_mean_len,low,rel,0.18,0.2,40,10,3.134004,0.17999967281245485,0,0,0.525,0.10392672676115411,0.32130361554813797,0.7286963844518621,0.4088870448335101,2.993677801556057,3.0517366241652124,0.42774460258173724,False
barcode_mean_len,low,rel,0.2,0.2,40,10,3.482236,0.20000032505898585,0,0,0.5175,0.10370602505543723,0.314236190891343,0.7207638091086569,0.4373670273956248,3.004517602920532,3.015990701277473,0.4559992550201021,False
barcode_mean_len,low,rel,0.02,0.3,40,10,0.34697,0.019999678077898674,0,0,0.96,0.0443060570080222,0.8731601282642765,1.0,4.280826062661706e-06,0.3974753856658936,0.4575822312337819,1.3687800223855976e-05,True
barcode_mean_len,low,rel,0.04,0.3,40,10,0.6939479999999999,0.04000001608974855,0,0,0.9225,0.060326234517198346,0.8042605803462912,1.0,2.1875232572411636e-05,0.5829783916473389,0.6450397902560183,4.925899828654436e-05,True
barcode_mean_len,low,rel,0.06,0.3,40,10,1.040922,0.06000001305903325,0,0,0.7975,0.08945125689625472,0.6221755364833408,0.9728244635166592,0.002026242253169372,1.0325156124308703,1.0486921550721793,0.002885766149230499,False
barcode_mean_len,low,rel,0.08,0.3,40,10,1.3878899999999998,0.07999979073969082,0,0,0.8175,0.08622027893840038,0.6485082532807352,0.9864917467192648,0.0010772103294282628,1.2675561146302656,1.2523942881145431,0.0016263078025459162,False
barcode_mean_len,low,rel,0.1,0.3,40,10,1.734866,0.09999978129175333,0,0,0.6775,0.10172935038490083,0.47811047324559436,0.8768895267544057,0.043644388198652406,1.6381309032440186,1.7012403264795577,0.05177204212340145,False
barcode_mean_len,low,rel,0.12,0.3,40,10,2.0818380000000003,0.11999973415598354,0,0,0.645,0.10332377769889893,0.4424853957101581,0.8475146042898419,0.08157128836298416,1.686498522758484,1.795627631298851,0.09354044164929133,False
barcode_mean_len,low,rel,0.14,0.3,40,10,2.428812,0.13999968326732404,0,0,0.625,0.10398658676614368,0.4211862899383584,0.8288137100616416,0.11496264233386527,2.187240640322367,2.1939739109037837,0.1291247069691965,False
barcode_mean_len,low,rel,0.16,0.3,40,10,2.775798,0.16000045124727236,0,0,0.525,0.10392672676115411,0.32130361554813797,0.7286963844518621,0.4088870448335101,1.963489283214916,2.1844281015757776,0.42774460258173724,False
barcode_mean_len,low,rel,0.18,0.3,40,10,3.12277,0.18000035837441378,0,0,0.3975,0.09626261652822467,0.20882527160467967,0.5861747283953204,0.8429179357457959,2.618200624530965,2.9921248868088246,0.8502317573140891,False
barcode_mean_len,low,rel,0.2,0.3,40,10,3.469734,0.1999997219658628,0,0,0.5775,0.10463982499526966,0.37240594300927143,0.7825940569907286,0.22973081093346504,3.36479384132794,3.343711275381454,0.24642405325042963,False
barcode_mean_len,low,rel,0.02,0.4,40,10,0.343576,0.01999994106771199,0,0,0.9275,0.05852534927823359,0.8127903154146622,1.0,1.7729779558998625e-05,0.6306674480438232,0.5860688629705897,4.142888188409226e-05,True
barcode_mean_len,low,rel,0.04,0.4,40,10,0.68716,0.040000447129971785,0,0,0.965,0.041561275136107974,0.8835399007332283,1.0,3.413117415298884e-06,0.6005375339434698,0.6255919136691734,1.1542542531738045e-05,True
barcode_mean_len,low,rel,0.06,0.4,40,10,1.030734,0.0600001882668543,0,0,0.91,0.06450887154044081,0.783562611780736,1.0,3.6627656988930286e-05,0.8419276230475482,0.920420945241743,7.724199773175774e-05,True
barcode_mean_len,low,rel,0.08,0.4,40,10,1.374298,0.07999934675915547,0,0,0.835,0.08304262107383252,0.6722364626952883,0.9977635373047117,0.000602169309140404,1.3346895610584932,1.2953768878863787,0.000958934002569479,False
barcode_mean_len,low,rel,0.1,0.4,40,10,1.717888,0.10000013082979377,0,0,0.775,0.09262713591128943,0.5934508136138728,0.9565491863861273,0.003956435644328283,1.0957509345478482,1.2660278311142077,0.005434985449372679,False
barcode_mean_len,low,rel,0.12,0.4,40,10,2.061462,0.12000001478490636,0,0,0.71,0.09945631528229266,0.5150656220467064,0.9049343779532936,0.021424828797413028,1.390612577895323,1.533887534979963,0.0263908487173432,False
barcode_mean_len,low,rel,0.14,0.4,40,10,2.40504,0.14000005479975935,0,0,0.58,0.10463681170629084,0.3749118490556699,0.78508815094433,0.22243742962136115,1.770470512074393,2.036847086870775,0.2388762234963809,False
barcode_mean_len,low,rel,0.16,0.4,40,10,2.748616,0.16000005699902115,0,0,0.655,0.10290267238769485,0.4533107621201181,0.8566892378798819,0.06790279371556637,1.9544213354587556,2.0317224522682698,0.0784467057832009,False
barcode_mean_len,low,rel,0.18,0.4,40,10,3.092194,0.18000002564447024,0,0,0.715,0.09904300409228223,0.5208757119791267,0.9091242880208732,0.019054538799948485,1.850673449752124,2.099927328238574,0.02375431780690629,False
barcode_mean_len,low,rel,0.2,0.4,40,10,3.4357639999999994,0.19999977215068362,0,0,0.6225,0.10405292311578072,0.41855627069306983,0.8264437293069302,0.11973795101056678,2.758157341061412,2.9770471301599075,0.13368102573808777,False
barcode_mean_len,low,rel,0.02,0.5,40,10,0.3466560000000001,0.01999985706008775,0,0,0.99,0.022520106444870028,0.9458605913680548,1.0,1.0603340998194995e-06,0.2662896144514282,0.29466193034825605,6.280959954344806e-06,True
barcode_mean_len,low,rel,0.04,0.5,40,10,0.693324,0.04000045222695113,0,0,0.9375,0.05466568248721647,0.8303552623250557,1.0,1.15684232496683e-05,0.5550287002325058,0.6303370006165839,2.971998238174453e-05,True
barcode_mean_len,low,rel,0.06,0.5,40,10,1.039972,0.05999988244777699,0,0,0.9025,0.06682609616168726,0.7715208515230929,1.0,4.9568014246983466e-05,0.782400968665671,0.8354302568242074,9.977976893873295e-05,True
barcode_mean_len,low,rel,0.08,0.5,40,10,1.3866260000000004,0.0799995111719844,0,0,0.815,0.08664662470765618,0.6451726155729939,0.984827384427006,0.0011679661730172098,1.2002641193328365,1.172203945748587,0.0017491280851948553,False
barcode_mean_len,low,rel,0.1,0.5,40,10,1.733288,0.09999987782989958,0,0,0.675,0.10187547348947436,0.4753240719606303,0.8746759280393698,0.04593425727521621,1.2870788776592628,1.4181226938259188,0.05434969372258406,False
barcode_mean_len,low,rel,0.12,0.5,40,10,2.079952,0.12000010432403807,0,0,0.7,0.10023106787980358,0.5035471069555849,0.896452893044415,0.026917724646079708,1.3392325503130753,1.6370859897193337,0.032680788408425754,False
barcode_mean_len,low,rel,0.14,0.5,40,10,2.426612,0.1400002652060609,0,0,0.6275,0.10391661476234981,0.42382343506579434,0.8311765649342056,0.11032436795292117,1.7360356922556714,1.886442797152772,0.12436565114692931,False
barcode_mean_len,low,rel,0.16,0.5,40,10,2.773266,0.15999992069280303,0,0,0.5875,0.1046071800783166,0.3824699270464995,0.7925300729535005,0.2013671423828367,2.124742469522688,2.167504683351805,0.21750457888041597,False
barcode_mean_len,low,rel,0.18,0.5,40,10,3.1199199999999996,0.17999984363421903,0,0,0.5625,0.10458648192327227,0.3575104954303864,0.7674895045696136,0.27618506976284196,2.378667155755501,2.5081250192113402,0.29354527414793485,False
barcode_mean_len,low,rel,0.2,0.5,40,10,3.46659,0.20000047717251668,0,0,0.5675,0.10461780831217558,0.3624490957081359,0.7725509042918641,0.26020309319611856,2.3012020907750945,2.5263727273563577,0.2778287906686455,False
barcode_mean_len,low,rel,0.02,0.6,40,10,0.34437799999999996,0.020000419509512795,0,0,0.9775,0.03355397998186842,0.9117341992355379,1.0,1.9158940685337106e-06,0.3186094652522694,0.32316256778446134,7.614450785198081e-06,True
barcode_mean_len,low,rel,0.04,0.6,40,10,0.6887540000000001,0.04000038870295751,0,0,0.94,0.053640414858621525,0.8348647868771017,1.0,1.03825916524498e-05,0.601428366266191,0.6771050020984744,2.712306246286043e-05,True
barcode_mean_len,low,rel,0.06,0.6,40,10,1.033128,0.060000510660346326,0,0,0.9175,0.062051095303092774,0.7958798532059381,1.0,2.692937670501682e-05,0.7688522352591941,0.7976891913386273,5.878948435602263e-05,True
barcode_mean_len,low,rel,0.08,0.6,40,10,1.377494,0.07999990091881805,0,0,0.91,0.06450887154044081,0.783562611780736,1.0,3.6627656988930286e-05,0.8961323696000383,0.9884118593796911,7.724199773175774e-05,True
barcode_mean_len,low,rel,0.1,0.6,40,10,1.721868,0.10000006446440138,0,0,0.81,0.08747961294069849,0.638539958636231,0.9814600413637691,0.0013708079025865675,1.3143460146098769,1.3599489024109044,0.0020267906985779135,False
barcode_mean_len,low,rel,0.12,0.6,40,10,2.0662439999999997,0.12000026123924672,0,0,0.7875,0.09091985771966847,0.6092970788694498,0.9657029211305501,0.0027428812375411777,1.459971557125788,1.520660442288855,0.0038301494758457883,False
barcode_mean_len,low,rel,0.14,0.6,40,10,2.410616,0.14000006303300386,0,0,0.7275,0.09793212629711515,0.5355530324576543,0.9194469675423458,0.014083685322570582,1.5333125899758255,1.7850293970866453,0.017893206762282295,False
barcode_mean_len,low,rel,0.16,0.6,40,10,2.754994,0.16000035724700623,0,0,0.7775,0.09229675875203432,0.5965983528460127,0.9584016471539872,0.0036809028482900027,1.796247693351828,1.817688987172774,0.005086537368365085,False
barcode_mean_len,low,rel,0.18,0.6,40,10,3.0993580000000005,0.17999981124067407,0,0,0.7025,0.10004379158036843,0.5064141685024779,0.8985858314975221,0.025444667696993273,2.3246333729207085,2.3310866379631294,0.03113623810289966,False
barcode_mean_len,low,rel,0.2,0.6,40,10,3.443738,0.20000009950559214,0,0,0.68,0.10157921865390412,0.480904731438348,0.8790952685616521,0.04144753474407487,2.335343792144932,2.5440997087159025,0.04935493893980746,False
barcode_mean_len,low,rel,0.02,0.7,40,10,0.346794,0.01999988363234768,0,0,0.9825,0.02967211382340579,0.9243426569061247,1.0,1.5147411749632373e-06,0.2533643331018186,0.254163206255327,6.93945464392025e-06,True
barcode_mean_len,low,rel,0.04,0.7,40,10,0.6935919999999999,0.040000181628170574,0,0,0.945,0.051507624142056146,0.8440450566815699,1.0,8.349009789524274e-06,0.4772145320617017,0.5170267864409799,2.2972127527389273e-05,True
barcode_mean_len,low,rel,0.06,0.7,40,10,1.040382,0.05999990653652082,0,0,0.9325,0.05664131762496462,0.8214830174550694,1.0,1.4337632266600629e-05,0.6940891831699345,0.81487613516114,3.527512700512853e-05,True
barcode_mean_len,low,rel,0.08,0.7,40,10,1.3871719999999998,0.07999954326855317,0,0,0.8825,0.0724161454466948,0.7405643549244781,1.0,0.00010836681688949641,0.8749463145724601,1.0350954718528103,0.0002003601187022498,False
barcode_mean_len,low,rel,0.1,0.7,40,10,1.7339700000000002,0.09999984207870546,0,0,0.82,0.08578723892978568,0.65185701169762,0.9881429883023799,0.0009929623365320707,1.31404536548588,1.3347159743284456,0.0015163464252460194,False
barcode_mean_len,low,rel,0.12,0.7,40,10,2.080768,0.12000003829034372,0,0,0.74,0.09670703816955153,0.550454205187679,0.929545794812321,0.010273260316368759,1.4686365712677008,1.581236483177363,0.013196315047269263,False
barcode_mean_len,low,rel,0.14,0.7,40,10,2.427558,0.13999972383212317,0,0,0.6975,0.10041411563398664,0.5006883333573862,0.8943116666426139,0.028461301278696855,1.544590067781814,1.7029716492313045,0.034464857017171974,False
barcode_mean_len,low,rel,0.16,0.7,40,10,2.774358,0.16000001252400697,0,0,0.715,0.09904300409228223,0.5208757119791267,0.9091242880208732,0.019054538799948485,1.6916989682035313,1.8884254018074738,0.02375431780690629,False
barcode_mean_len,low,rel,0.18,0.7,40,10,3.12115,0.18000000834153554,0,0,0.66,0.10266922163097905,0.45876832560328107,0.861231674396719,0.061767841353188316,2.122516471512464,2.2975048238896334,0.0719850782687533,False
barcode_mean_len,low,rel,0.2,0.7,40,10,3.4679540000000006,0.200000567733464,0,0,0.665,0.10242030943937065,0.46425619349883357,0.8657438065011664,0.056074421612077506,1.8969085700292556,2.299206260656076,0.06584496477175768,False
barcode_mean_len,low,rel,0.02,0.8,40,10,0.343552,0.020000053598647777,0,0,0.975,0.0353207267702707,0.9057713755302694,1.0,2.152876113554094e-06,0.2806497792979436,0.3126141308380914,8.172141982062479e-06,True
barcode_mean_len,low,rel,0.04,0.8,40,10,0.687098,0.03999980878283194,0,0,0.9775,0.03355397998186842,0.9117341992355379,1.0,1.9158940685337106e-06,0.4685601390898227,0.48273143158147735,7.614450785198081e-06,True
barcode_mean_len,low,rel,0.06,0.8,40,10,1.0306579999999999,0.06000035501546781,0,0,0.9275,0.05852534927823359,0.8127903154146622,1.0,1.7729779558998625e-05,0.7996716393446106,0.74541128536953,4.142888188409226e-05,True
barcode_mean_len,low,rel,0.08,0.8,40,10,1.3742,0.07999989144525081,0,0,0.9175,0.062051095303092774,0.7958798532059381,1.0,2.692937670501682e-05,0.8220305637570849,0.8967198514969665,5.878948435602263e-05,True
barcode_mean_len,low,rel,0.1,0.8,40,10,1.7177580000000003,0.10000019895262204,0,0,0.8175,0.08622027893840038,0.6485082532807352,0.9864917467192648,0.0010772103294282628,1.1037940977310592,1.1955277888951052,0.0016263078025459162,False
barcode_mean_len,low,rel,0.12,0.8,40,10,2.0613,0.11999986380103554,0,0,0.835,0.08304262107383252,0.6722364626952883,0.9977635373047117,0.000602169309140404,1.1817606426775455,1.2963136206458201,0.000958934002569479,False
barcode_mean_len,low,rel,0.14,0.8,40,10,2.404852,0.14000001381622562,0,0,0.7625,0.09419882489169804,0.5778703032122718,0.9471296967877281,0.005630440038165956,1.4934259477418428,1.5533750344208999,0.00757787154195997,False
barcode_mean_len,low,rel,0.16,0.8,40,10,2.748406,0.16000016489728697,0,0,0.755,0.09507958205821124,0.568644019165906,0.941355980834094,0.006913308506855391,1.6859433720766128,1.7645591558477043,0.009158656568910987,False
barcode_mean_len,low,rel,0.18,0.8,40,10,3.091956,0.18000012871667606,0,0,0.675,0.10187547348947436,0.4753240719606303,0.8746759280393698,0.04593425727521621,1.894942739168587,2.1186112136789204,0.05434969372258406,False
barcode_mean_len,low,rel,0.2,0.8,40,10,3.435506,0.20000014268992597,0,0,0.7425,0.09644791625891247,0.5534620841325316,0.9315379158674685,0.009629774245624972,1.9419535326806805,2.192889953056974,0.012507946995015676,False
barcode_mean_len,low,rel,0.02,0.9,40,10,0.343986,0.020000029915274414,0,0,0.9525,0.04807541585390428,0.8582721849263476,1.0,5.9950431523597874e-06,0.2934481221704911,0.32258735099375574,1.7812748024583394e-05,True
barcode_mean_len,low,rel,0.04,0.9,40,10,0.687972,0.04000041149111416,0,0,0.955,0.04686026014902687,0.8631538901079073,1.0,5.362343977023508e-06,0.5109342564936987,0.5046028164359904,1.6297319930169484e-05,True
barcode_mean_len,low,rel,0.06,0.9,40,10,1.0319539999999998,0.06000008645250174,0,0,0.9525,0.04807541585390428,0.8582721849263476,1.0,5.9950431523597874e-06,0.5242970751849219,0.6315438449476334,1.7812748024583394e-05,True
barcode_mean_len,low,rel,0.08,0.9,40,10,1.37593,0.07999971008446566,0,0,0.9325,0.05664131762496462,0.8214830174550694,1.0,1.4337632266600629e-05,0.7331520482225137,0.8686680816488058,3.527512700512853e-05,True
barcode_mean_len,low,rel,0.1,0.9,40,10,1.7199179999999998,0.10000004532400028,0,0,0.88,0.07306145142200898,0.7367995552128623,1.0,0.00011919762532986999,1.1510461281394846,1.1206301708418342,0.00021736037560152766,False
barcode_mean_len,low,rel,0.12,0.9,40,10,2.063898,0.11999976036065502,0,0,0.8075,0.08788643728693103,0.6352425829176152,0.9797574170823848,0.0014838621734863265,1.3053946066219573,1.3910487617344187,0.0021697984612300057,False
barcode_mean_len,low,rel,0.14,0.9,40,10,2.407886,0.14000003103383402,0,0,0.75,0.09564163020657601,0.5625424047951111,0.9374575952048889,0.007905930588734164,1.5144485204454956,1.5919986130451171,0.010414327829352369,False
barcode_mean_len,low,rel,0.16,0.9,40,10,2.7518640000000003,0.15999962590373987,0,0,0.7725,0.09295209275622986,0.5903138981977895,0.9546861018022105,0.004250299114097227,1.5846115108744232,1.7323544655010767,0.005795862428314401,False
barcode_mean_len,low,rel,0.18,0.9,40,10,3.095852,0.17999999402747413,0,0,0.7,0.10023106787980358,0.5035471069555849,0.896452893044415,0.026917724646079708,1.9082578635213645,2.1142094008918746,0.032680788408425754,False
barcode_mean_len,low,rel,0.2,0.9,40,10,3.4398440000000003,0.20000042394727907,0,0,0.715,0.09904300409228223,0.5208757119791267,0.9091242880208732,0.019054538799948485,2.5574337042247257,2.437535867833885,0.02375431780690629,False
barcode_mean_len,low,rel,0.02,1.0,40,10,0.344906,0.019999719465896272,0,0,0.965,0.041561275136107974,0.8835399007332283,1.0,3.413117415298884e-06,0.2756999826312742,0.2897293367126761,1.1542542531738045e-05,True
barcode_mean_len,low,rel,0.04,1.0,40,10,0.689822,0.04000027631300289,0,0,0.9675,0.040105371991940766,0.8888934708957961,1.0,3.0442948627741216e-06,0.4472818105735562,0.4691460211914237,1.0603723679325592e-05,True
barcode_mean_len,low,rel,0.06,1.0,40,10,1.034732,0.06000018230040816,0,0,0.9575,0.04560493655786812,0.8681143243465785,1.0,4.79371076974779e-06,0.5753185473106526,0.6410674578347719,1.4936901582520684e-05,True
barcode_mean_len,low,rel,0.08,1.0,40,10,1.379634,0.07999957588946251,0,0,0.88,0.07306145142200898,0.7367995552128623,1.0,0.00011919762532986999,0.8951654549843321,0.9573244289499198,0.00021736037560152766,False
barcode_mean_len,low,rel,0.1,1.0,40,10,1.7245420000000002,0.09999956851345095,0,0,0.86,0.07785495416443117,0.7074042898377149,1.0,0.0002503457208175923,1.053340746061716,1.1429821476929067,0.0004268492260790659,False
barcode_mean_len,low,rel,0.12,1.0,40,10,2.069458,0.11999996675464525,0,0,0.855,0.07895911185042043,0.700240140773176,1.0,0.00029970736220381725,1.195815100169307,1.2708997029309563,0.00050494175153904,False
barcode_mean_len,low,rel,0.14,1.0,40,10,2.414368,0.13999996237940768,0,0,0.83,0.08398610308091921,0.6653872379613983,0.9946127620386016,0.0007129817057278396,1.4301544104178412,1.488636502151972,0.001120055720146775,False
barcode_mean_len,low,rel,0.16,1.0,40,10,2.7592839999999996,0.1600003083813452,0,0,0.785,0.09127251511834561,0.6061058703680426,0.9638941296319574,0.0029545854695520483,1.5383187400379268,1.7314097825769885,0.004113419890244619,False
barcode_mean_len,low,rel,0.18,1.0,40,10,3.10419,0.18000006477768743,0,0,0.7525,0.09536308772017507,0.5655883480684568,0.9394116519315431,0.0073949541668976845,1.698744517617992,1.9038418443635101,0.00978279854226863,False
barcode_mean_len,low,rel,0.2,1.0,40,10,3.449098,0.20000003349120563,0,0,0.71,0.09945631528229266,0.5150656220467064,0.9049343779532936,0.021424828797413028,2.364881587299433,2.392121202218148,0.0263908487173432,False
barcode_mean_len,mid,rel,0.02,0.1,40,10,1.580984,0.02000008837148248,0,0,0.7075,0.0996564435326974,0.5121733706759131,0.902826629324087,0.020223180415740928,1.345916748046875,1.511816266174605,0.025076743715518754,False
barcode_mean_len,mid,rel,0.04,0.1,40,10,3.1619539999999997,0.03999997626341149,0,0,0.5875,0.1046071800783166,0.3824699270464995,0.7925300729535005,0.2006871915210885,2.757659912109375,3.4906907448879054,0.21750457888041597,False
barcode_mean_len,mid,rel,0.06,0.1,40,10,4.742934,0.06000001383082357,0,0,0.56,0.1045657687773585,0.3550510931963774,0.7649489068036227,0.2840924927345271,8.306358337402344,8.016202338071816,0.30160504365651847,False
barcode_mean_len,mid,rel,0.08,0.1,40,10,6.323913999999999,0.08000005453526723,0,0,0.6325,0.10376570656366776,0.4291192151352111,0.8358807848647888,0.10134519249458551,6.112171173095703,6.688199294744811,0.11492315790947516,False
barcode_mean_len,mid,rel,0.1,0.1,40,10,7.904885999999999,0.09999995455394398,0,0,0.59,0.10459040611348415,0.38500280401757103,0.7949971959824289,0.19459584353580123,9.680841445922852,11.096576324331501,0.21117168551726387,False
barcode_mean_len,mid,rel,0.12,0.1,40,10,9.485866,0.11999999525838763,0,0,0.62,0.10411563774258063,0.41593335002454196,0.8240666499754581,0.12465145155433832,12.670902252197266,12.721252490622739,0.13866728462384525,False
barcode_mean_len,mid,rel,0.14,0.1,40,10,11.066846,0.1400000328257997,0,0,0.425,0.09861273414010213,0.2317190410853998,0.6182809589146001,0.770269189066535,11.982322692871094,13.742516400567084,0.7794889508507916,False
barcode_mean_len,mid,rel,0.16,0.1,40,10,12.647816000000002,0.15999992071772873,0,0,0.4375,0.09955480042691804,0.24237259116324064,0.6326274088367594,0.7318658468713081,14.933727025985718,16.69889781048521,0.7430515694217429,False
barcode_mean_len,mid,rel,0.18,0.1,40,10,14.228800000000001,0.1800000090892112,0,0,0.4625,0.10120207701060373,0.2641439290592167,0.6608560709407834,0.6465156128997528,25.86388111114502,22.681602872489165,0.6621800881021698,False
barcode_mean_len,mid,rel,0.2,0.1,40,10,15.809784,0.20000009746069367,0,0,0.52,0.10378284583502194,0.31658562216335706,0.723414377836643,0.42782992780656426,16.222232818603516,17.59410991147593,0.447058239168657,False
barcode_mean_len,mid,rel,0.02,0.2,40,10,1.5930039999999996,0.019999987415101075,0,0,0.9575,0.04560493655786812,0.8681143243465785,1.0,4.79371076974779e-06,1.80341911315918,1.9445673580775493,1.4936901582520684e-05,True
barcode_mean_len,mid,rel,0.04,0.2,40,10,3.1860119999999994,0.04000003716003392,0,0,0.885,0.07175972238441139,0.7443509441265537,1.0,9.846524797516955e-05,3.75176453590393,3.6835039919642143,0.00018351238600582703,False
barcode_mean_len,mid,rel,0.06,0.2,40,10,4.779016,0.06000002209138734,0,0,0.865,0.07671476613521841,0.7146390583749719,1.0,0.00020865063868642314,3.2041694476054263,3.5773802298143647,0.00036000945079475607,False
barcode_mean_len,mid,rel,0.08,0.2,40,10,6.3720159999999995,0.07999999341368266,0,0,0.6775,0.10172935038490083,0.47811047324559436,0.8768895267544057,0.043644388198652406,5.506624778111775,6.641909229930853,0.05177204212340145,False
barcode_mean_len,mid,rel,0.1,0.2,40,10,7.965020000000001,0.09999996704225443,0,0,0.46,0.10105158611518998,0.26193889121422764,0.6580611087857724,0.6554894202910976,6.860345661640167,7.898267797256773,0.670632740231816,False
barcode_mean_len,mid,rel,0.12,0.2,40,10,9.558026,0.1200000228655261,0,0,0.7125,0.0992518454456427,0.5179663829265404,0.9070336170734596,0.02021023696544571,7.733356571197509,7.748259062043015,0.025076743715518754,False
barcode_mean_len,mid,rel,0.14,0.2,40,10,11.15103,0.1400000037767448,0,0,0.585,0.1046204989881772,0.37994382198317267,0.7900561780168273,0.20825401539401828,11.170556227366127,12.025866575307674,0.2241623082366169,False
barcode_mean_len,mid,rel,0.16,0.2,40,10,12.744044,0.1600001208050148,0,0,0.6225,0.10405292311578072,0.41855627069306983,0.8264437293069302,0.11973795101056678,10.52339374102079,11.651530622340996,0.13368102573808777,False
barcode_mean_len,mid,rel,0.18,0.2,40,10,14.337038,0.17999999248089715,0,0,0.5875,0.1046071800783166,0.3824699270464995,0.7925300729535005,0.2013671423828367,9.291707992553713,11.453808633510182,0.21750457888041597,False
barcode_mean_len,mid,rel,0.2,0.2,40,10,15.930042,0.20000000877801777,0,0,0.4425,0.09990953893556136,0.24667730368629975,0.6383226963137003,0.715647151342374,12.910010784864426,15.060318917896648,0.7273790718561834,False
barcode_mean_len,mid,rel,0.02,0.3,40,10,1.5741900000000002,0.01999996839525248,0,0,0.9675,0.040105371991940766,0.8888934708957961,1.0,3.0442948627741216e-06,1.2223012924194336,1.2659338436542915,1.0603723679325592e-05,True
barcode_mean_len,mid,rel,0.04,0.3,40,10,3.1483879999999997,0.04000006776043248,0,0,0.945,0.051507624142056146,0.8440450566815699,1.0,8.349009789524274e-06,2.522496461868286,2.692972940836872,2.2972127527389273e-05,True
barcode_mean_len,mid,rel,0.06,0.3,40,10,4.72257,0.05999994855132188,0,0,0.8625,0.07728945925946673,0.7110126598514452,1.0,0.00022861273567770826,4.492257703434337,4.2754227523295345,0.0003908269194490233,False
barcode_mean_len,mid,rel,0.08,0.3,40,10,6.296769999999999,0.08000006572737542,0,0,0.7125,0.0992518454456427,0.5179663829265404,0.9070336170734596,0.02021023696544571,5.231263097127279,6.060482075521238,0.025076743715518754,False
barcode_mean_len,mid,rel,0.1,0.3,40,10,7.8709620000000005,0.10000006151412762,0,0,0.71,0.09945631528229266,0.5150656220467064,0.9049343779532936,0.021424828797413028,5.960172683000565,6.6677796426689255,0.0263908487173432,False
barcode_mean_len,mid,rel,0.12,0.3,40,10,9.445152,0.12000005448318901,0,0,0.55,0.10444943451988582,0.3452791083410238,0.7547208916589763,0.3181263989531554,7.111149978637696,8.146838125451664,0.3358201487246703,False
barcode_mean_len,mid,rel,0.14,0.3,40,10,11.019336000000001,0.13999995459970363,0,0,0.75,0.09564163020657601,0.5625424047951111,0.9374575952048889,0.007905930588734164,7.253863780394845,8.254715116172477,0.010414327829352369,False
barcode_mean_len,mid,rel,0.16,0.3,40,10,12.593520000000003,0.15999985598889643,0,0,0.7375,0.0969614075742188,0.5474556411545313,0.9275443588454688,0.010953927927595905,10.19993263199216,9.643525500559626,0.014031891146920375,False
barcode_mean_len,mid,rel,0.18,0.3,40,10,14.16772,0.17999999632955113,0,0,0.6075,0.10437535241532397,0.40292430926596506,0.812075690734035,0.15132284238357258,10.923296277523042,11.785226971879998,0.1663478054571188,False
barcode_mean_len,mid,rel,0.2,0.3,40,10,15.741908,0.1999999519586785,0,0,0.6725,0.1020176098076545,0.4725454847769972,0.8724545152230028,0.04831967675915359,12.414092845916748,12.829352251064659,0.057099490960626234,False
barcode_mean_len,mid,rel,0.02,0.4,40,10,1.590744,0.020000021060124044,0,0,0.98,0.031677997785087585,0.9179111243412283,1.0,1.704032931269903e-06,1.7806167602539062,1.759673517958684,7.170817312583755e-06,True
barcode_mean_len,mid,rel,0.04,0.4,40,10,3.18147,0.03999985135627517,0,0,0.9575,0.04560493655786812,0.8681143243465785,1.0,4.79371076974779e-06,1.996369610230128,2.3186230667604053,1.4936901582520684e-05,True
barcode_mean_len,mid,rel,0.06,0.4,40,10,4.772232,0.060000104055242136,0,0,0.88,0.07306145142200898,0.7367995552128623,1.0,0.00011919762532986999,4.040280031121296,4.188153485736468,0.00021736037560152766,False
barcode_mean_len,mid,rel,0.08,0.4,40,10,6.362972000000001,0.08000008486253679,0,0,0.9025,0.06682609616168726,0.7715208515230929,1.0,4.9568014246983466e-05,3.977552118277627,5.011477275912218,9.977976893873295e-05,True
barcode_mean_len,mid,rel,0.1,0.4,40,10,7.95371,0.10000004142351507,0,0,0.6425,0.10341961531998094,0.4397975539728373,0.8452024460271625,0.08529253629305056,5.9737087317875455,6.891557146380325,0.09768726447356775,False
barcode_mean_len,mid,rel,0.12,0.4,40,10,9.544442,0.11999992433846263,0,0,0.71,0.09945631528229266,0.5150656220467064,0.9049343779532936,0.021424828797413028,7.159495724463149,8.145453866728676,0.0263908487173432,False
barcode_mean_len,mid,rel,0.14,0.4,40,10,11.135193999999998,0.14000004969427135,0,0,0.72,0.09861208355600148,0.5267203162302371,0.9132796837697629,0.016911030685880117,7.971679506269661,8.680704738491587,0.021281811282636683,False
barcode_mean_len,mid,rel,0.16,0.4,40,10,12.725934000000002,0.1600000213124223,0,0,0.7,0.10023106787980358,0.5035471069555849,0.896452893044415,0.026917724646079708,9.06237082327566,9.86732509542361,0.032680788408425754,False
barcode_mean_len,mid,rel,0.18,0.4,40,10,14.316679999999998,0.18000009106671705,0,0,0.69,0.10093815147298531,0.49216122311294874,0.8878387768870512,0.03353952861482573,9.389046295515952,10.020575731748432,0.040403836284699395,False
barcode_mean_len,mid,rel,0.2,0.4,40,10,15.90741,0.19999996068185028,0,0,0.7,0.10023106787980358,0.5035471069555849,0.896452893044415,0.026917724646079708,9.704835586058788,10.909031581502683,0.032680788408425754,False
barcode_mean_len,mid,rel,0.02,0.5,40,10,1.588412,0.02000000382340684,0,0,0.9775,0.03355397998186842,0.9117341992355379,1.0,1.9158940685337106e-06,1.1016411541236772,1.2532954166654124,7.614450785198081e-06,True
barcode_mean_len,mid,rel,0.04,0.5,40,10,3.176824,0.039999973238958014,0,0,0.95,0.049253353765432696,0.8534634266197518,1.0,6.698612424583832e-06,2.612621011405156,2.772802943078209,1.9407194874962503e-05,True
barcode_mean_len,mid,rel,0.06,0.5,40,10,4.76524,0.06000003224075205,0,0,0.92,0.06119776684378823,0.8000523769861752,1.0,2.4277915883066838e-05,3.218051520983378,3.483475741802745,5.375824231250514e-05,True
barcode_mean_len,mid,rel,0.08,0.5,40,10,6.353648,0.07999993168113952,0,0,0.7875,0.09091985771966847,0.6092970788694498,0.9657029211305501,0.0027428812375411777,4.722188070842198,5.141944107478702,0.0038301494758457883,False
barcode_mean_len,mid,rel,0.1,0.5,40,10,7.94207,0.10000009144367147,0,0,0.76,0.09449749798856956,0.5747849039424037,0.9452150960575963,0.006032393056385331,5.85402342708821,6.316741478679958,0.008060525204652813,False
barcode_mean_len,mid,rel,0.12,0.5,40,10,9.530479999999999,0.12000003495267726,0,0,0.6575,0.10278787025303673,0.45603577430404796,0.858964225695952,0.06477893921806628,7.120298529157833,7.7357818531372375,0.0752115024629234,False
barcode_mean_len,mid,rel,0.14,0.5,40,10,11.118888000000002,0.13999999555635637,0,0,0.72,0.09861208355600148,0.5267203162302371,0.9132796837697629,0.016911030685880117,6.51243483005686,7.299246512765654,0.021281811282636683,False
barcode_mean_len,mid,rel,0.16,0.5,40,10,12.707298000000002,0.159999948882467,0,0,0.805,0.08828693143903175,0.6319576143794978,0.9780423856205023,0.00160536326768327,6.906053696166385,8.236237664212744,0.0023327934983522515,False
barcode_mean_len,mid,rel,0.18,0.5,40,10,14.29572,0.18000007689879038,0,0,0.8275,0.08444694586942353,0.6619839860959299,0.9930160139040701,0.0007751751882197287,7.626200318998761,8.772831768806531,0.001205540008435364,False
barcode_mean_len,mid,rel,0.2,0.5,40,10,15.884124,0.19999998447495912,0,0,0.7225,0.09838994089077595,0.5296557158540791,0.915344284145921,0.015918934230272068,8.911079924933764,10.185526922636914,0.020142324944425884,False
barcode_mean_len,mid,rel,0.02,0.6,40,10,1.5975219999999999,0.020000033885099567,0,0,0.99,0.022520106444870028,0.9458605913680548,1.0,1.0603340998194995e-06,1.4090661731633274,1.3998487819805039,6.280959954344806e-06,True
barcode_mean_len,mid,rel,0.04,0.6,40,10,3.195036,0.03999996336488958,0,0,0.955,0.04686026014902687,0.8631538901079073,1.0,5.362343977023508e-06,2.70366770029068,2.6769261978669174,1.6297319930169484e-05,True
barcode_mean_len,mid,rel,0.06,0.6,40,10,4.792562,0.0600000448034801,0,0,0.915,0.06288694712012229,0.7917415836445604,1.0,2.9853653258570326e-05,3.300656799806489,3.744190328512522,6.441739566234432e-05,True
barcode_mean_len,mid,rel,0.08,0.6,40,10,6.390082,0.08000004745990326,0,0,0.8325,0.08351803426985104,0.668804652831092,0.996195347168908,0.000655417493371522,4.392079205445524,4.869279017112062,0.0010331157098907042,False
barcode_mean_len,mid,rel,0.1,0.6,40,10,7.987595999999999,0.09999997695811504,0,0,0.83,0.08398610308091921,0.6653872379613983,0.9946127620386016,0.0007129817057278396,4.730335589056298,5.512019199450794,0.001120055720146775,False
barcode_mean_len,mid,rel,0.12,0.6,40,10,9.585107999999998,0.11999986329439587,0,0,0.7025,0.10004379158036843,0.5064141685024779,0.8985858314975221,0.025444667696993273,6.108355195955797,6.733761425260628,0.03113623810289966,False
barcode_mean_len,mid,rel,0.14,0.6,40,10,11.182638000000003,0.14000001473499024,0,0,0.7775,0.09229675875203432,0.5965983528460127,0.9584016471539872,0.0036809028482900027,7.376223687134998,7.5255470586997095,0.005086537368365085,False
barcode_mean_len,mid,rel,0.16,0.6,40,10,12.780154,0.15999994949414786,0,0,0.6325,0.10376570656366776,0.4291192151352111,0.8358807848647888,0.10145366950933238,7.789428359536982,8.737887315405366,0.11492315790947516,False
barcode_mean_len,mid,rel,0.18,0.6,40,10,14.377674000000003,0.1799999840103297,0,0,0.815,0.08664662470765618,0.6451726155729939,0.984827384427006,0.0011679661730172098,8.497037624319395,8.447576000843027,0.0017491280851948553,False
barcode_mean_len,mid,rel,0.2,0.6,40,10,15.975189999999998,0.19999991237092454,0,0,0.7475,0.09591525384521943,0.55950610246337,0.9354938975366301,0.008447705157869634,9.083225616277792,10.321212926511466,0.011065303939181351,False
barcode_mean_len,mid,rel,0.02,0.7,40,10,1.59587,0.0200000422284744,0,0,0.9925,0.019528774581448426,0.9542236018203611,1.0,9.40412128600105e-07,1.5540216037205288,1.4559235943331914,6.1159669901964865e-06,True
barcode_mean_len,mid,rel,0.04,0.7,40,10,3.191726,0.03999989920425315,0,0,0.96,0.0443060570080222,0.8731601282642765,1.0,4.282956844238806e-06,2.3416313346551387,2.56944057932934,1.3687800223855976e-05,True
barcode_mean_len,mid,rel,0.06,0.7,40,10,4.787596000000001,0.05999997423942807,0,0,0.93,0.05759422016493448,0.8171153284767285,1.0,1.5948230628176892e-05,3.111513540698368,3.4764202238694732,3.812816062777509e-05,True
barcode_mean_len,mid,rel,0.08,0.7,40,10,6.383461999999998,0.08000001135719687,0,0,0.8725,0.07493343300152697,0.7256304713170072,1.0,0.00015809949269810785,4.004194299953106,4.880676094387106,0.00028275486194084674,False
barcode_mean_len,mid,rel,0.1,0.7,40,10,7.979336000000001,0.10000009687351233,0,0,0.82,0.08578723892978568,0.65185701169762,0.9881429883023799,0.0009929623365320707,5.566071780858102,5.700309670453592,0.0015163464252460194,False
barcode_mean_len,mid,rel,0.12,0.7,40,10,9.575192000000001,0.11999995936304514,0,0,0.7375,0.0969614075742188,0.5474556411545313,0.9275443588454688,0.010953927927595905,5.696887334453917,6.814676797287797,0.014031891146920375,False
barcode_mean_len,mid,rel,0.14,0.7,40,10,11.171064000000001,0.14000003066271416,0,0,0.73,0.09769638617636826,0.5385150830943182,0.9214849169056818,0.013236527590881744,6.498350600046771,7.414951147934857,0.01688610515709194,False
barcode_mean_len,mid,rel,0.16,0.7,40,10,12.766926000000002,0.15999999495007755,0,0,0.8075,0.08788643728693103,0.6352425829176152,0.9797574170823848,0.0014838621734863265,7.215569488704205,7.930575203347876,0.0021697984612300057,False
barcode_mean_len,mid,rel,0.18,0.7,40,10,14.362791999999999,0.17999998450859483,0,0,0.82,0.08578723892978568,0.65185701169762,0.9881429883023799,0.0009929623365320707,7.606445331433692,8.524477157872369,0.0015163464252460194,False
barcode_mean_len,mid,rel,0.2,0.7,40,10,15.958658,0.19999997306946898,0,0,0.8275,0.08444694586942353,0.6619839860959299,0.9930160139040701,0.0007751751882197287,8.184434308159735,8.816279622290356,0.001205540008435364,False
barcode_mean_len,mid,rel,0.02,0.8,40,10,1.5881740000000002,0.02000000804057741,0,0,0.9825,0.02967211382340579,0.9243426569061247,1.0,1.5147411749632373e-06,1.3727099150419235,1.4380089670024268,6.93945464392025e-06,True
barcode_mean_len,mid,rel,0.04,0.8,40,10,3.1763500000000007,0.039999985125498336,0,0,0.97,0.038585514924043426,0.8943723907488749,1.0,2.7137920615033714e-06,2.139430197221892,2.449399007116071,9.744504313506313e-06,True
barcode_mean_len,mid,rel,0.06,0.8,40,10,4.764526,0.06000002671124914,0,0,0.925,0.059435712454553535,0.8085060035890751,1.0,1.9699265123654512e-05,3.2045224953540847,3.7122724997209913,4.523534954320666e-05,True
barcode_mean_len,mid,rel,0.08,0.8,40,10,6.3526940000000005,0.07999993972264365,0,0,0.88,0.07306145142200898,0.7367995552128623,1.0,0.00011919762532986999,4.159269071438096,4.721360932469827,0.00021736037560152766,False
barcode_mean_len,mid,rel,0.1,0.8,40,10,7.940880000000001,0.10000009856590551,0,0,0.8675,0.07613067315792804,0.7182838806104611,1.0,0.00019032591288338009,4.669698377104046,5.402980359685654,0.0003314664774935271,False
barcode_mean_len,mid,rel,0.12,0.8,40,10,9.529046,0.11999994873386875,0,0,0.8,0.08906926143924926,0.6254242475790714,0.9745757524209286,0.0018759532836208786,5.218830472907179,6.021981312017847,0.0026840562365652567,False
barcode_mean_len,mid,rel,0.14,0.8,40,10,11.117212,0.1399998628725916,0,0,0.9075,0.06529615537908832,0.7795195354569868,1.0,4.053683454445474e-05,5.587751950782079,6.104463422428581,8.396270852192184e-05,True
barcode_mean_len,mid,rel,0.16,0.8,40,10,12.705406,0.16000012150032997,0,0,0.9,0.06756974068663674,0.7675633082541921,1.0,5.476621751138575e-05,6.066323651573979,6.70591722213879,0.0001079080133169253,True
barcode_mean_len,mid,rel,0.18,0.8,40,10,14.293578,0.1800000909129974,0,0,0.875,0.07431983248097374,0.7293331283372915,1.0,0.00014397415867114637,7.569406794877175,7.9662491223388034,0.00025898639760960567,False
barcode_mean_len,mid,rel,0.2,0.8,40,10,15.881742000000004,0.19999994197470733,0,0,0.8675,0.07613067315792804,0.7182838806104611,1.0,0.00019032591288338009,8.06962302976694,8.219814582267869,0.0003314664774935271,False
barcode_mean_len,mid,rel,0.02,0.9,40,10,1.5894920000000001,0.020000029201616854,0,0,1.0,0.0,1.0,1.0,6.538314816033479e-07,1.0517150375290194,1.2238309205074578,6.1159669901964865e-06,True
barcode_mean_len,mid,rel,0.04,0.9,40,10,3.1789840000000003,0.040000018423891476,0,0,0.97,0.038585514924043426,0.8943723907488749,1.0,2.7137920615033714e-06,2.1374988374645234,2.437808672540577,9.744504313506313e-06,True
barcode_mean_len,mid,rel,0.06,0.9,40,10,4.7684679999999995,0.059999953663259734,0,0,0.9075,0.06529615537908832,0.7795195354569868,1.0,4.053683454445474e-05,3.160459398311012,3.4873129941103405,8.396270852192184e-05,True
barcode_mean_len,mid,rel,0.08,0.9,40,10,6.357954000000001,0.07999986320862539,0,0,0.8975,0.06829977543582832,0.7636324401457765,1.0,6.047572046107024e-05,3.9396447182349537,4.449490355226095,0.00011790863737692939,False
barcode_mean_len,mid,rel,0.1,0.9,40,10,7.947454000000001,0.09999999759186894,0,0,0.8125,0.08706637188752604,0.641849911100449,0.983150088899551,0.0012656750851485791,4.899606333838569,5.5431423631576955,0.0018833245267010858,False
barcode_mean_len,mid,rel,0.12,0.9,40,10,9.536948,0.12000003642619314,0,0,0.89,0.07041231224113942,0.7519918680073667,1.0,8.115768185505283e-05,5.16158411836549,5.896317453326737,0.00015466525435491624,False
barcode_mean_len,mid,rel,0.14,0.9,40,10,11.126438000000002,0.14000001379081295,0,0,0.825,0.08490067672827281,0.6585946736125853,0.9914053263874146,0.0008423307102951552,6.670866609861453,6.950985092473298,0.0013056126009574906,False
barcode_mean_len,mid,rel,0.16,0.9,40,10,12.71593,0.16000003584446215,0,0,0.9375,0.05466568248721647,0.8303552623250557,1.0,1.15684232496683e-05,6.469762915416675,6.7050481539053575,2.971998238174453e-05,True
barcode_mean_len,mid,rel,0.18,0.9,40,10,14.305416000000001,0.17999996253594258,0,0,0.865,0.07671476613521841,0.7146390583749719,1.0,0.00020865063868642314,7.484345717106147,8.338795072187509,0.00036000945079475607,False
barcode_mean_len,mid,rel,0.2,0.9,40,10,15.894910000000003,0.2000000069397138,0,0,0.8675,0.07613067315792804,0.7182838806104611,1.0,0.00019032591288338009,8.4065601886755,8.890099757458838,0.0003314664774935271,False
barcode_mean_len,mid,rel,0.02,1.0,40,10,1.5890660000000003,0.01999996590773708,0,0,0.9925,0.019528774581448426,0.9542236018203611,1.0,9.40412128600105e-07,1.162544454061068,1.264841529571666,6.1159669901964865e-06,True
barcode_mean_len,mid,rel,0.04,1.0,40,10,3.1781420000000002,0.04000006714576064,0,0,0.975,0.0353207267702707,0.9057713755302694,1.0,2.152876113554094e-06,1.9903167454259736,2.366202212511986,8.172141982062479e-06,True
barcode_mean_len,mid,rel,0.06,1.0,40,10,4.767208,0.060000014178787225,0,0,0.9325,0.05664131762496462,0.8214830174550694,1.0,1.4337632266600629e-05,3.0646488283012734,3.3366770196750215,3.527512700512853e-05,True
barcode_mean_len,mid,rel,0.08,1.0,40,10,6.3562720000000015,0.0799999797188362,0,0,0.875,0.07431983248097374,0.7293331283372915,1.0,0.00014397415867114637,3.7575256711232567,4.142100336677807,0.00025898639760960567,False
barcode_mean_len,mid,rel,0.1,1.0,40,10,7.9453499999999995,0.10000010295976264,0,0,0.885,0.07175972238441139,0.7443509441265537,1.0,9.846524797516955e-05,4.372313677191734,4.922374669340252,0.00018351238600582703,False
barcode_mean_len,mid,rel,0.12,1.0,40,10,9.534414,0.12000006086196077,0,0,0.9,0.06756974068663674,0.7675633082541921,1.0,5.476621751138575e-05,5.170298764234656,5.548749372591089,0.0001079080133169253,True
barcode_mean_len,mid,rel,0.14,1.0,40,10,11.123483999999998,0.14000006239536275,0,0,0.93,0.05759422016493448,0.8171153284767285,1.0,1.5948230628176892e-05,5.610808931445253,6.0181214148849165,3.812816062777509e-05,True
barcode_mean_len,mid,rel,0.16,1.0,40,10,12.712548000000002,0.16000000990998622,0,0,0.9225,0.060326234517198346,0.8042605803462912,1.0,2.1875232572411636e-05,6.014118314853737,6.600444144319503,4.925899828654436e-05,True
barcode_mean_len,mid,rel,0.18,1.0,40,10,14.301617999999998,0.18000001938561208,0,0,0.9225,0.060326234517198346,0.8042605803462912,1.0,2.1875232572411636e-05,6.855656461321614,7.441989680721744,4.925899828654436e-05,True
barcode_mean_len,mid,rel,0.2,1.0,40,10,15.890672,0.1999998248354592,0,0,0.8575,0.0784114435756288,0.7038135705917676,1.0,0.0002739927806307303,7.875286388759301,8.369406328445447,0.0004641407759318382,False
barcode_var_len,high,abs,0.0,0.1,40,10,0.0,0.0,0,0,0.7375,0.0969614075742188,0.5474556411545313,0.9275443588454688,0.0043166838724418306,0.0,0.0,0.006433519232966189,False
barcode_var_len,high,abs,5.0,0.1,40,10,2.2361,0.008792039789480949,0,0,0.825,0.08490067672827281,0.6585946736125853,0.9914053263874146,0.0004340569110377108,0.0,0.0,0.0007884236860645919,False
barcode_var_len,high,abs,10.0,0.1,40,10,3.1622999999999997,0.012433731687435985,0,0,0.7775,0.09229675875203432,0.5965983528460127,0.9584016471539872,0.00208626586914847,0.1751094795909011,0.12825990703789356,0.003305327526930285,False
barcode_var_len,high,abs,15.0,0.1,40,10,3.873,0.015228107018764689,0,0,0.75,0.09564163020657601,0.5625424047951111,0.9374575952048889,0.005545688843361783,1.6028868059317272,1.4676995254947043,0.008134843256035423,False
barcode_var_len,high,abs,20.0,0.1,40,10,4.472100000000001,0.017583686392620076,0,0,0.7775,0.09229675875203432,0.5965983528460127,0.9584016471539872,0.00208626586914847,0.2504808828816749,0.18346610833536206,0.003305327526930285,False
barcode_var_len,high,abs,25.0,0.1,40,10,5.0,0.019659317091098225,0,0,0.815,0.08664662470765618,0.6451726155729939,0.984827384427006,0.0008277756674885619,0.78398228638495,0.6033454492195413,0.0014099475655024957,False
barcode_var_len,high,abs,30.0,0.1,40,10,5.477199999999999,0.02153560231427264,0,0,0.78,0.09196090310230838,0.5997566299194756,0.9602433700805244,0.0023481693878912766,7.177972692220162,5.401845407683133,0.00366418366577563,False
barcode_var_len,high,abs,35.0,0.1,40,10,5.916100000000001,0.02326129716852924,0,0,0.70875,0.099556920262194,0.5136184362860998,0.9038815637139002,0.016406791231591344,6.199367489898577,4.541853344907528,0.022471746458586083,False
barcode_var_len,high,abs,40.0,0.1,40,10,6.324599999999999,0.02486746337487197,0,0,0.695,0.10059296152465282,0.49783779541168044,0.8921622045883195,0.02470342395294266,1.8235775060165904,1.7036787320169817,0.0327734440459867,False
barcode_var_len,high,abs,45.0,0.1,40,10,6.708199999999998,0.026375726182101017,0,0,0.68375,0.1013464559145458,0.4851109464074902,0.8823890535925097,0.03591894478299335,36.95065245870501,27.503661968222055,0.04575975157285454,False
barcode_var_len,high,abs,50.0,0.1,40,10,7.0711,0.027802599416572937,0,0,0.78125,0.091790902203613,0.6013398316809185,0.9611601683190815,0.002496149394706942,1.956395701505244,2.15074525777976,0.0038690315617957603,False
barcode_var_len,high,abs,55.0,0.1,40,10,7.416200000000001,0.029159485482200532,0,0,0.7375,0.0969614075742188,0.5474556411545313,0.9275443588454688,0.008285055756523616,10.7635976979509,8.372029579190409,0.011799543420470082,False
barcode_var_len,high,abs,60.0,0.1,40,10,7.746,0.030456214037529378,0,0,0.65875,0.10272902791658373,0.45740110528349587,0.860098894716504,0.057140993356828707,60.98974596016342,58.95157660087396,0.0708548317624676,False
barcode_var_len,high,abs,65.0,0.1,40,10,8.0623,0.031699862436712245,0,0,0.70875,0.099556920262194,0.5136184362860998,0.9038815637139002,0.020341850610282337,10.684995900897777,10.63447876755867,0.027377599229468266,False
barcode_var_len,high,abs,70.0,0.1,40,10,8.3666,0.03289632847487648,0,0,0.67875,0.1016547869814554,0.4795066175163474,0.8779933824836526,0.03755650557404202,1.8994472185149789,1.4533414213548144,0.04758521823414043,False
barcode_var_len,high,abs,75.0,0.1,40,10,8.6603,0.03405111676080759,0,0,0.7975,0.08945125689625472,0.6221755364833408,0.9728244635166592,0.0014867353287173599,15.928090012879691,11.712575033820999,0.0024130259261904794,False
barcode_var_len,high,abs,80.0,0.1,40,10,8.9443,0.03516776597158197,0,0,0.7875,0.09091985771966847,0.6092970788694498,0.9657029211305501,0.0021429608418246657,28.393670368991376,20.825546182172936,0.0033893768416614614,False
barcode_var_len,high,abs,85.0,0.1,40,10,9.219499999999998,0.03624981478427602,0,0,0.59875,0.10450433793270324,0.39392149765190165,0.8035785023480984,0.16413061972361148,34.8491907119751,30.60486484780189,0.18390539318428756,False
barcode_var_len,high,abs,90.0,0.1,40,10,9.486800000000002,0.03730080187596613,0,0,0.75625,0.09493595386424447,0.5701755304260808,0.9423244695739191,0.004850938127498781,4.288941511884332,4.6568909896549675,0.007195171385285273,False
barcode_var_len,high,abs,95.0,0.1,40,10,9.7468,0.03832308636470324,0,0,0.62,0.10411563774258063,0.41593335002454196,0.8240666499754581,0.11903589691573391,21.01501782383356,22.91037734225039,0.13717891466125468,False
barcode_var_len,high,abs,100.0,0.1,40,10,10.0,0.03931863418219645,0,0,0.75375,0.09522195810198394,0.5671149621201115,0.9403850378798886,0.0066279942150722125,54.22723661229247,41.3450721297425,0.009601300031179373,False
barcode_var_len,high,abs,0.0,0.2,40,10,0.0,0.0,0,0,0.925,0.059435712454553535,0.8085060035890751,1.0,1.458248364382961e-05,0.0,0.0,3.4684679766653545e-05,True
barcode_var_len,high,abs,5.0,0.2,40,10,2.2361,0.008554687994029036,0,0,0.96,0.0443060570080222,0.8731601282642765,1.0,4.208889366425904e-06,2.106223317691022,2.19821765849617,1.1612681822571689e-05,True
barcode_var_len,high,abs,10.0,0.2,40,10,3.1622999999999997,0.012098067994954614,0,0,0.90625,0.06568412253977565,0.7775091198220397,1.0,4.2469253030691996e-05,7.759496666039922,7.039861185418038,9.017444136653781e-05,True
barcode_var_len,high,abs,15.0,0.2,40,10,3.873,0.014817005769363827,0,0,0.9975,0.011304532632817974,0.9753431160396768,1.0,7.38464879278088e-07,7.510389761067927,7.4231347500661435,4.459560634601441e-06,True
barcode_var_len,high,abs,20.0,0.2,40,10,4.472100000000001,0.01710899341625922,0,0,0.9875,0.025144807945463806,0.938216176426891,1.0,1.1948706156750042e-06,5.309566297996789,6.113154534487941,4.938798544790017e-06,True
barcode_var_len,high,abs,25.0,0.2,40,10,5.0,0.019128589942375193,0,0,0.91,0.06450887154044081,0.783562611780736,1.0,3.656920833200846e-05,9.689999700051784,8.76264377898377,7.848783640485061e-05,True
barcode_var_len,high,abs,30.0,0.2,40,10,5.477199999999999,0.020954222566475486,0,0,0.925,0.059435712454553535,0.8085060035890751,1.0,1.9690844436634512e-05,18.48092721514533,18.263721638013095,4.4792950036671634e-05,True
barcode_var_len,high,abs,35.0,0.2,40,10,5.916100000000001,0.022633330191617177,0,0,0.9925,0.019528774581448426,0.9542236018203611,1.0,9.40412128600105e-07,12.06166562892031,11.995614638394208,4.702060643000525e-06,True
barcode_var_len,high,abs,40.0,0.2,40,10,6.324599999999999,0.024196135989909228,0,0,0.9825,0.02967211382340579,0.9243426569061247,1.0,1.5147411749632373e-06,7.967167629275936,9.72064191686282,5.7032764887279794e-06,True
barcode_var_len,high,abs,45.0,0.2,40,10,6.708199999999998,0.025663681410288252,0,0,0.91,0.06450887154044081,0.783562611780736,1.0,3.6627656988930286e-05,24.69035865587648,23.423075514304927,7.848783640485061e-05,True
barcode_var_len,high,abs,50.0,0.2,40,10,7.0711,0.02705203446830585,0,0,0.94,0.053640414858621525,0.8348647868771017,1.0,1.03825916524498e-05,34.81338228696162,28.075974233172445,2.5748827298075502e-05,True
barcode_var_len,high,abs,55.0,0.2,40,10,7.416200000000001,0.02837228974612858,0,0,0.9175,0.062051095303092774,0.7958798532059381,1.0,2.692937670501682e-05,22.92575070053701,27.982748789043388,5.920643105358308e-05,True
barcode_var_len,high,abs,60.0,0.2,40,10,7.746,0.029634011538727655,0,0,0.9375,0.05466568248721647,0.8303552623250557,1.0,1.15684232496683e-05,20.62715572818433,20.92459077238457,2.831219374260926e-05,True
barcode_var_len,high,abs,65.0,0.2,40,10,8.0623,0.03084408613848231,0,0,0.8775,0.07369592397629703,0.7330559890064577,1.0,0.00013103791371097225,31.16235628020513,33.55883528693428,0.0002528324891103821,False
barcode_var_len,high,abs,70.0,0.2,40,10,8.3666,0.032008252122375264,0,0,0.9225,0.060326234517198346,0.8042605803462912,1.0,2.1875232572411636e-05,33.372485480587926,30.971103577108305,4.9140015198895704e-05,True
barcode_var_len,high,abs,75.0,0.2,40,10,8.6603,0.03313186549559038,0,0,0.9275,0.05852534927823359,0.8127903154146622,1.0,1.7729779558998625e-05,35.78262700820738,36.580809113923536,4.12217374746718e-05,True
barcode_var_len,high,abs,80.0,0.2,40,10,8.9443,0.0342183694043173,0,0,0.87,0.07553696919964208,0.7219475403687016,1.0,0.00017351414622119286,28.776217219232574,32.27282624310118,0.0003286520488507319,False
barcode_var_len,high,abs,85.0,0.2,40,10,9.219499999999998,0.035271206994745626,0,0,0.9,0.06756974068663674,0.7675633082541921,1.0,5.476621751138575e-05,37.80475403706375,32.58118463539046,0.00011343559529084354,True
barcode_var_len,high,abs,90.0,0.2,40,10,9.486800000000002,0.036293821413065,0,0,0.915,0.06288694712012229,0.7917415836445604,1.0,2.9853653258570326e-05,44.57185101899288,37.33430257659107,6.502083730789321e-05,True
barcode_var_len,high,abs,95.0,0.2,40,10,9.7468,0.037288508090068506,0,0,0.82,0.08578723892978568,0.65185701169762,0.9881429883023799,0.0009929623365320707,79.22754228450358,67.05300468006645,0.0016579083895418775,False
barcode_var_len,high,abs,100.0,0.2,40,10,10.0,0.038257179884750386,0,0,0.9375,0.05466568248721647,0.8303552623250557,1.0,1.15684232496683e-05,35.4489383037087,37.60363397917672,2.831219374260926e-05,True
barcode_var_len,high,abs,0.0,0.3,40,10,0.0,0.0,0,0,0.9575,0.04560493655786812,0.8681143243465785,1.0,4.15390005802137e-06,0.25,0.18311388300841897,1.1566248664550521e-05,True
barcode_var_len,high,abs,5.0,0.3,40,10,2.2361,0.00862968335854591,0,0,0.9975,0.011304532632817974,0.9753431160396768,1.0,7.38464879278088e-07,4.423733571310322,3.6924224189594788,4.459560634601441e-06,True
barcode_var_len,high,abs,10.0,0.3,40,10,3.1622999999999997,0.012204126686968266,0,0,1.0,0.0,1.0,1.0,6.538314816033479e-07,6.257611843263374,5.36194543134686,4.459560634601441e-06,True
barcode_var_len,high,abs,15.0,0.3,40,10,3.873,0.014946900249384337,0,0,1.0,0.0,1.0,1.0,6.538314816033479e-07,7.278730402016483,6.77691418433079,4.459560634601441e-06,True
barcode_var_len,high,abs,20.0,0.3,40,10,4.472100000000001,0.017258980791446343,0,0,1.0,0.0,1.0,1.0,6.538314816033479e-07,8.650797535478485,8.239162805365872,4.459560634601441e-06,True
barcode_var_len,high,abs,25.0,0.3,40,10,5.0,0.01929628227392762,0,0,0.9575,0.04560493655786812,0.8681143243465785,1.0,4.79371076974779e-06,9.273748403302124,10.389306800548955,1.2810778781222542e-05,True
barcode_var_len,high,abs,30.0,0.3,40,10,5.477199999999999,0.02113791945415127,0,0,0.9925,0.019528774581448426,0.9542236018203611,1.0,9.40412128600105e-07,10.972465255535402,11.869787164368793,4.702060643000525e-06,True
barcode_var_len,high,abs,35.0,0.3,40,10,5.916100000000001,0.022831747112156648,0,0,1.0,0.0,1.0,1.0,6.538314816033479e-07,10.334022920552286,11.88607910555783,4.459560634601441e-06,True
barcode_var_len,high,abs,40.0,0.3,40,10,6.324599999999999,0.024408253373936532,0,0,1.0,0.0,1.0,1.0,6.538314816033479e-07,7.9659510347311295,9.793283984601526,4.459560634601441e-06,True
barcode_var_len,high,abs,45.0,0.3,40,10,6.708199999999998,0.025888664149992257,0,0,0.9725,0.03699385627789856,0.8999920416953189,1.0,2.417801838661637e-06,10.610143838540862,12.238827055234644,7.324285700180203e-06,True
barcode_var_len,high,abs,50.0,0.3,40,10,7.0711,0.027289188317433922,0,0,0.98,0.031677997785087585,0.9179111243412283,1.0,1.704032931269903e-06,18.837033933052435,20.34707747452227,5.980191041815131e-06,True
barcode_var_len,high,abs,55.0,0.3,40,10,7.416200000000001,0.028621017719980407,0,0,0.96,0.0443060570080222,0.8731601282642765,1.0,4.282956844238806e-06,24.03670565206772,21.933905935225496,1.1612681822571689e-05,True
barcode_var_len,high,abs,60.0,0.3,40,10,7.746,0.029893800498768674,0,0,0.9775,0.03355397998186842,0.9117341992355379,1.0,1.9158940685337106e-06,29.25129749432583,24.275660494893053,6.318374055802663e-06,True
barcode_var_len,high,abs,65.0,0.3,40,10,8.0623,0.031114483315417333,0,0,0.995,0.015966145597504214,0.9637063546288918,1.0,8.335799989322588e-07,25.31443586302337,23.130764857447893,4.587156207142015e-06,True
barcode_var_len,high,abs,70.0,0.3,40,10,8.3666,0.032288855054608566,0,0,0.93,0.05759422016493448,0.8171153284767285,1.0,1.5948230628176892e-05,36.44792839148108,37.468785618096454,3.7548998694188634e-05,True
barcode_var_len,high,abs,75.0,0.3,40,10,8.6603,0.03342231867537908,0,0,0.995,0.015966145597504214,0.9637063546288918,1.0,8.335799989322588e-07,15.996370872889525,17.252249287396367,4.587156207142015e-06,True
barcode_var_len,high,abs,80.0,0.3,40,10,8.9443,0.03451834750853816,0,0,0.9575,0.04560493655786812,0.8681143243465785,1.0,4.79371076974779e-06,23.619503050588254,25.55258757419321,1.2810778781222542e-05,True
barcode_var_len,high,abs,85.0,0.3,40,10,9.219499999999998,0.03558041488489514,0,0,0.9175,0.062051095303092774,0.7958798532059381,1.0,2.692937670501682e-05,50.85408275514998,46.57248090650003,5.920643105358308e-05,True
barcode_var_len,high,abs,90.0,0.3,40,10,9.486800000000002,0.03661199413525931,0,0,0.9125,0.06370599684137335,0.7876362461909082,1.0,3.3076919763217736e-05,23.24025445195364,25.53456291418499,7.153845437161045e-05,True
barcode_var_len,high,abs,95.0,0.3,40,10,9.7468,0.03761540081350355,0,0,0.98,0.031677997785087585,0.9179111243412283,1.0,1.704032931269903e-06,33.237321833014626,30.6752209714366,5.980191041815131e-06,True
barcode_var_len,high,abs,100.0,0.3,40,10,10.0,0.03859256454785524,0,0,0.975,0.0353207267702707,0.9057713755302694,1.0,2.152876113554094e-06,31.991322081021444,33.62022115070368,6.787033171543415e-06,True
barcode_var_len,high,abs,0.0,0.4,40,10,0.0,0.0,0,0,0.9875,0.025144807945463806,0.938216176426891,1.0,1.0558256131013045e-06,0.0,0.0,4.810296160156754e-06,True
barcode_var_len,high,abs,5.0,0.4,40,10,2.2361,0.008624513683051638,0,0,1.0,0.0,1.0,1.0,6.538314816033479e-07,3.242812890190551,3.206623759883581,4.459560634601441e-06,True
barcode_var_len,high,abs,10.0,0.4,40,10,3.1622999999999997,0.012196815714822323,0,0,0.9925,0.019528774581448426,0.9542236018203611,1.0,9.40412128600105e-07,24.879746776774997,18.865292783106096,4.702060643000525e-06,True
barcode_var_len,high,abs,15.0,0.4,40,10,3.873,0.014937946198496935,0,0,0.995,0.015966145597504214,0.9637063546288918,1.0,8.335799989322588e-07,5.52202876050267,5.904599944351421,4.587156207142015e-06,True
barcode_var_len,high,abs,20.0,0.4,40,10,4.472100000000001,0.017248641671649405,0,0,0.9975,0.011304532632817974,0.9753431160396768,1.0,7.38464879278088e-07,9.711318012598207,8.940014394181649,4.459560634601441e-06,True
barcode_var_len,high,abs,25.0,0.4,40,10,5.0,0.019284722693644375,0,0,1.0,0.0,1.0,1.0,6.538314816033479e-07,6.208856125062975,6.597650746596262,4.459560634601441e-06,True
barcode_var_len,high,abs,30.0,0.4,40,10,5.477199999999999,0.021125256627525797,0,0,0.9825,0.02967211382340579,0.9243426569061247,1.0,1.5147411749632373e-06,13.616089242460172,12.549303042516565,5.7032764887279794e-06,True
barcode_var_len,high,abs,35.0,0.4,40,10,5.916100000000001,0.022818069585573898,0,0,1.0,0.0,1.0,1.0,6.538314816033479e-07,12.280991317186016,13.386050810184477,4.459560634601441e-06,True
barcode_var_len,high,abs,40.0,0.4,40,10,6.324599999999999,0.024393631429644645,0,0,1.0,0.0,1.0,1.0,6.538314816033479e-07,11.941183587439582,13.384409172624977,4.459560634601441e-06,True
barcode_var_len,high,abs,45.0,0.4,40,10,6.708199999999998,0.02587315535470104,0,0,0.9875,0.025144807945463806,0.938216176426891,1.0,1.1948706156750042e-06,13.53721777368266,14.802630798646476,4.938798544790017e-06,True
barcode_var_len,high,abs,50.0,0.4,40,10,7.0711,0.027272840527805754,0,0,0.98,0.031677997785087585,0.9179111243412283,1.0,1.704032931269903e-06,17.37866542362492,17.55547936180487,5.980191041815131e-06,True
barcode_var_len,high,abs,55.0,0.4,40,10,7.416200000000001,0.028603872088121086,0,0,0.9975,0.011304532632817974,0.9753431160396768,1.0,7.38464879278088e-07,17.838493209779294,17.18791050777535,4.459560634601441e-06,True
barcode_var_len,high,abs,60.0,0.4,40,10,7.746,0.02987589239699387,0,0,0.9725,0.03699385627789856,0.8999920416953189,1.0,2.417801838661637e-06,17.172839901807468,18.829014234067202,7.324285700180203e-06,True
barcode_var_len,high,abs,65.0,0.4,40,10,8.0623,0.031095843954593815,0,0,0.9975,0.011304532632817974,0.9753431160396768,1.0,7.38464879278088e-07,20.25820871175296,18.176535931224098,4.459560634601441e-06,True
barcode_var_len,high,abs,70.0,0.4,40,10,8.3666,0.032269512177729005,0,0,0.9825,0.02967211382340579,0.9243426569061247,1.0,1.5147411749632373e-06,13.31996674090412,15.18346372978898,5.7032764887279794e-06,True
barcode_var_len,high,abs,75.0,0.4,40,10,8.6603,0.03340229678875367,0,0,0.98,0.031677997785087585,0.9179111243412283,1.0,1.704032931269903e-06,21.153617921521683,20.50268682286962,5.980191041815131e-06,True
barcode_var_len,high,abs,80.0,0.4,40,10,8.9443,0.034497669037752685,0,0,1.0,0.0,1.0,1.0,6.538314816033479e-07,20.31391351153648,25.034826300590773,4.459560634601441e-06,True
barcode_var_len,high,abs,85.0,0.4,40,10,9.219499999999998,0.03555910017481087,0,0,0.99,0.022520106444870028,0.9458605913680548,1.0,1.0603340998194995e-06,33.35813965581788,30.22111248257729,4.810296160156754e-06,True
barcode_var_len,high,abs,90.0,0.4,40,10,9.486800000000002,0.036590061450013096,0,0,0.9925,0.019528774581448426,0.9542236018203611,1.0,9.40412128600105e-07,26.35141442374952,24.941756691162503,4.702060643000525e-06,True
barcode_var_len,high,abs,95.0,0.4,40,10,9.7468,0.037592867030082605,0,0,0.9875,0.025144807945463806,0.938216176426891,1.0,1.1948706156750042e-06,21.31621680143764,26.517495513575007,4.938798544790017e-06,True
barcode_var_len,high,abs,100.0,0.4,40,10,10.0,0.03856944538728875,0,0,0.9775,0.03355397998186842,0.9117341992355379,1.0,1.9158940685337106e-06,24.12207565938065,26.43783412761735,6.318374055802663e-06,True
barcode_var_len,high,abs,0.0,0.5,40,10,0.0,0.0,0,0,0.9725,0.03699385627789856,0.8999920416953189,1.0,2.1519653024905062e-06,1.0,0.7324555320336759,6.787033171543415e-06,True
barcode_var_len,high,abs,5.0,0.5,40,10,2.2361,0.008603157194750924,0,0,0.9825,0.02967211382340579,0.9243426569061247,1.0,1.5147411749632373e-06,2.8544593447798867,2.8530425483278004,5.7032764887279794e-06,True
barcode_var_len,high,abs,10.0,0.5,40,10,3.1622999999999997,0.012166613298582733,0,0,0.9975,0.011304532632817974,0.9753431160396768,1.0,7.38464879278088e-07,2.6498065336997434,2.6136667690142534,4.459560634601441e-06,True
barcode_var_len,high,abs,15.0,0.5,40,10,3.873,0.014900956046362117,0,0,0.99,0.022520106444870028,0.9458605913680548,1.0,1.0603340998194995e-06,3.9477693957825615,4.335129494843579,4.810296160156754e-06,True
barcode_var_len,high,abs,20.0,0.5,40,10,4.472100000000001,0.01720592965012549,0,0,1.0,0.0,1.0,1.0,6.538314816033479e-07,5.276521031853616,5.708953767643388,4.459560634601441e-06,True
barcode_var_len,high,abs,25.0,0.5,40,10,5.0,0.019236968817921654,0,0,0.9925,0.019528774581448426,0.9542236018203611,1.0,9.40412128600105e-07,6.07551008049728,6.49988584571903,4.702060643000525e-06,True
barcode_var_len,high,abs,30.0,0.5,40,10,5.477199999999999,0.0210729451219041,0,0,0.975,0.0353207267702707,0.9057713755302694,1.0,2.152876113554094e-06,6.568279360631504,6.899686542906065,6.787033171543415e-06,True
barcode_var_len,high,abs,35.0,0.5,40,10,5.916100000000001,0.02276156624474126,0,0,0.9775,0.03355397998186842,0.9117341992355379,1.0,1.9158940685337106e-06,9.114106884517945,8.980615507368357,6.318374055802663e-06,True
barcode_var_len,high,abs,40.0,0.5,40,10,6.324599999999999,0.024333226597165466,0,0,0.9875,0.025144807945463806,0.938216176426891,1.0,1.1948706156750042e-06,10.071341623068031,11.151243896143292,4.938798544790017e-06,True
barcode_var_len,high,abs,45.0,0.5,40,10,6.708199999999998,0.025809086844876414,0,0,0.9775,0.03355397998186842,0.9117341992355379,1.0,1.9158940685337106e-06,11.818517035773397,11.95140229838432,6.318374055802663e-06,True
barcode_var_len,high,abs,50.0,0.5,40,10,7.0711,0.027205306041681174,0,0,1.0,0.0,1.0,1.0,6.538314816033479e-07,11.72413643770226,12.683741516820266,4.459560634601441e-06,True
barcode_var_len,high,abs,55.0,0.5,40,10,7.416200000000001,0.028533041629494122,0,0,0.9875,0.025144807945463806,0.938216176426891,1.0,1.1948706156750042e-06,12.043010247904895,14.25246134981359,4.938798544790017e-06,True
barcode_var_len,high,abs,60.0,0.5,40,10,7.746,0.029801912092724234,0,0,1.0,0.0,1.0,1.0,6.538314816033479e-07,12.962613661099208,13.72129220668974,4.459560634601441e-06,True
barcode_var_len,high,abs,65.0,0.5,40,10,8.0623,0.031018842740145956,0,0,0.9925,0.019528774581448426,0.9542236018203611,1.0,9.40412128600105e-07,19.61307928294521,20.197880175405707,4.702060643000525e-06,True
barcode_var_len,high,abs,70.0,0.5,40,10,8.3666,0.03218960466240467,0,0,0.99,0.022520106444870028,0.9458605913680548,1.0,1.0603340998194995e-06,17.997962309810774,19.398019815972496,4.810296160156754e-06,True
barcode_var_len,high,abs,75.0,0.5,40,10,8.6603,0.03331958421076939,0,0,0.9925,0.019528774581448426,0.9542236018203611,1.0,9.40412128600105e-07,17.512582933008535,19.5440223607226,4.702060643000525e-06,True
barcode_var_len,high,abs,80.0,0.5,40,10,8.9443,0.03441224403962734,0,0,0.985,0.027507974990862768,0.9310843690179089,1.0,1.3457139554261416e-06,22.57966450084184,22.593476605126675,5.348350335667999e-06,True
barcode_var_len,high,abs,85.0,0.5,40,10,9.219499999999998,0.03547104680336575,0,0,1.0,0.0,1.0,1.0,6.538314816033479e-07,17.55059388200937,18.23648682356938,4.459560634601441e-06,True
barcode_var_len,high,abs,90.0,0.5,40,10,9.486800000000002,0.036499455156371846,0,0,0.9725,0.03699385627789856,0.8999920416953189,1.0,2.417801838661637e-06,28.309820787919197,30.078591673496753,7.324285700180203e-06,True
barcode_var_len,high,abs,95.0,0.5,40,10,9.7468,0.037499777534903765,0,0,0.9975,0.011304532632817974,0.9753431160396768,1.0,7.38464879278088e-07,23.201431354747644,24.09881299307846,4.459560634601441e-06,True
barcode_var_len,high,abs,100.0,0.5,40,10,10.0,0.03847393763584331,0,0,0.9875,0.025144807945463806,0.938216176426891,1.0,1.1948706156750042e-06,29.141821006818816,33.219588648950605,4.938798544790017e-06,True
barcode_var_len,high,abs,0.0,0.6,40,10,0.0,0.0,0,0,1.0,0.0,1.0,1.0,6.401965254707478e-07,3.0,2.2661276167941757,4.459560634601441e-06,True
barcode_var_len,high,abs,5.0,0.6,40,10,2.2361,0.00865947226469705,0,0,1.0,0.0,1.0,1.0,6.538314816033479e-07,3.0521830440442903,2.72552635452974,4.459560634601441e-06,True
barcode_var_len,high,abs,10.0,0.6,40,10,3.1622999999999997,0.012246254256362188,0,0,1.0,0.0,1.0,1.0,6.538314816033479e-07,3.4979936847984603,3.6022891050837686,4.459560634601441e-06,True
barcode_var_len,high,abs,15.0,0.6,40,10,3.873,0.014998495631309726,0,0,0.985,0.027507974990862768,0.9310843690179089,1.0,1.3457139554261416e-06,5.296060523130832,5.738695125181829,5.348350335667999e-06,True
barcode_var_len,high,abs,20.0,0.6,40,10,4.472100000000001,0.01731855727156732,0,0,0.9825,0.02967211382340579,0.9243426569061247,1.0,1.5147411749632373e-06,6.0116539563524665,6.694756307196024,5.7032764887279794e-06,True
barcode_var_len,high,abs,25.0,0.6,40,10,5.0,0.01936289133915534,0,0,1.0,0.0,1.0,1.0,6.538314816033479e-07,6.143306199764859,7.098601954209112,4.459560634601441e-06,True
barcode_var_len,high,abs,30.0,0.6,40,10,5.477199999999999,0.02121088568856432,0,0,0.99,0.022520106444870028,0.9458605913680548,1.0,1.0603340998194995e-06,7.185704792579219,7.363290628780013,4.810296160156754e-06,True
barcode_var_len,high,abs,35.0,0.6,40,10,5.916100000000001,0.02291056029031538,0,0,0.9875,0.025144807945463806,0.938216176426891,1.0,1.1948706156750042e-06,10.342209544644687,10.620453212101754,4.938798544790017e-06,True
barcode_var_len,high,abs,40.0,0.6,40,10,6.324599999999999,0.024492508512724376,0,0,0.98,0.031677997785087585,0.9179111243412283,1.0,1.704032931269903e-06,10.292015582397507,10.80433657283768,5.980191041815131e-06,True
barcode_var_len,high,abs,45.0,0.6,40,10,6.708199999999998,0.025978029536264362,0,0,1.0,0.0,1.0,1.0,6.538314816033479e-07,10.65713383518176,10.353943251467285,4.459560634601441e-06,True
barcode_var_len,high,abs,50.0,0.6,40,10,7.0711,0.027383388189660268,0,0,0.9825,0.02967211382340579,0.9243426569061247,1.0,1.5147411749632373e-06,11.733979098336365,12.436654205742425,5.7032764887279794e-06,True
barcode_var_len,high,abs,55.0,0.6,40,10,7.416200000000001,0.028719814949888765,0,0,1.0,0.0,1.0,1.0,6.538314816033479e-07,13.531760175005571,14.207322432391106,4.459560634601441e-06,True
barcode_var_len,high,abs,60.0,0.6,40,10,7.746,0.02999699126261945,0,0,0.9975,0.011304532632817974,0.9753431160396768,1.0,7.38464879278088e-07,18.32487337229818,18.980133857486454,4.459560634601441e-06,True
barcode_var_len,high,abs,65.0,0.6,40,10,8.0623,0.03122188776873442,0,0,1.0,0.0,1.0,1.0,6.538314816033479e-07,14.215003420278297,14.237624335294361,4.459560634601441e-06,True
barcode_var_len,high,abs,70.0,0.6,40,10,8.3666,0.032400313335635415,0,0,0.9875,0.025144807945463806,0.938216176426891,1.0,1.1948706156750042e-06,14.61492173740131,16.23901785282122,4.938798544790017e-06,True
barcode_var_len,high,abs,75.0,0.6,40,10,8.6603,0.03353768957289739,0,0,0.98,0.031677997785087585,0.9179111243412283,1.0,1.704032931269903e-06,19.270841651728936,20.366424968768946,5.980191041815131e-06,True
barcode_var_len,high,abs,80.0,0.6,40,10,8.9443,0.034637501800961416,0,0,1.0,0.0,1.0,1.0,6.538314816033479e-07,17.901501477953364,19.232316333024734,4.459560634601441e-06,True
barcode_var_len,high,abs,85.0,0.6,40,10,9.219499999999998,0.03570323534026853,0,0,1.0,0.0,1.0,1.0,6.538314816033479e-07,18.6221138754055,18.71993311247224,4.459560634601441e-06,True
barcode_var_len,high,abs,90.0,0.6,40,10,9.486800000000002,0.036738375511259774,0,0,0.9825,0.02967211382340579,0.9243426569061247,1.0,1.5147411749632373e-06,28.33174251011648,30.097561710113382,5.7032764887279794e-06,True
barcode_var_len,high,abs,95.0,0.6,40,10,9.7468,0.03774524586089585,0,0,0.9775,0.03355397998186842,0.9117341992355379,1.0,1.9158940685337106e-06,22.468950417728685,22.332058249012498,6.318374055802663e-06,True
barcode_var_len,high,abs,100.0,0.6,40,10,10.0,0.03872578267831068,0,0,0.9775,0.03355397998186842,0.9117341992355379,1.0,1.9158940685337106e-06,23.430662475465745,25.136180830164047,6.318374055802663e-06,True
barcode_var_len,high,abs,0.0,0.7,40,10,0.0,0.0,0,0,0.9975,0.011304532632817974,0.9753431160396768,1.0,7.032858195114393e-07,6.25,4.644184325904053,4.459560634601441e-06,True
barcode_var_len,high,abs,5.0,0.7,40,10,2.2361,0.008624497516051533,0,0,0.9975,0.011304532632817974,0.9753431160396768,1.0,7.38464879278088e-07,3.487316775388901,3.110166186830086,4.459560634601441e-06,True
barcode_var_len,high,abs,10.0,0.7,40,10,3.1622999999999997,0.012196792851397418,0,0,0.98,0.031677997785087585,0.9179111243412283,1.0,1.704032931269903e-06,3.707471032645615,3.4821959153931754,5.980191041815131e-06,True
barcode_var_len,high,abs,15.0,0.7,40,10,3.873,0.01493791819671195,0,0,0.9875,0.025144807945463806,0.938216176426891,1.0,1.1948706156750042e-06,4.204584990158328,4.673582870766612,4.938798544790017e-06,True
barcode_var_len,high,abs,20.0,0.7,40,10,4.472100000000001,0.017248609338372193,0,0,1.0,0.0,1.0,1.0,6.538314816033479e-07,6.276040616270712,6.021815496207054,4.459560634601441e-06,True
barcode_var_len,high,abs,25.0,0.7,40,10,5.0,0.019284686543650852,0,0,1.0,0.0,1.0,1.0,6.538314816033479e-07,7.425698778370814,7.274729743400143,4.459560634601441e-06,True
barcode_var_len,high,abs,30.0,0.7,40,10,5.477199999999999,0.02112521702737689,0,0,0.9975,0.011304532632817974,0.9753431160396768,1.0,7.38464879278088e-07,9.712760433236038,8.818536026351929,4.459560634601441e-06,True
barcode_var_len,high,abs,35.0,0.7,40,10,5.916100000000001,0.02281802681217856,0,0,1.0,0.0,1.0,1.0,6.538314816033479e-07,7.541721341248585,8.084908721531729,4.459560634601441e-06,True
barcode_var_len,high,abs,40.0,0.7,40,10,6.324599999999999,0.024393585702794835,0,0,0.995,0.015966145597504214,0.9637063546288918,1.0,8.335799989322588e-07,11.866947873900916,11.30863181850064,4.587156207142015e-06,True
barcode_var_len,high,abs,45.0,0.7,40,10,6.708199999999998,0.025873106854423726,0,0,0.9875,0.025144807945463806,0.938216176426891,1.0,1.1948706156750042e-06,13.478038878383911,13.524007012707933,4.938798544790017e-06,True
barcode_var_len,high,abs,50.0,0.7,40,10,7.0711,0.02727278940376191,0,0,0.9975,0.011304532632817974,0.9753431160396768,1.0,7.38464879278088e-07,11.032065292210232,11.71254133184624,4.459560634601441e-06,True
barcode_var_len,high,abs,55.0,0.7,40,10,7.416200000000001,0.028603818469004685,0,0,1.0,0.0,1.0,1.0,6.538314816033479e-07,13.313710440452368,14.29631470810202,4.459560634601441e-06,True
barcode_var_len,high,abs,60.0,0.7,40,10,7.746,0.0298758363934239,0,0,1.0,0.0,1.0,1.0,6.538314816033479e-07,11.29190696658883,12.119051286244929,4.459560634601441e-06,True
barcode_var_len,high,abs,65.0,0.7,40,10,8.0623,0.031095785664175257,0,0,0.9875,0.025144807945463806,0.938216176426891,1.0,1.1948706156750042e-06,17.648928133035138,17.032049270453115,4.938798544790017e-06,True
barcode_var_len,high,abs,70.0,0.7,40,10,8.3666,0.032269451687221846,0,0,0.9975,0.011304532632817974,0.9753431160396768,1.0,7.38464879278088e-07,16.01398802458256,16.275079424121927,4.459560634601441e-06,True
barcode_var_len,high,abs,75.0,0.7,40,10,8.6603,0.033402234174795896,0,0,0.995,0.015966145597504214,0.9637063546288918,1.0,8.335799989322588e-07,16.551453164908125,16.837379369825634,4.587156207142015e-06,True
barcode_var_len,high,abs,80.0,0.7,40,10,8.9443,0.03449760437047526,0,0,1.0,0.0,1.0,1.0,6.538314816033479e-07,14.296455922512123,15.970535261255655,4.459560634601441e-06,True
barcode_var_len,high,abs,85.0,0.7,40,10,9.219499999999998,0.03555903351783781,0,0,0.9925,0.019528774581448426,0.9542236018203611,1.0,9.40412128600105e-07,18.05033858920052,18.899376959964933,4.702060643000525e-06,True
barcode_var_len,high,abs,90.0,0.7,40,10,9.486800000000002,0.03658999286046138,0,0,0.9775,0.03355397998186842,0.9117341992355379,1.0,1.9158940685337106e-06,20.47753346557778,20.949147063384384,6.318374055802663e-06,True
barcode_var_len,high,abs,95.0,0.7,40,10,9.7468,0.03759279656073122,0,0,1.0,0.0,1.0,1.0,6.538314816033479e-07,18.544853314417825,20.228650733687203,4.459560634601441e-06,True
barcode_var_len,high,abs,100.0,0.7,40,10,10.0,0.038569373087301705,0,0,0.985,0.027507974990862768,0.9310843690179089,1.0,1.3457139554261416e-06,21.3328117233854,23.687691937144862,5.348350335667999e-06,True
barcode_var_len,high,abs,0.0,0.8,40,10,0.0,0.0,0,0,1.0,0.0,1.0,1.0,6.401965254707478e-07,6.25,4.75508342685313,4.459560634601441e-06,True
barcode_var_len,high,abs,5.0,0.8,40,10,2.2361,0.008604741578661663,0,0,1.0,0.0,1.0,1.0,6.538314816033479e-07,2.0457507006630857,2.3206400190702974,4.459560634601441e-06,True
barcode_var_len,high,abs,10.0,0.8,40,10,3.1622999999999997,0.012168853939538381,0,0,1.0,0.0,1.0,1.0,6.538314816033479e-07,3.252544050206879,3.2852588796646067,4.459560634601441e-06,True
barcode_var_len,high,abs,15.0,0.8,40,10,3.873,0.014903700252294897,0,0,1.0,0.0,1.0,1.0,6.538314816033479e-07,4.306039193005234,4.174052238330633,4.459560634601441e-06,True
barcode_var_len,high,abs,20.0,0.8,40,10,4.472100000000001,0.017209098347092177,0,0,1.0,0.0,1.0,1.0,6.538314816033479e-07,5.37007636121796,5.5695311999953425,4.459560634601441e-06,True
barcode_var_len,high,abs,25.0,0.8,40,10,5.0,0.019240511557313315,0,0,1.0,0.0,1.0,1.0,6.538314816033479e-07,7.002793958726134,7.496617187645862,4.459560634601441e-06,True
barcode_var_len,high,abs,30.0,0.8,40,10,5.477199999999999,0.0210768259803433,0,0,1.0,0.0,1.0,1.0,6.538314816033479e-07,6.04814666313611,6.508455052495536,4.459560634601441e-06,True
barcode_var_len,high,abs,35.0,0.8,40,10,5.916100000000001,0.022765758084844264,0,0,1.0,0.0,1.0,1.0,6.538314816033479e-07,7.597404431966581,8.518122293389757,4.459560634601441e-06,True
barcode_var_len,high,abs,40.0,0.8,40,10,6.324599999999999,0.024337707879076763,0,0,1.0,0.0,1.0,1.0,6.538314816033479e-07,8.291687337201914,8.189496057512674,4.459560634601441e-06,True
barcode_var_len,high,abs,45.0,0.8,40,10,6.708199999999998,0.02581383992575384,0,0,1.0,0.0,1.0,1.0,6.538314816033479e-07,10.62524798753754,11.707562445647316,4.459560634601441e-06,True
barcode_var_len,high,abs,50.0,0.8,40,10,7.0711,0.027210316254583637,0,0,0.9975,0.011304532632817974,0.9753431160396768,1.0,7.38464879278088e-07,17.57598547009804,15.176329423082533,4.459560634601441e-06,True
barcode_var_len,high,abs,55.0,0.8,40,10,7.416200000000001,0.028538296362269403,0,0,1.0,0.0,1.0,1.0,6.538314816033479e-07,12.841527624513642,13.128853919209208,4.459560634601441e-06,True
barcode_var_len,high,abs,60.0,0.8,40,10,7.746,0.029807400504589795,0,0,1.0,0.0,1.0,1.0,6.538314816033479e-07,15.40534862470805,15.149467085182259,4.459560634601441e-06,True
barcode_var_len,high,abs,65.0,0.8,40,10,8.0623,0.031024555265705432,0,0,1.0,0.0,1.0,1.0,6.538314816033479e-07,12.769646826567378,14.812157543983666,4.459560634601441e-06,True
barcode_var_len,high,abs,70.0,0.8,40,10,8.3666,0.032195532799083514,0,0,1.0,0.0,1.0,1.0,6.538314816033479e-07,16.422544542072544,16.082658371516757,4.459560634601441e-06,True
barcode_var_len,high,abs,75.0,0.8,40,10,8.6603,0.0333257204479601,0,0,1.0,0.0,1.0,1.0,6.538314816033479e-07,17.520451838530636,18.966231122230422,4.459560634601441e-06,True
barcode_var_len,high,abs,80.0,0.8,40,10,8.9443,0.0344185815044155,0,0,0.9975,0.011304532632817974,0.9753431160396768,1.0,7.38464879278088e-07,22.98551909077558,21.588882626494133,4.459560634601441e-06,True
barcode_var_len,high,abs,85.0,0.8,40,10,9.219499999999998,0.03547757926053002,0,0,1.0,0.0,1.0,1.0,6.538314816033479e-07,20.58048449018796,21.564773168884035,4.459560634601441e-06,True
barcode_var_len,high,abs,90.0,0.8,40,10,9.486800000000002,0.036506177008383996,0,0,1.0,0.0,1.0,1.0,6.538314816033479e-07,18.220930372878197,19.575701397099664,4.459560634601441e-06,True
barcode_var_len,high,abs,95.0,0.8,40,10,9.7468,0.03750668360936429,0,0,1.0,0.0,1.0,1.0,6.538314816033479e-07,20.04006305875692,20.065832950178095,4.459560634601441e-06,True
barcode_var_len,high,abs,100.0,0.8,40,10,10.0,0.03848102311462663,0,0,1.0,0.0,1.0,1.0,6.538314816033479e-07,15.235147251311568,16.271534559722756,4.459560634601441e-06,True
barcode_var_len,high,abs,0.0,0.9,40,10,0.0,0.0,0,0,1.0,0.0,1.0,1.0,6.327251780017428e-07,4.0,3.046573582771943,4.459560634601441e-06,True
barcode_var_len,high,abs,5.0,0.9,40,10,2.2361,0.008638840059632764,0,0,1.0,0.0,1.0,1.0,6.538314816033479e-07,1.4375804800323886,1.6568860404021546,4.459560634601441e-06,True
barcode_var_len,high,abs,10.0,0.9,40,10,3.1622999999999997,0.012217076123865968,0,0,1.0,0.0,1.0,1.0,6.538314816033479e-07,2.7635175421514684,3.029001782639906,4.459560634601441e-06,True
barcode_var_len,high,abs,15.0,0.9,40,10,3.873,0.014962759961968471,0,0,1.0,0.0,1.0,1.0,6.538314816033479e-07,4.957327878532981,4.864679618729983,4.459560634601441e-06,True
barcode_var_len,high,abs,20.0,0.9,40,10,4.472100000000001,0.017277293784125795,0,0,1.0,0.0,1.0,1.0,6.538314816033479e-07,4.247835939187135,4.534973640070974,4.459560634601441e-06,True
barcode_var_len,high,abs,25.0,0.9,40,10,5.0,0.01931675698679121,0,0,1.0,0.0,1.0,1.0,6.538314816033479e-07,5.882255048818173,6.780994547217495,4.459560634601441e-06,True
barcode_var_len,high,abs,30.0,0.9,40,10,5.477199999999999,0.02116034827361056,0,0,1.0,0.0,1.0,1.0,6.538314816033479e-07,5.822339710073207,6.8234082787306445,4.459560634601441e-06,True
barcode_var_len,high,abs,35.0,0.9,40,10,5.916100000000001,0.0228559732019111,0,0,1.0,0.0,1.0,1.0,6.538314816033479e-07,7.748943510702136,7.4122202745922925,4.459560634601441e-06,True
barcode_var_len,high,abs,40.0,0.9,40,10,6.324599999999999,0.024434152247731936,0,0,1.0,0.0,1.0,1.0,6.538314816033479e-07,10.57751811826554,10.457864855740896,4.459560634601441e-06,True
barcode_var_len,high,abs,45.0,0.9,40,10,6.708199999999998,0.025916133843758554,0,0,1.0,0.0,1.0,1.0,6.538314816033479e-07,10.972199536296852,10.897576605957017,4.459560634601441e-06,True
barcode_var_len,high,abs,50.0,0.9,40,10,7.0711,0.027318144065859862,0,0,1.0,0.0,1.0,1.0,6.538314816033479e-07,12.64901967389909,13.51294438009511,4.459560634601441e-06,True
barcode_var_len,high,abs,55.0,0.9,40,10,7.416200000000001,0.028651386633088194,0,0,1.0,0.0,1.0,1.0,6.538314816033479e-07,14.417123782727373,13.608564894570712,4.459560634601441e-06,True
barcode_var_len,high,abs,60.0,0.9,40,10,7.746,0.029925519923936942,0,0,1.0,0.0,1.0,1.0,6.538314816033479e-07,12.69295280892468,13.258938498048918,4.459560634601441e-06,True
barcode_var_len,high,abs,65.0,0.9,40,10,8.0623,0.031147497970921346,0,0,1.0,0.0,1.0,1.0,6.538314816033479e-07,12.809146385866288,13.177754815803977,4.459560634601441e-06,True
barcode_var_len,high,abs,70.0,0.9,40,10,8.3666,0.03232311580113746,0,0,1.0,0.0,1.0,1.0,6.538314816033479e-07,13.936858092096196,15.066586635439261,4.459560634601441e-06,True
barcode_var_len,high,abs,75.0,0.9,40,10,8.6603,0.03345778210654158,0,0,1.0,0.0,1.0,1.0,6.538314816033479e-07,14.459822119637565,15.600952762310126,4.459560634601441e-06,True
barcode_var_len,high,abs,80.0,0.9,40,10,8.9443,0.03455497390339132,0,0,1.0,0.0,1.0,1.0,6.538314816033479e-07,15.604028175377252,16.946767282693564,4.459560634601441e-06,True
barcode_var_len,high,abs,85.0,0.9,40,10,9.219499999999998,0.035618168207944306,0,0,1.0,0.0,1.0,1.0,6.538314816033479e-07,17.71872933239784,18.716904974418572,4.459560634601441e-06,True
barcode_var_len,high,abs,90.0,0.9,40,10,9.486800000000002,0.03665084203645817,0,0,1.0,0.0,1.0,1.0,6.538314816033479e-07,16.88338158307451,18.31801208689729,4.459560634601441e-06,True
barcode_var_len,high,abs,95.0,0.9,40,10,9.7468,0.03765531339977131,0,0,1.0,0.0,1.0,1.0,6.538314816033479e-07,18.559926107049588,19.56040695717855,4.459560634601441e-06,True
barcode_var_len,high,abs,100.0,0.9,40,10,10.0,0.03863351397358242,0,0,1.0,0.0,1.0,1.0,6.538314816033479e-07,20.222192321435973,20.89510736392527,4.459560634601441e-06,True
barcode_var_len,high,abs,0.0,1.0,40,10,0.0,0.0,0,0,1.0,0.0,1.0,1.0,6.405720270703382e-07,4.0,3.1158017373379647,4.459560634601441e-06,True
barcode_var_len,high,abs,5.0,1.0,40,10,2.2361,0.008640407025474134,0,0,1.0,0.0,1.0,1.0,6.538314816033479e-07,1.997256274630506,2.009796712335899,4.459560634601441e-06,True
barcode_var_len,high,abs,10.0,1.0,40,10,3.1622999999999997,0.012219292132130428,0,0,1.0,0.0,1.0,1.0,6.538314816033479e-07,2.613098030923603,2.8112273480438823,4.459560634601441e-06,True
barcode_var_len,high,abs,15.0,1.0,40,10,3.873,0.01496547399922245,0,0,1.0,0.0,1.0,1.0,6.538314816033479e-07,4.4954544378023575,4.589754003000349,4.459560634601441e-06,True
barcode_var_len,high,abs,20.0,1.0,40,10,4.472100000000001,0.017280427645732694,0,0,1.0,0.0,1.0,1.0,6.538314816033479e-07,4.453247352562235,4.992509082629556,4.459560634601441e-06,True
barcode_var_len,high,abs,25.0,1.0,40,10,5.0,0.019320260778753484,0,0,1.0,0.0,1.0,1.0,6.538314816033479e-07,5.054273848482992,5.58298471906631,4.459560634601441e-06,True
barcode_var_len,high,abs,30.0,1.0,40,10,5.477199999999999,0.021164186467477718,0,0,1.0,0.0,1.0,1.0,6.538314816033479e-07,6.322868432660002,6.431827477390819,4.459560634601441e-06,True
barcode_var_len,high,abs,35.0,1.0,40,10,5.916100000000001,0.022860118958636697,0,0,1.0,0.0,1.0,1.0,6.538314816033479e-07,8.326705683861418,8.613615874035332,4.459560634601441e-06,True
barcode_var_len,high,abs,40.0,1.0,40,10,6.324599999999999,0.024438584264260856,0,0,1.0,0.0,1.0,1.0,6.538314816033479e-07,8.931342630709805,8.84081037404695,4.459560634601441e-06,True
barcode_var_len,high,abs,45.0,1.0,40,10,6.708199999999998,0.025920834671206826,0,0,1.0,0.0,1.0,1.0,6.538314816033479e-07,9.69303041117794,10.986875488883154,4.459560634601441e-06,True
barcode_var_len,high,abs,50.0,1.0,40,10,7.0711,0.027323099198528756,0,0,1.0,0.0,1.0,1.0,6.538314816033479e-07,10.0210988481507,10.645677211597278,4.459560634601441e-06,True
barcode_var_len,high,abs,55.0,1.0,40,10,7.416200000000001,0.028656583597478316,0,0,1.0,0.0,1.0,1.0,6.538314816033479e-07,12.531733801793292,12.758585956110984,4.459560634601441e-06,True
barcode_var_len,high,abs,60.0,1.0,40,10,7.746,0.0299309479984449,0,0,1.0,0.0,1.0,1.0,6.538314816033479e-07,11.88542951505749,11.497109182999017,4.459560634601441e-06,True
barcode_var_len,high,abs,65.0,1.0,40,10,8.0623,0.031153147695308848,0,0,1.0,0.0,1.0,1.0,6.538314816033479e-07,12.77438243016448,13.910428921049967,4.459560634601441e-06,True
barcode_var_len,high,abs,70.0,1.0,40,10,8.3666,0.03232897876630378,0,0,1.0,0.0,1.0,1.0,6.538314816033479e-07,15.777148680342291,16.02304777373308,4.459560634601441e-06,True
barcode_var_len,high,abs,75.0,1.0,40,10,8.6603,0.03346385088444776,0,0,1.0,0.0,1.0,1.0,6.538314816033479e-07,15.242644137879443,15.495730195496911,4.459560634601441e-06,True
barcode_var_len,high,abs,80.0,1.0,40,10,8.9443,0.03456124169668096,0,0,1.0,0.0,1.0,1.0,6.538314816033479e-07,15.000401099014947,16.337196511347006,4.459560634601441e-06,True
barcode_var_len,high,abs,85.0,1.0,40,10,9.219499999999998,0.035624628849943545,0,0,1.0,0.0,1.0,1.0,6.538314816033479e-07,18.117798082190497,19.177339635134867,4.459560634601441e-06,True
barcode_var_len,high,abs,90.0,1.0,40,10,9.486800000000002,0.03665748999117571,0,0,1.0,0.0,1.0,1.0,6.538314816033479e-07,17.067293894795835,17.558724610668072,4.459560634601441e-06,True
barcode_var_len,high,abs,95.0,1.0,40,10,9.7468,0.0376621435516709,0,0,1.0,0.0,1.0,1.0,6.538314816033479e-07,19.94054755646397,20.401786295704923,4.459560634601441e-06,True
barcode_var_len,high,abs,100.0,1.0,40,10,10.0,0.03864052155750697,0,0,1.0,0.0,1.0,1.0,6.538314816033479e-07,19.39320906194887,21.203894866283036,4.459560634601441e-06,True
barcode_var_len,low,abs,0.0,0.1,40,10,0.0,0.0,0,0,0.5375,0.10422923503947293,0.33321069932263303,0.7417893006773669,0.19643596695002308,0.0,0.0,0.21800172943140986,False
barcode_var_len,low,abs,5.0,0.1,40,10,2.2361,0.13612211402106486,0,0,0.62875,0.10388026095490158,0.42514468852839293,0.8323553114716071,0.10647145764090815,2.9209160782850176,2.6670318979950913,0.12377306950755572,False
barcode_var_len,low,abs,10.0,0.1,40,10,3.1622999999999997,0.19250434290452728,0,0,0.6175,0.10417474428447085,0.41331750120243715,0.8216824987975629,0.1284401920585933,2.4829849400353443,2.2183354468078496,0.1472865334334054,False
barcode_var_len,low,abs,15.0,0.1,40,10,3.873,0.235768054918646,0,0,0.53125,0.10408822095511398,0.3272370869279766,0.7352629130720234,0.385065847546306,11.472173333923138,9.265959744319337,0.4069445888841643,False
barcode_var_len,low,abs,20.0,0.1,40,10,4.472100000000001,0.27223814056330403,0,0,0.6275,0.10391661476234981,0.42382343506579434,0.8311765649342056,0.10873137635613639,5.77551737644562,6.103531311617151,0.12624242198652538,False
barcode_var_len,low,abs,25.0,0.1,40,10,5.0,0.30437394128407685,0,0,0.5675,0.10461780831217558,0.3624490957081359,0.7725509042918641,0.2599221881114905,3.219011637812097,2.997718276524039,0.2836915318550882,False
barcode_var_len,low,abs,30.0,0.1,40,10,5.477199999999999,0.3334233902402291,0,0,0.53375,0.10414708940401293,0.32962170476813457,0.7378782952318653,0.3760262511508784,11.841351461109904,11.568701460301721,0.39875075663662135,False
barcode_var_len,low,abs,35.0,0.1,40,10,5.916100000000001,0.3601413348061454,0,0,0.3025,0.08518156729506515,0.1355441281016723,0.4694558718983277,0.9730937879696581,22.468581697556317,18.52187632452145,0.9741412516811432,False
barcode_var_len,low,abs,40.0,0.1,40,10,6.324599999999999,0.38500868580905456,0,0,0.61875,0.10414564118306853,0.4146245432811857,0.8228754567188143,0.12710332105184868,7.030634244431496,7.66514625134865,0.1459334426891596,False
barcode_var_len,low,abs,45.0,0.1,40,10,6.708199999999998,0.4083602545843688,0,0,0.3675,0.09326264881399986,0.18470520832456028,0.5502947916754397,0.9027870300752305,29.487512212143127,27.70981269923636,0.9086492835172775,False
barcode_var_len,low,abs,50.0,0.1,40,10,7.0711,0.43045171524276715,0,0,0.64875,0.10317296894918365,0.4465309808596001,0.8509690191404,0.07604841829814693,16.456001378813095,15.087054772331987,0.09149421606374727,False
barcode_var_len,low,abs,55.0,0.1,40,10,7.416200000000001,0.4514596046701942,0,0,0.6575,0.10278787025303673,0.45603577430404796,0.858964225695952,0.06477893921806628,10.704694230986206,11.346067405613946,0.07916480088410204,False
barcode_var_len,low,abs,60.0,0.1,40,10,7.746,0.471536109837292,0,0,0.7925,0.09019728931072543,0.6157133129509782,0.9692866870490218,0.002358050909866783,18.15108584204387,13.832864101195241,0.00366418366577563,False
barcode_var_len,low,abs,65.0,0.1,40,10,8.0623,0.4907908053629227,0,0,0.5575,0.10454169973827362,0.3525982685129837,0.7624017314870163,0.2926298094333816,14.039810518790771,14.14647811594794,0.3175611569758222,False
barcode_var_len,low,abs,70.0,0.1,40,10,8.3666,0.5093150034294714,0,0,0.5525,0.10448352506904578,0.34771229086467026,0.7572877091353297,0.30952470479269223,11.941096621147835,14.188003623050651,0.33432982050778604,False
barcode_var_len,low,abs,75.0,0.1,40,10,8.6603,0.5271939287404982,0,0,0.545,0.10437128333289815,0.3404322846675197,0.7495677153324805,0.33562344548737827,10.88791487976338,12.996724713943317,0.36084370439683444,False
barcode_var_len,low,abs,80.0,0.1,40,10,8.9443,0.5444823686054339,0,0,0.63625,0.10364287374080304,0.433109967468026,0.839390032531974,0.09496362659619689,21.53112254202296,18.915320190999093,0.11207636133815116,False
barcode_var_len,low,abs,85.0,0.1,40,10,9.219499999999998,0.5612351103337093,0,0,0.45,0.10041795997333237,0.2531807984522686,0.6468192015477314,0.6905595241863483,15.63237413581571,19.093135820812833,0.7057366565860482,False
barcode_var_len,low,abs,90.0,0.1,40,10,9.486800000000002,0.5775069412347561,0,0,0.5775,0.10463982499526966,0.37240594300927143,0.7825940569907286,0.22967690034248617,19.187284225214324,19.155299038944733,0.25278049386806173,False
barcode_var_len,low,abs,95.0,0.1,40,10,9.7468,0.5933343861815281,0,0,0.6375,0.10360008096728822,0.43444384130411506,0.8405561586958848,0.09309304658746442,19.632108173746072,17.154901315904265,0.11031362505434683,False
barcode_var_len,low,abs,100.0,0.1,40,10,10.0,0.6087478825681537,0,0,0.6,0.10448855029550913,0.3952024414208021,0.8047975585791979,0.16902741614470274,25.657645588828245,25.54925062994274,0.1887100804496681,False
barcode_var_len,low,abs,0.0,0.2,40,10,0.0,0.0,0,0,0.7,0.10023106787980358,0.5035471069555849,0.896452893044415,0.009911107659479017,0.0,0.0,0.013881521270053442,False
barcode_var_len,low,abs,5.0,0.2,40,10,2.2361,0.13553591570291915,0,0,0.635,0.1036847409839294,0.4317779076714984,0.8382220923285016,0.0972183257394823,1.367952152067042,1.2836450608493153,0.11430220346108538,False
barcode_var_len,low,abs,10.0,0.2,40,10,3.1622999999999997,0.19167533930832306,0,0,0.5675,0.10461780831217558,0.3624490957081359,0.7725509042918641,0.26020309319611856,2.950478720833668,3.1222619236519145,0.2836915318550882,False
barcode_var_len,low,abs,15.0,0.2,40,10,3.873,0.23475273982264028,0,0,0.7,0.10023106787980358,0.5035471069555849,0.896452893044415,0.026917724646079708,2.078597231916753,2.316865357881305,0.03525842805754103,False
barcode_var_len,low,abs,20.0,0.2,40,10,4.472100000000001,0.27106577014222294,0,0,0.4125,0.09759182042080232,0.22122003197522744,0.6037799680247725,0.8053813829689305,5.9062002856635605,6.133835361294046,0.8132515593497344,False
barcode_var_len,low,abs,25.0,0.2,40,10,5.0,0.3030631807676739,0,0,0.63,0.10384299287365496,0.42646773396763626,0.8335322660323637,0.10582184466544836,6.454804902254592,5.87165377057239,0.12317185924764328,False
barcode_var_len,low,abs,30.0,0.2,40,10,5.477199999999999,0.3319875307401407,0,0,0.64,0.1035117110210622,0.43711704639871807,0.842882953601282,0.08913953290126436,5.639027752843973,6.233702349544902,0.1058745409938389,False
barcode_var_len,low,abs,35.0,0.2,40,10,5.916100000000001,0.35859041674792713,0,0,0.4625,0.10120207701060373,0.2641439290592167,0.6608560709407834,0.6465156128997528,11.203057615736526,12.00861093653944,0.6621800881021698,False
barcode_var_len,low,abs,40.0,0.2,40,10,6.324599999999999,0.3833506786166461,0,0,0.5,0.1030776406404415,0.2979678243447347,0.7020321756552653,0.5048377671935131,12.321386949875908,11.632194960578168,0.527527105044907,False
barcode_var_len,low,abs,45.0,0.2,40,10,6.708199999999998,0.406601685845142,0,0,0.6625,0.10254670775208181,0.4615084528059196,0.8634915471940803,0.05886713684544527,7.795017878873937,9.180721112356153,0.07270443196051009,False
barcode_var_len,low,abs,50.0,0.2,40,10,7.0711,0.42859801150525983,0,0,0.65,0.10312081029138355,0.44788321182888824,0.8521167881711118,0.0744979868446957,12.256159266891157,11.789519760082435,0.08974498415228888,False
barcode_var_len,low,abs,55.0,0.2,40,10,7.416200000000001,0.44951543224184454,0,0,0.6675,0.10229000709854781,0.4670115860868463,0.8679884139131537,0.05338725643249419,11.459594325767812,11.511680356592539,0.06655515882335067,False
barcode_var_len,low,abs,60.0,0.2,40,10,7.746,0.46950547964528055,0,0,0.4275,0.09880745599469239,0.23383738625040293,0.621162613749597,0.7628437815740234,13.568187135594693,13.499198068378673,0.772815595712246,False
barcode_var_len,low,abs,65.0,0.2,40,10,8.0623,0.4886772564606436,0,0,0.485,0.10241356897482393,0.2842694048093451,0.6857305951906549,0.5626329726043753,15.532357624583634,16.93167015828564,0.5839828845112377,False
barcode_var_len,low,abs,70.0,0.2,40,10,8.3666,0.5071216816421642,0,0,0.3125,0.08656763028462335,0.14282744464213826,0.48217255535786174,0.9664604713851743,18.45867643774508,19.11541281410219,0.9695881751760648,False
barcode_var_len,low,abs,75.0,0.2,40,10,8.6603,0.5249236128804573,0,0,0.5325,0.10411806514317844,0.32842859231937027,0.7365714076806297,0.38088033374386693,14.461222537944495,17.775805831721172,0.40297919269828925,False
barcode_var_len,low,abs,80.0,0.2,40,10,8.9443,0.5421376015480612,0,0,0.305,0.08553301948775995,0.1373552818039905,0.4726447181960095,0.9715386987213032,20.48396976624559,22.76958706509415,0.9736325321237198,False
barcode_var_len,low,abs,85.0,0.2,40,10,9.219499999999998,0.558818199017514,0,0,0.535,0.1041752929843759,0.33081642575062326,0.7391835742493769,0.37167395095081923,16.64207857237354,20.267189182139496,0.3945853588861437,False
barcode_var_len,low,abs,90.0,0.2,40,10,9.486800000000002,0.5750199566613537,0,0,0.6775,0.10172935038490083,0.47811047324559436,0.8768895267544057,0.043644388198652406,14.063288938419122,15.069555490756962,0.054999025778789616,False
barcode_var_len,low,abs,95.0,0.2,40,10,9.7468,0.5907792420612729,0,0,0.665,0.10242030943937065,0.46425619349883357,0.8657438065011664,0.056074421612077506,15.311435370982304,17.21781526717649,0.06962511628735925,False
barcode_var_len,low,abs,100.0,0.2,40,10,10.0,0.6061263615353478,0,0,0.445,0.10008217192999323,0.24883894301721327,0.6411610569827868,0.7073656865287316,20.47258980934716,20.394030023315327,0.7213268513944302,False
barcode_var_len,low,abs,0.0,0.3,40,10,0.0,0.0,0,0,0.8875,0.07109188318924244,0.7481599089490848,1.0,5.7348960895793314e-05,0.0,0.0,0.00011852118585130617,False
barcode_var_len,low,abs,5.0,0.3,40,10,2.2361,0.13490829241970365,0,0,0.805,0.08828693143903175,0.6319576143794978,0.9780423856205023,0.00160536326768327,0.97455687259894,1.0679539816476928,0.002591992775946946,False
barcode_var_len,low,abs,10.0,0.3,40,10,3.1622999999999997,0.1907877523897987,0,0,0.64,0.1035117110210622,0.43711704639871807,0.842882953601282,0.08913953290126436,2.380935591337748,2.4389394850180395,0.1058745409938389,False
barcode_var_len,low,abs,15.0,0.3,40,10,3.873,0.2336656753014231,0,0,0.7925,0.09019728931072543,0.6157133129509782,0.9692866870490218,0.002360049479354411,2.342845562582876,2.684242946404649,0.00366418366577563,False
barcode_var_len,low,abs,20.0,0.3,40,10,4.472100000000001,0.2698105516435565,0,0,0.7925,0.09019728931072543,0.6157133129509782,0.9692866870490218,0.002360049479354411,3.163331460592214,3.697750319866628,0.00366418366577563,False
barcode_var_len,low,abs,25.0,0.3,40,10,5.0,0.3016597925399214,0,0,0.725,0.09816329969967588,0.5325999325886352,0.9174000674113647,0.014977161423005063,4.23784846062344,4.570922077777043,0.02060467473874957,False
barcode_var_len,low,abs,30.0,0.3,40,10,5.477199999999999,0.3304502031399315,0,0,0.405,0.09694142164930965,0.21499481356735312,0.5950051864326469,0.8247867027225253,6.385554364148047,7.1845139352212115,0.8319432033969073,False
barcode_var_len,low,abs,35.0,0.3,40,10,5.916100000000001,0.3569298997290858,0,0,0.8,0.08906926143924926,0.6254242475790714,0.9745757524209286,0.0018759532836208786,4.778730728583876,4.94165931428457,0.00298228470729473,False
barcode_var_len,low,abs,40.0,0.3,40,10,6.324599999999999,0.3815755047795974,0,0,0.6575,0.10278787025303673,0.45603577430404796,0.858964225695952,0.06477893921806628,9.364659684174612,9.50653634242393,0.07916480088410204,False
barcode_var_len,low,abs,45.0,0.3,40,10,6.708199999999998,0.40471884406326003,0,0,0.69,0.10093815147298531,0.49216122311294874,0.8878387768870512,0.03353952861482573,7.425200646978751,8.557857950133105,0.043082543662690514,False
barcode_var_len,low,abs,50.0,0.3,40,10,7.0711,0.4266133118058077,0,0,0.7325,0.09745604398391211,0.5414861537915323,0.9235138462084678,0.012433759386620398,11.14455957726856,9.815029236306408,0.01728459825045885,False
barcode_var_len,low,abs,55.0,0.3,40,10,7.416200000000001,0.447433870686913,0,0,0.6275,0.10391661476234981,0.42382343506579434,0.8311765649342056,0.11032436795292117,9.127417829460631,10.73882339720442,0.12777292926054382,False
barcode_var_len,low,abs,60.0,0.3,40,10,7.746,0.4673313506028462,0,0,0.595,0.10454645160131323,0.39008895486142603,0.7999110451385739,0.1815408617792153,11.659593927748338,12.043698422817592,0.2019533510223328,False
barcode_var_len,low,abs,65.0,0.3,40,10,8.0623,0.4864143490789216,0,0,0.4875,0.10253225085548641,0.28653678832324664,0.6884632116767533,0.5530593396267004,12.548641974214558,13.755224719920914,0.5753301855177084,False
barcode_var_len,low,abs,70.0,0.3,40,10,8.3666,0.5047733640529012,0,0,0.635,0.1036847409839294,0.4317779076714984,0.8382220923285016,0.0972183257394823,13.581408132713577,13.397461141847941,0.11430220346108538,False
barcode_var_len,low,abs,75.0,0.3,40,10,8.6603,0.5224928602666962,0,0,0.5675,0.10461780831217558,0.3624490957081359,0.7725509042918641,0.26020309319611856,13.200180340066904,15.29810858092535,0.2836915318550882,False
barcode_var_len,low,abs,80.0,0.3,40,10,8.9443,0.5396271364829638,0,0,0.615,0.10423025609183463,0.4107086980600041,0.8192913019399959,0.1348969960520694,14.173028981858684,16.386971965896706,0.15374289991228496,False
barcode_var_len,low,abs,85.0,0.3,40,10,9.219499999999998,0.556230491464361,0,0,0.695,0.10059296152465282,0.49783779541168044,0.8921622045883195,0.03007782245709806,14.774414492938224,14.58602895523243,0.03912220263650517,False
barcode_var_len,low,abs,90.0,0.3,40,10,9.486800000000002,0.5723572239735453,0,0,0.7225,0.09838994089077595,0.5296557158540791,0.915344284145921,0.015918934230272068,11.562018888347062,12.875294535620476,0.021867959873195012,False
barcode_var_len,low,abs,95.0,0.3,40,10,9.7468,0.5880435331856212,0,0,0.49,0.10264773609187769,0.28881043725991973,0.6911895627400803,0.5434546844954693,14.766149944917622,17.915363249128944,0.5666063414582808,False
barcode_var_len,low,abs,100.0,0.3,40,10,10.0,0.6033195850798428,0,0,0.67,0.10215578070786634,0.46977466981258204,0.8702253301874181,0.05080317248777835,11.024898532640126,13.336074133632263,0.06367513532834754,False
barcode_var_len,low,abs,0.0,0.4,40,10,0.0,0.0,0,0,0.9125,0.06370599684137335,0.7876362461909082,1.0,2.3327807184254443e-05,0.0,0.0,5.227677272616056e-05,True
barcode_var_len,low,abs,5.0,0.4,40,10,2.2361,0.13726821827259283,0,0,0.8825,0.0724161454466948,0.7405643549244781,1.0,0.00010836681688949641,1.0982428844425831,1.1229376793382262,0.0002117250834185539,False
barcode_var_len,low,abs,10.0,0.4,40,10,3.1622999999999997,0.19412516731962806,0,0,0.8025,0.08868117913105483,0.6286848889031325,0.9763151110968675,0.0017358655027570455,1.87088632301683,2.143648779988844,0.0027930015874810597,False
barcode_var_len,low,abs,15.0,0.4,40,10,3.873,0.23775314582073792,0,0,0.655,0.10290267238769485,0.4533107621201181,0.8566892378798819,0.06790279371556637,3.1331961961143384,3.475549767086588,0.08254849432088461,False
barcode_var_len,low,abs,20.0,0.4,40,10,4.472100000000001,0.2745302978117537,0,0,0.6875,0.10110454597232434,0.48933508989424435,0.8856649101057557,0.03538968432312426,5.166413253327413,4.835076823398291,0.04514733391015852,False
barcode_var_len,low,abs,25.0,0.4,40,10,5.0,0.3069366715991969,0,0,0.755,0.09507958205821124,0.568644019165906,0.941355980834094,0.006913308506855391,4.722425968034803,4.769220097292457,0.00998350452076943,False
barcode_var_len,low,abs,30.0,0.4,40,10,5.477199999999999,0.33623070753662426,0,0,0.765,0.09389499915239916,0.5809658016612976,0.9490341983387024,0.0052524500773918886,5.363976241356488,5.874368695372162,0.007716869781950168,False
barcode_var_len,low,abs,35.0,0.4,40,10,5.916100000000001,0.3631736085696018,0,0,0.8625,0.07728945925946673,0.7110126598514452,1.0,0.00022861273567770826,5.922534215829162,5.809970852308217,0.0004277864068013454,False
barcode_var_len,low,abs,40.0,0.4,40,10,6.324599999999999,0.3882503346392561,0,0,0.7075,0.0996564435326974,0.5121733706759131,0.902826629324087,0.022700564863871654,7.258481298242503,7.719058737942891,0.03015932189057234,False
barcode_var_len,low,abs,45.0,0.4,40,10,6.708199999999998,0.41179851608434653,0,0,0.8125,0.08706637188752604,0.641849911100449,0.983150088899551,0.0012656750851485791,6.128649841185879,6.751910187890214,0.0020833235914835017,False
barcode_var_len,low,abs,50.0,0.4,40,10,7.0711,0.4340759797090162,0,0,0.6425,0.10341961531998094,0.4397975539728373,0.8452024460271625,0.08529253629305056,10.32172072755954,10.282307560644877,0.10195637371791391,False
barcode_var_len,low,abs,55.0,0.4,40,10,7.416200000000001,0.45526074878279277,0,0,0.7775,0.09229675875203432,0.5965983528460127,0.9584016471539872,0.0036809028482900027,7.114231788686016,8.279396941895302,0.005521354272435004,False
barcode_var_len,low,abs,60.0,0.4,40,10,7.746,0.47550629164147584,0,0,0.6725,0.1020176098076545,0.4725454847769972,0.8724545152230028,0.04831967675915359,7.854198559859839,9.59093625405199,0.060644128726063215,False
barcode_var_len,low,abs,65.0,0.4,40,10,8.0623,0.49492310548684115,0,0,0.8525,0.0794981354765421,0.6966836544659776,1.0,0.00032765379104512157,8.376729133179976,8.475628477627692,0.000604599257285641,False
barcode_var_len,low,abs,70.0,0.4,40,10,8.3666,0.5136032713203682,0,0,0.6625,0.10254670775208181,0.4615084528059196,0.8634915471940803,0.05886713684544527,12.040039736034538,11.788336471874342,0.07270443196051009,False
barcode_var_len,low,abs,75.0,0.4,40,10,8.6603,0.531632731410105,0,0,0.885,0.07175972238441139,0.7443509441265537,1.0,9.846524797516955e-05,7.330896400708031,8.570814339949628,0.00019278459077243723,False
barcode_var_len,low,abs,80.0,0.4,40,10,8.9443,0.5490667343569394,0,0,0.85,0.08002868353293151,0.6931437802754542,1.0,0.00035800791626764355,10.384283662890445,9.524923090432571,0.0006567009114968609,False
barcode_var_len,low,abs,85.0,0.4,40,10,9.219499999999998,0.5659605287617592,0,0,0.7925,0.09019728931072543,0.6157133129509782,0.9692866870490218,0.002360049479354411,10.940565656062915,10.452268891124628,0.00366418366577563,False
barcode_var_len,low,abs,90.0,0.4,40,10,9.486800000000002,0.5823693632254523,0,0,0.635,0.1036847409839294,0.4317779076714984,0.8382220923285016,0.0972183257394823,14.552652731612165,13.664163384199986,0.11430220346108538,False
barcode_var_len,low,abs,95.0,0.4,40,10,9.7468,0.5983300701486105,0,0,0.7925,0.09019728931072543,0.6157133129509782,0.9692866870490218,0.002360049479354411,7.673129815409153,9.515977464962535,0.00366418366577563,False
barcode_var_len,low,abs,100.0,0.4,40,10,10.0,0.6138733431983938,0,0,0.805,0.08828693143903175,0.6319576143794978,0.9780423856205023,0.00160536326768327,11.938843004103733,11.77966784309017,0.002591992775946946,False
barcode_var_len,low,abs,0.0,0.5,40,10,0.0,0.0,0,0,0.925,0.059435712454553535,0.8085060035890751,1.0,1.457583187997784e-05,0.0,0.0,3.4684679766653545e-05,True
barcode_var_len,low,abs,5.0,0.5,40,10,2.2361,0.13544072004431557,0,0,0.925,0.059435712454553535,0.8085060035890751,1.0,1.9699265123654512e-05,0.8170256043493909,0.9282337950346635,4.4792950036671634e-05,True
barcode_var_len,low,abs,10.0,0.5,40,10,3.1622999999999997,0.19154071329374317,0,0,0.7025,0.10004379158036843,0.5064141685024779,0.8985858314975221,0.025444667696993273,2.387724741170053,2.6942423517463756,0.033565306323693256,False
barcode_var_len,low,abs,15.0,0.5,40,10,3.873,0.2345878577575396,0,0,0.825,0.08490067672827281,0.6585946736125853,0.9914053263874146,0.0008423307102951552,2.6088755872528915,2.659095657477507,0.0014217197106615141,False
barcode_var_len,low,abs,20.0,0.5,40,10,4.472100000000001,0.27087538308223413,0,0,0.7125,0.0992518454456427,0.5179663829265404,0.9070336170734596,0.02021023696544571,3.5796313778266047,3.750871752239938,0.02723988460560074,False
barcode_var_len,low,abs,25.0,0.5,40,10,5.0,0.3028503198522328,0,0,0.79,0.0905614715575096,0.6124995157472812,0.9675004842527188,0.002544965666936298,3.986255749130891,4.324558524202174,0.003925071426618171,False
barcode_var_len,low,abs,30.0,0.5,40,10,5.477199999999999,0.33175435437893,0,0,0.84,0.08206926536676863,0.6791442398811335,1.0,0.0005074601599518824,4.58966031591325,5.05740008977454,0.0009040956872705951,False
barcode_var_len,low,abs,35.0,0.5,40,10,5.916100000000001,0.358338555455559,0,0,0.7125,0.0992518454456427,0.5179663829265404,0.9070336170734596,0.02021023696544571,5.595821241942581,6.409829289506279,0.02723988460560074,False
barcode_var_len,low,abs,40.0,0.5,40,10,6.324599999999999,0.38308142658748634,0,0,0.7075,0.0996564435326974,0.5121733706759131,0.902826629324087,0.022700564863871654,6.205999970118159,6.8721433126452744,0.03015932189057234,False
barcode_var_len,low,abs,45.0,0.5,40,10,6.708199999999998,0.4063161031265497,0,0,0.5525,0.10448352506904578,0.34771229086467026,0.7572877091353297,0.30952470479269223,7.29749810940562,9.146298563609314,0.33432982050778604,False
barcode_var_len,low,abs,50.0,0.5,40,10,7.0711,0.4282969793414248,0,0,0.765,0.09389499915239916,0.5809658016612976,0.9490341983387024,0.0052524500773918886,8.429855592039198,8.551783451433067,0.007716869781950168,False
barcode_var_len,low,abs,55.0,0.5,40,10,7.416200000000001,0.44919970841762596,0,0,0.75,0.09564163020657601,0.5625424047951111,0.9374575952048889,0.007905930588734164,7.112949338288675,7.649951519013886,0.011276864183317137,False
barcode_var_len,low,abs,60.0,0.5,40,10,7.746,0.4691757155150792,0,0,0.8225,0.0853474056911907,0.6552190848452663,0.9897809151547338,0.0009148015225635345,6.90359938932271,7.900769475028853,0.0015329106594307875,False
barcode_var_len,low,abs,65.0,0.5,40,10,8.0623,0.48833402674893145,0,0,0.66,0.10266922163097905,0.45876832560328107,0.861231674396719,0.061767841353188316,12.847548335946236,12.751127601991463,0.07598424928368404,False
barcode_var_len,low,abs,70.0,0.5,40,10,8.3666,0.5067654972151383,0,0,0.6525,0.10301364640632465,0.45059325304360365,0.8544067469563963,0.07114172152652558,8.441841387548772,9.688097599394014,0.08592441690866076,False
barcode_var_len,low,abs,75.0,0.5,40,10,8.6603,0.5245549250032584,0,0,0.63,0.10384299287365496,0.42646773396763626,0.8335322660323637,0.10582184466544836,8.065483385989678,9.701675770286425,0.12317185924764328,False
barcode_var_len,low,abs,80.0,0.5,40,10,8.9443,0.5417568231708654,0,0,0.715,0.09904300409228223,0.5208757119791267,0.9091242880208732,0.019054538799948485,9.362176951796592,10.130777802305895,0.025831954932874768,False
barcode_var_len,low,abs,85.0,0.5,40,10,9.219499999999998,0.5584257047755322,0,0,0.605,0.10441661323243907,0.4003434380644194,0.8096565619355806,0.15708206425420418,12.2426113186474,13.110152214323007,0.17643275332899744,False
barcode_var_len,low,abs,90.0,0.5,40,10,9.486800000000002,0.5746160828748327,0,0,0.595,0.10454645160131323,0.39008895486142603,0.7999110451385739,0.1815408617792153,12.696678948380596,13.320974111718531,0.2019533510223328,False
barcode_var_len,low,abs,95.0,0.5,40,10,9.7468,0.5903642995071486,0,0,0.64,0.1035117110210622,0.43711704639871807,0.842882953601282,0.08913953290126436,13.194281334988142,13.567397513777621,0.1058745409938389,False
barcode_var_len,low,abs,100.0,0.5,40,10,10.0,0.6057006397044656,0,0,0.54,0.10427988507663306,0.33561142524979926,0.7443885747502008,0.3534843871002472,13.344784586767844,14.059681934427582,0.37742879449280126,False
barcode_var_len,low,abs,0.0,0.6,40,10,0.0,0.0,0,0,0.9375,0.05466568248721647,0.8303552623250557,1.0,8.916348125669238e-06,0.0,0.0,2.253316238280541e-05,True
barcode_var_len,low,abs,5.0,0.6,40,10,2.2361,0.13662712386213294,0,0,0.9725,0.03699385627789856,0.8999920416953189,1.0,2.417801838661637e-06,0.6698008387571525,0.7450950327816804,7.324285700180203e-06,True
barcode_var_len,low,abs,10.0,0.6,40,10,3.1622999999999997,0.19321852948849472,0,0,0.795,0.08982724159900035,0.6189386064659593,0.9710613935340408,0.002187380451294903,2.120852584676486,2.203058418200589,0.003447904779159762,False
barcode_var_len,low,abs,15.0,0.6,40,10,3.873,0.23664274885650952,0,0,0.7025,0.10004379158036843,0.5064141685024779,0.8985858314975221,0.025444667696993273,2.932762800247715,3.113970502581165,0.033565306323693256,False
barcode_var_len,low,abs,20.0,0.6,40,10,4.472100000000001,0.27324813766103695,0,0,0.9075,0.06529615537908832,0.7795195354569868,1.0,4.053683454445474e-05,2.8739555456514667,3.2075120535114285,8.626832065524692e-05,True
barcode_var_len,low,abs,25.0,0.6,40,10,5.0,0.30550316144656536,0,0,0.7525,0.09536308772017507,0.5655883480684568,0.9394116519315431,0.0073949541668976845,4.1759970664378026,4.706955737377351,0.010580472884945917,False
barcode_var_len,low,abs,30.0,0.6,40,10,5.477199999999999,0.3346603831750255,0,0,0.855,0.07895911185042043,0.700240140773176,1.0,0.00029970736220381725,4.387580856522833,4.614178346036319,0.0005552347546803786,False
barcode_var_len,low,abs,35.0,0.6,40,10,5.916100000000001,0.361477450686805,0,0,0.815,0.08664662470765618,0.6451726155729939,0.984827384427006,0.0011679661730172098,5.584394895073622,5.703263021218531,0.001932755410864778,False
barcode_var_len,low,abs,40.0,0.6,40,10,6.324599999999999,0.38643705897698943,0,0,0.71,0.09945631528229266,0.5150656220467064,0.9049343779532936,0.021424828797413028,5.775082956206445,6.528949870799687,0.02866919536920017,False
barcode_var_len,low,abs,45.0,0.6,40,10,6.708199999999998,0.40987526152316983,0,0,0.665,0.10242030943937065,0.46425619349883357,0.8657438065011664,0.056074421612077506,6.744427059780787,8.039116294966597,0.06962511628735925,False
barcode_var_len,low,abs,50.0,0.6,40,10,7.0711,0.4320486809809616,0,0,0.795,0.08982724159900035,0.6189386064659593,0.9710613935340408,0.002187380451294903,6.587446616581669,7.405379345601016,0.003447904779159762,False
barcode_var_len,low,abs,55.0,0.6,40,10,7.416200000000001,0.4531345091840035,0,0,0.805,0.08828693143903175,0.6319576143794978,0.9780423856205023,0.00160536326768327,6.555938967204963,7.115929216353736,0.002591992775946946,False
barcode_var_len,low,abs,60.0,0.6,40,10,7.746,0.47328549771301903,0,0,0.755,0.09507958205821124,0.568644019165906,0.941355980834094,0.006913308506855391,8.988174627497486,9.063887272192158,0.00998350452076943,False
barcode_var_len,low,abs,65.0,0.6,40,10,8.0623,0.49261162770612876,0,0,0.775,0.09262713591128943,0.5934508136138728,0.9565491863861273,0.003956435644328283,7.2906701228276285,7.986548501159717,0.005915570979461902,False
barcode_var_len,low,abs,70.0,0.6,40,10,8.3666,0.5112045501117668,0,0,0.81,0.08747961294069849,0.638539958636231,0.9814600413637691,0.0013708079025865675,7.170485238224158,8.036064854592633,0.0022405120376195217,False
barcode_var_len,low,abs,75.0,0.6,40,10,8.6603,0.5291498058151379,0,0,0.6575,0.10278787025303673,0.45603577430404796,0.858964225695952,0.06477893921806628,10.588694574269102,11.247958099872438,0.07916480088410204,False
barcode_var_len,low,abs,80.0,0.6,40,10,8.9443,0.5465023853853028,0,0,0.685,0.10126683952188238,0.4865169945371106,0.8834830054628895,0.03732271908511803,8.363133251056896,9.858287588873003,0.047353518075252066,False
barcode_var_len,low,abs,85.0,0.6,40,10,9.219499999999998,0.5633172793913218,0,0,0.6625,0.10254670775208181,0.4615084528059196,0.8634915471940803,0.05886713684544527,11.075667121531511,10.323149931900815,0.07270443196051009,False
barcode_var_len,low,abs,90.0,0.6,40,10,9.486800000000002,0.5796494784022552,0,0,0.615,0.10423025609183463,0.4107086980600041,0.8192913019399959,0.1348969960520694,11.909013173792149,12.33890826899225,0.15374289991228496,False
barcode_var_len,low,abs,95.0,0.6,40,10,9.7468,0.5955356427974766,0,0,0.6075,0.10437535241532397,0.40292430926596506,0.812075690734035,0.15132284238357258,9.792841740817916,11.944844067835323,0.17099665056709903,False
barcode_var_len,low,abs,100.0,0.6,40,10,10.0,0.6110063228931307,0,0,0.5575,0.10454169973827362,0.3525982685129837,0.7624017314870163,0.29263431347126845,13.037578315019836,14.307638109515011,0.3175611569758222,False
barcode_var_len,low,abs,0.0,0.7,40,10,0.0,0.0,0,0,0.95,0.049253353765432696,0.8534634266197518,1.0,5.363478079422491e-06,0.0,0.0,1.42180054949215e-05,True
barcode_var_len,low,abs,5.0,0.7,40,10,2.2361,0.13553240861621668,0,0,0.925,0.059435712454553535,0.8085060035890751,1.0,1.9699265123654512e-05,0.919606425206118,0.9242561365224037,4.4792950036671634e-05,True
barcode_var_len,low,abs,10.0,0.7,40,10,3.1622999999999997,0.19167037957473368,0,0,0.8325,0.08351803426985104,0.668804652831092,0.996195347168908,0.000655417493371522,1.798982297813399,2.0211278247022424,0.001132970759917315,False
barcode_var_len,low,abs,15.0,0.7,40,10,3.873,0.23474666543115574,0,0,0.875,0.07431983248097374,0.7293331283372915,1.0,0.00014397415867114637,2.3534187024785806,2.6349493469358753,0.00027550610609910727,False
barcode_var_len,low,abs,20.0,0.7,40,10,4.472100000000001,0.2710587561256575,0,0,0.9275,0.05852534927823359,0.8127903154146622,1.0,1.7729779558998625e-05,2.6927629478816884,3.0667448474138244,4.12217374746718e-05,True
barcode_var_len,low,abs,25.0,0.7,40,10,5.0,0.3030553387957084,0,0,0.905,0.06606839361879746,0.775505948507157,1.0,4.483810553584596e-05,3.706911987943118,3.723678128658345,9.391765348724491e-05,True
barcode_var_len,low,abs,30.0,0.7,40,10,5.477199999999999,0.33197894033037073,0,0,0.835,0.08304262107383252,0.6722364626952883,0.9977635373047117,0.000602169309140404,4.335601649714224,4.878149088997382,0.0010506894136971402,False
barcode_var_len,low,abs,35.0,0.7,40,10,5.916100000000001,0.358581137969858,0,0,0.8375,0.08255974063638206,0.6756829083526912,0.9993170916473089,0.0005529425115197598,5.355240582538034,5.443142401198683,0.0009757809026819291,False
barcode_var_len,low,abs,40.0,0.7,40,10,6.324599999999999,0.38334075914946736,0,0,0.7675,0.09358597014362194,0.5840714985185009,0.950928501481499,0.0048972035986814206,6.0349229122810994,6.7324203874196,0.007240698484536917,False
barcode_var_len,low,abs,45.0,0.7,40,10,6.708199999999998,0.40659116474187423,0,0,0.7425,0.09644791625891247,0.5534620841325316,0.9315379158674685,0.009629774245624972,6.523407257629938,7.123679642682115,0.013507828127347247,False
barcode_var_len,low,abs,50.0,0.7,40,10,7.0711,0.42858692123166675,0,0,0.92,0.06119776684378823,0.8000523769861752,1.0,2.4277915883066838e-05,4.791540202716206,5.596293769613515,5.388654360680706e-05,True
barcode_var_len,low,abs,55.0,0.7,40,10,7.416200000000001,0.4495038007153465,0,0,0.745,0.09618400183005803,0.5564793564130863,0.9335206435869137,0.009021796391471338,7.226339560829003,8.131293409177829,0.012693299007667693,False
barcode_var_len,low,abs,60.0,0.7,40,10,7.746,0.4694933308623115,0,0,0.7475,0.09591525384521943,0.55950610246337,0.9354938975366301,0.008447705157869634,7.9609669138067325,8.618861752640822,0.011957938807943318,False
barcode_var_len,low,abs,65.0,0.7,40,10,8.0623,0.48866461159452795,0,0,0.6975,0.10041411563398664,0.5006883333573862,0.8943116666426139,0.028461301278696855,8.792409137155706,8.29716483730748,0.037123436450474154,False
barcode_var_len,low,abs,70.0,0.7,40,10,8.3666,0.5071085595136346,0,0,0.6575,0.10278787025303673,0.45603577430404796,0.858964225695952,0.06477893921806628,9.51411085862561,9.020156939168062,0.07916480088410204,False
barcode_var_len,low,abs,75.0,0.7,40,10,8.6603,0.5249100301144947,0,0,0.54,0.10427988507663306,0.33561142524979926,0.7443885747502008,0.3534843871002472,9.24677013039354,9.709909596600815,0.37742879449280126,False
barcode_var_len,low,abs,80.0,0.7,40,10,8.9443,0.5421235733580909,0,0,0.5525,0.10448352506904578,0.34771229086467026,0.7572877091353297,0.30952470479269223,12.166488702684564,11.478652430122004,0.33432982050778604,False
barcode_var_len,low,abs,85.0,0.7,40,10,9.219499999999998,0.5588037392054066,0,0,0.575,0.10463942219806482,0.3699067324917929,0.7800932675082071,0.23715621842597662,8.368162971275652,9.827218740029492,0.2607036443689814,False
barcode_var_len,low,abs,90.0,0.7,40,10,9.486800000000002,0.5750050776174253,0,0,0.475,0.10190693819274499,0.2752624011422198,0.6747375988577802,0.6005080727488906,15.424088477420982,15.490585895919002,0.6181825125690994,False
barcode_var_len,low,abs,95.0,0.7,40,10,9.7468,0.5907639552348022,0,0,0.5425,0.10432723669707619,0.3380186160737306,0.7469813839262693,0.3445105797089024,10.52193900992239,10.343543559894913,0.3691184782595383,False
barcode_var_len,low,abs,100.0,0.7,40,10,10.0,0.6061106775914168,0,0,0.44,0.09973374811376796,0.2445218536970148,0.6354781463029853,0.723814930237158,13.490102568194676,13.97692848298349,0.735680748765636,False
barcode_var_len,low,abs,0.0,0.8,40,10,0.0,0.0,0,0,0.95,0.049253353765432696,0.8534634266197518,1.0,5.366150460986502e-06,0.0,0.0,1.42180054949215e-05,True
barcode_var_len,low,abs,5.0,0.8,40,10,2.2361,0.1363504790620606,0,0,0.885,0.07175972238441139,0.7443509441265537,1.0,9.846524797516955e-05,0.9638970937000412,1.0830094523249936,0.00019278459077243723,False
barcode_var_len,low,abs,10.0,0.8,40,10,3.1622999999999997,0.192827297499197,0,0,0.93,0.05759422016493448,0.8171153284767285,1.0,1.5948230628176892e-05,1.5195343670304295,1.5940728465125265,3.7548998694188634e-05,True
barcode_var_len,low,abs,15.0,0.8,40,10,3.873,0.23616359080871197,0,0,0.87,0.07553696919964208,0.7219475403687016,1.0,0.00017351414622119286,2.7184787690314134,2.6744897371903926,0.0003286520488507319,False
barcode_var_len,low,abs,20.0,0.8,40,10,4.472100000000001,0.27269486043264674,0,0,0.815,0.08664662470765618,0.6451726155729939,0.984827384427006,0.0011679661730172098,3.5385309715322317,3.725147438598351,0.001932755410864778,False
barcode_var_len,low,abs,25.0,0.8,40,10,5.0,0.3048845737267131,0,0,0.9075,0.06529615537908832,0.7795195354569868,1.0,4.053683454445474e-05,3.718857121139364,4.208487822352158,8.626832065524692e-05,True
barcode_var_len,low,abs,30.0,0.8,40,10,5.477199999999999,0.33398275744319056,0,0,0.905,0.06606839361879746,0.775505948507157,1.0,4.483810553584596e-05,3.496182861733468,3.8339967438277647,9.391765348724491e-05,True
barcode_var_len,low,abs,35.0,0.8,40,10,5.916100000000001,0.3607455253249215,0,0,0.8,0.08906926143924926,0.6254242475790714,0.9745757524209286,0.0018759532836208786,6.506079092617956,6.276568046958548,0.00298228470729473,False
barcode_var_len,low,abs,40.0,0.8,40,10,6.324599999999999,0.385654594998394,0,0,0.7625,0.09419882489169804,0.5778703032122718,0.9471296967877281,0.005630440038165956,4.857182838129744,5.948426241536913,0.00822026567581529,False
barcode_var_len,low,abs,45.0,0.8,40,10,6.708199999999998,0.40904533949470734,0,0,0.81,0.08747961294069849,0.638539958636231,0.9814600413637691,0.0013708079025865675,6.814795542287771,6.786838102730742,0.0022405120376195217,False
barcode_var_len,low,abs,50.0,0.8,40,10,7.0711,0.4311738618557922,0,0,0.83,0.08398610308091921,0.6653872379613983,0.9946127620386016,0.0007129817057278396,6.668078123918511,6.4447851498091,0.0012233818935920495,False
barcode_var_len,low,abs,55.0,0.8,40,10,7.416200000000001,0.4522169951344099,0,0,0.775,0.09262713591128943,0.5934508136138728,0.9565491863861273,0.003956435644328283,6.114021085626328,6.1635020440372585,0.005915570979461902,False
barcode_var_len,low,abs,60.0,0.8,40,10,7.746,0.47232718161742393,0,0,0.685,0.10126683952188238,0.4865169945371106,0.8834830054628895,0.03732271908511803,6.555888705522511,7.364928807086418,0.047353518075252066,False
barcode_var_len,low,abs,65.0,0.8,40,10,8.0623,0.49161417975137583,0,0,0.565,0.1046038311681622,0.35997649091040207,0.7700235090895978,0.26813415312869193,9.008908051174243,9.575723969970241,0.29165469287682283,False
barcode_var_len,low,abs,70.0,0.8,40,10,8.3666,0.5101694549083835,0,0,0.545,0.10437128333289815,0.3404322846675197,0.7495677153324805,0.33562344548737827,10.131289440793587,10.335194206454407,0.36084370439683444,False
barcode_var_len,low,abs,75.0,0.8,40,10,8.6603,0.5280783747690905,0,0,0.57,0.10462840496051934,0.36492832627738203,0.7750716737226179,0.25239469991656005,8.951116529345011,9.816602138984617,0.27647475962591384,False
barcode_var_len,low,abs,80.0,0.8,40,10,8.9443,0.545395818556768,0,0,0.485,0.10241356897482393,0.2842694048093451,0.6857305951906549,0.5626329726043753,15.258810736341244,14.201786622327049,0.5839828845112377,False
barcode_var_len,low,abs,85.0,0.8,40,10,9.219499999999998,0.5621766654946863,0,0,0.5025,0.1031770889832045,0.3002729055929191,0.7047270944070808,0.49516223280648686,13.188754090857383,12.428821556186708,0.5185820681419288,False
barcode_var_len,low,abs,90.0,0.8,40,10,9.486800000000002,0.5784757948061163,0,0,0.5725,0.10463561252043199,0.3674141994599533,0.7775858005400467,0.24471159663245362,10.689645969798006,10.135961223823278,0.26869159960824307,False
barcode_var_len,low,abs,95.0,0.8,40,10,9.7468,0.5943297926399054,0,0,0.465,0.10134939792536357,0.26635518006628744,0.6636448199337126,0.6374596154080694,14.516758733059046,14.978868908628002,0.6543459628360977,False
barcode_var_len,low,abs,100.0,0.8,40,10,10.0,0.6097691474534263,0,0,0.48,0.10216662818480159,0.27975340875778887,0.6802465912422111,0.5816651910736634,16.199261375260104,15.532469043159,0.6010540307761189,False
barcode_var_len,low,abs,0.0,0.9,40,10,0.0,0.0,0,0,0.9625,0.04295969827343276,0.8782989913840719,1.0,3.171362397032853e-06,0.0,0.0,9.188059281123219e-06,True
barcode_var_len,low,abs,5.0,0.9,40,10,2.2361,0.13635117794972912,0,0,0.8375,0.08255974063638206,0.6756829083526912,0.9993170916473089,0.0005529425115197598,1.3573779239694157,1.2754264001874729,0.0009757809026819291,False
barcode_var_len,low,abs,10.0,0.9,40,10,3.1622999999999997,0.1928282858684443,0,0,0.9375,0.05466568248721647,0.8303552623250557,1.0,1.15684232496683e-05,1.3866838374162815,1.5111773475661954,2.831219374260926e-05,True
barcode_var_len,low,abs,15.0,0.9,40,10,3.873,0.23616480130553236,0,0,0.8975,0.06829977543582832,0.7636324401457765,1.0,6.047572046107024e-05,2.428327123689812,2.523379106471074,0.0001236097143490007,False
barcode_var_len,low,abs,20.0,0.9,40,10,4.472100000000001,0.27269625817672893,0,0,0.9225,0.060326234517198346,0.8042605803462912,1.0,2.1875232572411636e-05,2.6782040093750203,3.055087386849287,4.9140015198895704e-05,True
barcode_var_len,low,abs,25.0,0.9,40,10,5.0,0.30488613646466867,0,0,0.8975,0.06829977543582832,0.7636324401457765,1.0,6.047572046107024e-05,3.2839373386296704,3.891723146496819,0.0001236097143490007,False
barcode_var_len,low,abs,30.0,0.9,40,10,5.477199999999999,0.33398446932885667,0,0,0.875,0.07431983248097374,0.7293331283372915,1.0,0.00014397415867114637,4.293779101629833,4.8099439904568015,0.00027550610609910727,False
barcode_var_len,low,abs,35.0,0.9,40,10,5.916100000000001,0.3607473743877253,0,0,0.92,0.06119776684378823,0.8000523769861752,1.0,2.4277915883066838e-05,4.014945426185783,4.114685257357131,5.388654360680706e-05,True
barcode_var_len,low,abs,40.0,0.9,40,10,6.324599999999999,0.3856565717368886,0,0,0.885,0.07175972238441139,0.7443509441265537,1.0,9.846524797516955e-05,4.327626634602359,5.302616124908934,0.00019278459077243723,False
barcode_var_len,low,abs,45.0,0.9,40,10,6.708199999999998,0.409047436126458,0,0,0.7625,0.09419882489169804,0.5778703032122718,0.9471296967877281,0.005630440038165956,5.504363254138533,6.166976726217481,0.00822026567581529,False
barcode_var_len,low,abs,50.0,0.9,40,10,7.0711,0.4311760719110637,0,0,0.785,0.09127251511834561,0.6061058703680426,0.9638941296319574,0.0029545854695520483,5.842457398420696,6.523371385011142,0.004511928549562241,False
barcode_var_len,low,abs,55.0,0.9,40,10,7.416200000000001,0.4522193130498551,0,0,0.745,0.09618400183005803,0.5564793564130863,0.9335206435869137,0.009021796391471338,5.960904606527234,6.658932438611462,0.012693299007667693,False
barcode_var_len,low,abs,60.0,0.9,40,10,7.746,0.4723296026110647,0,0,0.7425,0.09644791625891247,0.5534620841325316,0.9315379158674685,0.009629774245624972,7.482317369444425,7.699636634264239,0.013507828127347247,False
barcode_var_len,low,abs,65.0,0.9,40,10,8.0623,0.4916166996038196,0,0,0.545,0.10437128333289815,0.3404322846675197,0.7495677153324805,0.33562344548737827,9.82108198926862,9.63163183769629,0.36084370439683444,False
barcode_var_len,low,abs,70.0,0.9,40,10,8.3666,0.5101720698690593,0,0,0.6025,0.10445434194636868,0.3977694897851174,0.8072305102148827,0.16298360194057732,6.596568513669255,7.037141394753749,0.18284047021078034,False
barcode_var_len,low,abs,75.0,0.9,40,10,8.6603,0.5280810815249939,0,0,0.4525,0.1005811124822973,0.2553610195346973,0.6496389804653027,0.6818736010468446,11.281719804599476,11.554541068792215,0.6976264565165736,False
barcode_var_len,low,abs,80.0,0.9,40,10,8.9443,0.5453986140761873,0,0,0.4225,0.09841485863105537,0.22960687708313146,0.6153931229168685,0.7775625703786389,10.693630391633524,11.739481883798787,0.7860143374479719,False
barcode_var_len,low,abs,85.0,0.9,40,10,9.219499999999998,0.5621795470272025,0,0,0.51,0.1034561024278477,0.30722603924141856,0.7127739607585815,0.4661754271525539,11.476046716385238,11.64061420352438,0.49043342449307137,False
barcode_var_len,low,abs,90.0,0.9,40,10,9.486800000000002,0.5784787598826037,0,0,0.4825,0.10229169370950249,0.2820082803293751,0.6829917196706249,0.5721700721934357,9.999112810603394,10.970602578731716,0.5932198072908531,False
barcode_var_len,low,abs,95.0,0.9,40,10,9.7468,0.5943328389787665,0,0,0.4275,0.09880745599469239,0.23383738625040293,0.621162613749597,0.7628437815740234,11.633692404496731,13.052524402503506,0.772815595712246,False
barcode_var_len,low,abs,100.0,0.9,40,10,10.0,0.6097722729293373,0,0,0.4225,0.09841485863105537,0.22960687708313146,0.6153931229168685,0.7775625703786389,21.6653067585,20.150763455342823,0.7860143374479719,False
barcode_var_len,low,abs,0.0,1.0,40,10,0.0,0.0,0,0,0.9625,0.04295969827343276,0.8782989913840719,1.0,3.171362397032853e-06,0.0,0.0,9.188059281123219e-06,True
barcode_var_len,low,abs,5.0,1.0,40,10,2.2361,0.13609915340210135,0,0,0.935,0.05566554073401402,0.8258955401613326,1.0,1.2882436923605882e-05,0.9243342737854092,0.9214353455474691,3.103799569677065e-05,True
barcode_var_len,low,abs,10.0,1.0,40,10,3.1622999999999997,0.1924718719214101,0,0,0.905,0.06606839361879746,0.775505948507157,1.0,4.483810553584596e-05,1.5770985520082874,1.740399383366096,9.391765348724491e-05,True
barcode_var_len,low,abs,15.0,1.0,40,10,3.873,0.23572828635854326,0,0,0.7775,0.09229675875203432,0.5965983528460127,0.9584016471539872,0.0036809028482900027,2.5260421498048884,2.7787901043175824,0.005521354272435004,False
barcode_var_len,low,abs,20.0,1.0,40,10,4.472100000000001,0.27219222035219237,0,0,0.8675,0.07613067315792804,0.7182838806104611,1.0,0.00019032591288338009,2.9864814610483683,3.2939675922363234,0.0003583058683836913,False
barcode_var_len,low,abs,25.0,1.0,40,10,5.0,0.3043226005145149,0,0,0.865,0.07671476613521841,0.7146390583749719,1.0,0.00020865063868642314,3.313087012246553,3.903978290801385,0.0003920102908654011,False
barcode_var_len,low,abs,30.0,1.0,40,10,5.477199999999999,0.33336714950762014,0,0,0.845,0.08106499473637233,0.6861126103167102,1.0,0.00042670433584312753,4.178527046447599,4.576659104882531,0.0007765851904777077,False
barcode_var_len,low,abs,35.0,1.0,40,10,5.916100000000001,0.3600805873807843,0,0,0.8,0.08906926143924926,0.6254242475790714,0.9745757524209286,0.0018759532836208786,6.213828860534948,6.036525322402353,0.00298228470729473,False
barcode_var_len,low,abs,40.0,1.0,40,10,6.324599999999999,0.3849437438428202,0,0,0.79,0.0905614715575096,0.6124995157472812,0.9675004842527188,0.002544965666936298,5.9554420037155404,5.928842619611054,0.003925071426618171,False
barcode_var_len,low,abs,45.0,1.0,40,10,6.708199999999998,0.40829137375429375,0,0,0.8375,0.08255974063638206,0.6756829083526912,0.9993170916473089,0.0005529425115197598,4.35068052969308,5.438661169767965,0.0009757809026819291,False
barcode_var_len,low,abs,50.0,1.0,40,10,7.0711,0.4303791080996372,0,0,0.8075,0.08788643728693103,0.6352425829176152,0.9797574170823848,0.0014838621734863265,5.913922867370831,6.047773773264641,0.0024125731142347613,False
barcode_var_len,low,abs,55.0,1.0,40,10,7.416200000000001,0.451383453987149,0,0,0.69,0.10093815147298531,0.49216122311294874,0.8878387768870512,0.03353952861482573,6.589701445302659,7.294596753336114,0.043082543662690514,False
barcode_var_len,low,abs,60.0,1.0,40,10,7.746,0.4714565727170865,0,0,0.7,0.10023106787980358,0.5035471069555849,0.896452893044415,0.026917724646079708,5.481897449601547,6.325571171014527,0.03525842805754103,False
barcode_var_len,low,abs,65.0,1.0,40,10,8.0623,0.4907080204256347,0,0,0.6325,0.10376570656366776,0.4291192151352111,0.8358807848647888,0.10145366950933238,8.131049905340312,8.470975220366746,0.11883112423637168,False
barcode_var_len,low,abs,70.0,1.0,40,10,8.3666,0.5092290938929481,0,0,0.645,0.10332377769889893,0.4424853957101581,0.8475146042898419,0.08157128836298416,7.960104334472928,8.274841857012131,0.09775940486800938,False
barcode_var_len,low,abs,75.0,1.0,40,10,8.6603,0.5271050034471706,0,0,0.5025,0.1031770889832045,0.3002729055929191,0.7047270944070808,0.49516223280648686,9.237114997620196,10.211629292142554,0.5185820681419288,False
barcode_var_len,low,abs,80.0,1.0,40,10,8.9443,0.544390527156395,0,0,0.48,0.10216662818480159,0.27975340875778887,0.6802465912422111,0.5816651910736634,11.481579752497469,12.40209420797613,0.6010540307761189,False
barcode_var_len,low,abs,85.0,1.0,40,10,9.219499999999998,0.561140443088714,0,0,0.445,0.10008217192999323,0.24883894301721327,0.6411610569827868,0.7073656865287316,11.13184711192192,11.345552179160695,0.7213268513944302,False
barcode_var_len,low,abs,90.0,1.0,40,10,9.486800000000002,0.57740952931222,0,0,0.5,0.1030776406404415,0.2979678243447347,0.7020321756552653,0.5048377671935131,14.38017940433846,12.97739269838836,0.527527105044907,False
barcode_var_len,low,abs,95.0,1.0,40,10,9.7468,0.5932343045389747,0,0,0.37,0.09353009348091045,0.18668101677741553,0.5533189832225844,0.8985463304906676,14.900827857857092,16.353806659581156,0.9053608747089067,False
barcode_var_len,low,abs,100.0,1.0,40,10,10.0,0.6086452010290297,0,0,0.355,0.09187763446397113,0.17491983645061657,0.5350801635493834,0.9220262046070101,13.685029702323948,16.100576010043643,0.9260090391841462,False
barcode_var_len,mid,abs,0.0,0.1,40,10,0.0,0.0,0,0,0.6625,0.10254670775208181,0.4615084528059196,0.8634915471940803,0.02124096944728795,0.0,0.0,0.028546389575112418,False
barcode_var_len,mid,abs,5.0,0.1,40,10,2.2361,0.02983787430320628,0,0,0.625,0.10398658676614368,0.4211862899383584,0.8288137100616416,0.08449186838820294,3.377319650427125,2.68876633828624,0.1011292633217873,False
barcode_var_len,mid,abs,10.0,0.1,40,10,3.1622999999999997,0.04219682031618856,0,0,0.63,0.10384299287365496,0.42646773396763626,0.8335322660323637,0.09432667850565624,2.6101652532815933,2.1448596058065537,0.11146608768775133,False
barcode_var_len,mid,abs,15.0,0.1,40,10,3.873,0.05168019640280753,0,0,0.63,0.10384299287365496,0.42646773396763626,0.8335322660323637,0.09432667850565624,1.8270786651228264,1.5701280179350576,0.11146608768775133,False
barcode_var_len,mid,abs,20.0,0.1,40,10,4.472100000000001,0.05967441423521704,0,0,0.51625,0.10366639685118362,0.31306386217168014,0.7194361378283198,0.43954063374575125,8.87693327373404,10.044892799034994,0.46293634131772216,False
barcode_var_len,mid,abs,25.0,0.1,40,10,5.0,0.06671855977641043,0,0,0.465,0.10134939792536357,0.26635518006628744,0.6636448199337126,0.6434355365167608,12.513624151524304,12.641250273308758,0.6597519834185088,False
barcode_var_len,mid,abs,30.0,0.1,40,10,5.477199999999999,0.07308617912147106,0,0,0.5975,0.10451924976700089,0.3926422704566783,0.8023577295433217,0.1659412960795955,8.441955602075419,7.930096079351797,0.18571047575694805,False
barcode_var_len,mid,abs,35.0,0.1,40,10,5.916100000000001,0.07894273429864436,0,0,0.655,0.10290267238769485,0.4533107621201181,0.8566892378798819,0.06158116686086079,6.649158551254206,5.786755939232735,0.07595555063740124,False
barcode_var_len,mid,abs,40.0,0.1,40,10,6.324599999999999,0.08439364063237711,0,0,0.4825,0.10229169370950249,0.2820082803293751,0.6829917196706249,0.5759106194052575,8.972390350313313,8.632483575220792,0.5964330468228167,False
barcode_var_len,mid,abs,45.0,0.1,40,10,6.708199999999998,0.0895122885384233,0,0,0.53875,0.10425497195628093,0.3344102549656893,0.7430897450343106,0.355731249892805,11.30091186532809,13.132194209500955,0.3793922733948494,False
barcode_var_len,mid,abs,50.0,0.1,40,10,7.0711,0.09435472160699518,0,0,0.54375,0.10434967355522622,0.33922463983175655,0.7482753601682434,0.33753073406124146,11.97598928469597,11.559582996163698,0.3624752686800861,False
barcode_var_len,mid,abs,55.0,0.1,40,10,7.416200000000001,0.09895963660276302,0,0,0.50875,0.10341161704526848,0.3060632305912738,0.7114367694087262,0.47067674134405035,23.450523433790497,19.82707524807664,0.4946094570056122,False
barcode_var_len,mid,abs,60.0,0.1,40,10,7.746,0.10336039280561506,0,0,0.57125,0.10463243292139492,0.366170431474066,0.776329568525934,0.24768076610379414,27.214027656666985,24.644953885034063,0.27163102886383084,False
barcode_var_len,mid,abs,65.0,0.1,40,10,8.0623,0.10758100889707078,0,0,0.50625,0.10332022439563983,0.3037423601845459,0.708757639815454,0.48044136673611765,35.89953463391026,32.60013041166623,0.5043007574092432,False
barcode_var_len,mid,abs,70.0,0.1,40,10,8.3666,0.11164150044506313,0,0,0.4975,0.10297497730181798,0.2956690444884368,0.6993309555115632,0.5146389000567079,24.793317247090272,23.44382286210764,0.5371651818773718,False
barcode_var_len,mid,abs,75.0,0.1,40,10,8.6603,0.11556054864632946,0,0,0.6475,0.10322418164527133,0.44518060397526815,0.8498193960247318,0.07687822357975052,10.443454133427622,10.68029541851956,0.09237305934001032,False
barcode_var_len,mid,abs,80.0,0.1,40,10,8.9443,0.1193501628416296,0,0,0.35875,0.0923015138088224,0.17783903293470812,0.5396609670652919,0.9167620057240302,39.567084810802726,34.79670298779746,0.9217174760252412,False
barcode_var_len,mid,abs,85.0,0.1,40,10,9.219499999999998,0.12302235237172322,0,0,0.28625,0.08281632734734108,0.12392999839921148,0.4485700016007885,0.9825265357732721,32.734920047253475,30.745034125730065,0.9825265357732721,False
barcode_var_len,mid,abs,90.0,0.1,40,10,9.486800000000002,0.12658912657737012,0,0,0.5325,0.10411806514317844,0.32842859231937027,0.7365714076806297,0.3798577809264441,23.88568744901568,23.84852953931123,0.4023550526897415,False
barcode_var_len,mid,abs,95.0,0.1,40,10,9.7468,0.13005849168574346,0,0,0.535,0.1041752929843759,0.33081642575062326,0.7391835742493769,0.37101495736418577,6.093193985136977,8.183378032014456,0.3945853588861437,False
barcode_var_len,mid,abs,100.0,0.1,40,10,10.0,0.13343711955282087,0,0,0.5875,0.1046071800783166,0.3824699270464995,0.7925300729535005,0.2006871915210885,18.713353726328933,17.939853938540494,0.22192519395316562,False
barcode_var_len,mid,abs,0.0,0.2,40,10,0.0,0.0,0,0,0.9375,0.05466568248721647,0.8303552623250557,1.0,8.916348125669238e-06,0.0,0.0,2.253316238280541e-05,True
barcode_var_len,mid,abs,5.0,0.2,40,10,2.2361,0.02910758528512501,0,0,0.97375,0.036168166907014895,0.9028603928622508,1.0,2.280456945846382e-06,0.8722990163498455,0.9280371546352458,7.164949187963295e-06,True
barcode_var_len,mid,abs,10.0,0.2,40,10,3.1622999999999997,0.04116404317658013,0,0,0.8625,0.07728945925946673,0.7110126598514452,1.0,0.00022861273567770826,3.900292062300196,3.7716582169423876,0.0004277864068013454,False
barcode_var_len,mid,abs,15.0,0.2,40,10,3.873,0.05041531139452134,0,0,0.8725,0.07493343300152697,0.7256304713170072,1.0,0.00015809949269810785,5.266292944200061,5.491799793313706,0.0003019148423187686,False
barcode_var_len,mid,abs,20.0,0.2,40,10,4.472100000000001,0.05821386885810453,0,0,0.7925,0.09019728931072543,0.6157133129509782,0.9692866870490218,0.002360049479354411,5.092049619760246,5.059715420339449,0.00366418366577563,False
barcode_var_len,mid,abs,25.0,0.2,40,10,5.0,0.06508560727410448,0,0,0.8375,0.08255974063638206,0.6756829083526912,0.9993170916473089,0.0005529425115197598,7.90581489406112,7.60449840427751,0.0009757809026819291,False
barcode_var_len,mid,abs,30.0,0.2,40,10,5.477199999999999,0.071297377632345,0,0,0.7875,0.09091985771966847,0.6092970788694498,0.9657029211305501,0.0027428812375411777,15.35436910298922,13.841230391022432,0.004195525577160025,False
barcode_var_len,mid,abs,35.0,0.2,40,10,5.916100000000001,0.07701059223886592,0,0,0.8,0.08906926143924926,0.6254242475790714,0.9745757524209286,0.0018759532836208786,8.029544495239152,9.592922402185394,0.00298228470729473,False
barcode_var_len,mid,abs,40.0,0.2,40,10,6.324599999999999,0.08232808635316026,0,0,0.8525,0.0794981354765421,0.6966836544659776,1.0,0.00032765379104512157,10.18033848476665,9.98233981466695,0.000604599257285641,False
barcode_var_len,mid,abs,45.0,0.2,40,10,6.708199999999998,0.08732145414322952,0,0,0.8425,0.08157106268298436,0.6826207171413506,1.0,0.0004654621431825035,11.245817993442264,10.927369126490856,0.0008372916695546001,False
barcode_var_len,mid,abs,50.0,0.2,40,10,7.0711,0.09204536751918402,0,0,0.77,0.09327168583810558,0.5871874957573131,0.9528125042426869,0.004563528464786798,21.290524842378527,17.827619105055355,0.006779682863021921,False
barcode_var_len,mid,abs,55.0,0.2,40,10,7.416200000000001,0.09653757613324272,0,0,0.6175,0.10417474428447085,0.41331750120243715,0.8216824987975629,0.12970417016075136,21.00044629249088,22.647451818159738,0.14818781111732035,False
barcode_var_len,mid,abs,60.0,0.2,40,10,7.746,0.10083062278904267,0,0,0.765,0.09389499915239916,0.5809658016612976,0.9490341983387024,0.0052524500773918886,14.300579628199817,14.040819023492446,0.007716869781950168,False
barcode_var_len,mid,abs,65.0,0.2,40,10,8.0623,0.10494793830520253,0,0,0.76,0.09449749798856956,0.5747849039424037,0.9452150960575963,0.006032393056385331,18.25243907156161,18.90689450773249,0.008779539190044377,False
barcode_var_len,mid,abs,70.0,0.2,40,10,8.3666,0.10890904836390451,0,0,0.62,0.10411563774258063,0.41593335002454196,0.8240666499754581,0.12465145155433832,22.72577066538333,25.408368839218483,0.1432952409709946,False
barcode_var_len,mid,abs,75.0,0.2,40,10,8.6603,0.11273217693518539,0,0,0.63,0.10384299287365496,0.42646773396763626,0.8335322660323637,0.10582184466544836,17.410975150552687,21.093357326634695,0.12317185924764328,False
barcode_var_len,mid,abs,80.0,0.2,40,10,8.9443,0.11642903942835453,0,0,0.6975,0.10041411563398664,0.5006883333573862,0.8943116666426139,0.028461301278696855,34.94568216436294,34.961176541225846,0.037123436450474154,False
barcode_var_len,mid,abs,85.0,0.2,40,10,9.219499999999998,0.12001135125272126,0,0,0.6125,0.10428218623318157,0.40810691498296414,0.816893085017036,0.140230676047787,25.571909174985898,24.710048303300944,0.15943096421080918,False
barcode_var_len,mid,abs,90.0,0.2,40,10,9.486800000000002,0.12349082781759486,0,0,0.6175,0.10417474428447085,0.41331750120243715,0.8216824987975629,0.12970417016075136,28.302407875239037,30.000180383326036,0.14818781111732035,False
barcode_var_len,mid,abs,95.0,0.2,40,10,9.7468,0.1268752793958483,0,0,0.535,0.1041752929843759,0.33081642575062326,0.7391835742493769,0.37167395095081923,47.81061396403887,41.598504892561664,0.3945853588861437,False
barcode_var_len,mid,abs,100.0,0.2,40,10,10.0,0.13017121454820896,0,0,0.54,0.10427988507663306,0.33561142524979926,0.7443885747502008,0.3534843871002472,43.25741764914034,47.30429732400404,0.37742879449280126,False
barcode_var_len,mid,abs,0.0,0.3,40,10,0.0,0.0,0,0,0.9375,0.05466568248721647,0.8303552623250557,1.0,8.916348125669238e-06,0.0,0.0,2.253316238280541e-05,True
barcode_var_len,mid,abs,5.0,0.3,40,10,2.2361,0.029285464731252788,0,0,0.99,0.022520106444870028,0.9458605913680548,1.0,1.0603340998194995e-06,1.7139354389963524,1.8605463499029269,4.810296160156754e-06,True
barcode_var_len,mid,abs,10.0,0.3,40,10,3.1622999999999997,0.041415600876365415,0,0,0.97,0.038585514924043426,0.8943723907488749,1.0,2.7137920615033714e-06,3.2615848541054144,3.3140588571678413,8.037664385981322e-06,True
barcode_var_len,mid,abs,15.0,0.3,40,10,3.873,0.05072340454547742,0,0,0.9775,0.03355397998186842,0.9117341992355379,1.0,1.9158940685337106e-06,4.8106108358776165,4.207434616070509,6.318374055802663e-06,True
barcode_var_len,mid,abs,20.0,0.3,40,10,4.472100000000001,0.05856961979546336,0,0,0.9325,0.05664131762496462,0.8214830174550694,1.0,1.4337632266600629e-05,5.3777666117902605,6.067752946839077,3.427762984045909e-05,True
barcode_var_len,mid,abs,25.0,0.3,40,10,5.0,0.06548335211138319,0,0,0.915,0.06288694712012229,0.7917415836445604,1.0,2.9853653258570326e-05,8.280487799720174,8.064969986157044,6.502083730789321e-05,True
barcode_var_len,mid,abs,30.0,0.3,40,10,5.477199999999999,0.07173308323689359,0,0,0.86,0.07785495416443117,0.7074042898377149,1.0,0.0002503457208175923,9.604200630278164,9.193961123743817,0.00046564304072072173,False
barcode_var_len,mid,abs,35.0,0.3,40,10,5.916100000000001,0.07748121188523081,0,0,0.8975,0.06829977543582832,0.7636324401457765,1.0,6.047572046107024e-05,7.72837589013368,8.155265861545747,0.0001236097143490007,False
barcode_var_len,mid,abs,40.0,0.3,40,10,6.324599999999999,0.08283120175273083,0,0,0.94,0.053640414858621525,0.8348647868771017,1.0,1.03825916524498e-05,7.793556072469397,8.225550962416449,2.5748827298075502e-05,True
barcode_var_len,mid,abs,45.0,0.3,40,10,6.708199999999998,0.08785508452671613,0,0,0.9475,0.0503966615739767,0.8487225433150056,1.0,7.480530052733389e-06,7.535028333431931,7.844418335495218,1.9271171603994604e-05,True
barcode_var_len,mid,abs,50.0,0.3,40,10,7.0711,0.09260786622296034,0,0,0.8125,0.08706637188752604,0.641849911100449,0.983150088899551,0.0012656750851485791,9.519832701051516,10.757625044679372,0.0020833235914835017,False
barcode_var_len,mid,abs,55.0,0.3,40,10,7.416200000000001,0.097127527185688,0,0,0.925,0.059435712454553535,0.8085060035890751,1.0,1.9699265123654512e-05,11.013784394172577,11.766426414861385,4.4792950036671634e-05,True
barcode_var_len,mid,abs,60.0,0.3,40,10,7.746,0.10144680909095484,0,0,0.81,0.08747961294069849,0.638539958636231,0.9814600413637691,0.0013708079025865675,18.551212031392115,17.97855572888046,0.0022405120376195217,False
barcode_var_len,mid,abs,65.0,0.3,40,10,8.0623,0.10558928594552093,0,0,0.845,0.08106499473637233,0.6861126103167102,1.0,0.00042670433584312753,20.19411266399533,19.264600741537407,0.0007765851904777077,False
barcode_var_len,mid,abs,70.0,0.3,40,10,8.3666,0.10957460275501972,0,0,0.86,0.07785495416443117,0.7074042898377149,1.0,0.0002503457208175923,16.74440039667489,16.848787536044632,0.00046564304072072173,False
barcode_var_len,mid,abs,75.0,0.3,40,10,8.6603,0.11342109485804235,0,0,0.835,0.08304262107383252,0.6722364626952883,0.9977635373047117,0.000602169309140404,22.98932980645205,24.594799576299202,0.0010506894136971402,False
barcode_var_len,mid,abs,80.0,0.3,40,10,8.9443,0.11714054925796895,0,0,0.66,0.10266922163097905,0.45876832560328107,0.861231674396719,0.061767841353188316,19.52048173725277,22.199601013992158,0.07598424928368404,False
barcode_var_len,mid,abs,85.0,0.3,40,10,9.219499999999998,0.12074475295817946,0,0,0.845,0.08106499473637233,0.6861126103167102,1.0,0.00042670433584312753,16.241657944281723,17.30499915871145,0.0007765851904777077,False
barcode_var_len,mid,abs,90.0,0.3,40,10,9.486800000000002,0.12424549296205402,0,0,0.8225,0.0853474056911907,0.6552190848452663,0.9897809151547338,0.0009148015225635345,22.122275955964653,22.517989684731624,0.0015329106594307875,False
barcode_var_len,mid,abs,95.0,0.3,40,10,9.7468,0.12765062727184595,0,0,0.75,0.09564163020657601,0.5625424047951111,0.9374575952048889,0.007905930588734164,22.212041162130763,25.321698361480472,0.011276864183317137,False
barcode_var_len,mid,abs,100.0,0.3,40,10,10.0,0.13096670422276638,0,0,0.6925,0.10076763163644752,0.49499544199256285,0.8900045580074372,0.031769739820150966,30.87827021789809,31.92973941679343,0.041035913934361665,False
barcode_var_len,mid,abs,0.0,0.4,40,10,0.0,0.0,0,0,0.975,0.0353207267702707,0.9057713755302694,1.0,1.8466151859977237e-06,0.0,0.0,6.318374055802663e-06,True
barcode_var_len,mid,abs,5.0,0.4,40,10,2.2361,0.02924666626494548,0,0,0.995,0.015966145597504214,0.9637063546288918,1.0,8.335799989322588e-07,1.382081560972356,1.363018786479575,4.587156207142015e-06,True
barcode_var_len,mid,abs,10.0,0.4,40,10,3.1622999999999997,0.04136073195726357,0,0,1.0,0.0,1.0,1.0,6.538314816033479e-07,2.642637926978397,2.8238699722991107,4.459560634601441e-06,True
barcode_var_len,mid,abs,15.0,0.4,40,10,3.873,0.050656204303981864,0,0,0.985,0.027507974990862768,0.9310843690179089,1.0,1.3457139554261416e-06,3.904469483945716,4.490362276736831,5.348350335667999e-06,True
barcode_var_len,mid,abs,20.0,0.4,40,10,4.472100000000001,0.05849202459794405,0,0,0.965,0.041561275136107974,0.8835399007332283,1.0,3.413117415298884e-06,4.732790724382125,5.249638664668863,9.707031181125267e-06,True
barcode_var_len,mid,abs,25.0,0.4,40,10,5.0,0.06539659734570341,0,0,0.9225,0.060326234517198346,0.8042605803462912,1.0,2.1875232572411636e-05,7.341452866317069,7.663291577101544,4.9140015198895704e-05,True
barcode_var_len,mid,abs,30.0,0.4,40,10,5.477199999999999,0.07163804859637735,0,0,0.97,0.038585514924043426,0.8943723907488749,1.0,2.7137920615033714e-06,6.793853590201767,6.927349588630687,8.037664385981322e-06,True
barcode_var_len,mid,abs,35.0,0.4,40,10,5.916100000000001,0.07737856191138319,0,0,0.925,0.059435712454553535,0.8085060035890751,1.0,1.9699265123654512e-05,7.802885115603156,8.465209920755928,4.4792950036671634e-05,True
barcode_var_len,mid,abs,40.0,0.4,40,10,6.324599999999999,0.08272146391452714,0,0,0.96,0.0443060570080222,0.8731601282642765,1.0,4.282956844238806e-06,8.028026969567499,8.224422259405339,1.1612681822571689e-05,True
barcode_var_len,mid,abs,45.0,0.4,40,10,6.708199999999998,0.08773869086288952,0,0,0.8875,0.07109188318924244,0.7481599089490848,1.0,8.94185165080138e-05,10.862593483366428,10.557469933606795,0.0001776906417787454,False
barcode_var_len,mid,abs,50.0,0.4,40,10,7.0711,0.09248517589824068,0,0,0.94,0.053640414858621525,0.8348647868771017,1.0,1.03825916524498e-05,10.08190691158211,11.132251643345377,2.5748827298075502e-05,True
barcode_var_len,mid,abs,55.0,0.4,40,10,7.416200000000001,0.09699884904704113,0,0,0.86,0.07785495416443117,0.7074042898377149,1.0,0.0002503457208175923,12.091206232926863,13.165990544843671,0.00046564304072072173,False
barcode_var_len,mid,abs,60.0,0.4,40,10,7.746,0.10131240860796373,0,0,0.9,0.06756974068663674,0.7675633082541921,1.0,5.476621751138575e-05,11.90983247970692,12.491913530666976,0.00011343559529084354,True
barcode_var_len,mid,abs,65.0,0.4,40,10,8.0623,0.10544939735605294,0,0,0.9525,0.04807541585390428,0.8582721849263476,1.0,5.9950431523597874e-06,12.79243000289755,13.015939629954007,1.5661208235097197e-05,True
barcode_var_len,mid,abs,70.0,0.4,40,10,8.3666,0.10942943427051244,0,0,0.88,0.07306145142200898,0.7367995552128623,1.0,0.00011919762532986999,14.31691849312218,16.656833058846725,0.00023239788586326853,False
barcode_var_len,mid,abs,75.0,0.4,40,10,8.6603,0.11327083039859903,0,0,0.875,0.07431983248097374,0.7293331283372915,1.0,0.00014397415867114637,18.23215296617469,18.521601254488566,0.00027550610609910727,False
barcode_var_len,mid,abs,80.0,0.4,40,10,8.9443,0.11698535712783502,0,0,0.91,0.06450887154044081,0.783562611780736,1.0,3.6627656988930286e-05,14.14221305405273,15.008172531885876,7.848783640485061e-05,True
barcode_var_len,mid,abs,85.0,0.4,40,10,9.219499999999998,0.12058478584574252,0,0,0.8425,0.08157106268298436,0.6826207171413506,1.0,0.0004654621431825035,17.547315046809242,19.41279122769471,0.0008372916695546001,False
barcode_var_len,mid,abs,90.0,0.4,40,10,9.486800000000002,0.12408088793984381,0,0,0.7775,0.09229675875203432,0.5965983528460127,0.9584016471539872,0.0036809028482900027,23.611674023637637,23.53917982812655,0.005521354272435004,False
barcode_var_len,mid,abs,95.0,0.4,40,10,9.7468,0.12748151100182042,0,0,0.8925,0.06972067602942168,0.7558474749823334,1.0,7.361890818995287e-05,22.280342927448935,20.601109820579115,0.0001478738328653481,False
barcode_var_len,mid,abs,100.0,0.4,40,10,10.0,0.13079319469140682,0,0,0.925,0.059435712454553535,0.8085060035890751,1.0,1.9699265123654512e-05,17.61112483581639,18.316525561038834,4.4792950036671634e-05,True
barcode_var_len,mid,abs,0.0,0.5,40,10,0.0,0.0,0,0,0.9875,0.025144807945463806,0.938216176426891,1.0,1.0558256131013045e-06,0.0,0.0,4.810296160156754e-06,True
barcode_var_len,mid,abs,5.0,0.5,40,10,2.2361,0.029131844329241752,0,0,1.0,0.0,1.0,1.0,6.538314816033479e-07,1.0807360940932855,1.2906097710377153,4.459560634601441e-06,True
barcode_var_len,mid,abs,10.0,0.5,40,10,3.1622999999999997,0.04119835039683431,0,0,0.965,0.041561275136107974,0.8835399007332283,1.0,3.413117415298884e-06,2.3151520241725687,2.6097056555251985,9.707031181125267e-06,True
barcode_var_len,mid,abs,15.0,0.5,40,10,3.873,0.05045732887042321,0,0,0.9725,0.03699385627789856,0.8999920416953189,1.0,2.417801838661637e-06,3.663774611342389,4.093889717284752,7.324285700180203e-06,True
barcode_var_len,mid,abs,20.0,0.5,40,10,4.472100000000001,0.05826238586145613,0,0,0.975,0.0353207267702707,0.9057713755302694,1.0,2.152876113554094e-06,4.096573014934321,4.461804640171957,6.787033171543415e-06,True
barcode_var_len,mid,abs,25.0,0.5,40,10,5.0,0.06513985136899457,0,0,0.9725,0.03699385627789856,0.8999920416953189,1.0,2.417801838661637e-06,5.09220268343316,5.669140623591781,7.324285700180203e-06,True
barcode_var_len,mid,abs,30.0,0.5,40,10,5.477199999999999,0.0713567987836514,0,0,0.955,0.04686026014902687,0.8631538901079073,1.0,5.362343977023508e-06,8.225445218009254,7.7185189426283625,1.42180054949215e-05,True
barcode_var_len,mid,abs,35.0,0.5,40,10,5.916100000000001,0.07707477493682176,0,0,0.9675,0.040105371991940766,0.8888934708957961,1.0,3.0442948627741216e-06,8.15303283388598,8.651233847174385,8.875216998056216e-06,True
barcode_var_len,mid,abs,40.0,0.5,40,10,6.324599999999999,0.08239670079366862,0,0,0.9725,0.03699385627789856,0.8999920416953189,1.0,2.417801838661637e-06,7.639562314332022,8.464490219222466,7.324285700180203e-06,True
barcode_var_len,mid,abs,45.0,0.5,40,10,6.708199999999998,0.08739423019069789,0,0,0.96,0.0443060570080222,0.8731601282642765,1.0,4.282956844238806e-06,7.882610057876375,8.674657293517814,1.1612681822571689e-05,True
barcode_var_len,mid,abs,50.0,0.5,40,10,7.0711,0.09212208060305951,0,0,0.9,0.06756974068663674,0.7675633082541921,1.0,5.476621751138575e-05,13.75514980801372,13.553226130030513,0.00011343559529084354,True
barcode_var_len,mid,abs,55.0,0.5,40,10,7.416200000000001,0.09661803314454753,0,0,0.935,0.05566554073401402,0.8258955401613326,1.0,1.2882436923605882e-05,10.773633958844158,10.720087322537074,3.103799569677065e-05,True
barcode_var_len,mid,abs,60.0,0.5,40,10,7.746,0.10091465774084642,0,0,0.895,0.06901662169823426,0.7597274214714609,1.0,6.674312735333814e-05,13.368850700839811,14.416246094230685,0.0001355264376388744,False
barcode_var_len,mid,abs,65.0,0.5,40,10,8.0623,0.10503540473844901,0,0,0.9175,0.062051095303092774,0.7958798532059381,1.0,2.692937670501682e-05,14.23077973111956,14.742363076503668,5.920643105358308e-05,True
barcode_var_len,mid,abs,70.0,0.5,40,10,8.3666,0.10899981609276597,0,0,0.94,0.053640414858621525,0.8348647868771017,1.0,1.03825916524498e-05,14.20027118547696,15.06483951220843,2.5748827298075502e-05,True
barcode_var_len,mid,abs,75.0,0.5,40,10,8.6603,0.11282613096218073,0,0,0.9275,0.05852534927823359,0.8127903154146622,1.0,1.7729779558998625e-05,15.170642950754422,16.151402053726535,4.12217374746718e-05,True
barcode_var_len,mid,abs,80.0,0.5,40,10,8.9443,0.11652607451993965,0,0,0.925,0.059435712454553535,0.8085060035890751,1.0,1.9699265123654512e-05,14.48455945819249,14.728680044362513,4.4792950036671634e-05,True
barcode_var_len,mid,abs,85.0,0.5,40,10,9.219499999999998,0.12011137193928909,0,0,0.8975,0.06829977543582832,0.7636324401457765,1.0,6.047572046107024e-05,18.83707849118924,18.097134282057603,0.0001236097143490007,False
barcode_var_len,mid,abs,90.0,0.5,40,10,9.486800000000002,0.12359374839347556,0,0,0.92,0.06119776684378823,0.8000523769861752,1.0,2.4277915883066838e-05,17.435517339911705,17.305849473388196,5.388654360680706e-05,True
barcode_var_len,mid,abs,95.0,0.5,40,10,9.7468,0.12698102066466327,0,0,0.885,0.07175972238441139,0.7443509441265537,1.0,9.846524797516955e-05,18.1784529625303,18.32760687858286,0.00019278459077243723,False
barcode_var_len,mid,abs,100.0,0.5,40,10,10.0,0.13027970273798914,0,0,0.87,0.07553696919964208,0.7219475403687016,1.0,0.00017351414622119286,20.164336319171056,22.002113668238188,0.0003286520488507319,False
barcode_var_len,mid,abs,0.0,0.6,40,10,0.0,0.0,0,0,1.0,0.0,1.0,1.0,5.932797894687504e-07,0.0,0.0,4.459560634601441e-06,True
barcode_var_len,mid,abs,5.0,0.6,40,10,2.2361,0.028892968220140952,0,0,0.9975,0.011304532632817974,0.9753431160396768,1.0,7.38464879278088e-07,1.5598032807043272,1.737943144814,4.459560634601441e-06,True
barcode_var_len,mid,abs,10.0,0.6,40,10,3.1622999999999997,0.040860531014959865,0,0,0.9875,0.025144807945463806,0.938216176426891,1.0,1.1948706156750042e-06,2.613377329483439,2.700068840640859,4.938798544790017e-06,True
barcode_var_len,mid,abs,15.0,0.6,40,10,3.873,0.05004358745879252,0,0,0.9875,0.025144807945463806,0.938216176426891,1.0,1.1948706156750042e-06,4.532196249108472,3.9688263868576072,4.938798544790017e-06,True
barcode_var_len,mid,abs,20.0,0.6,40,10,4.472100000000001,0.05778464432596591,0,0,0.99,0.022520106444870028,0.9458605913680548,1.0,1.0603340998194995e-06,4.767059817346456,4.856994844116381,4.810296160156754e-06,True
barcode_var_len,mid,abs,25.0,0.6,40,10,5.0,0.06460571580014524,0,0,0.995,0.015966145597504214,0.9637063546288918,1.0,8.335799989322588e-07,4.992728010335955,5.6502234643228295,4.587156207142015e-06,True
barcode_var_len,mid,abs,30.0,0.6,40,10,5.477199999999999,0.0707716853161111,0,0,0.975,0.0353207267702707,0.9057713755302694,1.0,2.152876113554094e-06,5.445829141470825,6.022372890089072,6.787033171543415e-06,True
barcode_var_len,mid,abs,35.0,0.6,40,10,5.916100000000001,0.07644277504904784,0,0,0.95,0.049253353765432696,0.8534634266197518,1.0,6.698612424583832e-06,7.313634781712946,7.9722867927591325,1.7352951406303518e-05,True
barcode_var_len,mid,abs,40.0,0.6,40,10,6.324599999999999,0.08172106202991973,0,0,0.975,0.0353207267702707,0.9057713755302694,1.0,2.152876113554094e-06,8.030996704074875,8.220439767232012,6.787033171543415e-06,True
barcode_var_len,mid,abs,45.0,0.6,40,10,6.708199999999998,0.08667761254610686,0,0,0.9625,0.04295969827343276,0.8782989913840719,1.0,3.8244606308012755e-06,7.864960998830145,8.817982461870645,1.0680926086021579e-05,True
barcode_var_len,mid,abs,50.0,0.6,40,10,7.0711,0.09136669539888141,0,0,0.98,0.031677997785087585,0.9179111243412283,1.0,1.704032931269903e-06,9.703160255762793,10.505392235920674,5.980191041815131e-06,True
barcode_var_len,mid,abs,55.0,0.6,40,10,7.416200000000001,0.09582578190340742,0,0,0.9525,0.04807541585390428,0.8582721849263476,1.0,5.9950431523597874e-06,9.635153946062651,10.184171831328129,1.5661208235097197e-05,True
barcode_var_len,mid,abs,60.0,0.6,40,10,7.746,0.10008717491758504,0,0,0.915,0.06288694712012229,0.7917415836445604,1.0,2.9853653258570326e-05,12.628102062800634,12.713095124180125,6.502083730789321e-05,True
barcode_var_len,mid,abs,65.0,0.6,40,10,8.0623,0.10417413249910218,0,0,0.9275,0.05852534927823359,0.8127903154146622,1.0,1.7729779558998625e-05,12.160735947786758,12.416331634807324,4.12217374746718e-05,True
barcode_var_len,mid,abs,70.0,0.6,40,10,8.3666,0.10810603636269905,0,0,0.9475,0.0503966615739767,0.8487225433150056,1.0,7.480530052733389e-06,13.82081685588834,14.19179374615285,1.9271171603994604e-05,True
barcode_var_len,mid,abs,75.0,0.6,40,10,8.6603,0.11190097610879957,0,0,0.9125,0.06370599684137335,0.7876362461909082,1.0,3.3076919763217736e-05,14.16911934702274,15.35479463941438,7.153845437161045e-05,True
barcode_var_len,mid,abs,80.0,0.6,40,10,8.9443,0.1155705807662478,0,0,0.915,0.06288694712012229,0.7917415836445604,1.0,2.9853653258570326e-05,14.597836027816586,15.564725547347779,6.502083730789321e-05,True
barcode_var_len,mid,abs,85.0,0.6,40,10,9.219499999999998,0.1191264793638878,0,0,0.96,0.0443060570080222,0.8731601282642765,1.0,4.282956844238806e-06,13.84076248577158,14.568225187546613,1.1612681822571689e-05,True
barcode_var_len,mid,abs,90.0,0.6,40,10,9.486800000000002,0.12258030093056357,0,0,0.945,0.051507624142056146,0.8440450566815699,1.0,8.349009789524274e-06,15.52126301249499,16.61455339403858,2.1272819463719384e-05,True
barcode_var_len,mid,abs,95.0,0.6,40,10,9.7468,0.12593979815217113,0,0,0.9625,0.04295969827343276,0.8782989913840719,1.0,3.8244606308012755e-06,16.481846244862588,18.602332475455437,1.0680926086021579e-05,True
barcode_var_len,mid,abs,100.0,0.6,40,10,10.0,0.12921143160029047,0,0,0.8775,0.07369592397629703,0.7330559890064577,1.0,0.00013103791371097225,17.531570706755247,19.063030423919688,0.0002528324891103821,False
barcode_var_len,mid,abs,0.0,0.7,40,10,0.0,0.0,0,0,1.0,0.0,1.0,1.0,5.932797894687504e-07,0.0,0.0,4.459560634601441e-06,True
barcode_var_len,mid,abs,5.0,0.7,40,10,2.2361,0.02900960591408364,0,0,0.995,0.015966145597504214,0.9637063546288918,1.0,8.335799989322588e-07,1.3104544483761025,1.1562192839016125,4.587156207142015e-06,True
barcode_var_len,mid,abs,10.0,0.7,40,10,3.1622999999999997,0.04102548042668337,0,0,0.9975,0.011304532632817974,0.9753431160396768,1.0,7.38464879278088e-07,2.2546312017219337,2.136376683382938,4.459560634601441e-06,True
barcode_var_len,mid,abs,15.0,0.7,40,10,3.873,0.05024560784636016,0,0,1.0,0.0,1.0,1.0,6.538314816033479e-07,2.929887979366848,3.179243677026869,4.459560634601441e-06,True
barcode_var_len,mid,abs,20.0,0.7,40,10,4.472100000000001,0.05801791449772973,0,0,1.0,0.0,1.0,1.0,6.538314816033479e-07,3.4051119618001864,3.60948764647225,4.459560634601441e-06,True
barcode_var_len,mid,abs,25.0,0.7,40,10,5.0,0.0648665218775628,0,0,0.9775,0.03355397998186842,0.9117341992355379,1.0,1.9158940685337106e-06,4.7218398296536055,4.723649637905083,6.318374055802663e-06,True
barcode_var_len,mid,abs,30.0,0.7,40,10,5.477199999999999,0.0710573827255574,0,0,0.9925,0.019528774581448426,0.9542236018203611,1.0,9.40412128600105e-07,6.497659960975626,7.210483139135377,4.702060643000525e-06,True
barcode_var_len,mid,abs,35.0,0.7,40,10,5.916100000000001,0.07675136601596987,0,0,0.9775,0.03355397998186842,0.9117341992355379,1.0,1.9158940685337106e-06,6.474292765923837,7.029522620066235,6.318374055802663e-06,True
barcode_var_len,mid,abs,40.0,0.7,40,10,6.324599999999999,0.08205096085336674,0,0,0.99,0.022520106444870028,0.9458605913680548,1.0,1.0603340998194995e-06,7.29393978087443,7.451856456120521,4.810296160156754e-06,True
barcode_var_len,mid,abs,45.0,0.7,40,10,6.708199999999998,0.08702752041181334,0,0,0.9925,0.019528774581448426,0.9542236018203611,1.0,9.40412128600105e-07,8.69668375057421,8.696064312137846,4.702060643000525e-06,True
barcode_var_len,mid,abs,50.0,0.7,40,10,7.0711,0.09173553256968688,0,0,0.9625,0.04295969827343276,0.8782989913840719,1.0,3.8244606308012755e-06,12.260141643297723,11.683726060649363,1.0680926086021579e-05,True
barcode_var_len,mid,abs,55.0,0.7,40,10,7.416200000000001,0.09621261990967625,0,0,0.975,0.0353207267702707,0.9057713755302694,1.0,2.152876113554094e-06,11.676611666157951,11.984422644285871,6.787033171543415e-06,True
barcode_var_len,mid,abs,60.0,0.7,40,10,7.746,0.10049121569272032,0,0,0.98,0.031677997785087585,0.9179111243412283,1.0,1.704032931269903e-06,10.0987254410325,10.57574654401729,5.980191041815131e-06,True
barcode_var_len,mid,abs,65.0,0.7,40,10,8.0623,0.10459467186669492,0,0,0.99,0.022520106444870028,0.9458605913680548,1.0,1.0603340998194995e-06,11.900591371367357,11.569638235289359,4.810296160156754e-06,True
barcode_var_len,mid,abs,70.0,0.7,40,10,8.3666,0.10854244838816339,0,0,0.9775,0.03355397998186842,0.9117341992355379,1.0,1.9158940685337106e-06,12.383186918272148,13.358926459312146,6.318374055802663e-06,True
barcode_var_len,mid,abs,75.0,0.7,40,10,8.6603,0.11235270788325145,0,0,0.9775,0.03355397998186842,0.9117341992355379,1.0,1.9158940685337106e-06,11.638221038564568,12.764736458111727,6.318374055802663e-06,True
barcode_var_len,mid,abs,80.0,0.7,40,10,8.9443,0.11603712632589704,0,0,0.9825,0.02967211382340579,0.9243426569061247,1.0,1.5147411749632373e-06,13.934885040498632,14.117304841670157,5.7032764887279794e-06,True
barcode_var_len,mid,abs,85.0,0.7,40,10,9.219499999999998,0.11960737969003805,0,0,0.945,0.051507624142056146,0.8440450566815699,1.0,8.349009789524274e-06,15.566778202544226,15.953681923312892,2.1272819463719384e-05,True
barcode_var_len,mid,abs,90.0,0.7,40,10,9.486800000000002,0.12307514394961258,0,0,1.0,0.0,1.0,1.0,6.538314816033479e-07,11.631255085616854,12.119458073873448,4.459560634601441e-06,True
barcode_var_len,mid,abs,95.0,0.7,40,10,9.7468,0.12644820308724586,0,0,0.8875,0.07109188318924244,0.7481599089490848,1.0,8.94185165080138e-05,20.34481202688281,21.8528289622269,0.0001776906417787454,False
barcode_var_len,mid,abs,100.0,0.7,40,10,10.0,0.1297330437551256,0,0,0.965,0.041561275136107974,0.8835399007332283,1.0,3.413117415298884e-06,15.343258740875122,15.75400357917441,9.707031181125267e-06,True
barcode_var_len,mid,abs,0.0,0.8,40,10,0.0,0.0,0,0,1.0,0.0,1.0,1.0,5.932797894687504e-07,0.0,0.0,4.459560634601441e-06,True
barcode_var_len,mid,abs,5.0,0.8,40,10,2.2361,0.029049122225129474,0,0,1.0,0.0,1.0,1.0,6.538314816033479e-07,1.2271597449728209,1.3490643616481628,4.459560634601441e-06,True
barcode_var_len,mid,abs,10.0,0.8,40,10,3.1622999999999997,0.041081364524183595,0,0,1.0,0.0,1.0,1.0,6.538314816033479e-07,2.374219903580044,2.4427043723902155,4.459560634601441e-06,True
barcode_var_len,mid,abs,15.0,0.8,40,10,3.873,0.050314051418955535,0,0,1.0,0.0,1.0,1.0,6.538314816033479e-07,3.046921988278325,3.013581638591401,4.459560634601441e-06,True
barcode_var_len,mid,abs,20.0,0.8,40,10,4.472100000000001,0.05809694535262356,0,0,1.0,0.0,1.0,1.0,6.538314816033479e-07,4.753302951726824,4.777741351387069,4.459560634601441e-06,True
barcode_var_len,mid,abs,25.0,0.8,40,10,5.0,0.06495488176988837,0,0,0.98,0.031677997785087585,0.9179111243412283,1.0,1.704032931269903e-06,5.362613305399056,5.546125142539909,5.980191041815131e-06,True
barcode_var_len,mid,abs,30.0,0.8,40,10,5.477199999999999,0.07115417568600652,0,0,1.0,0.0,1.0,1.0,6.538314816033479e-07,5.329523031947521,5.4942928487097245,4.459560634601441e-06,True
barcode_var_len,mid,abs,35.0,0.8,40,10,5.916100000000001,0.07685591520776733,0,0,0.99,0.022520106444870028,0.9458605913680548,1.0,1.0603340998194995e-06,6.61677944343754,6.763761077787796,4.810296160156754e-06,True
barcode_var_len,mid,abs,40.0,0.8,40,10,6.324599999999999,0.08216272904836719,0,0,1.0,0.0,1.0,1.0,6.538314816033479e-07,6.085411468013161,6.603764072262799,4.459560634601441e-06,True
barcode_var_len,mid,abs,45.0,0.8,40,10,6.708199999999998,0.08714606757775303,0,0,0.98,0.031677997785087585,0.9179111243412283,1.0,1.704032931269903e-06,7.71122728104163,8.690303470854108,5.980191041815131e-06,True
barcode_var_len,mid,abs,50.0,0.8,40,10,7.0711,0.09186049289661154,0,0,0.975,0.0353207267702707,0.9057713755302694,1.0,2.152876113554094e-06,8.682711076562448,9.197220121087637,6.787033171543415e-06,True
barcode_var_len,mid,abs,55.0,0.8,40,10,7.416200000000001,0.09634367883636923,0,0,0.9825,0.02967211382340579,0.9243426569061247,1.0,1.5147411749632373e-06,10.216554841995489,10.528362248497508,5.7032764887279794e-06,True
barcode_var_len,mid,abs,60.0,0.8,40,10,7.746,0.10062810283791107,0,0,0.9175,0.062051095303092774,0.7958798532059381,1.0,2.692937670501682e-05,10.60468064987724,11.478929569913143,5.920643105358308e-05,True
barcode_var_len,mid,abs,65.0,0.8,40,10,8.0623,0.10473714865867421,0,0,0.98,0.031677997785087585,0.9179111243412283,1.0,1.704032931269903e-06,12.29517240116887,13.464730432056339,5.980191041815131e-06,True
barcode_var_len,mid,abs,70.0,0.8,40,10,8.3666,0.1086903027631896,0,0,0.97,0.038585514924043426,0.8943723907488749,1.0,2.7137920615033714e-06,11.24954765524734,11.706504109955759,8.037664385981322e-06,True
barcode_var_len,mid,abs,75.0,0.8,40,10,8.6603,0.11250575251835285,0,0,0.9725,0.03699385627789856,0.8999920416953189,1.0,2.417801838661637e-06,13.663714064192794,13.30785999559831,7.324285700180203e-06,True
barcode_var_len,mid,abs,80.0,0.8,40,10,8.9443,0.11619518980288251,0,0,0.99,0.022520106444870028,0.9458605913680548,1.0,1.0603340998194995e-06,11.371575542539093,12.01638999270127,4.810296160156754e-06,True
barcode_var_len,mid,abs,85.0,0.8,40,10,9.219499999999998,0.11977030649549718,0,0,0.9575,0.04560493655786812,0.8681143243465785,1.0,4.79371076974779e-06,14.324328189096722,15.494295760594166,1.2810778781222542e-05,True
barcode_var_len,mid,abs,90.0,0.8,40,10,9.486800000000002,0.12324279447491542,0,0,0.9625,0.04295969827343276,0.8782989913840719,1.0,3.8244606308012755e-06,16.9427104639503,16.483904989226843,1.0680926086021579e-05,True
barcode_var_len,mid,abs,95.0,0.8,40,10,9.7468,0.12662044832694963,0,0,0.9675,0.040105371991940766,0.8888934708957961,1.0,3.0442948627741216e-06,15.443386291520016,17.08165539852903,8.875216998056216e-06,True
barcode_var_len,mid,abs,100.0,0.8,40,10,10.0,0.12990976353977673,0,0,0.975,0.0353207267702707,0.9057713755302694,1.0,2.152876113554094e-06,15.1530962975317,15.915455214814608,6.787033171543415e-06,True
barcode_var_len,mid,abs,0.0,0.9,40,10,0.0,0.0,0,0,1.0,0.0,1.0,1.0,5.932797894687504e-07,0.0,0.0,4.459560634601441e-06,True
barcode_var_len,mid,abs,5.0,0.9,40,10,2.2361,0.02908309342790185,0,0,1.0,0.0,1.0,1.0,6.538314816033479e-07,1.267101916568397,1.3490659020780205,4.459560634601441e-06,True
barcode_var_len,mid,abs,10.0,0.9,40,10,3.1622999999999997,0.04112940671126248,0,0,0.9975,0.011304532632817974,0.9753431160396768,1.0,7.38464879278088e-07,1.910179792118484,2.04490782780707,4.459560634601441e-06,True
barcode_var_len,mid,abs,15.0,0.9,40,10,3.873,0.05037289067853132,0,0,0.9975,0.011304532632817974,0.9753431160396768,1.0,7.38464879278088e-07,2.626122623379921,2.6110977393379833,4.459560634601441e-06,True
barcode_var_len,mid,abs,20.0,0.9,40,10,4.472100000000001,0.05816488623895169,0,0,0.9825,0.02967211382340579,0.9243426569061247,1.0,1.5147411749632373e-06,3.399394911791469,3.9084528060601875,5.7032764887279794e-06,True
barcode_var_len,mid,abs,25.0,0.9,40,10,5.0,0.06503084260073756,0,0,1.0,0.0,1.0,1.0,6.538314816033479e-07,4.094697080791863,4.315405102832949,4.459560634601441e-06,True
barcode_var_len,mid,abs,30.0,0.9,40,10,5.477199999999999,0.07123738621855194,0,0,0.99,0.022520106444870028,0.9458605913680548,1.0,1.0603340998194995e-06,5.308325067549475,5.771863263487247,4.810296160156754e-06,True
barcode_var_len,mid,abs,35.0,0.9,40,10,5.916100000000001,0.0769457935820447,0,0,0.9875,0.025144807945463806,0.938216176426891,1.0,1.1948706156750042e-06,5.787427546508831,6.401061298728211,4.938798544790017e-06,True
barcode_var_len,mid,abs,40.0,0.9,40,10,6.324599999999999,0.08225881342252496,0,0,0.9875,0.025144807945463806,0.938216176426891,1.0,1.1948706156750042e-06,6.367506287402627,7.0412303814937935,4.938798544790017e-06,True
barcode_var_len,mid,abs,45.0,0.9,40,10,6.708199999999998,0.08724797966685355,0,0,0.9975,0.011304532632817974,0.9753431160396768,1.0,7.38464879278088e-07,8.129029139581212,8.332658200462214,4.459560634601441e-06,True
barcode_var_len,mid,abs,50.0,0.9,40,10,7.0711,0.09196791822281508,0,0,0.995,0.015966145597504214,0.9637063546288918,1.0,8.335799989322588e-07,8.66959608613354,8.611546602479283,4.587156207142015e-06,True
barcode_var_len,mid,abs,55.0,0.9,40,10,7.416200000000001,0.096456346979118,0,0,0.9775,0.03355397998186842,0.9117341992355379,1.0,1.9158940685337106e-06,9.228357785260146,9.981624029905692,6.318374055802663e-06,True
barcode_var_len,mid,abs,60.0,0.9,40,10,7.746,0.10074578135706264,0,0,0.975,0.0353207267702707,0.9057713755302694,1.0,2.152876113554094e-06,13.456247440148084,12.49708495713612,6.787033171543415e-06,True
barcode_var_len,mid,abs,65.0,0.9,40,10,8.0623,0.10485963245998528,0,0,0.9925,0.019528774581448426,0.9542236018203611,1.0,9.40412128600105e-07,10.455832934360298,10.88726952934489,4.702060643000525e-06,True
barcode_var_len,mid,abs,70.0,0.9,40,10,8.3666,0.10881740954066618,0,0,0.995,0.015966145597504214,0.9637063546288918,1.0,8.335799989322588e-07,11.566366455560658,12.219321249057403,4.587156207142015e-06,True
barcode_var_len,mid,abs,75.0,0.9,40,10,8.6603,0.1126373212350335,0,0,0.935,0.05566554073401402,0.8258955401613326,1.0,1.2882436923605882e-05,16.0125569539105,15.516611894450543,3.103799569677065e-05,True
barcode_var_len,mid,abs,80.0,0.9,40,10,8.9443,0.1163310730947554,0,0,0.9875,0.025144807945463806,0.938216176426891,1.0,1.1948706156750042e-06,10.871369582889324,12.313458070022119,4.938798544790017e-06,True
barcode_var_len,mid,abs,85.0,0.9,40,10,9.219499999999998,0.1199103706715,0,0,0.9975,0.011304532632817974,0.9753431160396768,1.0,7.38464879278088e-07,12.533825920355822,12.765206083075256,4.459560634601441e-06,True
barcode_var_len,mid,abs,90.0,0.9,40,10,9.486800000000002,0.12338691951693544,0,0,0.97,0.038585514924043426,0.8943723907488749,1.0,2.7137920615033714e-06,13.958846268166663,15.167189761901923,8.037664385981322e-06,True
barcode_var_len,mid,abs,95.0,0.9,40,10,9.7468,0.12676852333217378,0,0,0.99,0.022520106444870028,0.9458605913680548,1.0,1.0603340998194995e-06,15.29200981163202,17.458289669517313,4.810296160156754e-06,True
barcode_var_len,mid,abs,100.0,0.9,40,10,10.0,0.13006168520147512,0,0,0.965,0.041561275136107974,0.8835399007332283,1.0,3.413117415298884e-06,16.38292300701084,18.030457548561046,9.707031181125267e-06,True
barcode_var_len,mid,abs,0.0,1.0,40,10,0.0,0.0,0,0,1.0,0.0,1.0,1.0,5.932797894687504e-07,0.0,0.0,4.459560634601441e-06,True
barcode_var_len,mid,abs,5.0,1.0,40,10,2.2361,0.029080711073262978,0,0,1.0,0.0,1.0,1.0,6.538314816033479e-07,1.3192288369385057,1.295376756799126,4.459560634601441e-06,True
barcode_var_len,mid,abs,10.0,1.0,40,10,3.1622999999999997,0.04112603757746948,0,0,1.0,0.0,1.0,1.0,6.538314816033479e-07,2.30138406978735,2.3305611887427844,4.459560634601441e-06,True
barcode_var_len,mid,abs,15.0,1.0,40,10,3.873,0.05036876436060442,0,0,1.0,0.0,1.0,1.0,6.538314816033479e-07,2.878932557274376,3.0361419218409957,4.459560634601441e-06,True
barcode_var_len,mid,abs,20.0,1.0,40,10,4.472100000000001,0.05816012163621455,0,0,0.9925,0.019528774581448426,0.9542236018203611,1.0,9.40412128600105e-07,3.858057481595167,4.008010053787258,4.702060643000525e-06,True
barcode_var_len,mid,abs,25.0,1.0,40,10,5.0,0.06502551557010638,0,0,1.0,0.0,1.0,1.0,6.538314816033479e-07,4.588067757918035,4.457258405980342,4.459560634601441e-06,True
barcode_var_len,mid,abs,30.0,1.0,40,10,5.477199999999999,0.07123155077611731,0,0,1.0,0.0,1.0,1.0,6.538314816033479e-07,4.218685017949285,4.741357449241253,4.459560634601441e-06,True
barcode_var_len,mid,abs,35.0,1.0,40,10,5.916100000000001,0.07693949053286127,0,0,0.9825,0.02967211382340579,0.9243426569061247,1.0,1.5147411749632373e-06,6.096657913660439,6.1080424142009635,5.7032764887279794e-06,True
barcode_var_len,mid,abs,40.0,1.0,40,10,6.324599999999999,0.08225207515493896,0,0,0.995,0.015966145597504214,0.9637063546288918,1.0,8.335799989322588e-07,5.935486169011507,6.242433181847042,4.587156207142015e-06,True
barcode_var_len,mid,abs,45.0,1.0,40,10,6.708199999999998,0.0872408327094775,0,0,1.0,0.0,1.0,1.0,6.538314816033479e-07,6.595613411701927,6.812159607305365,4.459560634601441e-06,True
barcode_var_len,mid,abs,50.0,1.0,40,10,7.0711,0.09196038462955584,0,0,0.995,0.015966145597504214,0.9637063546288918,1.0,8.335799989322588e-07,7.26490172360645,7.586235989103201,4.587156207142015e-06,True
barcode_var_len,mid,abs,55.0,1.0,40,10,7.416200000000001,0.09644844571420458,0,0,1.0,0.0,1.0,1.0,6.538314816033479e-07,7.736077370733346,7.91110029687629,4.459560634601441e-06,True
barcode_var_len,mid,abs,60.0,1.0,40,10,7.746,0.10073752872120884,0,0,0.99,0.022520106444870028,0.9458605913680548,1.0,1.0603340998194995e-06,8.858883286719925,9.721833554935754,4.810296160156754e-06,True
barcode_var_len,mid,abs,65.0,1.0,40,10,8.0623,0.10485104283617373,0,0,0.9825,0.02967211382340579,0.9243426569061247,1.0,1.5147411749632373e-06,10.428905083119114,10.563174018134461,5.7032764887279794e-06,True
barcode_var_len,mid,abs,70.0,1.0,40,10,8.3666,0.10880849571377044,0,0,0.99,0.022520106444870028,0.9458605913680548,1.0,1.0603340998194995e-06,9.819382056226656,10.057802146224414,4.810296160156754e-06,True
barcode_var_len,mid,abs,75.0,1.0,40,10,8.6603,0.11262809449835844,0,0,0.9875,0.025144807945463806,0.938216176426891,1.0,1.1948706156750042e-06,10.848480235634096,11.455106463336381,4.938798544790017e-06,True
barcode_var_len,mid,abs,80.0,1.0,40,10,8.9443,0.1163215437827405,0,0,0.9775,0.03355397998186842,0.9117341992355379,1.0,1.9158940685337106e-06,13.29895052766058,14.726233009848936,6.318374055802663e-06,True
barcode_var_len,mid,abs,85.0,1.0,40,10,9.219499999999998,0.11990054815971916,0,0,0.975,0.0353207267702707,0.9057713755302694,1.0,2.152876113554094e-06,13.30672114501902,13.982692686580634,6.787033171543415e-06,True
barcode_var_len,mid,abs,90.0,1.0,40,10,9.486800000000002,0.12337681222209702,0,0,0.99,0.022520106444870028,0.9458605913680548,1.0,1.0603340998194995e-06,13.385352857266282,13.793738917445927,4.810296160156754e-06,True
barcode_var_len,mid,abs,95.0,1.0,40,10,9.7468,0.12675813903174257,0,0,1.0,0.0,1.0,1.0,6.538314816033479e-07,12.497668785061734,13.134871831747336,4.459560634601441e-06,True
barcode_var_len,mid,abs,100.0,1.0,40,10,10.0,0.13005103114021277,0,0,0.9975,0.011304532632817974,0.9753431160396768,1.0,7.38464879278088e-07,13.54319935116087,14.639266393807109,4.459560634601441e-06,True
barcode_var_len,high,rel,0.02,0.1,40,10,5.24491,0.02000001094197877,0,0,0.72125,0.09850157246516933,0.5281869179682681,0.9143130820317318,0.012830687852585388,6.165449038147926,4.661257495361442,0.017809760750603598,False
barcode_var_len,high,rel,0.04,0.1,40,10,10.48981,0.03999998632188451,0,0,0.66375,0.10248399536469861,0.4628813690851907,0.8646186309148092,0.04731303204115471,70.31657749414444,51.56606352242532,0.059541434097799564,False
barcode_var_len,high,rel,0.06,0.1,40,10,15.734722000000001,0.06000000471306657,0,0,0.59875,0.10450433793270324,0.39392149765190165,0.8035785023480984,0.16809493196624137,104.3932277711574,96.61693699495663,0.1878945753949573,False
barcode_var_len,high,rel,0.08,0.1,40,10,20.979622,0.07999998166749556,0,0,0.73375,0.09733413582471351,0.5429750937835616,0.9245249062164385,0.011906151569075403,117.71589780541964,96.20103962642449,0.01660078104833602,False
barcode_var_len,high,rel,0.1,0.1,40,10,26.224538,0.10000001527708703,0,0,0.6875,0.10110454597232434,0.48933508989424435,0.8856649101057557,0.034831829605384806,236.38373148965184,237.53297520989932,0.04468082970070051,False
barcode_var_len,high,rel,0.12,0.1,40,10,31.469438000000004,0.11999999223151603,0,0,0.7875,0.09091985771966847,0.6092970788694498,0.9657029211305501,0.002675819095262301,173.6964553939696,160.59318196190125,0.004120052580453543,False
barcode_var_len,high,rel,0.14,0.1,40,10,36.714349999999996,0.14000001062269807,0,0,0.715,0.09904300409228223,0.5208757119791267,0.9091242880208732,0.019045285332216708,371.60571872277393,343.46767423919425,0.025831954932874768,False
barcode_var_len,high,rel,0.16,0.1,40,10,41.95924999999999,0.15999998600260382,0,0,0.625,0.10398658676614368,0.4211862899383584,0.8288137100616416,0.11485072717714678,687.0303046819572,658.2379964935994,0.13264920269292146,False
barcode_var_len,high,rel,0.18,0.1,40,10,47.20416000000001,0.17999999694458257,0,0,0.56875,0.10462352973067775,0.3636878817278716,0.7738121182721284,0.25610603553823785,857.8080663839355,761.1553424788619,0.2802101330006602,False
barcode_var_len,high,rel,0.2,0.1,40,10,52.44907,0.20000000788656133,0,0,0.475,0.10190693819274499,0.2752624011422198,0.6747375988577802,0.6005553348955481,1205.88544437167,1409.486964388148,0.6181825125690994,False
barcode_var_len,high,rel,0.02,0.2,40,10,5.302714000000001,0.020000001302790005,0,0,0.9725,0.03699385627789856,0.8999920416953189,1.0,2.417801838661637e-06,6.4644639545522296,5.9842936395222655,7.324285700180203e-06,True
barcode_var_len,high,rel,0.04,0.2,40,10,10.605428,0.04000000376243535,0,0,0.825,0.08490067672827281,0.6585946736125853,0.9914053263874146,0.0008423307102951552,110.82865134572783,92.80821952144925,0.0014217197106615141,False
barcode_var_len,high,rel,0.06,0.2,40,10,15.908140000000001,0.05999999779971629,0,0,0.8425,0.08157106268298436,0.6826207171413506,1.0,0.0004654621431825035,160.1460623384275,135.15783285948677,0.0008372916695546001,False
barcode_var_len,high,rel,0.08,0.2,40,10,21.210853999999998,0.07999999862342455,0,0,0.8275,0.08444694586942353,0.6619839860959299,0.9930160139040701,0.0007751751882197287,95.16967379198356,117.03603220336461,0.0013227760092556838,False
barcode_var_len,high,rel,0.1,0.2,40,10,26.51357,0.10000000768830564,0,0,0.605,0.10441661323243907,0.4003434380644194,0.8096565619355806,0.15708206425420418,200.592939328393,232.72544818365847,0.17643275332899744,False
barcode_var_len,high,rel,0.12,0.2,40,10,31.816284000000007,0.12000000793989427,0,0,0.685,0.10126683952188238,0.4865169945371106,0.8834830054628895,0.03732271908511803,266.5042581215894,311.5549162231705,0.047353518075252066,False
barcode_var_len,high,rel,0.14,0.2,40,10,37.118998,0.14000000944686333,0,0,0.6075,0.10437535241532397,0.40292430926596506,0.812075690734035,0.15132284238357258,445.8282276713515,459.0142588685544,0.17099665056709903,False
barcode_var_len,high,rel,0.16,0.2,40,10,42.421702,0.1599999737805948,0,0,0.525,0.10392672676115411,0.32130361554813797,0.7286963844518621,0.4088870448335101,691.6356500023164,672.8887150961672,0.43162877604445454,False
barcode_var_len,high,rel,0.18,0.2,40,10,47.72442399999999,0.18000000280262918,0,0,0.6275,0.10391661476234981,0.42382343506579434,0.8311765649342056,0.11032436795292117,528.2733450154859,616.9680131015134,0.12777292926054382,False
barcode_var_len,high,rel,0.2,0.2,40,10,53.027136,0.20000000034632529,0,0,0.4875,0.10253225085548641,0.28653678832324664,0.6884632116767533,0.5530593396267004,1535.3125884904407,1293.3387012883484,0.5753301855177084,False
barcode_var_len,high,rel,0.02,0.3,40,10,5.272410000000001,0.020000003328420498,0,0,0.9925,0.019528774581448426,0.9542236018203611,1.0,9.40412128600105e-07,17.88074797147185,15.523826357372911,4.702060643000525e-06,True
barcode_var_len,high,rel,0.04,0.3,40,10,10.544816,0.03999999717976213,0,0,0.925,0.059435712454553535,0.8085060035890751,1.0,1.9699265123654512e-05,41.62053358768445,40.91750753389628,4.4792950036671634e-05,True
barcode_var_len,high,rel,0.06,0.3,40,10,15.817228,0.06000000899605464,0,0,0.8925,0.06972067602942168,0.7558474749823334,1.0,7.361890818995287e-05,96.60217330252856,85.81542650991773,0.0001478738328653481,False
barcode_var_len,high,rel,0.08,0.3,40,10,21.089634,0.08000000238399511,0,0,0.835,0.08304262107383252,0.6722364626952883,0.9977635373047117,0.000602169309140404,106.3168606929544,127.95314836289558,0.0010506894136971402,False
barcode_var_len,high,rel,0.1,0.3,40,10,26.362048,0.10000002768859789,0,0,0.8675,0.07613067315792804,0.7182838806104611,1.0,0.00019032591288338009,155.56731160625208,168.75134290910358,0.0003583058683836913,False
barcode_var_len,high,rel,0.12,0.3,40,10,31.634455999999997,0.12000002827060614,0,0,0.625,0.10398658676614368,0.4211862899383584,0.8288137100616416,0.11496264233386527,405.8054276896378,384.5150369464273,0.13264920269292146,False
barcode_var_len,high,rel,0.14,0.3,40,10,36.90686,0.14000001059696435,0,0,0.6225,0.10405292311578072,0.41855627069306983,0.8264437293069302,0.11973795101056678,609.541109085767,555.7084321931364,0.13781719608889495,False
barcode_var_len,high,rel,0.16,0.3,40,10,42.179262,0.15999998789727873,0,0,0.605,0.10441661323243907,0.4003434380644194,0.8096565619355806,0.15708206425420418,631.1455746101384,663.3802144542112,0.17643275332899744,False
barcode_var_len,high,rel,0.18,0.3,40,10,47.451674000000004,0.1800000012660623,0,0,0.6925,0.10076763163644752,0.49499544199256285,0.8900045580074372,0.031769739820150966,716.9617095444748,732.7745452272577,0.041035913934361665,False
barcode_var_len,high,rel,0.2,0.3,40,10,52.724078,0.19999998012695017,0,0,0.6775,0.10172935038490083,0.47811047324559436,0.8768895267544057,0.043644388198652406,606.6503021760003,665.9402888995421,0.054999025778789616,False
barcode_var_len,high,rel,0.02,0.4,40,10,5.260459999999999,0.020000003642205003,0,0,1.0,0.0,1.0,1.0,6.538314816033479e-07,8.989424223753153,9.842385782964612,4.459560634601441e-06,True
barcode_var_len,high,rel,0.04,0.4,40,10,10.520914,0.03999998386224466,0,0,0.98,0.031677997785087585,0.9179111243412283,1.0,1.704032931269903e-06,49.480037602369386,46.511579004724254,5.980191041815131e-06,True
barcode_var_len,high,rel,0.06,0.4,40,10,15.781372000000001,0.05999997575990749,0,0,0.9575,0.04560493655786812,0.8681143243465785,1.0,4.79371076974779e-06,82.6263559865608,89.11686781799159,1.2810778781222542e-05,True
barcode_var_len,high,rel,0.08,0.4,40,10,21.041839999999997,0.08000001237328405,0,0,0.8075,0.08788643728693103,0.6352425829176152,0.9797574170823848,0.0014838621734863265,153.59051611287703,163.73364154879164,0.0024125731142347613,False
barcode_var_len,high,rel,0.1,0.4,40,10,26.302296000000002,0.09999999984514604,0,0,0.825,0.08490067672827281,0.6585946736125853,0.9914053263874146,0.0008423307102951552,232.94290980303748,216.35309267638436,0.0014217197106615141,False
barcode_var_len,high,rel,0.12,0.4,40,10,31.562756000000004,0.12000000066931714,0,0,0.7625,0.09419882489169804,0.5778703032122718,0.9471296967877281,0.005630440038165956,243.13039977600727,291.82989075438763,0.00822026567581529,False
barcode_var_len,high,rel,0.14,0.4,40,10,36.823212,0.13999998793584717,0,0,0.765,0.09389499915239916,0.5809658016612976,0.9490341983387024,0.0052524500773918886,368.5963956418709,371.37207373899764,0.007716869781950168,False
barcode_var_len,high,rel,0.16,0.4,40,10,42.083676,0.16000000305187093,0,0,0.6775,0.10172935038490083,0.47811047324559436,0.8768895267544057,0.043644388198652406,484.7226012124917,486.85436621252813,0.054999025778789616,False
barcode_var_len,high,rel,0.18,0.4,40,10,47.344123999999994,0.1799999591024381,0,0,0.6875,0.10110454597232434,0.48933508989424435,0.8856649101057557,0.03538968432312426,432.98449020671217,506.42791301681325,0.04514733391015852,False
barcode_var_len,high,rel,0.2,0.4,40,10,52.604596,0.20000000997874917,0,0,0.6075,0.10437535241532397,0.40292430926596506,0.812075690734035,0.15132284238357258,776.742069066339,806.1067276291965,0.17099665056709903,False
barcode_var_len,high,rel,0.02,0.5,40,10,5.281862,0.0200000418058471,0,0,0.99,0.022520106444870028,0.9458605913680548,1.0,1.0603340998194995e-06,12.415314270275264,12.427026360281552,4.810296160156754e-06,True
barcode_var_len,high,rel,0.04,0.5,40,10,10.563702000000001,0.039999992145183065,0,0,0.9875,0.025144807945463806,0.938216176426891,1.0,1.1948706156750042e-06,34.35388156489423,38.5969787128481,4.938798544790017e-06,True
barcode_var_len,high,rel,0.06,0.5,40,10,15.845560000000003,0.06000001528993842,0,0,0.9925,0.019528774581448426,0.9542236018203611,1.0,9.40412128600105e-07,60.0885033449058,60.70895849096428,4.702060643000525e-06,True
barcode_var_len,high,rel,0.08,0.5,40,10,21.127406,0.07999999325972298,0,0,0.935,0.05566554073401402,0.8258955401613326,1.0,1.2882436923605882e-05,144.42669163912447,140.16568188535345,3.103799569677065e-05,True
barcode_var_len,high,rel,0.1,0.5,40,10,26.409263999999997,0.10000001503023988,0,0,0.8425,0.08157106268298436,0.6826207171413506,1.0,0.0004654621431825035,193.5499448901385,194.73687682853796,0.0008372916695546001,False
barcode_var_len,high,rel,0.12,0.5,40,10,31.691108,0.11999998331358926,0,0,0.8675,0.07613067315792804,0.7182838806104611,1.0,0.00019032591288338009,182.76721469628765,219.1172321567414,0.0003583058683836913,False
barcode_var_len,high,rel,0.14,0.5,40,10,36.972968,0.14000001554721184,0,0,0.6925,0.10076763163644752,0.49499544199256285,0.8900045580074372,0.031769739820150966,455.32670561524543,453.7717103759999,0.041035913934361665,False
barcode_var_len,high,rel,0.16,0.5,40,10,42.25482,0.1600000158540054,0,0,0.625,0.10398658676614368,0.4211862899383584,0.8288137100616416,0.11496264233386527,362.42511825867496,456.99729717991244,0.13264920269292146,False
barcode_var_len,high,rel,0.18,0.5,40,10,47.53667,0.18000000905068814,0,0,0.7525,0.09536308772017507,0.5655883480684568,0.9394116519315431,0.0073949541668976845,917.1038988027864,780.552269453736,0.010580472884945917,False
barcode_var_len,high,rel,0.2,0.5,40,10,52.818516,0.19999998776582514,0,0,0.71,0.09945631528229266,0.5150656220467064,0.9049343779532936,0.021424828797413028,594.4078395140889,644.5881112003663,0.02866919536920017,False
barcode_var_len,high,rel,0.02,0.6,40,10,5.260162,0.020000014300156344,0,0,1.0,0.0,1.0,1.0,6.538314816033479e-07,10.029597587769082,11.545298775008138,4.459560634601441e-06,True
barcode_var_len,high,rel,0.04,0.6,40,10,10.520314,0.03999999100529718,0,0,0.9925,0.019528774581448426,0.9542236018203611,1.0,9.40412128600105e-07,34.38686202146359,39.96880357275908,4.702060643000525e-06,True
barcode_var_len,high,rel,0.06,0.6,40,10,15.780476,0.06000000568504653,0,0,0.985,0.027507974990862768,0.9310843690179089,1.0,1.3457139554261416e-06,55.84133342210151,64.60261904289865,5.348350335667999e-06,True
barcode_var_len,high,rel,0.08,0.6,40,10,21.040632000000002,0.07999999706795836,0,0,0.84,0.08206926536676863,0.6791442398811335,1.0,0.0005074601599518824,148.31839538815447,165.50557070766342,0.0009040956872705951,False
barcode_var_len,high,rel,0.1,0.6,40,10,26.300794,0.10000000955668459,0,0,0.82,0.08578723892978568,0.65185701169762,0.9881429883023799,0.0009929623365320707,164.22269145658987,189.894376751021,0.0016579083895418775,False
barcode_var_len,high,rel,0.12,0.6,40,10,31.560948,0.11999999556879565,0,0,0.7875,0.09091985771966847,0.6092970788694498,0.9657029211305501,0.0027428812375411777,309.5345061556117,292.2033274585034,0.004195525577160025,False
barcode_var_len,high,rel,0.14,0.6,40,10,36.82110600000001,0.1399999944969212,0,0,0.8275,0.08444694586942353,0.6619839860959299,0.9930160139040701,0.0007751751882197287,414.2242132711206,382.9292453767039,0.0013227760092556838,False
barcode_var_len,high,rel,0.16,0.6,40,10,42.081266,0.15999999634007886,0,0,0.7375,0.0969614075742188,0.5474556411545313,0.9275443588454688,0.010953927927595905,424.2653841385197,453.5213422791916,0.015296025484480768,False
barcode_var_len,high,rel,0.18,0.6,40,10,47.341426,0.18000000830520804,0,0,0.7475,0.09591525384521943,0.55950610246337,0.9354938975366301,0.008447705157869634,435.95010362934295,530.8882940330948,0.011957938807943318,False
barcode_var_len,high,rel,0.2,0.6,40,10,52.601586,0.20000001034581572,0,0,0.555,0.10451428262472495,0.35015200605553914,0.7598479939444609,0.3010261090182882,760.3652775671295,807.2029486931567,0.3262870412435991,False
barcode_var_len,high,rel,0.02,0.7,40,10,5.270146,0.020000031344298518,0,0,0.985,0.027507974990862768,0.9310843690179089,1.0,1.3457139554261416e-06,8.878507467033925,9.790603686567586,5.348350335667999e-06,True
barcode_var_len,high,rel,0.04,0.7,40,10,10.540282,0.04000002151150338,0,0,1.0,0.0,1.0,1.0,6.538314816033479e-07,31.94344705362927,36.36324715540759,4.459560634601441e-06,True
barcode_var_len,high,rel,0.06,0.7,40,10,15.81041,0.059999984524406275,0,0,0.9775,0.03355397998186842,0.9117341992355379,1.0,1.9158940685337106e-06,70.14495896693863,72.80403333148993,6.318374055802663e-06,True
barcode_var_len,high,rel,0.08,0.7,40,10,21.080548,0.07999997939184897,0,0,0.9675,0.040105371991940766,0.8888934708957961,1.0,3.0442948627741216e-06,94.08082985358398,112.32853904557777,8.875216998056216e-06,True
barcode_var_len,high,rel,0.1,0.7,40,10,26.350694000000004,0.10000001474613654,0,0,0.885,0.07175972238441139,0.7443509441265537,1.0,9.846524797516955e-05,189.13201563494383,192.64484863773276,0.00019278459077243723,False
barcode_var_len,high,rel,0.12,0.7,40,10,31.620832000000004,0.12000001125632251,0,0,0.905,0.06606839361879746,0.775505948507157,1.0,4.483810553584596e-05,220.34355619836327,237.45874429377358,9.391765348724491e-05,True
barcode_var_len,high,rel,0.14,0.7,40,10,36.890968,0.14000000767036208,0,0,0.7825,0.09161950909760525,0.6029257621686936,0.9620742378313063,0.0031809058486296873,286.99082167917743,331.16743544350385,0.004817984428706204,False
barcode_var_len,high,rel,0.16,0.7,40,10,42.16110600000001,0.160000000737281,0,0,0.825,0.08490067672827281,0.6585946736125853,0.9914053263874146,0.0008423307102951552,315.6492138157089,363.13399671179417,0.0014217197106615141,False
barcode_var_len,high,rel,0.18,0.7,40,10,47.431248000000004,0.18000002050119626,0,0,0.7075,0.0996564435326974,0.5121733706759131,0.902826629324087,0.022700564863871654,500.7490019871126,554.7776136270395,0.03015932189057234,False
barcode_var_len,high,rel,0.2,0.7,40,10,52.701386,0.20000001378807106,0,0,0.8225,0.0853474056911907,0.6552190848452663,0.9897809151547338,0.0009148015225635345,441.70212687827416,543.9075972992355,0.0015329106594307875,False
barcode_var_len,high,rel,0.02,0.8,40,10,5.28168,0.019999987715500926,0,0,1.0,0.0,1.0,1.0,6.538314816033479e-07,8.76262039329211,8.841203111513838,4.459560634601441e-06,True
barcode_var_len,high,rel,0.04,0.8,40,10,10.563366,0.039999996783758915,0,0,1.0,0.0,1.0,1.0,6.538314816033479e-07,34.309904310158494,34.541214154777045,4.459560634601441e-06,True
barcode_var_len,high,rel,0.06,0.8,40,10,15.845054,0.06000001257470615,0,0,1.0,0.0,1.0,1.0,6.538314816033479e-07,53.33829805923693,62.77972559083625,4.459560634601441e-06,True
barcode_var_len,high,rel,0.08,0.8,40,10,21.126732,0.07999999147081308,0,0,0.965,0.041561275136107974,0.8835399007332283,1.0,3.413117415298884e-06,120.81173566124076,126.14406795804777,9.707031181125267e-06,True
barcode_var_len,high,rel,0.1,0.8,40,10,26.408419999999996,0.1000000089065439,0,0,0.91,0.06450887154044081,0.783562611780736,1.0,3.6627656988930286e-05,154.84045166024268,176.38803887135634,7.848783640485061e-05,True
barcode_var_len,high,rel,0.12,0.8,40,10,31.690094000000002,0.11999997063341102,0,0,0.8775,0.07369592397629703,0.7330559890064577,1.0,0.00013103791371097225,228.61795595331523,250.50105118504905,0.0002528324891103821,False
barcode_var_len,high,rel,0.14,0.8,40,10,36.971786,0.1400000017640275,0,0,0.875,0.07431983248097374,0.7293331283372915,1.0,0.00014397415867114637,374.2702058670429,341.5658999173184,0.00027550610609910727,False
barcode_var_len,high,rel,0.16,0.8,40,10,42.253474000000004,0.16000001680253095,0,0,0.7825,0.09161950909760525,0.6029257621686936,0.9620742378313063,0.0031809058486296873,376.3055354929178,402.6158792883329,0.004817984428706204,False
barcode_var_len,high,rel,0.18,0.8,40,10,47.535148,0.17999998326333105,0,0,0.76,0.09449749798856956,0.5747849039424037,0.9452150960575963,0.006032393056385331,494.1041413228365,509.29808484377617,0.008779539190044377,False
barcode_var_len,high,rel,0.2,0.8,40,10,52.816835999999995,0.19999999963536477,0,0,0.7575,0.09479106771957473,0.5717095072696334,0.9432904927303665,0.00645957694817196,663.2581030982824,658.6531077249526,0.009371929113572423,False
barcode_var_len,high,rel,0.02,0.9,40,10,5.268086,0.020000012356933373,0,0,1.0,0.0,1.0,1.0,6.538314816033479e-07,8.751507612011038,9.411986057120771,4.459560634601441e-06,True
barcode_var_len,high,rel,0.04,0.9,40,10,10.536164,0.03999999912448386,0,0,1.0,0.0,1.0,1.0,6.538314816033479e-07,32.92103356494661,36.58311828395611,4.459560634601441e-06,True
barcode_var_len,high,rel,0.06,0.9,40,10,15.804252000000002,0.06000001885058685,0,0,0.985,0.027507974990862768,0.9310843690179089,1.0,1.3457139554261416e-06,62.491285833762845,69.00207821863543,5.348350335667999e-06,True
barcode_var_len,high,rel,0.08,0.9,40,10,21.072328000000002,0.07999998882586123,0,0,0.9425,0.052588271035109095,0.8394269887711862,1.0,9.313067252422732e-06,106.34242164381844,128.6195831917458,2.347195811586217e-05,True
barcode_var_len,high,rel,0.1,0.9,40,10,26.340412,0.0999999948491345,0,0,0.8925,0.06972067602942168,0.7558474749823334,1.0,7.361890818995287e-05,150.81327816926938,184.0793747793313,0.0001478738328653481,False
barcode_var_len,high,rel,0.12,0.9,40,10,31.608494,0.11999999501404116,0,0,0.8775,0.07369592397629703,0.7330559890064577,1.0,0.00013103791371097225,229.6095107514697,250.51750598670878,0.0002528324891103821,False
barcode_var_len,high,rel,0.14,0.9,40,10,36.87658,0.14000000983168762,0,0,0.94,0.053640414858621525,0.8348647868771017,1.0,1.03825916524498e-05,207.6154961491708,246.66223452908932,2.5748827298075502e-05,True
barcode_var_len,high,rel,0.16,0.9,40,10,42.144670000000005,0.16000003634362042,0,0,0.84,0.08206926536676863,0.6791442398811335,1.0,0.0005074601599518824,410.08106644826125,417.68073334098995,0.0009040956872705951,False
barcode_var_len,high,rel,0.18,0.9,40,10,47.412743999999996,0.18000000402452657,0,0,0.84,0.08206926536676863,0.6791442398811335,1.0,0.0005074601599518824,399.3954718002436,451.6507045775684,0.0009040956872705951,False
barcode_var_len,high,rel,0.2,0.9,40,10,52.680829999999986,0.20000002414608606,0,0,0.845,0.08106499473637233,0.6861126103167102,1.0,0.00042670433584312753,782.0523644078046,682.0267282455407,0.0007765851904777077,False
barcode_var_len,high,rel,0.02,1.0,40,10,5.262698,0.020000005614585974,0,0,1.0,0.0,1.0,1.0,6.538314816033479e-07,9.575707140532426,9.568208073829709,4.459560634601441e-06,True
barcode_var_len,high,rel,0.04,1.0,40,10,10.525396,0.04000001240557207,0,0,1.0,0.0,1.0,1.0,6.538314816033479e-07,27.610233245037666,33.729623704961725,4.459560634601441e-06,True
barcode_var_len,high,rel,0.06,1.0,40,10,15.788097999999998,0.060000029699603566,0,0,0.9925,0.019528774581448426,0.9542236018203611,1.0,9.40412128600105e-07,66.65009206733572,68.83232401106775,4.702060643000525e-06,True
barcode_var_len,high,rel,0.08,1.0,40,10,21.050784,0.07999999392108935,0,0,0.9675,0.040105371991940766,0.8888934708957961,1.0,3.0442948627741216e-06,116.25581083214216,117.50202758781862,8.875216998056216e-06,True
barcode_var_len,high,rel,0.1,1.0,40,10,26.313477999999996,0.09999998651575812,0,0,0.9375,0.05466568248721647,0.8303552623250557,1.0,1.15684232496683e-05,149.5462871741713,162.2780320604705,2.831219374260926e-05,True
barcode_var_len,high,rel,0.12,1.0,40,10,31.576177999999995,0.11999999892472119,0,0,0.9275,0.05852534927823359,0.8127903154146622,1.0,1.7729779558998625e-05,191.4373302060233,212.39555486668377,4.12217374746718e-05,True
barcode_var_len,high,rel,0.14,1.0,40,10,36.838879999999996,0.14000001942062693,0,0,0.8925,0.06972067602942168,0.7558474749823334,1.0,7.361890818995287e-05,252.4832902822579,283.4750221433259,0.0001478738328653481,False
barcode_var_len,high,rel,0.16,1.0,40,10,42.101574,0.1600000145703443,0,0,0.905,0.06606839361879746,0.775505948507157,1.0,4.483810553584596e-05,300.4840868322852,341.2559189003564,9.391765348724491e-05,True
barcode_var_len,high,rel,0.18,1.0,40,10,47.364274,0.18000002604045356,0,0,0.835,0.08304262107383252,0.6722364626952883,0.9977635373047117,0.000602169309140404,406.87741096065935,469.9242525954894,0.0010506894136971402,False
barcode_var_len,high,rel,0.2,1.0,40,10,52.62697,0.20000002378353593,0,0,0.815,0.08664662470765618,0.6451726155729939,0.984827384427006,0.0011679661730172098,488.2405974134206,593.36453514808,0.001932755410864778,False
barcode_var_len,low,rel,0.02,0.1,40,10,0.34948599999999996,0.01999951151785347,0,0,0.61,0.10433054750064677,0.4055121268987323,0.8144878731012677,0.08567917144793191,0.0052282146967286,0.00382943477727863,0.10228707246030382,False
barcode_var_len,low,rel,0.04,0.1,40,10,0.698984,0.039999760467823636,0,0,0.68375,0.1013464559145458,0.4851109464074902,0.8823890535925097,0.019653759534907937,0.0012116411201077,0.0008874732412623644,0.026605526007953975,False
barcode_var_len,low,rel,0.06,0.1,40,10,1.0484740000000001,0.05999947052285351,0,0,0.69625,0.10050406216816579,0.49926203815039505,0.893237961849605,0.01632601913738863,0.0876058401993304,0.06416738229245773,0.02239409704686051,False
barcode_var_len,low,rel,0.08,0.1,40,10,1.3979679999999999,0.07999944630637018,0,0,0.535,0.1041752929843759,0.33081642575062326,0.7391835742493769,0.3631693488243809,3.856498700976943,2.9051457064043666,0.38688143689195215,False
barcode_var_len,low,rel,0.1,0.1,40,10,1.747472,0.10000046141135817,0,0,0.68,0.10157921865390412,0.480904731438348,0.8790952685616521,0.026634426747959197,4.36483641990435,3.1970485821810057,0.03508500973881311,False
barcode_var_len,low,rel,0.12,0.1,40,10,2.096966,0.12000043719487488,0,0,0.61,0.10433054750064677,0.4055121268987323,0.8144878731012677,0.13892771383618063,1.7734219456144729,1.5574445831240322,0.15814293007056057,False
barcode_var_len,low,rel,0.14,0.1,40,10,2.4464559999999995,0.14000014724990473,0,0,0.63,0.10384299287365496,0.42646773396763626,0.8335322660323637,0.10204860849176,1.9756020776494552,1.9514930522622338,0.1193776174809268,False
barcode_var_len,low,rel,0.16,0.1,40,10,2.7959540000000005,0.1600003961998749,0,0,0.5875,0.1046071800783166,0.3824699270464995,0.7925300729535005,0.19815483389402322,7.823771022731509,5.917138509083616,0.21938570895409715,False
barcode_var_len,low,rel,0.18,0.1,40,10,3.1454400000000002,0.17999990771772836,0,0,0.545,0.10437128333289815,0.3404322846675197,0.7495677153324805,0.3347999484859656,2.44446194358261,2.3657942349071557,0.36084370439683444,False
barcode_var_len,low,rel,0.2,0.1,40,10,3.4949260000000004,0.1999994192355818,0,0,0.59625,0.10453328719578822,0.39136475709625507,0.8011352429037448,0.17787340809717722,22.336861907265,17.005725178450508,0.19834804500044942,False
barcode_var_len,low,rel,0.02,0.2,40,10,0.34821799999999997,0.019999650230264877,0,0,0.8225,0.0853474056911907,0.6552190848452663,0.9897809151547338,0.0008646270690480578,0.0353509260532405,0.03045785034651113,0.0014567086489396628,False
barcode_var_len,low,rel,0.04,0.2,40,10,0.6964500000000001,0.04000032838129813,0,0,0.77875,0.0921295194396757,0.5981761418982356,0.9593238581017645,0.0035490109624176677,0.4647994969638311,0.4257273739549274,0.0053667970651194,False
barcode_var_len,low,rel,0.06,0.2,40,10,1.044666,0.05999988613937316,0,0,0.7025,0.10004379158036843,0.5064141685024779,0.8985858314975221,0.025444667696993273,1.0133210207161487,0.8260552239398635,0.033565306323693256,False
barcode_var_len,low,rel,0.08,0.2,40,10,1.3928900000000002,0.0799998731740887,0,0,0.7525,0.09536308772017507,0.5655883480684568,0.9394116519315431,0.00739016683772443,0.903428149069934,0.7158623354791323,0.010580472884945917,False
barcode_var_len,low,rel,0.1,0.2,40,10,1.7411139999999998,0.09999981130577548,0,0,0.7375,0.0969614075742188,0.5474556411545313,0.9275443588454688,0.010953927927595905,0.9573994850959048,0.9865402738052755,0.015296025484480768,False
barcode_var_len,low,rel,0.12,0.2,40,10,2.0893420000000003,0.1200001887811838,0,0,0.6325,0.10376570656366776,0.4291192151352111,0.8358807848647888,0.10145366950933238,2.049140052660758,2.0208744013544253,0.11883112423637168,False
barcode_var_len,low,rel,0.14,0.2,40,10,2.437562,0.13999999361432208,0,0,0.6525,0.10301364640632465,0.45059325304360365,0.8544067469563963,0.07114172152652558,1.8770917953941708,1.8962022741462765,0.08592441690866076,False
barcode_var_len,low,rel,0.16,0.2,40,10,2.7857819999999998,0.15999978241685578,0,0,0.7125,0.0992518454456427,0.5179663829265404,0.9070336170734596,0.02021023696544571,3.217239792459,2.7321695072699503,0.02723988460560074,False
barcode_var_len,low,rel,0.18,0.2,40,10,3.134004,0.17999967281245485,0,0,0.605,0.10441661323243907,0.4003434380644194,0.8096565619355806,0.15708206425420418,3.289394833866732,3.1859953213438343,0.17643275332899744,False
barcode_var_len,low,rel,0.2,0.2,40,10,3.482236,0.20000032505898585,0,0,0.58,0.10463681170629084,0.3749118490556699,0.78508815094433,0.22243742962136115,2.8379759942761256,2.912406392044191,0.24510285491453304,False
barcode_var_len,low,rel,0.02,0.3,40,10,0.34697,0.019999678077898674,0,0,0.9525,0.04807541585390428,0.8582721849263476,1.0,5.983490658551173e-06,0.0389337697233966,0.03935155331428678,1.5661208235097197e-05,True
barcode_var_len,low,rel,0.04,0.3,40,10,0.6939479999999999,0.04000001608974855,0,0,0.96,0.0443060570080222,0.8731601282642765,1.0,4.282956844238806e-06,0.1679682349717319,0.15978970578898177,1.1612681822571689e-05,True
barcode_var_len,low,rel,0.06,0.3,40,10,1.040922,0.06000001305903325,0,0,0.85,0.08002868353293151,0.6931437802754542,1.0,0.00035800791626764355,0.5755790935310414,0.511891527497091,0.0006567009114968609,False
barcode_var_len,low,rel,0.08,0.3,40,10,1.3878899999999998,0.07999979073969082,0,0,0.835,0.08304262107383252,0.6722364626952883,0.9977635373047117,0.000602169309140404,0.9615252529174032,0.8554345541034502,0.0010506894136971402,False
barcode_var_len,low,rel,0.1,0.3,40,10,1.734866,0.09999978129175333,0,0,0.725,0.09816329969967588,0.5325999325886352,0.9174000674113647,0.014977161423005063,1.4672393658805674,1.3526517482133353,0.02060467473874957,False
barcode_var_len,low,rel,0.12,0.3,40,10,2.0818380000000003,0.11999973415598354,0,0,0.6075,0.10437535241532397,0.40292430926596506,0.812075690734035,0.15132284238357258,1.3161763028128874,1.6252310990396177,0.17099665056709903,False
barcode_var_len,low,rel,0.14,0.3,40,10,2.428812,0.13999968326732404,0,0,0.6525,0.10301364640632465,0.45059325304360365,0.8544067469563963,0.07114172152652558,2.864685395589965,2.593298088017187,0.08592441690866076,False
barcode_var_len,low,rel,0.16,0.3,40,10,2.775798,0.16000045124727236,0,0,0.435,0.09937269671486186,0.24022951443887075,0.6297704855611292,0.7397969068038814,3.5383879882760154,3.2798736294327195,0.7511038464275215,False
barcode_var_len,low,rel,0.18,0.3,40,10,3.12277,0.18000035837441378,0,0,0.4425,0.09990953893556136,0.24667730368629975,0.6383226963137003,0.715647151342374,4.151006026734716,4.411989117282776,0.7284398049856563,False
barcode_var_len,low,rel,0.2,0.3,40,10,3.469734,0.1999997219658628,0,0,0.64,0.1035117110210622,0.43711704639871807,0.842882953601282,0.08913953290126436,2.7050760845389963,3.3349421355567808,0.1058745409938389,False
barcode_var_len,low,rel,0.02,0.4,40,10,0.343576,0.01999994106771199,0,0,0.94,0.053640414858621525,0.8348647868771017,1.0,1.03825916524498e-05,0.0610096943487405,0.06334279755781835,2.5748827298075502e-05,True
barcode_var_len,low,rel,0.04,0.4,40,10,0.68716,0.040000447129971785,0,0,0.985,0.027507974990862768,0.9310843690179089,1.0,1.3457139554261416e-06,0.1182770749391608,0.14178759109590017,5.348350335667999e-06,True
barcode_var_len,low,rel,0.06,0.4,40,10,1.030734,0.0600001882668543,0,0,0.935,0.05566554073401402,0.8258955401613326,1.0,1.2882436923605882e-05,0.3291918817692104,0.3998315503582357,3.103799569677065e-05,True
barcode_var_len,low,rel,0.08,0.4,40,10,1.374298,0.07999934675915547,0,0,0.9025,0.06682609616168726,0.7715208515230929,1.0,4.9568014246983466e-05,0.7461758289292376,0.693053126245872,0.0001035915803363924,True
barcode_var_len,low,rel,0.1,0.4,40,10,1.717888,0.10000013082979377,0,0,0.8125,0.08706637188752604,0.641849911100449,0.983150088899551,0.0012656750851485791,0.971689616614923,0.9372723695801183,0.0020833235914835017,False
barcode_var_len,low,rel,0.12,0.4,40,10,2.061462,0.12000001478490636,0,0,0.6575,0.10278787025303673,0.45603577430404796,0.858964225695952,0.06477893921806628,1.7259065445214077,1.6548843995954676,0.07916480088410204,False
barcode_var_len,low,rel,0.14,0.4,40,10,2.40504,0.14000005479975935,0,0,0.6325,0.10376570656366776,0.4291192151352111,0.8358807848647888,0.10145366950933238,1.9718695462596048,2.2596476586213283,0.11883112423637168,False
barcode_var_len,low,rel,0.16,0.4,40,10,2.748616,0.16000005699902115,0,0,0.69,0.10093815147298531,0.49216122311294874,0.8878387768870512,0.03353952861482573,1.8681432684930308,2.106596003960334,0.043082543662690514,False
barcode_var_len,low,rel,0.18,0.4,40,10,3.092194,0.18000002564447024,0,0,0.6925,0.10076763163644752,0.49499544199256285,0.8900045580074372,0.031769739820150966,2.189556968311502,2.5957304158280587,0.041035913934361665,False
barcode_var_len,low,rel,0.2,0.4,40,10,3.4357639999999994,0.19999977215068362,0,0,0.655,0.10290267238769485,0.4533107621201181,0.8566892378798819,0.06790279371556637,5.018080677797441,4.718943951628985,0.08254849432088461,False
barcode_var_len,low,rel,0.02,0.5,40,10,0.3466560000000001,0.01999985706008775,0,0,0.9875,0.025144807945463806,0.938216176426891,1.0,1.1948706156750042e-06,0.0360073792442582,0.0393252983890631,4.938798544790017e-06,True
barcode_var_len,low,rel,0.04,0.5,40,10,0.693324,0.04000045222695113,0,0,0.99,0.022520106444870028,0.9458605913680548,1.0,1.0603340998194995e-06,0.1564157512036643,0.15679500255207424,4.810296160156754e-06,True
barcode_var_len,low,rel,0.06,0.5,40,10,1.039972,0.05999988244777699,0,0,0.945,0.051507624142056146,0.8440450566815699,1.0,8.349009789524274e-06,0.2842236398858548,0.32566671395652125,2.1272819463719384e-05,True
barcode_var_len,low,rel,0.08,0.5,40,10,1.3866260000000004,0.0799995111719844,0,0,0.93,0.05759422016493448,0.8171153284767285,1.0,1.5948230628176892e-05,0.6469944926814883,0.5865492188421837,3.7548998694188634e-05,True
barcode_var_len,low,rel,0.1,0.5,40,10,1.733288,0.09999987782989958,0,0,0.69,0.10093815147298531,0.49216122311294874,0.8878387768870512,0.03353952861482573,1.1442932101681162,1.3017278154496583,0.043082543662690514,False
barcode_var_len,low,rel,0.12,0.5,40,10,2.079952,0.12000010432403807,0,0,0.7775,0.09229675875203432,0.5965983528460127,0.9584016471539872,0.0036809028482900027,1.068166271709317,1.17143730372801,0.005521354272435004,False
barcode_var_len,low,rel,0.14,0.5,40,10,2.426612,0.1400002652060609,0,0,0.6475,0.10322418164527133,0.44518060397526815,0.8498193960247318,0.07797379539298986,1.7349181338450796,1.915711444184347,0.09356855447158784,False
barcode_var_len,low,rel,0.16,0.5,40,10,2.773266,0.15999992069280303,0,0,0.6675,0.10229000709854781,0.4670115860868463,0.8679884139131537,0.05338725643249419,2.0045338324143698,2.2071972882329005,0.06655515882335067,False
barcode_var_len,low,rel,0.18,0.5,40,10,3.1199199999999996,0.17999984363421903,0,0,0.565,0.1046038311681622,0.35997649091040207,0.7700235090895978,0.26813415312869193,4.367188429921784,4.15573253823167,0.29165469287682283,False
barcode_var_len,low,rel,0.2,0.5,40,10,3.46659,0.20000047717251668,0,0,0.655,0.10290267238769485,0.4533107621201181,0.8566892378798819,0.06790279371556637,2.822111310843079,3.1540929946672427,0.08254849432088461,False
barcode_var_len,low,rel,0.02,0.6,40,10,0.34437799999999996,0.020000419509512795,0,0,0.9825,0.02967211382340579,0.9243426569061247,1.0,1.5147411749632373e-06,0.0537525340647109,0.061055006627197705,5.7032764887279794e-06,True
barcode_var_len,low,rel,0.04,0.6,40,10,0.6887540000000001,0.04000038870295751,0,0,0.965,0.041561275136107974,0.8835399007332283,1.0,3.413117415298884e-06,0.2860894226472347,0.25648843332752025,9.707031181125267e-06,True
barcode_var_len,low,rel,0.06,0.6,40,10,1.033128,0.060000510660346326,0,0,0.9325,0.05664131762496462,0.8214830174550694,1.0,1.4337632266600629e-05,0.4976043201532815,0.42395648303947164,3.427762984045909e-05,True
barcode_var_len,low,rel,0.08,0.6,40,10,1.377494,0.07999990091881805,0,0,0.905,0.06606839361879746,0.775505948507157,1.0,4.483810553584596e-05,0.5436851775820069,0.576851543590071,9.391765348724491e-05,True
barcode_var_len,low,rel,0.1,0.6,40,10,1.721868,0.10000006446440138,0,0,0.835,0.08304262107383252,0.6722364626952883,0.9977635373047117,0.000602169309140404,0.8310706048825763,0.9472255590561927,0.0010506894136971402,False
barcode_var_len,low,rel,0.12,0.6,40,10,2.0662439999999997,0.12000026123924672,0,0,0.8,0.08906926143924926,0.6254242475790714,0.9745757524209286,0.0018759532836208786,1.0840570697452911,1.205917065209484,0.00298228470729473,False
barcode_var_len,low,rel,0.14,0.6,40,10,2.410616,0.14000006303300386,0,0,0.7,0.10023106787980358,0.5035471069555849,0.896452893044415,0.026917724646079708,1.5998068358220143,1.771704814661747,0.03525842805754103,False
barcode_var_len,low,rel,0.16,0.6,40,10,2.754994,0.16000035724700623,0,0,0.745,0.09618400183005803,0.5564793564130863,0.9335206435869137,0.009021796391471338,1.8713030536222384,1.8958277656304916,0.012693299007667693,False
barcode_var_len,low,rel,0.18,0.6,40,10,3.0993580000000005,0.17999981124067407,0,0,0.6725,0.1020176098076545,0.4725454847769972,0.8724545152230028,0.04831967675915359,2.829882413425558,2.991121968615481,0.060644128726063215,False
barcode_var_len,low,rel,0.2,0.6,40,10,3.443738,0.20000009950559214,0,0,0.6175,0.10417474428447085,0.41331750120243715,0.8216824987975629,0.12970417016075136,2.882032606069074,3.5605425937038735,0.14818781111732035,False
barcode_var_len,low,rel,0.02,0.7,40,10,0.346794,0.01999988363234768,0,0,0.98,0.031677997785087585,0.9179111243412283,1.0,1.704032931269903e-06,0.0465349304509342,0.043819402957790674,5.980191041815131e-06,True
barcode_var_len,low,rel,0.04,0.7,40,10,0.6935919999999999,0.040000181628170574,0,0,0.975,0.0353207267702707,0.9057713755302694,1.0,2.152876113554094e-06,0.1906491811140104,0.18078435416541982,6.787033171543415e-06,True
barcode_var_len,low,rel,0.06,0.7,40,10,1.040382,0.05999990653652082,0,0,0.9625,0.04295969827343276,0.8782989913840719,1.0,3.8244606308012755e-06,0.2711933802820775,0.31657987979463476,1.0680926086021579e-05,True
barcode_var_len,low,rel,0.08,0.7,40,10,1.3871719999999998,0.07999954326855317,0,0,0.8975,0.06829977543582832,0.7636324401457765,1.0,6.047572046107024e-05,0.5706167417080328,0.6181443342388773,0.0001236097143490007,False
barcode_var_len,low,rel,0.1,0.7,40,10,1.7339700000000002,0.09999984207870546,0,0,0.9075,0.06529615537908832,0.7795195354569868,1.0,4.053683454445474e-05,0.7825324068816165,0.7555802930728617,8.626832065524692e-05,True
barcode_var_len,low,rel,0.12,0.7,40,10,2.080768,0.12000003829034372,0,0,0.7525,0.09536308772017507,0.5655883480684568,0.9394116519315431,0.0073949541668976845,1.1988900625705086,1.3748295718794759,0.010580472884945917,False
barcode_var_len,low,rel,0.14,0.7,40,10,2.427558,0.13999972383212317,0,0,0.6375,0.10360008096728822,0.43444384130411506,0.8405561586958848,0.09311418888995943,1.7786183538464826,1.9556033785257776,0.11031362505434683,False
barcode_var_len,low,rel,0.16,0.7,40,10,2.774358,0.16000001252400697,0,0,0.6675,0.10229000709854781,0.4670115860868463,0.8679884139131537,0.05338725643249419,1.5989226036602633,2.054504868883439,0.06655515882335067,False
barcode_var_len,low,rel,0.18,0.7,40,10,3.12115,0.18000000834153554,0,0,0.655,0.10290267238769485,0.4533107621201181,0.8566892378798819,0.06790279371556637,3.798402597044742,3.4455355320206547,0.08254849432088461,False
barcode_var_len,low,rel,0.2,0.7,40,10,3.4679540000000006,0.200000567733464,0,0,0.665,0.10242030943937065,0.46425619349883357,0.8657438065011664,0.056074421612077506,3.756191735564281,3.5662230256264653,0.06962511628735925,False
barcode_var_len,low,rel,0.02,0.8,40,10,0.343552,0.020000053598647777,0,0,0.98,0.031677997785087585,0.9179111243412283,1.0,1.704032931269903e-06,0.0745064780582534,0.06932011648385962,5.980191041815131e-06,True
barcode_var_len,low,rel,0.04,0.8,40,10,0.687098,0.03999980878283194,0,0,0.995,0.015966145597504214,0.9637063546288918,1.0,8.335799989322588e-07,0.1324444720253599,0.12041199975632108,4.587156207142015e-06,True
barcode_var_len,low,rel,0.06,0.8,40,10,1.0306579999999999,0.06000035501546781,0,0,0.97,0.038585514924043426,0.8943723907488749,1.0,2.7137920615033714e-06,0.3753198930515768,0.3413148836729073,8.037664385981322e-06,True
barcode_var_len,low,rel,0.08,0.8,40,10,1.3742,0.07999989144525081,0,0,0.925,0.059435712454553535,0.8085060035890751,1.0,1.9699265123654512e-05,0.578598899536983,0.5476612110897681,4.4792950036671634e-05,True
barcode_var_len,low,rel,0.1,0.8,40,10,1.7177580000000003,0.10000019895262204,0,0,0.85,0.08002868353293151,0.6931437802754542,1.0,0.00035800791626764355,0.7673466742145335,0.8406409455059982,0.0006567009114968609,False
barcode_var_len,low,rel,0.12,0.8,40,10,2.0613,0.11999986380103554,0,0,0.8575,0.0784114435756288,0.7038135705917676,1.0,0.0002739927806307303,0.9155174831003292,1.0210001270417386,0.0005086093532666251,False
barcode_var_len,low,rel,0.14,0.8,40,10,2.404852,0.14000001381622562,0,0,0.8,0.08906926143924926,0.6254242475790714,0.9745757524209286,0.0018759532836208786,1.6762448609278884,1.5453348183138655,0.00298228470729473,False
barcode_var_len,low,rel,0.16,0.8,40,10,2.748406,0.16000016489728697,0,0,0.715,0.09904300409228223,0.5208757119791267,0.9091242880208732,0.019054538799948485,1.934798932092663,2.0688536551064107,0.025831954932874768,False
barcode_var_len,low,rel,0.18,0.8,40,10,3.091956,0.18000012871667606,0,0,0.7025,0.10004379158036843,0.5064141685024779,0.8985858314975221,0.025444667696993273,2.5758838334808263,2.7374757728863024,0.033565306323693256,False
barcode_var_len,low,rel,0.2,0.8,40,10,3.435506,0.20000014268992597,0,0,0.72,0.09861208355600148,0.5267203162302371,0.9132796837697629,0.016911030685880117,2.256567613262976,2.729315403937587,0.02309435908644421,False
barcode_var_len,low,rel,0.02,0.9,40,10,0.343986,0.020000029915274414,0,0,0.995,0.015966145597504214,0.9637063546288918,1.0,8.335799989322588e-07,0.0588500933216873,0.05428631138521518,4.587156207142015e-06,True
barcode_var_len,low,rel,0.04,0.9,40,10,0.687972,0.04000041149111416,0,0,0.9925,0.019528774581448426,0.9542236018203611,1.0,9.40412128600105e-07,0.2048201826523875,0.18028108389795056,4.702060643000525e-06,True
barcode_var_len,low,rel,0.06,0.9,40,10,1.0319539999999998,0.06000008645250174,0,0,0.9675,0.040105371991940766,0.8888934708957961,1.0,3.0442948627741216e-06,0.2303262334142297,0.2679684619937751,8.875216998056216e-06,True
barcode_var_len,low,rel,0.08,0.9,40,10,1.37593,0.07999971008446566,0,0,0.9525,0.04807541585390428,0.8582721849263476,1.0,5.9950431523597874e-06,0.4739028896598286,0.4921481254196416,1.5661208235097197e-05,True
barcode_var_len,low,rel,0.1,0.9,40,10,1.7199179999999998,0.10000004532400028,0,0,0.9,0.06756974068663674,0.7675633082541921,1.0,5.476621751138575e-05,0.8827064374194069,0.8107999406776594,0.00011343559529084354,True
barcode_var_len,low,rel,0.12,0.9,40,10,2.063898,0.11999976036065502,0,0,0.7825,0.09161950909760525,0.6029257621686936,0.9620742378313063,0.0031809058486296873,1.1119764489496928,1.2643137928130748,0.004817984428706204,False
barcode_var_len,low,rel,0.14,0.9,40,10,2.407886,0.14000003103383402,0,0,0.73,0.09769638617636826,0.5385150830943182,0.9214849169056818,0.013236527590881744,1.4500916841489584,1.6821802247513093,0.018345708881549957,False
barcode_var_len,low,rel,0.16,0.9,40,10,2.7518640000000003,0.15999962590373987,0,0,0.7775,0.09229675875203432,0.5965983528460127,0.9584016471539872,0.0036809028482900027,2.045690618687128,1.9920323705464977,0.005521354272435004,False
barcode_var_len,low,rel,0.18,0.9,40,10,3.095852,0.17999999402747413,0,0,0.725,0.09816329969967588,0.5325999325886352,0.9174000674113647,0.014977161423005063,4.002489887165505,3.4037693643900186,0.02060467473874957,False
barcode_var_len,low,rel,0.2,0.9,40,10,3.4398440000000003,0.20000042394727907,0,0,0.6925,0.10076763163644752,0.49499544199256285,0.8900045580074372,0.031769739820150966,3.978829078964154,3.6678175182481647,0.041035913934361665,False
barcode_var_len,low,rel,0.02,1.0,40,10,0.344906,0.019999719465896272,0,0,0.985,0.027507974990862768,0.9310843690179089,1.0,1.3457139554261416e-06,0.0668611826683265,0.062336160255202416,5.348350335667999e-06,True
barcode_var_len,low,rel,0.04,1.0,40,10,0.689822,0.04000027631300289,0,0,0.98,0.031677997785087585,0.9179111243412283,1.0,1.704032931269903e-06,0.1333917445157965,0.1339485561756272,5.980191041815131e-06,True
barcode_var_len,low,rel,0.06,1.0,40,10,1.034732,0.06000018230040816,0,0,0.9625,0.04295969827343276,0.8782989913840719,1.0,3.8244606308012755e-06,0.2805638944327905,0.3033114723338186,1.0680926086021579e-05,True
barcode_var_len,low,rel,0.08,1.0,40,10,1.379634,0.07999957588946251,0,0,0.9225,0.060326234517198346,0.8042605803462912,1.0,2.1875232572411636e-05,0.4917572746263375,0.5282716980393498,4.9140015198895704e-05,True
barcode_var_len,low,rel,0.1,1.0,40,10,1.7245420000000002,0.09999956851345095,0,0,0.8275,0.08444694586942353,0.6619839860959299,0.9930160139040701,0.0007751751882197287,1.0393316344076489,0.9929345599567998,0.0013227760092556838,False
barcode_var_len,low,rel,0.12,1.0,40,10,2.069458,0.11999996675464525,0,0,0.8,0.08906926143924926,0.6254242475790714,0.9745757524209286,0.0018759532836208786,1.1932361452397906,1.193107465273319,0.00298228470729473,False
barcode_var_len,low,rel,0.14,1.0,40,10,2.414368,0.13999996237940768,0,0,0.8325,0.08351803426985104,0.668804652831092,0.996195347168908,0.000655417493371522,1.3186584964836343,1.3525146613589603,0.001132970759917315,False
barcode_var_len,low,rel,0.16,1.0,40,10,2.7592839999999996,0.1600003083813452,0,0,0.745,0.09618400183005803,0.5564793564130863,0.9335206435869137,0.009021796391471338,1.8614006389465203,2.007040233985646,0.012693299007667693,False
barcode_var_len,low,rel,0.18,1.0,40,10,3.10419,0.18000006477768743,0,0,0.7325,0.09745604398391211,0.5414861537915323,0.9235138462084678,0.012433759386620398,2.35325821503976,2.347635526271808,0.01728459825045885,False
barcode_var_len,low,rel,0.2,1.0,40,10,3.449098,0.20000003349120563,0,0,0.6525,0.10301364640632465,0.45059325304360365,0.8544067469563963,0.07114172152652558,4.859421058334174,4.147261268879458,0.08592441690866076,False
barcode_var_len,mid,rel,0.02,0.1,40,10,1.580984,0.02000008837148248,0,0,0.675,0.10187547348947436,0.4753240719606303,0.8746759280393698,0.016629411833141768,0.0,0.0,0.022743166183561536,False
barcode_var_len,mid,rel,0.04,0.1,40,10,3.1619539999999997,0.03999997626341149,0,0,0.5875,0.1046071800783166,0.3824699270464995,0.7925300729535005,0.18925730753942682,1.948687938871444,1.9097936672867206,0.2102858972660298,False
barcode_var_len,mid,rel,0.06,0.1,40,10,4.742934,0.06000001383082357,0,0,0.6275,0.10391661476234981,0.42382343506579434,0.8311765649342056,0.10277527668655523,9.91016069892794,8.72996847700346,0.12007664235992005,False
barcode_var_len,mid,rel,0.08,0.1,40,10,6.323913999999999,0.08000005453526723,0,0,0.5225,0.10385641482772413,0.3189414269376607,0.7260585730623392,0.4172302464275143,15.42079852053353,12.579807277873241,0.4399366543963586,False
barcode_var_len,mid,rel,0.1,0.1,40,10,7.904885999999999,0.09999995455394398,0,0,0.65,0.10312081029138355,0.44788321182888824,0.8521167881711118,0.07342189552186859,18.16634135057575,18.590878390248687,0.08856337592132009,False
barcode_var_len,mid,rel,0.12,0.1,40,10,9.485866,0.11999999525838763,0,0,0.7275,0.09793212629711515,0.5355530324576543,0.9194469675423458,0.01392518578539162,25.210296428872425,22.12287670649342,0.019271462470854473,False
barcode_var_len,mid,rel,0.14,0.1,40,10,11.066846,0.1400000328257997,0,0,0.475,0.10190693819274499,0.2752624011422198,0.6747375988577802,0.6008999907123289,53.77968528239418,51.209088873951984,0.6181825125690994,False
barcode_var_len,mid,rel,0.16,0.1,40,10,12.647816000000002,0.15999992071772873,0,0,0.58875,0.10459922561599808,0.3837355177926438,0.7937644822073562,0.19749804512806496,82.49262048986401,61.6252388234672,0.21891916802038192,False
barcode_var_len,mid,rel,0.18,0.1,40,10,14.228800000000001,0.1800000090892112,0,0,0.4425,0.09990953893556136,0.24667730368629975,0.6383226963137003,0.7159075072654729,181.86674451631552,163.713000703396,0.7284398049856563,False
barcode_var_len,mid,rel,0.2,0.1,40,10,15.809784,0.20000009746069367,0,0,0.475,0.10190693819274499,0.2752624011422198,0.6747375988577802,0.6005175198479393,117.8747465339402,117.29995926868445,0.6181825125690994,False
barcode_var_len,mid,rel,0.02,0.2,40,10,1.5930039999999996,0.019999987415101075,0,0,0.9375,0.05466568248721647,0.8303552623250557,1.0,1.1547525822740092e-05,1.7114578772622433,1.5617063139567238,2.831219374260926e-05,True
barcode_var_len,mid,rel,0.04,0.2,40,10,3.1860119999999994,0.04000003716003392,0,0,0.885,0.07175972238441139,0.7443509441265537,1.0,9.846524797516955e-05,4.406489672826126,4.542977546430796,0.00019278459077243723,False
barcode_var_len,mid,rel,0.06,0.2,40,10,4.779016,0.06000002209138734,0,0,0.8875,0.07109188318924244,0.7481599089490848,1.0,8.94185165080138e-05,5.059686953245122,4.7521147619807005,0.0001776906417787454,False
barcode_var_len,mid,rel,0.08,0.2,40,10,6.3720159999999995,0.07999999341368266,0,0,0.6875,0.10110454597232434,0.48933508989424435,0.8856649101057557,0.03538968432312426,24.263895827920688,21.750812894862793,0.04514733391015852,False
barcode_var_len,mid,rel,0.1,0.2,40,10,7.965020000000001,0.09999996704225443,0,0,0.5425,0.10432723669707619,0.3380186160737306,0.7469813839262693,0.3445105797089024,33.262493554148506,34.30596611753471,0.3691184782595383,False
barcode_var_len,mid,rel,0.12,0.2,40,10,9.558026,0.1200000228655261,0,0,0.695,0.10059296152465282,0.49783779541168044,0.8921622045883195,0.03007782245709806,20.10506768103791,24.098269281344255,0.03912220263650517,False
barcode_var_len,mid,rel,0.14,0.2,40,10,11.15103,0.1400000037767448,0,0,0.605,0.10441661323243907,0.4003434380644194,0.8096565619355806,0.15708206425420418,65.33820262213685,65.76642725987747,0.17643275332899744,False
barcode_var_len,mid,rel,0.16,0.2,40,10,12.744044,0.1600001208050148,0,0,0.5875,0.1046071800783166,0.3824699270464995,0.7925300729535005,0.2013671423828367,59.400194380767154,61.54613189827689,0.2224126394489764,False
barcode_var_len,mid,rel,0.18,0.2,40,10,14.337038,0.17999999248089715,0,0,0.7075,0.0996564435326974,0.5121733706759131,0.902826629324087,0.022700564863871654,56.49239488175211,56.45388464194337,0.03015932189057234,False
barcode_var_len,mid,rel,0.2,0.2,40,10,15.930042,0.20000000877801777,0,0,0.4725,0.1017723193131775,0.2730262541461721,0.6719737458538279,0.6098453433286352,145.45959879986566,149.01921018180494,0.6266918997741775,False
barcode_var_len,mid,rel,0.02,0.3,40,10,1.5741900000000002,0.01999996839525248,0,0,0.96,0.0443060570080222,0.8731601282642765,1.0,4.282956844238806e-06,0.9330914183446986,0.9271584279934801,1.1612681822571689e-05,True
barcode_var_len,mid,rel,0.04,0.3,40,10,3.1483879999999997,0.04000006776043248,0,0,0.95,0.049253353765432696,0.8534634266197518,1.0,6.698612424583832e-06,2.688334487662985,2.768956815506823,1.7352951406303518e-05,True
barcode_var_len,mid,rel,0.06,0.3,40,10,4.72257,0.05999994855132188,0,0,0.8775,0.07369592397629703,0.7330559890064577,1.0,0.00013103791371097225,12.569745881015802,10.855493826267455,0.0002528324891103821,False
barcode_var_len,mid,rel,0.08,0.3,40,10,6.296769999999999,0.08000006572737542,0,0,0.7275,0.09793212629711515,0.5355530324576543,0.9194469675423458,0.014083685322570582,14.97210108826144,17.59883769555875,0.019461853417519527,False
barcode_var_len,mid,rel,0.1,0.3,40,10,7.8709620000000005,0.10000006151412762,0,0,0.83,0.08398610308091921,0.6653872379613983,0.9946127620386016,0.0007129817057278396,13.294073365065374,14.390417882445341,0.0012233818935920495,False
barcode_var_len,mid,rel,0.12,0.3,40,10,9.445152,0.12000005448318901,0,0,0.79,0.0905614715575096,0.6124995157472812,0.9675004842527188,0.002544965666936298,18.608088708786845,19.722445614686276,0.003925071426618171,False
barcode_var_len,mid,rel,0.14,0.3,40,10,11.019336000000001,0.13999995459970363,0,0,0.7575,0.09479106771957473,0.5717095072696334,0.9432904927303665,0.00645957694817196,46.35647968495317,40.924867200035635,0.009371929113572423,False
barcode_var_len,mid,rel,0.16,0.3,40,10,12.593520000000003,0.15999985598889643,0,0,0.7725,0.09295209275622986,0.5903138981977895,0.9546861018022105,0.004250299114097227,35.33627827674753,38.31487996425905,0.006344748276260708,False
barcode_var_len,mid,rel,0.18,0.3,40,10,14.16772,0.17999999632955113,0,0,0.585,0.1046204989881772,0.37994382198317267,0.7900561780168273,0.20825401539401828,83.34950723416283,79.85388164934062,0.22974642267667494,False
barcode_var_len,mid,rel,0.2,0.3,40,10,15.741908,0.1999999519586785,0,0,0.71,0.09945631528229266,0.5150656220467064,0.9049343779532936,0.021424828797413028,63.17448872430312,65.8800430565586,0.02866919536920017,False
barcode_var_len,mid,rel,0.02,0.4,40,10,1.590744,0.020000021060124044,0,0,0.97,0.038585514924043426,0.8943723907488749,1.0,2.7137920615033714e-06,2.250861912916331,1.8207512594066526,8.037664385981322e-06,True
barcode_var_len,mid,rel,0.04,0.4,40,10,3.18147,0.03999985135627517,0,0,0.96,0.0443060570080222,0.8731601282642765,1.0,4.282956844238806e-06,2.180733208495184,2.6108515085860775,1.1612681822571689e-05,True
barcode_var_len,mid,rel,0.06,0.4,40,10,4.772232,0.060000104055242136,0,0,0.935,0.05566554073401402,0.8258955401613326,1.0,1.2882436923605882e-05,7.338270149366578,7.564510238149571,3.103799569677065e-05,True
barcode_var_len,mid,rel,0.08,0.4,40,10,6.362972000000001,0.08000008486253679,0,0,0.885,0.07175972238441139,0.7443509441265537,1.0,9.846524797516955e-05,10.770910441193116,11.91260039187323,0.00019278459077243723,False
barcode_var_len,mid,rel,0.1,0.4,40,10,7.95371,0.10000004142351507,0,0,0.7525,0.09536308772017507,0.5655883480684568,0.9394116519315431,0.0073949541668976845,17.002715616945373,19.96650063937177,0.010580472884945917,False
barcode_var_len,mid,rel,0.12,0.4,40,10,9.544442,0.11999992433846263,0,0,0.7825,0.09161950909760525,0.6029257621686936,0.9620742378313063,0.0031809058486296873,27.30606344864784,28.956882212778613,0.004817984428706204,False
barcode_var_len,mid,rel,0.14,0.4,40,10,11.135193999999998,0.14000004969427135,0,0,0.6975,0.10041411563398664,0.5006883333573862,0.8943116666426139,0.028461301278696855,36.85419420731972,38.5565116662524,0.037123436450474154,False
barcode_var_len,mid,rel,0.16,0.4,40,10,12.725934000000002,0.1600000213124223,0,0,0.6675,0.10229000709854781,0.4670115860868463,0.8679884139131537,0.05338725643249419,38.47902773906125,42.5164912122528,0.06655515882335067,False
barcode_var_len,mid,rel,0.18,0.4,40,10,14.316679999999998,0.18000009106671705,0,0,0.61,0.10433054750064677,0.4055121268987323,0.8144878731012677,0.14570580932416705,60.00152501930125,58.746024242509776,0.16545348311535452,False
barcode_var_len,mid,rel,0.2,0.4,40,10,15.90741,0.19999996068185028,0,0,0.6525,0.10301364640632465,0.45059325304360365,0.8544067469563963,0.07114172152652558,49.57352452249135,58.402413778944634,0.08592441690866076,False
barcode_var_len,mid,rel,0.02,0.5,40,10,1.588412,0.02000000382340684,0,0,0.9875,0.025144807945463806,0.938216176426891,1.0,1.1948706156750042e-06,0.8697339110220407,1.0178838725768697,4.938798544790017e-06,True
barcode_var_len,mid,rel,0.04,0.5,40,10,3.176824,0.039999973238958014,0,0,0.96,0.0443060570080222,0.8731601282642765,1.0,4.282956844238806e-06,2.7376206634274625,3.0068161646268647,1.1612681822571689e-05,True
barcode_var_len,mid,rel,0.06,0.5,40,10,4.76524,0.06000003224075205,0,0,0.93,0.05759422016493448,0.8171153284767285,1.0,1.5948230628176892e-05,6.19601588020199,7.323948354098596,3.7548998694188634e-05,True
barcode_var_len,mid,rel,0.08,0.5,40,10,6.353648,0.07999993168113952,0,0,0.83,0.08398610308091921,0.6653872379613983,0.9946127620386016,0.0007129817057278396,12.614429260929144,13.861604998277826,0.0012233818935920495,False
barcode_var_len,mid,rel,0.1,0.5,40,10,7.94207,0.10000009144367147,0,0,0.8325,0.08351803426985104,0.668804652831092,0.996195347168908,0.000655417493371522,16.20656597677296,19.247792767100172,0.001132970759917315,False
barcode_var_len,mid,rel,0.12,0.5,40,10,9.530479999999999,0.12000003495267726,0,0,0.7925,0.09019728931072543,0.6157133129509782,0.9692866870490218,0.002360049479354411,19.913341964955773,22.813394825487368,0.00366418366577563,False
barcode_var_len,mid,rel,0.14,0.5,40,10,11.118888000000002,0.13999999555635637,0,0,0.77,0.09327168583810558,0.5871874957573131,0.9528125042426869,0.004563528464786798,22.916987576441446,27.097262345663324,0.006779682863021921,False
barcode_var_len,mid,rel,0.16,0.5,40,10,12.707298000000002,0.159999948882467,0,0,0.7075,0.0996564435326974,0.5121733706759131,0.902826629324087,0.022700564863871654,36.67114023368773,40.948618835234996,0.03015932189057234,False
barcode_var_len,mid,rel,0.18,0.5,40,10,14.29572,0.18000007689879038,0,0,0.825,0.08490067672827281,0.6585946736125853,0.9914053263874146,0.0008423307102951552,35.19216844477955,39.10139726438614,0.0014217197106615141,False
barcode_var_len,mid,rel,0.2,0.5,40,10,15.884124,0.19999998447495912,0,0,0.7875,0.09091985771966847,0.6092970788694498,0.9657029211305501,0.0027428812375411777,47.57943507015568,51.582568781498814,0.004195525577160025,False
barcode_var_len,mid,rel,0.02,0.6,40,10,1.5975219999999999,0.020000033885099567,0,0,0.995,0.015966145597504214,0.9637063546288918,1.0,8.335799989322588e-07,0.5335773271086395,0.6531092887366937,4.587156207142015e-06,True
barcode_var_len,mid,rel,0.04,0.6,40,10,3.195036,0.03999996336488958,0,0,0.975,0.0353207267702707,0.9057713755302694,1.0,2.152876113554094e-06,3.2650165380587555,3.64554681248913,6.787033171543415e-06,True
barcode_var_len,mid,rel,0.06,0.6,40,10,4.792562,0.0600000448034801,0,0,0.9325,0.05664131762496462,0.8214830174550694,1.0,1.4337632266600629e-05,6.816590653529104,6.824610294656502,3.427762984045909e-05,True
barcode_var_len,mid,rel,0.08,0.6,40,10,6.390082,0.08000004745990326,0,0,0.87,0.07553696919964208,0.7219475403687016,1.0,0.00017351414622119286,10.78408301585617,12.504959308740041,0.0003286520488507319,False
barcode_var_len,mid,rel,0.1,0.6,40,10,7.987595999999999,0.09999997695811504,0,0,0.815,0.08664662470765618,0.6451726155729939,0.984827384427006,0.0011679661730172098,16.847191711520306,17.256343664571016,0.001932755410864778,False
barcode_var_len,mid,rel,0.12,0.6,40,10,9.585107999999998,0.11999986329439587,0,0,0.7175,0.09882976058442998,0.5237936692545173,0.9112063307454827,0.017955525275765726,19.73307062834771,23.666339530605402,0.02448480719422599,False
barcode_var_len,mid,rel,0.14,0.6,40,10,11.182638000000003,0.14000001473499024,0,0,0.7525,0.09536308772017507,0.5655883480684568,0.9394116519315431,0.0073949541668976845,31.482009676536908,31.372796683417047,0.010580472884945917,False
barcode_var_len,mid,rel,0.16,0.6,40,10,12.780154,0.15999994949414786,0,0,0.6775,0.10172935038490083,0.47811047324559436,0.8768895267544057,0.043644388198652406,34.61081091856181,40.902633466643934,0.054999025778789616,False
barcode_var_len,mid,rel,0.18,0.6,40,10,14.377674000000003,0.1799999840103297,0,0,0.7675,0.09358597014362194,0.5840714985185009,0.950928501481499,0.0048972035986814206,65.37612973171811,57.33933681804655,0.007240698484536917,False
barcode_var_len,mid,rel,0.2,0.6,40,10,15.975189999999998,0.19999991237092454,0,0,0.7,0.10023106787980358,0.5035471069555849,0.896452893044415,0.026917724646079708,50.23793552130598,61.65798733474432,0.03525842805754103,False
barcode_var_len,mid,rel,0.02,0.7,40,10,1.59587,0.0200000422284744,0,0,0.9975,0.011304532632817974,0.9753431160396768,1.0,7.38464879278088e-07,1.1560872843124002,1.0474948350582491,4.459560634601441e-06,True
barcode_var_len,mid,rel,0.04,0.7,40,10,3.191726,0.03999989920425315,0,0,0.9775,0.03355397998186842,0.9117341992355379,1.0,1.9158940685337106e-06,2.626682926236852,3.0318041829290143,6.318374055802663e-06,True
barcode_var_len,mid,rel,0.06,0.7,40,10,4.787596000000001,0.05999997423942807,0,0,0.9575,0.04560493655786812,0.8681143243465785,1.0,4.79371076974779e-06,5.455291633386473,6.2575909946292185,1.2810778781222542e-05,True
barcode_var_len,mid,rel,0.08,0.7,40,10,6.383461999999998,0.08000001135719687,0,0,0.9125,0.06370599684137335,0.7876362461909082,1.0,3.3076919763217736e-05,10.4894302083429,11.55924581814903,7.153845437161045e-05,True
barcode_var_len,mid,rel,0.1,0.7,40,10,7.979336000000001,0.10000009687351233,0,0,0.8875,0.07109188318924244,0.7481599089490848,1.0,8.94185165080138e-05,13.7524951665545,15.507256948308617,0.0001776906417787454,False
barcode_var_len,mid,rel,0.12,0.7,40,10,9.575192000000001,0.11999995936304514,0,0,0.8075,0.08788643728693103,0.6352425829176152,0.9797574170823848,0.0014838621734863265,19.559352559676217,22.83420588068562,0.0024125731142347613,False
barcode_var_len,mid,rel,0.14,0.7,40,10,11.171064000000001,0.14000003066271416,0,0,0.83,0.08398610308091921,0.6653872379613983,0.9946127620386016,0.0007129817057278396,26.72328233500584,27.5473191009618,0.0012233818935920495,False
barcode_var_len,mid,rel,0.16,0.7,40,10,12.766926000000002,0.15999999495007755,0,0,0.6875,0.10110454597232434,0.48933508989424435,0.8856649101057557,0.03538968432312426,36.19894881673958,41.19206515753959,0.04514733391015852,False
barcode_var_len,mid,rel,0.18,0.7,40,10,14.362791999999999,0.17999998450859483,0,0,0.7875,0.09091985771966847,0.6092970788694498,0.9657029211305501,0.0027428812375411777,41.93853462610226,43.153687169070196,0.004195525577160025,False
barcode_var_len,mid,rel,0.2,0.7,40,10,15.958658,0.19999997306946898,0,0,0.7475,0.09591525384521943,0.55950610246337,0.9354938975366301,0.008447705157869634,57.317095851970656,54.15602109846429,0.011957938807943318,False
barcode_var_len,mid,rel,0.02,0.8,40,10,1.5881740000000002,0.02000000804057741,0,0,1.0,0.0,1.0,1.0,6.538314816033479e-07,0.9141386667520184,1.1171722135197668,4.459560634601441e-06,True
barcode_var_len,mid,rel,0.04,0.8,40,10,3.1763500000000007,0.039999985125498336,0,0,0.98,0.031677997785087585,0.9179111243412283,1.0,1.704032931269903e-06,2.8256683738488086,3.419467803786854,5.980191041815131e-06,True
barcode_var_len,mid,rel,0.06,0.8,40,10,4.764526,0.06000002671124914,0,0,0.9725,0.03699385627789856,0.8999920416953189,1.0,2.417801838661637e-06,6.385947046274903,7.2551896693792965,7.324285700180203e-06,True
barcode_var_len,mid,rel,0.08,0.8,40,10,6.3526940000000005,0.07999993972264365,0,0,0.945,0.051507624142056146,0.8440450566815699,1.0,8.349009789524274e-06,10.15559069021962,11.43048534571239,2.1272819463719384e-05,True
barcode_var_len,mid,rel,0.1,0.8,40,10,7.940880000000001,0.10000009856590551,0,0,0.895,0.06901662169823426,0.7597274214714609,1.0,6.674312735333814e-05,14.499173809785466,15.72664129260728,0.0001355264376388744,False
barcode_var_len,mid,rel,0.12,0.8,40,10,9.529046,0.11999994873386875,0,0,0.84,0.08206926536676863,0.6791442398811335,1.0,0.0005074601599518824,18.99692949546276,20.898646832705474,0.0009040956872705951,False
barcode_var_len,mid,rel,0.14,0.8,40,10,11.117212,0.1399998628725916,0,0,0.8325,0.08351803426985104,0.668804652831092,0.996195347168908,0.000655417493371522,27.60541126215054,27.495772557506548,0.001132970759917315,False
barcode_var_len,mid,rel,0.16,0.8,40,10,12.705406,0.16000012150032997,0,0,0.8375,0.08255974063638206,0.6756829083526912,0.9993170916473089,0.0005529425115197598,31.27459448401093,33.365931538142085,0.0009757809026819291,False
barcode_var_len,mid,rel,0.18,0.8,40,10,14.293578,0.1800000909129974,0,0,0.7825,0.09161950909760525,0.6029257621686936,0.9620742378313063,0.0031809058486296873,38.28169622478829,41.27653656854696,0.004817984428706204,False
barcode_var_len,mid,rel,0.2,0.8,40,10,15.881742000000004,0.19999994197470733,0,0,0.8025,0.08868117913105483,0.6286848889031325,0.9763151110968675,0.0017358655027570455,43.36450184876096,45.71726881540117,0.0027930015874810597,False
barcode_var_len,mid,rel,0.02,0.9,40,10,1.5894920000000001,0.020000029201616854,0,0,1.0,0.0,1.0,1.0,6.538314816033479e-07,0.6534480491807848,0.8221090542277647,4.459560634601441e-06,True
barcode_var_len,mid,rel,0.04,0.9,40,10,3.1789840000000003,0.040000018423891476,0,0,0.9975,0.011304532632817974,0.9753431160396768,1.0,7.38464879278088e-07,2.3318185101487625,2.612550094900123,4.459560634601441e-06,True
barcode_var_len,mid,rel,0.06,0.9,40,10,4.7684679999999995,0.059999953663259734,0,0,0.97,0.038585514924043426,0.8943723907488749,1.0,2.7137920615033714e-06,5.566467143927736,6.0525578695380755,8.037664385981322e-06,True
barcode_var_len,mid,rel,0.08,0.9,40,10,6.357954000000001,0.07999986320862539,0,0,0.9525,0.04807541585390428,0.8582721849263476,1.0,5.9950431523597874e-06,8.733047047698827,10.044294831338817,1.5661208235097197e-05,True
barcode_var_len,mid,rel,0.1,0.9,40,10,7.947454000000001,0.09999999759186894,0,0,0.89,0.07041231224113942,0.7519918680073667,1.0,8.115768185505283e-05,15.90245145958027,16.767984838369095,0.00016266518130430847,False
barcode_var_len,mid,rel,0.12,0.9,40,10,9.536948,0.12000003642619314,0,0,0.8925,0.06972067602942168,0.7558474749823334,1.0,7.361890818995287e-05,20.29793775877349,21.788816052535612,0.0001478738328653481,False
barcode_var_len,mid,rel,0.14,0.9,40,10,11.126438000000002,0.14000001379081295,0,0,0.81,0.08747961294069849,0.638539958636231,0.9814600413637691,0.0013708079025865675,27.42935266633596,28.292183427717994,0.0022405120376195217,False
barcode_var_len,mid,rel,0.16,0.9,40,10,12.71593,0.16000003584446215,0,0,0.92,0.06119776684378823,0.8000523769861752,1.0,2.4277915883066838e-05,26.249210043191123,28.35171007611252,5.388654360680706e-05,True
barcode_var_len,mid,rel,0.18,0.9,40,10,14.305416000000001,0.17999996253594258,0,0,0.8325,0.08351803426985104,0.668804652831092,0.996195347168908,0.000655417493371522,46.66106483146979,44.564413861618775,0.001132970759917315,False
barcode_var_len,mid,rel,0.2,0.9,40,10,15.894910000000003,0.2000000069397138,0,0,0.7475,0.09591525384521943,0.55950610246337,0.9354938975366301,0.008447705157869634,84.88140564966999,74.62255836482296,0.011957938807943318,False
barcode_var_len,mid,rel,0.02,1.0,40,10,1.5890660000000003,0.01999996590773708,0,0,1.0,0.0,1.0,1.0,6.538314816033479e-07,0.8513323556398106,0.9318611176483804,4.459560634601441e-06,True
barcode_var_len,mid,rel,0.04,1.0,40,10,3.1781420000000002,0.04000006714576064,0,0,0.98,0.031677997785087585,0.9179111243412283,1.0,1.704032931269903e-06,2.178505810082323,2.7823169264246648,5.980191041815131e-06,True
barcode_var_len,mid,rel,0.06,1.0,40,10,4.767208,0.060000014178787225,0,0,0.9725,0.03699385627789856,0.8999920416953189,1.0,2.417801838661637e-06,4.980628399459243,5.573821881528998,7.324285700180203e-06,True
barcode_var_len,mid,rel,0.08,1.0,40,10,6.3562720000000015,0.0799999797188362,0,0,0.95,0.049253353765432696,0.8534634266197518,1.0,6.698612424583832e-06,7.734868268245391,8.357166504956156,1.7352951406303518e-05,True
barcode_var_len,mid,rel,0.1,1.0,40,10,7.9453499999999995,0.10000010295976264,0,0,0.9225,0.060326234517198346,0.8042605803462912,1.0,2.1875232572411636e-05,10.779913206019806,12.595820228738363,4.9140015198895704e-05,True
barcode_var_len,mid,rel,0.12,1.0,40,10,9.534414,0.12000006086196077,0,0,0.8425,0.08157106268298436,0.6826207171413506,1.0,0.0004654621431825035,19.858935512032847,22.05411662010843,0.0008372916695546001,False
barcode_var_len,mid,rel,0.14,1.0,40,10,11.123483999999998,0.14000006239536275,0,0,0.895,0.06901662169823426,0.7597274214714609,1.0,6.674312735333814e-05,26.52892586706389,24.807204712625307,0.0001355264376388744,False
barcode_var_len,mid,rel,0.16,1.0,40,10,12.712548000000002,0.16000000990998622,0,0,0.8175,0.08622027893840038,0.6485082532807352,0.9864917467192648,0.0010772103294282628,33.642574694463896,35.39450718365772,0.0017953505490471047,False
barcode_var_len,mid,rel,0.18,1.0,40,10,14.301617999999998,0.18000001938561208,0,0,0.7925,0.09019728931072543,0.6157133129509782,0.9692866870490218,0.002360049479354411,41.9504134580214,45.465739465912534,0.00366418366577563,False
barcode_var_len,mid,rel,0.2,1.0,40,10,15.890672,0.1999998248354592,0,0,0.715,0.09904300409228223,0.5208757119791267,0.9091242880208732,0.019054538799948485,75.12156825274911,69.19946122311177,0.025831954932874768,False
betti,high,abs,0.0,0.1,40,10,0.0,0.0,0,0,0.8875,0.07109188318924244,0.7481599089490848,1.0,5.3579634409893674e-05,1.0,0.7324555320336759,0.000488520196090207,False
betti,high,abs,5.0,0.1,40,10,2.2361,0.008792039789480949,0,0,0.86,0.07785495416443117,0.7074042898377149,1.0,0.00016034989518967058,1.0,1.266091783079296,0.0010986040371551713,False
betti,high,abs,10.0,0.1,40,10,3.1622999999999997,0.012433731687435985,0,0,0.83875,0.08231546052185446,0.6774116973771653,1.0,0.00038846854285320157,2.0,1.798411797560202,0.0023308112571192095,False
betti,high,abs,15.0,0.1,40,10,3.873,0.015228107018764689,0,0,0.755,0.09507958205821124,0.568644019165906,0.941355980834094,0.005537031458312349,3.0,2.8655911179772895,0.021636299395926407,False
betti,high,abs,20.0,0.1,40,10,4.472100000000001,0.017583686392620076,0,0,0.785,0.09127251511834561,0.6061058703680426,0.9638941296319574,0.002306024947597068,2.0,1.9984117975602023,0.010163996214527361,False
betti,high,abs,25.0,0.1,40,10,5.0,0.019659317091098225,0,0,0.7975,0.08945125689625472,0.6221755364833408,0.9728244635166592,0.001473495623438657,3.0,2.8186998109427606,0.007022798785189503,False
betti,high,abs,30.0,0.1,40,10,5.477199999999999,0.02153560231427264,0,0,0.705,0.09985225944018694,0.5092895714972335,0.9007104285027664,0.02089369113388134,3.0,3.301009869229224,0.060158305741515934,False
betti,high,abs,35.0,0.1,40,10,5.916100000000001,0.02326129716852924,0,0,0.71875,0.09872147824970844,0.5252559026305714,0.9122440973694286,0.015159321969593307,2.0,2.6511900715418264,0.04715106833351764,False
betti,high,abs,40.0,0.1,40,10,6.324599999999999,0.02486746337487197,0,0,0.6775,0.10172935038490083,0.47811047324559436,0.8768895267544057,0.038328484681989794,2.0,2.8511900715418266,0.09660024594647834,False
betti,high,abs,45.0,0.1,40,10,6.708199999999998,0.026375726182101017,0,0,0.73625,0.0970868223183854,0.5459598282559646,0.9265401717440354,0.008835552236676054,2.0,3.088857852023507,0.031604090692725885,False
betti,high,abs,50.0,0.1,40,10,7.0711,0.027802599416572937,0,0,0.72875,0.09781482926595542,0.5370329346387274,0.9204670653612727,0.01115154943417542,2.0,2.4649110640673517,0.03744022012196079,False
betti,high,abs,55.0,0.1,40,10,7.416200000000001,0.029159485482200532,0,0,0.81,0.08747961294069849,0.638539958636231,0.9814600413637691,0.0009840320632043752,3.0,2.8186998109427606,0.00505607634685121,False
betti,high,abs,60.0,0.1,40,10,7.746,0.030456214037529378,0,0,0.7425,0.09644791625891247,0.5534620841325316,0.9315379158674685,0.008089692430153476,3.0,3.1081851067789197,0.029388335781416926,False
betti,high,abs,65.0,0.1,40,10,8.0623,0.031699862436712245,0,0,0.74625,0.09605023463799056,0.5579915401095384,0.9345084598904615,0.007302284978462219,3.0,3.4944379994757298,0.027383568669233322,False
betti,high,abs,70.0,0.1,40,10,8.3666,0.03289632847487648,0,0,0.6425,0.10341961531998094,0.4397975539728373,0.8452024460271625,0.07884837708946951,3.0,3.3321835661585917,0.16458069782243437,False
betti,high,abs,75.0,0.1,40,10,8.6603,0.03405111676080759,0,0,0.825,0.08490067672827281,0.6585946736125853,0.9914053263874146,0.0006602857727126424,2.0,2.3776212754932313,0.003549513113426343,False
betti,high,abs,80.0,0.1,40,10,8.9443,0.03516776597158197,0,0,0.78125,0.091790902203613,0.6013398316809185,0.9611601683190815,0.002595448886163411,3.0,3.2944379994757296,0.011279287215569964,False
betti,high,abs,85.0,0.1,40,10,9.219499999999998,0.03624981478427602,0,0,0.6425,0.10341961531998094,0.4397975539728373,0.8452024460271625,0.0780408289835151,3.0,3.470584848790187,0.16383289154552833,False
betti,high,abs,90.0,0.1,40,10,9.486800000000002,0.03730080187596613,0,0,0.7325,0.09745604398391211,0.5414861537915323,0.9235138462084678,0.011040486731118597,3.0,3.088857852023507,0.037336918763419255,False
betti,high,abs,95.0,0.1,40,10,9.7468,0.03832308636470324,0,0,0.575,0.10463942219806482,0.3699067324917929,0.7800932675082071,0.23047776720980273,3.0,4.374987019698517,0.38275772054485097,False
betti,high,abs,100.0,0.1,40,10,10.0,0.03931863418219645,0,0,0.75625,0.09493595386424447,0.5701755304260808,0.9423244695739191,0.0054860797612391685,3.0,3.3321835661585917,0.021618873635391635,False
betti,high,abs,0.0,0.2,40,10,0.0,0.0,0,0,0.9475,0.0503966615739767,0.8487225433150056,1.0,5.986002102460743e-06,1.0,1.6660917830792958,0.00021411469058801888,True
betti,high,abs,5.0,0.2,40,10,2.2361,0.008554687994029036,0,0,0.88875,0.07075358459308362,0.7500729741975561,1.0,7.630962708327451e-05,3.0,3.6511900715418264,0.0006194957589228166,False
betti,high,abs,10.0,0.2,40,10,3.1622999999999997,0.012098067994954614,0,0,0.80875,0.08768382172853907,0.6368897094120634,0.9806102905879366,0.0013443362302155647,5.0,5.019003617456812,0.006549428667838959,False
betti,high,abs,15.0,0.2,40,10,3.873,0.014817005769363827,0,0,0.83125,0.0837529792232294,0.6670941607224704,0.9954058392775297,0.0006325936789570377,5.0,5.998275349237888,0.003420419310639797,False
betti,high,abs,20.0,0.2,40,10,4.472100000000001,0.01710899341625922,0,0,0.70125,0.10013795998962628,0.5049795984203325,0.8975204015796676,0.0253880686275828,7.0,6.673367875415837,0.06944383477544708,False
betti,high,abs,25.0,0.2,40,10,5.0,0.019128589942375193,0,0,0.74125,0.0965780737546023,0.5519569754409794,0.9305430245590205,0.009526388991668125,7.0,7.651483716701108,0.03343223306509945,False
betti,high,abs,30.0,0.2,40,10,5.477199999999999,0.020954222566475486,0,0,0.71875,0.09872147824970844,0.5252559026305714,0.9122440973694286,0.01669579809680695,7.0,8.077124126457411,0.050844738644141164,False
betti,high,abs,35.0,0.2,40,10,5.916100000000001,0.022633330191617177,0,0,0.84375,0.08131902069673305,0.6843647194344032,1.0,0.00041641604592780504,6.0,5.947575581554535,0.002481274799128836,False
betti,high,abs,40.0,0.2,40,10,6.324599999999999,0.024196135989909228,0,0,0.68875,0.10102186285285651,0.4907471488084012,0.8867528511915987,0.03332323848352368,7.0,7.41869981094276,0.08632482392667692,False
betti,high,abs,45.0,0.2,40,10,6.708199999999998,0.025663681410288252,0,0,0.79,0.0905614715575096,0.6124995157472812,0.9675004842527188,0.002405534773654031,6.0,6.54993539954628,0.010552581790086078,False
betti,high,abs,50.0,0.2,40,10,7.0711,0.02705203446830585,0,0,0.69125,0.1008534087674171,0.49357731881586253,0.8889226811841375,0.031632369119704164,6.0,7.596823595120403,0.08263512157675526,False
betti,high,abs,55.0,0.2,40,10,7.416200000000001,0.02837228974612858,0,0,0.6775,0.10172935038490083,0.47811047324559436,0.8768895267544057,0.0425925160582415,8.0,8.434042472944842,0.1053485104632037,False
betti,high,abs,60.0,0.2,40,10,7.746,0.029634011538727655,0,0,0.7125,0.0992518454456427,0.5179663829265404,0.9070336170734596,0.019637764885037212,8.0,8.126943839882287,0.057431199192089964,False
betti,high,abs,65.0,0.2,40,10,8.0623,0.03084408613848231,0,0,0.68375,0.1013464559145458,0.4851109464074902,0.8823890535925097,0.03711555983237745,7.0,7.658545188611436,0.09482821605525008,False
betti,high,abs,70.0,0.2,40,10,8.3666,0.032008252122375264,0,0,0.61125,0.10430681218728988,0.40680864811291184,0.8156913518870881,0.14127980199953283,8.0,8.129822128134704,0.2617334977282182,False
betti,high,abs,75.0,0.2,40,10,8.6603,0.03313186549559038,0,0,0.69125,0.1008534087674171,0.49357731881586253,0.8889226811841375,0.031622712810512536,11.0,9.98887599895146,0.08263512157675526,False
betti,high,abs,80.0,0.2,40,10,8.9443,0.0342183694043173,0,0,0.675,0.10187547348947436,0.4753240719606303,0.8746759280393698,0.04512664716183268,9.0,9.173096170846271,0.11015165842652071,False
betti,high,abs,85.0,0.2,40,10,9.219499999999998,0.035271206994745626,0,0,0.66,0.10266922163097905,0.45876832560328107,0.861231674396719,0.0604130235333062,11.0,10.415013163202925,0.13571041518351393,False
betti,high,abs,90.0,0.2,40,10,9.486800000000002,0.036293821413065,0,0,0.71375,0.09914797310659293,0.5194199727110779,0.9080800272889221,0.01920416148990841,10.0,10.025634186002222,0.05687856747011089,False
betti,high,abs,95.0,0.2,40,10,9.7468,0.037288508090068506,0,0,0.6675,0.10229000709854781,0.4670115860868463,0.8679884139131537,0.052351023781591836,9.0,9.411090610836325,0.12356967542355433,False
betti,high,abs,100.0,0.2,40,10,10.0,0.038257179884750386,0,0,0.5725,0.10463561252043199,0.3674141994599533,0.7775858005400467,0.24328162609929083,9.0,10.664367132317183,0.39890365903463215,False
betti,high,abs,0.0,0.3,40,10,0.0,0.0,0,0,0.98,0.031677997785087585,0.9179111243412283,1.0,1.5947608151734554e-06,2.0,1.9142135623730951,0.0001033239631372732,True
betti,high,abs,5.0,0.3,40,10,2.2361,0.00862968335854591,0,0,0.84375,0.08131902069673305,0.6843647194344032,1.0,0.0004215499121100603,8.0,8.622160834399562,0.002481274799128836,False
betti,high,abs,10.0,0.3,40,10,3.1622999999999997,0.012204126686968266,0,0,0.86625,0.07642390759397961,0.7164591411157999,1.0,0.0001913787509259131,7.0,7.974987019698517,0.0012533960447964733,False
betti,high,abs,15.0,0.3,40,10,3.873,0.014946900249384337,0,0,0.7125,0.0992518454456427,0.5179663829265404,0.9070336170734596,0.019831328343208516,10.0,11.038655413730964,0.05763479799744974,False
betti,high,abs,20.0,0.3,40,10,4.472100000000001,0.017258980791446343,0,0,0.705,0.09985225944018694,0.5092895714972335,0.9007104285027664,0.0236752520622249,15.0,14.649806198638839,0.0659221090355364,False
betti,high,abs,25.0,0.3,40,10,5.0,0.01929628227392762,0,0,0.69125,0.1008534087674171,0.49357731881586253,0.8889226811841375,0.03223811532961115,11.0,12.521553322083513,0.08398164497629795,False
betti,high,abs,30.0,0.3,40,10,5.477199999999999,0.02113791945415127,0,0,0.70625,0.09975488872790375,0.5107304180933087,0.9017695819066914,0.02286752582749823,13.0,13.839635614091389,0.06425014809538777,False
betti,high,abs,35.0,0.3,40,10,5.916100000000001,0.022831747112156648,0,0,0.6675,0.10229000709854781,0.4670115860868463,0.8679884139131537,0.05278096698001789,12.0,12.82705880232945,0.12426911213016871,False
betti,high,abs,40.0,0.3,40,10,6.324599999999999,0.024408253373936532,0,0,0.665,0.10242030943937065,0.46425619349883357,0.8657438065011664,0.055341312371105615,15.0,14.141169697580374,0.12834768205767638,False
betti,high,abs,45.0,0.3,40,10,6.708199999999998,0.025888664149992257,0,0,0.6725,0.1020176098076545,0.4725454847769972,0.8724545152230028,0.04759874594441374,16.0,15.438757124441956,0.1137964877334313,False
betti,high,abs,50.0,0.3,40,10,7.0711,0.027289188317433922,0,0,0.6525,0.10301364640632465,0.45059325304360365,0.8544067469563963,0.07027804172787794,13.0,15.49515116310907,0.151293006497515,False
betti,high,abs,55.0,0.3,40,10,7.416200000000001,0.028621017719980407,0,0,0.59,0.10459040611348415,0.38500280401757103,0.7949971959824289,0.19384153591382286,14.0,14.288868236194654,0.33570321862170444,False
betti,high,abs,60.0,0.3,40,10,7.746,0.029893800498768674,0,0,0.5975,0.10451924976700089,0.3926422704566783,0.8023577295433217,0.17413824985085968,15.0,15.202019738458448,0.3105591536863241,False
betti,high,abs,65.0,0.3,40,10,8.0623,0.031114483315417333,0,0,0.53125,0.10408822095511398,0.3272370869279766,0.7352629130720234,0.38513876706273276,17.0,17.046060565661953,0.5680610759847956,False
betti,high,abs,70.0,0.3,40,10,8.3666,0.032288855054608566,0,0,0.675,0.10187547348947436,0.4753240719606303,0.8746759280393698,0.045407620494996456,14.0,15.317090377222874,0.11025871295129688,False
betti,high,abs,75.0,0.3,40,10,8.6603,0.03342231867537908,0,0,0.64625,0.10327445052196844,0.4438320769769418,0.8486679230230582,0.07910491605013781,14.0,14.838414796731183,0.16458069782243437,False
betti,high,abs,80.0,0.3,40,10,8.9443,0.03451834750853816,0,0,0.4625,0.10120207701060373,0.2641439290592167,0.6608560709407834,0.6474778691672738,15.0,14.929822128134704,0.806096945549618,False
betti,high,abs,85.0,0.3,40,10,9.219499999999998,0.03558041488489514,0,0,0.70875,0.099556920262194,0.5136184362860998,0.9038815637139002,0.021783278037694965,16.0,16.746176338238335,0.0621424802915838,False
betti,high,abs,90.0,0.3,40,10,9.486800000000002,0.03661199413525931,0,0,0.635,0.1036847409839294,0.4317779076714984,0.8382220923285016,0.0966550404215466,17.0,18.557440016137235,0.1917146534901902,False
betti,high,abs,95.0,0.3,40,10,9.7468,0.03761540081350355,0,0,0.6475,0.10322418164527133,0.44518060397526815,0.8498193960247318,0.07737691473880046,17.0,16.701851470969103,0.16280663055901454,False
betti,high,abs,100.0,0.3,40,10,10.0,0.03859256454785524,0,0,0.61,0.10433054750064677,0.4055121268987323,0.8144878731012677,0.14504377046545885,17.0,17.317090377222875,0.2662167677053228,False
betti,high,abs,0.0,0.4,40,10,0.0,0.0,0,0,0.9925,0.019528774581448426,0.9542236018203611,1.0,8.816874868494584e-07,1.0,1.6327955589886445,0.0001033239631372732,True
betti,high,abs,5.0,0.4,40,10,2.2361,0.008624513683051638,0,0,0.795,0.08982724159900035,0.6189386064659593,0.9710613935340408,0.0021555183150180723,13.0,14.501960501698512,0.009684212719646411,False
betti,high,abs,10.0,0.4,40,10,3.1622999999999997,0.012196815714822323,0,0,0.84,0.08206926536676863,0.6791442398811335,1.0,0.00049379526888112,10.0,11.193013685508383,0.002817359509567126,False
betti,high,abs,15.0,0.4,40,10,3.873,0.014937946198496935,0,0,0.645,0.10332377769889893,0.4424853957101581,0.8475146042898419,0.08096925620099121,16.0,18.038757124441958,0.16758139956162346,False
betti,high,abs,20.0,0.4,40,10,4.472100000000001,0.017248641671649405,0,0,0.72625,0.09804828166195746,0.5340753679425634,0.9184246320574365,0.014295363546243074,18.0,16.936502143433366,0.04537436210923569,False
betti,high,abs,25.0,0.4,40,10,5.0,0.019284722693644375,0,0,0.73125,0.09757679258250063,0.5399994865382988,0.9225005134617011,0.012693439160066622,17.0,19.179334575094614,0.04156654372838718,False
betti,high,abs,30.0,0.4,40,10,5.477199999999999,0.021125256627525797,0,0,0.565,0.1046038311681622,0.35997649091040207,0.7700235090895978,0.2677368298105484,19.0,20.555300708194984,0.4330352203892348,False
betti,high,abs,35.0,0.4,40,10,5.916100000000001,0.022818069585573898,0,0,0.535,0.1041752929843759,0.33081642575062326,0.7391835742493769,0.3710813137256427,21.0,21.253887679764574,0.554546119468406,False
betti,high,abs,40.0,0.4,40,10,6.324599999999999,0.024393631429644645,0,0,0.62375,0.10402020852007815,0.41987039130064685,0.8276296086993532,0.11675894512559337,21.0,23.5044308571008,0.22388828652948833,False
betti,high,abs,45.0,0.4,40,10,6.708199999999998,0.02587315535470104,0,0,0.575,0.10463942219806482,0.3699067324917929,0.7800932675082071,0.23667742934744185,22.0,24.844321668799125,0.3905208305380051,False
betti,high,abs,50.0,0.4,40,10,7.0711,0.027272840527805754,0,0,0.54875,0.1044311416508719,0.34406496236429107,0.7534350376357088,0.32217024881032225,19.0,21.22585628556103,0.49887187031619973,False
betti,high,abs,55.0,0.4,40,10,7.416200000000001,0.028603872088121086,0,0,0.52125,0.10382003713064131,0.31776272722394305,0.7247372727760569,0.4229341280865826,23.0,24.19161362540952,0.6062396488961526,False
betti,high,abs,60.0,0.4,40,10,7.746,0.02987589239699387,0,0,0.5575,0.10454169973827362,0.3525982685129837,0.7624017314870163,0.29237259523040016,22.0,22.839635614091385,0.4647974590842259,False
betti,high,abs,65.0,0.4,40,10,8.0623,0.031095843954593815,0,0,0.525,0.10392672676115411,0.32130361554813797,0.7286963844518621,0.4087254298277195,24.0,25.23140998963735,0.5939291402184048,False
betti,high,abs,70.0,0.4,40,10,8.3666,0.032269512177729005,0,0,0.44375,0.09999625022613334,0.24775734955677864,0.6397426504432213,0.7118229048328379,27.0,26.566990283636315,0.8530867287300764,False
betti,high,abs,75.0,0.4,40,10,8.6603,0.03340229678875367,0,0,0.46875,0.10156443099136296,0.2696837152569286,0.6678162847430714,0.6240258105549265,24.0,26.37992248018343,0.7906594057439803,False
betti,high,abs,80.0,0.4,40,10,8.9443,0.034497669037752685,0,0,0.4925,0.10276002128899647,0.2910903582735669,0.6939096417264331,0.5339075138324769,25.0,25.35036230742609,0.7238104779361567,False
betti,high,abs,85.0,0.4,40,10,9.219499999999998,0.03555910017481087,0,0,0.4775,0.10203837539268008,0.277504784230347,0.677495215769653,0.5912616093162093,26.0,28.779044235810886,0.771210794760273,False
betti,high,abs,90.0,0.4,40,10,9.486800000000002,0.036590061450013096,0,0,0.46875,0.10156443099136296,0.2696837152569286,0.6678162847430714,0.6238755886057753,29.0,28.702777295692066,0.7906594057439803,False
betti,high,abs,95.0,0.4,40,10,9.7468,0.037592867030082605,0,0,0.52,0.10378284583502194,0.31658562216335706,0.723414377836643,0.4277165538874248,27.0,26.594442068244028,0.6092183595132254,False
betti,high,abs,100.0,0.4,40,10,10.0,0.03856944538728875,0,0,0.555,0.10451428262472495,0.35015200605553914,0.7598479939444609,0.3004745000201563,27.0,27.01285462593077,0.4742924135570618,False
betti,high,abs,0.0,0.5,40,10,0.0,0.0,0,0,0.955,0.04686026014902687,0.8631538901079073,1.0,5.156579412400859e-06,2.0,2.632993161855452,0.0001998174522305333,True
betti,high,abs,5.0,0.5,40,10,2.2361,0.008603157194750924,0,0,0.8575,0.0784114435756288,0.7038135705917676,1.0,0.00026614350180223436,15.0,16.900284895082002,0.001650089711173853,False
betti,high,abs,10.0,0.5,40,10,3.1622999999999997,0.012166613298582733,0,0,0.6825,0.1014250559728188,0.4837068902932752,0.8812931097067248,0.03913658168840593,21.0,19.841118880348315,0.09837032694653383,False
betti,high,abs,15.0,0.5,40,10,3.873,0.014900956046362117,0,0,0.68125,0.10150264259658134,0.48230482051070056,0.8801951794892995,0.040124689557493876,24.0,24.082521498133282,0.10031172389373469,False
betti,high,abs,20.0,0.5,40,10,4.472100000000001,0.01720592965012549,0,0,0.57875,0.10463874594511512,0.37365805794757434,0.7838419420524256,0.22557764166053368,24.0,26.18628375393589,0.3779949671068402,False
betti,high,abs,25.0,0.5,40,10,5.0,0.019236968817921654,0,0,0.6775,0.10172935038490083,0.47811047324559436,0.8768895267544057,0.04326469847569121,25.0,26.404039476916896,0.1064448930751133,False
betti,high,abs,30.0,0.5,40,10,5.477199999999999,0.0210729451219041,0,0,0.4975,0.10297497730181798,0.2956690444884368,0.6993309555115632,0.5145324451821502,25.0,26.960781257427676,0.7047351605587625,False
betti,high,abs,35.0,0.5,40,10,5.916100000000001,0.02276156624474126,0,0,0.53875,0.10425497195628093,0.3344102549656893,0.7430897450343106,0.3577407543126796,25.0,25.92361090250659,0.5403624925035359,False
betti,high,abs,40.0,0.5,40,10,6.324599999999999,0.024333226597165466,0,0,0.56375,0.10459557754130198,0.3587426680190481,0.7687573319809519,0.271694059223509,25.0,26.513475849338903,0.4386726997879572,False
betti,high,abs,45.0,0.5,40,10,6.708199999999998,0.025809086844876414,0,0,0.44375,0.09999625022613334,0.24775734955677864,0.6397426504432213,0.7117632231569941,30.0,31.3680178699842,0.8530867287300764,False
betti,high,abs,50.0,0.5,40,10,7.0711,0.027205306041681174,0,0,0.4775,0.10203837539268008,0.277504784230347,0.677495215769653,0.5912400201519217,30.0,31.185786435372354,0.771210794760273,False
betti,high,abs,55.0,0.5,40,10,7.416200000000001,0.028533041629494122,0,0,0.4475,0.10025164601198605,0.2510067738165074,0.6439932261834926,0.6993148246616864,29.0,32.62020175926143,0.8468265454887608,False
betti,high,abs,60.0,0.5,40,10,7.746,0.029801912092724234,0,0,0.50875,0.10341161704526848,0.3060632305912738,0.7114367694087262,0.47095648171750826,28.0,30.07272414547873,0.6566559640139171,False
betti,high,abs,65.0,0.5,40,10,8.0623,0.031018842740145956,0,0,0.4675,0.10149354677599932,0.2685726483190414,0.6664273516809587,0.6285017879341892,30.0,33.62806798671162,0.7909427101201568,False
betti,high,abs,70.0,0.5,40,10,8.3666,0.03218960466240467,0,0,0.4725,0.1017723193131775,0.2730262541461721,0.6719737458538279,0.6099560056658158,31.0,31.761774297230456,0.7879464785981412,False
betti,high,abs,75.0,0.5,40,10,8.6603,0.03331958421076939,0,0,0.43,0.09899902396388546,0.23596191303078448,0.6240380869692155,0.7555390355064484,39.0,39.44730238596837,0.8805154173195452,False
betti,high,abs,80.0,0.5,40,10,8.9443,0.03441224403962734,0,0,0.42875,0.09890363423414102,0.23489887690108363,0.6226011230989164,0.7593984163816547,32.0,34.07272414547873,0.8805991611408216,False
betti,high,abs,85.0,0.5,40,10,9.219499999999998,0.03547104680336575,0,0,0.45625,0.1008199103041747,0.25864297580381757,0.6538570241961824,0.6689499604802456,33.0,35.118052168020874,0.826193178282375,False
betti,high,abs,90.0,0.5,40,10,9.486800000000002,0.036499455156371846,0,0,0.5275,0.10399377620773367,0.32367219863284197,0.731327801367158,0.39935942499399674,31.0,34.432740427115675,0.5813410643650413,False
betti,high,abs,95.0,0.5,40,10,9.7468,0.037499777534903765,0,0,0.45125,0.10049993149743293,0.2542701342650314,0.6482298657349685,0.6863815363572239,34.0,36.03564986325264,0.8399142484371291,False
betti,high,abs,100.0,0.5,40,10,10.0,0.03847393763584331,0,0,0.44,0.09973374811376796,0.2445218536970148,0.6354781463029853,0.7240921306238575,33.0,36.118052168020874,0.8609575665910074,False
betti,high,abs,0.0,0.6,40,10,0.0,0.0,0,0,0.94125,0.053117800122599076,0.8371391117597058,1.0,9.565893815659237e-06,6.0,5.771236166328253,0.00024372954055179434,True
betti,high,abs,5.0,0.6,40,10,2.2361,0.00865947226469705,0,0,0.75375,0.09522195810198394,0.5671149621201115,0.9403850378798886,0.007106237857431391,18.0,19.519362823873927,0.026756280191948156,False
betti,high,abs,10.0,0.6,40,10,3.1622999999999997,0.012246254256362188,0,0,0.6675,0.10229000709854781,0.4670115860868463,0.8679884139131537,0.0530378978887517,23.0,23.80151494287407,0.12446396242952837,False
betti,high,abs,15.0,0.6,40,10,3.873,0.014998495631309726,0,0,0.7075,0.0996564435326974,0.5121733706759131,0.902826629324087,0.022522070982858546,23.0,24.59209978830308,0.0636642128086883,False
betti,high,abs,20.0,0.6,40,10,4.472100000000001,0.01731855727156732,0,0,0.53625,0.10420267512078914,0.33201275676325326,0.7404872432367468,0.3669255018736598,32.0,33.94427190999916,0.5505175761181849,False
betti,high,abs,25.0,0.6,40,10,5.0,0.01936289133915534,0,0,0.555,0.10451428262472495,0.35015200605553914,0.7598479939444609,0.3008165102272041,31.0,32.2427267446636,0.4742924135570618,False
betti,high,abs,30.0,0.6,40,10,5.477199999999999,0.02121088568856432,0,0,0.51125,0.10349977975897,0.30839043167241875,0.7141095683275812,0.46132512733616526,33.0,33.59209978830308,0.6461330849738459,False
betti,high,abs,35.0,0.6,40,10,5.916100000000001,0.02291056029031538,0,0,0.5125,0.10354264845968969,0.30955640901900816,0.7154435909809918,0.4564943053350479,34.0,36.89311887467611,0.6403313785242754,False
betti,high,abs,40.0,0.6,40,10,6.324599999999999,0.024492508512724376,0,0,0.495,0.10286910291535195,0.29337655828591014,0.6966234417140899,0.5241972555820902,39.0,40.34205433723053,0.7158640935262024,False
betti,high,abs,45.0,0.6,40,10,6.708199999999998,0.025978029536264362,0,0,0.455,0.10074110208318172,0.2575474399169638,0.6524525600830362,0.6732854870471372,39.0,39.46768701108895,0.8286997065045046,False
betti,high,abs,50.0,0.6,40,10,7.0711,0.027383388189660268,0,0,0.49125,0.10270427891285214,0.2899496133308098,0.6925503866691902,0.538681364784377,44.0,45.87690255800666,0.7271740879495365,False
betti,high,abs,55.0,0.6,40,10,7.416200000000001,0.028719814949888765,0,0,0.485,0.10241356897482393,0.2842694048093451,0.6857305951906549,0.5626867312792019,40.0,41.85020325001737,0.7507871737297815,False
betti,high,abs,60.0,0.6,40,10,7.746,0.02999699126261945,0,0,0.465,0.10134939792536357,0.26635518006628744,0.6636448199337126,0.6376245708287183,42.0,44.913803695829934,0.7991790443001455,False
betti,high,abs,65.0,0.6,40,10,8.0623,0.03122188776873442,0,0,0.445,0.10008217192999323,0.24883894301721327,0.6411610569827868,0.7075641410709743,42.0,42.180525927469546,0.8501739679534962,False
betti,high,abs,70.0,0.6,40,10,8.3666,0.032400313335635415,0,0,0.52125,0.10382003713064131,0.31776272722394305,0.7247372727760569,0.4229707819320441,38.0,39.358485830702094,0.6062396488961526,False
betti,high,abs,75.0,0.6,40,10,8.6603,0.03353768957289739,0,0,0.41875,0.09811213247183176,0.22645022035520976,0.6110497796447902,0.788440465539403,44.0,45.815248450592534,0.9031126239862455,False
betti,high,abs,80.0,0.6,40,10,8.9443,0.034637501800961416,0,0,0.4525,0.1005811124822973,0.2553610195346973,0.6496389804653027,0.6820724121008761,47.0,49.21038178727747,0.8368434607570115,False
betti,high,abs,85.0,0.6,40,10,9.219499999999998,0.03570323534026853,0,0,0.435,0.09937269671486186,0.24022951443887075,0.6297704855611292,0.7399723578274403,40.0,41.94617633823834,0.8678406452710052,False
betti,high,abs,90.0,0.6,40,10,9.486800000000002,0.036738375511259774,0,0,0.4225,0.09841485863105537,0.22960687708313146,0.6153931229168685,0.7777321563209694,48.0,50.62491830033949,0.8965682329006978,False
betti,high,abs,95.0,0.6,40,10,9.7468,0.03774524586089585,0,0,0.445,0.10008217192999323,0.24883894301721327,0.6411610569827868,0.7074919101590159,46.0,47.96351300951588,0.8501739679534962,False
betti,high,abs,100.0,0.6,40,10,10.0,0.03872578267831068,0,0,0.42,0.09821382957710019,0.22750089402888363,0.6124991059711163,0.7848383431767179,48.0,49.47511360236793,0.9011679578477687,False
betti,high,abs,0.0,0.7,40,10,0.0,0.0,0,0,0.97375,0.036168166907014895,0.9028603928622508,1.0,2.2163518381816518e-06,5.0,4.4596814119369625,0.00010995575487739136,True
betti,high,abs,5.0,0.7,40,10,2.2361,0.008624497516051533,0,0,0.82125,0.08556817778603298,0.6535363715393754,0.9889636284606247,0.0009438094298842453,25.0,27.080071908799944,0.004876348721068601,False
betti,high,abs,10.0,0.7,40,10,3.1622999999999997,0.012196792851397418,0,0,0.62875,0.10388026095490158,0.42514468852839293,0.8323553114716071,0.1077858407567091,33.0,32.843097284391796,0.2088350664661239,False
betti,high,abs,15.0,0.7,40,10,3.873,0.01493791819671195,0,0,0.64,0.1035117110210622,0.43711704639871807,0.842882953601282,0.08894141173972742,31.0,32.0187568984497,0.18044054434344547,False
betti,high,abs,20.0,0.7,40,10,4.472100000000001,0.017248609338372193,0,0,0.58625,0.10461427078041838,0.38120602927038005,0.79129397072962,0.20455696229628817,39.0,39.38083151964686,0.35164135847605915,False
betti,high,abs,25.0,0.7,40,10,5.0,0.019284686543650852,0,0,0.47,0.10163452135161628,0.27079633815083204,0.6692036618491679,0.6191973991861174,42.0,46.26387901058454,0.7906594057439803,False
betti,high,abs,30.0,0.7,40,10,5.477199999999999,0.02112521702737689,0,0,0.4725,0.1017723193131775,0.2730262541461721,0.6719737458538279,0.6100230802050125,42.0,44.54684501201794,0.7879464785981412,False
betti,high,abs,35.0,0.7,40,10,5.916100000000001,0.02281802681217856,0,0,0.49375,0.10281496277460045,0.2922326729617831,0.6952673270382169,0.5290344472150871,50.0,51.24647723677455,0.7193012220906886,False
betti,high,abs,40.0,0.7,40,10,6.324599999999999,0.024393585702794835,0,0,0.4225,0.09841485863105537,0.22960687708313146,0.6153931229168685,0.777671945728454,48.0,49.7455636763124,0.8965682329006978,False
betti,high,abs,45.0,0.7,40,10,6.708199999999998,0.025873106854423726,0,0,0.4475,0.10025164601198605,0.2510067738165074,0.6439932261834926,0.6990960767637588,46.0,50.47511360236793,0.8468265454887608,False
betti,high,abs,50.0,0.7,40,10,7.0711,0.02727278940376191,0,0,0.4125,0.09759182042080232,0.22122003197522744,0.6037799680247725,0.8055694121840655,47.0,48.62806798671161,0.9125401533268384,False
betti,high,abs,55.0,0.7,40,10,7.416200000000001,0.028603818469004685,0,0,0.40875,0.09727017055132893,0.21810046571939531,0.5993995342806047,0.8153919049152956,51.0,53.45477091251023,0.9191690564499696,False
betti,high,abs,60.0,0.7,40,10,7.746,0.0298758363934239,0,0,0.39,0.09555537841052628,0.20271145831536852,0.5772885416846315,0.8599368805554197,48.0,49.700358412579426,0.9464394070018229,False
betti,high,abs,65.0,0.7,40,10,8.0623,0.031095785664175257,0,0,0.41875,0.09811213247183176,0.22645022035520976,0.6110497796447902,0.7885241405127219,58.0,63.73216597839021,0.9031126239862455,False
betti,high,abs,70.0,0.7,40,10,8.3666,0.032269451687221846,0,0,0.3625,0.09271820997290782,0.18077230845310066,0.5442276915468993,0.9110690216360509,60.0,61.325284963110136,0.9680949871989789,False
betti,high,abs,75.0,0.7,40,10,8.6603,0.033402234174795896,0,0,0.41375,0.09769745980704798,0.22226297877818596,0.6052370212218141,0.8022004398456628,56.0,55.583823515733656,0.9109235763815219,False
betti,high,abs,80.0,0.7,40,10,8.9443,0.03449760437047526,0,0,0.41125,0.09748539245631044,0.22017863078563155,0.6023213692143685,0.8088634832101136,55.0,58.307554986484554,0.9129163099337447,False
betti,high,abs,85.0,0.7,40,10,9.219499999999998,0.03555903351783781,0,0,0.445,0.10008217192999323,0.24883894301721327,0.6411610569827868,0.7074422949387028,58.0,58.03872564774785,0.8501739679534962,False
betti,high,abs,90.0,0.7,40,10,9.486800000000002,0.03658999286046138,0,0,0.41375,0.09769745980704798,0.22226297877818596,0.6052370212218141,0.8021493261199113,53.0,55.05701085237044,0.9109235763815219,False
betti,high,abs,95.0,0.7,40,10,9.7468,0.03759279656073122,0,0,0.395,0.09603003131379909,0.20678113862495381,0.5832188613750462,0.8487932951648642,55.0,55.29332888295306,0.9397354339325283,False
betti,high,abs,100.0,0.7,40,10,10.0,0.038569373087301705,0,0,0.39875,0.09637772438586337,0.2098496602037078,0.5876503397962922,0.8401535496275669,63.0,63.06662174295524,0.9358760194139748,False
betti,high,abs,0.0,0.8,40,10,0.0,0.0,0,0,0.9875,0.025144807945463806,0.938216176426891,1.0,1.1626545845234023e-06,4.0,3.660246899469287,0.0001033239631372732,True
betti,high,abs,5.0,0.8,40,10,2.2361,0.008604741578661663,0,0,0.83375,0.08328125329042502,0.6705187435507669,0.9969812564492331,0.0006228482981606465,25.0,26.097618541248888,0.003406761854170496,False
betti,high,abs,10.0,0.8,40,10,3.1622999999999997,0.012168853939538381,0,0,0.645,0.10332377769889893,0.4424853957101581,0.8475146042898419,0.08126796903472278,34.0,34.12880591083896,0.16758139956162346,False
betti,high,abs,15.0,0.8,40,10,3.873,0.014903700252294897,0,0,0.5975,0.10451924976700089,0.3926422704566783,0.8023577295433217,0.17498171670068152,40.0,40.24274639988771,0.3105591536863241,False
betti,high,abs,20.0,0.8,40,10,4.472100000000001,0.017209098347092177,0,0,0.52,0.10378284583502194,0.31658562216335706,0.723414377836643,0.42776128008802383,44.0,46.421173436387505,0.6092183595132254,False
betti,high,abs,25.0,0.8,40,10,5.0,0.019240511557313315,0,0,0.5275,0.10399377620773367,0.32367219863284197,0.731327801367158,0.3993760164339681,45.0,45.66264248155507,0.5813410643650413,False
betti,high,abs,30.0,0.8,40,10,5.477199999999999,0.0210768259803433,0,0,0.41125,0.09748539245631044,0.22017863078563155,0.6023213692143685,0.8088463211235568,53.0,53.63002632640585,0.9129163099337447,False
betti,high,abs,35.0,0.8,40,10,5.916100000000001,0.022765758084844264,0,0,0.455,0.10074110208318172,0.2575474399169638,0.6524525600830362,0.6733010642958576,52.0,53.56925590745345,0.8286997065045046,False
betti,high,abs,40.0,0.8,40,10,6.324599999999999,0.024337707879076763,0,0,0.4175,0.0980096469664264,0.22540109194580424,0.6095989080541957,0.7918579387955955,60.0,61.317114374327105,0.9058153543418251,False
betti,high,abs,45.0,0.8,40,10,6.708199999999998,0.02581383992575384,0,0,0.435,0.09937269671486186,0.24022951443887075,0.6297704855611292,0.7399974534407604,55.0,58.752492558885194,0.8678406452710052,False
betti,high,abs,50.0,0.8,40,10,7.0711,0.027210316254583637,0,0,0.42,0.09821382957710019,0.22750089402888363,0.6124991059711163,0.7848882213512824,55.0,56.14792213951879,0.9011679578477687,False
betti,high,abs,55.0,0.8,40,10,7.416200000000001,0.028538296362269403,0,0,0.39625,0.09614671888762105,0.20780243098026274,0.5846975690197372,0.8462458459389697,60.0,59.80832791503889,0.9380317481802644,False
betti,high,abs,60.0,0.8,40,10,7.746,0.029807400504589795,0,0,0.4025,0.09671831064791846,0.21293211113007984,0.5920678888699202,0.8310886267099273,66.0,67.07756813230606,0.9323430914839957,False
betti,high,abs,65.0,0.8,40,10,8.0623,0.031024555265705432,0,0,0.38625,0.09519108591926659,0.19967547159823748,0.5728245284017625,0.8678259916726714,63.0,63.345734863959876,0.9484318959332372,False
betti,high,abs,70.0,0.8,40,10,8.3666,0.032195532799083514,0,0,0.37625,0.09418479976516132,0.1916477924602838,0.5608522075397162,0.8875741306961505,71.0,72.15105952614219,0.9580625241548621,False
betti,high,abs,75.0,0.8,40,10,8.6603,0.0333257204479601,0,0,0.37875,0.0944411264337255,0.19364539218989799,0.563854607810102,0.8828130471744385,67.0,70.37536793307677,0.9569074522453447,False
betti,high,abs,80.0,0.8,40,10,8.9443,0.0344185815044155,0,0,0.37875,0.0944411264337255,0.19364539218989799,0.563854607810102,0.8828242946521567,65.0,64.51387685344754,0.9569074522453447,False
betti,high,abs,85.0,0.8,40,10,9.219499999999998,0.03547757926053002,0,0,0.38625,0.09519108591926659,0.19967547159823748,0.5728245284017625,0.8678374716250693,69.0,71.0369800568452,0.9484318959332372,False
betti,high,abs,90.0,0.8,40,10,9.486800000000002,0.036506177008383996,0,0,0.34375,0.09056278338408201,0.16624694456719927,0.5212530554328008,0.9368863373093712,73.0,75.84120919136082,0.9782528810795655,False
betti,high,abs,95.0,0.8,40,10,9.7468,0.03750668360936429,0,0,0.37375,0.09392529948883982,0.189656413001874,0.5578435869981261,0.8920706332211272,68.0,68.96316086827181,0.9580625241548621,False
betti,high,abs,100.0,0.8,40,10,10.0,0.03848102311462663,0,0,0.3925,0.09579428572684034,0.20474319997539295,0.5802568000246071,0.8543753094911891,70.0,74.0937183770971,0.9426196276263359,False
betti,high,abs,0.0,0.9,40,10,0.0,0.0,0,0,0.995,0.015966145597504214,0.9637063546288918,1.0,8.039304541411884e-07,2.0,2.6498971154211057,0.0001033239631372732,True
betti,high,abs,5.0,0.9,40,10,2.2361,0.008638840059632764,0,0,0.72875,0.09781482926595542,0.5370329346387274,0.9204670653612727,0.013611892979870853,33.0,34.21170245849989,0.04385653432173844,False
betti,high,abs,10.0,0.9,40,10,3.1622999999999997,0.012217076123865968,0,0,0.5825,0.10463037291435802,0.3774244690878583,0.7875755309121417,0.21512286490526183,38.0,39.622160834399565,0.36508077438301734,False
betti,high,abs,15.0,0.9,40,10,3.873,0.014962759961968471,0,0,0.52875,0.10402607575945821,0.32485889151146197,0.7326411084885381,0.3947490923663204,50.0,53.06369826802505,0.5772274463847138,False
betti,high,abs,20.0,0.9,40,10,4.472100000000001,0.017277293784125795,0,0,0.4625,0.10120207701060373,0.2641439290592167,0.6608560709407834,0.6466466398471561,54.0,55.394826047713664,0.806096945549618,False
betti,high,abs,25.0,0.9,40,10,5.0,0.01931675698679121,0,0,0.50375,0.10322560625876834,0.3014278117328141,0.706072188267186,0.4903184348966914,58.0,62.241209191360824,0.6775651329481776,False
betti,high,abs,30.0,0.9,40,10,5.477199999999999,0.02116034827361056,0,0,0.36125,0.09258010872964974,0.17979298688988654,0.5427070131101135,0.9129239825521553,64.0,64.89444270941756,0.9680949871989789,False
betti,high,abs,35.0,0.9,40,10,5.916100000000001,0.0228559732019111,0,0,0.375,0.09405544646903502,0.19065132492069137,0.5593486750793086,0.8898863443822631,64.0,66.83870827951388,0.9580625241548621,False
betti,high,abs,40.0,0.9,40,10,6.324599999999999,0.024434152247731936,0,0,0.37375,0.09392529948883982,0.189656413001874,0.5578435869981261,0.8920927055765051,68.0,73.69743564451593,0.9580625241548621,False
betti,high,abs,45.0,0.9,40,10,6.708199999999998,0.025916133843758554,0,0,0.3325,0.08918284328423731,0.1577016271628949,0.5072983728371051,0.9492912670645905,69.0,73.00925518028963,0.9782528810795655,False
betti,high,abs,50.0,0.9,40,10,7.0711,0.027318144065859862,0,0,0.38125,0.09469428167113941,0.19564920792456672,0.5668507920754332,0.8781627969652612,67.0,71.99310139695154,0.9540787396935665,False
betti,high,abs,55.0,0.9,40,10,7.416200000000001,0.028651386633088194,0,0,0.33,0.08886731197585868,0.155820068527317,0.504179931472683,0.9517523838283494,73.0,76.88040804849615,0.9782528810795655,False
betti,high,abs,60.0,0.9,40,10,7.746,0.029925519923936942,0,0,0.3425,0.09041267770624327,0.16529115169576322,0.5197088483042368,0.9383403219595553,78.0,78.16103741777063,0.9782528810795655,False
betti,high,abs,65.0,0.9,40,10,8.0623,0.031147497970921346,0,0,0.33375,0.08933939603801193,0.15864478376549662,0.5088552162345034,0.9480588639365056,80.0,80.78888406216726,0.9782528810795655,False
betti,high,abs,70.0,0.9,40,10,8.3666,0.03232311580113746,0,0,0.34,0.09011005379335456,0.1633842945650251,0.5166157054349749,0.9412695344141898,78.0,81.13920801697276,0.9782528810795655,False
betti,high,abs,75.0,0.9,40,10,8.6603,0.03345778210654158,0,0,0.39125,0.09567522737450598,0.20372655434596826,0.5787734456540317,0.8571709922616113,76.0,77.44288565721432,0.9445130601934817,False
betti,high,abs,80.0,0.9,40,10,8.9443,0.03455497390339132,0,0,0.365,0.09299202189951228,0.18273563707695592,0.547264362923044,0.906965107860817,76.0,78.99138293433033,0.9672907687047704,False
betti,high,abs,85.0,0.9,40,10,9.219499999999998,0.035618168207944306,0,0,0.3125,0.08656763028462335,0.14282744464213826,0.48217255535786174,0.9665096716305537,86.0,87.8666268893626,0.98128165351137,False
betti,high,abs,90.0,0.9,40,10,9.486800000000002,0.03665084203645817,0,0,0.37,0.09353009348091045,0.18668101677741553,0.5533189832225844,0.898660233241305,88.0,92.95681703999915,0.9628502499013981,False
betti,high,abs,95.0,0.9,40,10,9.7468,0.03765531339977131,0,0,0.33125,0.08902548212741158,0.1567600550302733,0.5057399449697266,0.9505645293803475,80.0,79.5159819357401,0.9782528810795655,False
betti,high,abs,100.0,0.9,40,10,10.0,0.03863351397358242,0,0,0.2925,0.0837426697964841,0.12836436719889113,0.45663563280110886,0.9786300572733824,87.0,88.91380369582993,0.9839199494748601,False
betti,high,abs,0.0,1.0,40,10,0.0,0.0,0,0,0.9925,0.019528774581448426,0.9542236018203611,1.0,9.129958122683746e-07,3.0,2.9984117975602023,0.0001033239631372732,True
betti,high,abs,5.0,1.0,40,10,2.2361,0.008640407025474134,0,0,0.69875,0.10032311864325658,0.5021166874592171,0.8953833125407828,0.027554704079195958,43.0,42.03328108660101,0.07406322194697179,False
betti,high,abs,10.0,1.0,40,10,3.1622999999999997,0.012219292132130428,0,0,0.585,0.1046204989881772,0.37994382198317267,0.7900561780168273,0.20807482825073326,53.0,53.079271228182776,0.3558502461895292,False
betti,high,abs,15.0,1.0,40,10,3.873,0.01496547399922245,0,0,0.5025,0.1031770889832045,0.3002729055929191,0.7047270944070808,0.4951595592066218,57.0,58.40370294193821,0.6822198371291234,False
betti,high,abs,20.0,1.0,40,10,4.472100000000001,0.017280427645732694,0,0,0.53,0.10405755758288796,0.32604718713753966,0.7339528128624604,0.3900903587761892,57.0,59.42010362624752,0.5731185365906097,False
betti,high,abs,25.0,1.0,40,10,5.0,0.019320260778753484,0,0,0.40375,0.0968302607221791,0.21396268898452897,0.593537311015471,0.8281351131315395,64.0,67.15383665716477,0.9301517575028161,False
betti,high,abs,30.0,1.0,40,10,5.477199999999999,0.021164186467477718,0,0,0.3625,0.09271820997290782,0.18077230845310066,0.5442276915468993,0.9109751426609297,75.0,74.19140112439227,0.9680949871989789,False
betti,high,abs,35.0,1.0,40,10,5.916100000000001,0.022860118958636697,0,0,0.39625,0.09614671888762105,0.20780243098026274,0.5846975690197372,0.8459431658143888,72.0,76.30066664888983,0.9380317481802644,False
betti,high,abs,40.0,1.0,40,10,6.324599999999999,0.024438584264260856,0,0,0.37625,0.09418479976516132,0.1916477924602838,0.5608522075397162,0.8875183863512577,78.0,82.8858039145096,0.9580625241548621,False
betti,high,abs,45.0,1.0,40,10,6.708199999999998,0.025920834671206826,0,0,0.33375,0.08933939603801193,0.15864478376549662,0.5088552162345034,0.9480131290110351,82.0,84.97201142363951,0.9782528810795655,False
betti,high,abs,50.0,1.0,40,10,7.0711,0.027323099198528756,0,0,0.34375,0.09056278338408201,0.16624694456719927,0.5212530554328008,0.936854441647697,85.0,87.54285410786335,0.9782528810795655,False
betti,high,abs,55.0,1.0,40,10,7.416200000000001,0.028656583597478316,0,0,0.30375,0.08535770570990267,0.1364488968085908,0.47105110319140925,0.972430667527654,88.0,89.23655218724863,0.9830005660877371,False
betti,high,abs,60.0,1.0,40,10,7.746,0.0299309479984449,0,0,0.3075,0.08588117642961081,0.1391728941979628,0.4758271058020372,0.970005250642804,86.0,87.19354166471044,0.9816157596276471,False
betti,high,abs,65.0,1.0,40,10,8.0623,0.031153147695308848,0,0,0.3375,0.08980420965242565,0.16148374908124574,0.5135162509187543,0.944011753550679,83.0,83.07272414547873,0.9782528810795655,False
betti,high,abs,70.0,1.0,40,10,8.3666,0.03232897876630378,0,0,0.3525,0.09159105215334931,0.17298153777943534,0.5320184622205646,0.9256875130541781,84.0,86.12873426463437,0.9782528810795655,False
betti,high,abs,75.0,1.0,40,10,8.6603,0.03346385088444776,0,0,0.30875,0.08605402121282806,0.14008411842285703,0.477415881577143,0.9691608523640397,89.0,90.06475566418591,0.9816157596276471,False
betti,high,abs,80.0,1.0,40,10,8.9443,0.03456124169668096,0,0,0.295,0.08410737159121918,0.1301495516812104,0.4598504483187896,0.9773693161874897,88.0,87.61880215351701,0.9837158701887072,False
betti,high,abs,85.0,1.0,40,10,9.219499999999998,0.035624628849943545,0,0,0.335,0.08949514097069242,0.1595895236974429,0.5104104763025572,0.9467095262295963,99.0,98.21201940565064,0.9782528810795655,False
betti,high,abs,90.0,1.0,40,10,9.486800000000002,0.03665748999117571,0,0,0.31,0.08622604459774501,0.1409969525884198,0.4790030474115802,0.9682906428492762,96.0,98.09501808728406,0.9816157596276471,False
betti,high,abs,95.0,1.0,40,10,9.7468,0.0376621435516709,0,0,0.2975,0.08446875030278637,0.1319412494065387,0.46305875059346124,0.9760353948856166,101.0,104.47435988912974,0.9837158701887072,False
betti,high,abs,100.0,1.0,40,10,10.0,0.03864052155750697,0,0,0.32125,0.08773741728659534,0.1492846621182731,0.4932153378817269,0.9596568562778353,104.0,109.20918031518802,0.98128165351137,False
betti,low,abs,0.0,0.1,40,10,0.0,0.0,0,0,0.7625,0.09419882489169804,0.5778703032122718,0.9471296967877281,0.0018868117582996546,0.0,0.0,0.008644014459205313,False
betti,low,abs,5.0,0.1,40,10,2.2361,0.13612211402106486,0,0,0.63625,0.10364287374080304,0.433109967468026,0.839390032531974,0.08721097171518855,4.0,4.6888682361946525,0.17747528160858939,False
betti,low,abs,10.0,0.1,40,10,3.1622999999999997,0.19250434290452728,0,0,0.6125,0.10428218623318157,0.40810691498296414,0.816893085017036,0.1337095710113938,4.0,4.833122354417533,0.2517204474505997,False
betti,low,abs,15.0,0.1,40,10,3.873,0.235768054918646,0,0,0.6525,0.10301364640632465,0.45059325304360365,0.8544067469563963,0.06683143698887108,4.0,4.265591117977289,0.14589961596161996,False
betti,low,abs,20.0,0.1,40,10,4.472100000000001,0.27223814056330403,0,0,0.65875,0.10272902791658373,0.45740110528349587,0.860098894716504,0.059514912191675096,5.0,5.298386676965934,0.1343419134423734,False
betti,low,abs,25.0,0.1,40,10,5.0,0.30437394128407685,0,0,0.725,0.09816329969967588,0.5325999325886352,0.9174000674113647,0.013235453938850556,3.0,3.2352924243950936,0.043038364206751806,False
betti,low,abs,30.0,0.1,40,10,5.477199999999999,0.3334233902402291,0,0,0.57,0.10462840496051934,0.36492832627738203,0.7750716737226179,0.24806000572757197,5.0,5.536272984824353,0.40472948302919637,False
betti,low,abs,35.0,0.1,40,10,5.916100000000001,0.3601413348061454,0,0,0.44125,0.09982203819006723,0.2455988051474682,0.6369011948525317,0.7256398500234262,6.0,6.038591035287969,0.8609575665910074,False
betti,low,abs,40.0,0.1,40,10,6.324599999999999,0.38500868580905456,0,0,0.6575,0.10278787025303673,0.45603577430404796,0.858964225695952,0.05820668012810892,4.0,4.4436506316151,0.13235259784631126,False
betti,low,abs,45.0,0.1,40,10,6.708199999999998,0.4083602545843688,0,0,0.6275,0.10391661476234981,0.42382343506579434,0.8311765649342056,0.10295537039817854,5.0,4.885618083164127,0.20157577783222325,False
betti,low,abs,50.0,0.1,40,10,7.0711,0.43045171524276715,0,0,0.7825,0.09161950909760525,0.6029257621686936,0.9620742378313063,0.0026403053846080207,4.0,4.49443799947573,0.01136798151706231,False
betti,low,abs,55.0,0.1,40,10,7.416200000000001,0.4514596046701942,0,0,0.675,0.10187547348947436,0.4753240719606303,0.8746759280393698,0.04175529582730561,6.0,6.42665998663324,0.10355313365171792,False
betti,low,abs,60.0,0.1,40,10,7.746,0.471536109837292,0,0,0.8375,0.08255974063638206,0.6756829083526912,0.9993170916473089,0.00041953120192030557,3.0,3.7776212754932312,0.002481274799128836,False
betti,low,abs,65.0,0.1,40,10,8.0623,0.4907908053629227,0,0,0.6625,0.10254670775208181,0.4615084528059196,0.8634915471940803,0.05427097960061376,5.0,5.473367875415837,0.12649626824203206,False
betti,low,abs,70.0,0.1,40,10,8.3666,0.5093150034294714,0,0,0.6475,0.10322418164527133,0.44518060397526815,0.8498193960247318,0.0724142886417612,6.0,6.136272984824353,0.15456925119877665,False
betti,low,abs,75.0,0.1,40,10,8.6603,0.5271939287404982,0,0,0.54875,0.1044311416508719,0.34406496236429107,0.7534350376357088,0.31710780425365054,5.0,5.947575581554535,0.4956474923628488,False
betti,low,abs,80.0,0.1,40,10,8.9443,0.5444823686054339,0,0,0.59,0.10459040611348415,0.38500280401757103,0.7949971959824289,0.19060972154879774,5.0,6.483914681524164,0.3309242058764784,False
betti,low,abs,85.0,0.1,40,10,9.219499999999998,0.5612351103337093,0,0,0.61,0.10433054750064677,0.4055121268987323,0.8144878731012677,0.137102628532577,4.0,5.294437999475729,0.25552193293646613,False
betti,low,abs,90.0,0.1,40,10,9.486800000000002,0.5775069412347561,0,0,0.67,0.10215578070786634,0.46977466981258204,0.8702253301874181,0.04653076163212836,5.0,6.259681411936962,0.11239898264384253,False
betti,low,abs,95.0,0.1,40,10,9.7468,0.5933343861815281,0,0,0.5975,0.10451924976700089,0.3926422704566783,0.8023577295433217,0.16906454432646245,4.0,5.086548085423136,0.3035328691575484,False
betti,low,abs,100.0,0.1,40,10,10.0,0.6087478825681537,0,0,0.795,0.08982724159900035,0.6189386064659593,0.9710613935340408,0.0017831447544628064,5.0,4.888857852023506,0.00825037125199209,False
betti,low,abs,0.0,0.2,40,10,0.0,0.0,0,0,0.95,0.049253353765432696,0.8534634266197518,1.0,4.2341984207040816e-06,0.0,0.0,0.00017899111505703617,True
betti,low,abs,5.0,0.2,40,10,2.2361,0.13553591570291915,0,0,0.66125,0.10260844903753162,0.46013743988643807,0.8623625601135619,0.05912051244448918,10.0,10.723901439919997,0.13377634202767624,False
betti,low,abs,10.0,0.2,40,10,3.1622999999999997,0.19167533930832306,0,0,0.77125,0.09311255629489984,0.5887493896619963,0.9537506103380037,0.00425787458913748,13.0,13.770462766947299,0.017142092501722325,False
betti,low,abs,15.0,0.2,40,10,3.873,0.23475273982264028,0,0,0.7625,0.09419882489169804,0.5778703032122718,0.9471296967877281,0.005421092104100969,16.0,15.302918298980975,0.0214536836460166,False
betti,low,abs,20.0,0.2,40,10,4.472100000000001,0.27106577014222294,0,0,0.6625,0.10254670775208181,0.4615084528059196,0.8634915471940803,0.05781643306345244,18.0,17.325643072011463,0.13178745771816364,False
betti,low,abs,25.0,0.2,40,10,5.0,0.3030631807676739,0,0,0.75125,0.09550297656280475,0.5640641659369027,0.9384358340630973,0.007444230020009986,19.0,17.249485577105528,0.027582206847048953,False
betti,low,abs,30.0,0.2,40,10,5.477199999999999,0.3319875307401407,0,0,0.7175,0.09882976058442998,0.5237936692545173,0.9112063307454827,0.01756507673095824,20.0,18.596599468718765,0.052695230192874726,False
betti,low,abs,35.0,0.2,40,10,5.916100000000001,0.35859041674792713,0,0,0.70125,0.10013795998962628,0.5049795984203325,0.8975204015796676,0.025692328026244556,17.0,19.409993342207436,0.07006998552612152,False
betti,low,abs,40.0,0.2,40,10,6.324599999999999,0.3833506786166461,0,0,0.77375,0.09279028830123408,0.5918810349295812,0.9556189650704189,0.003916340126199557,17.0,16.799516882842756,0.015974545251603457,False
betti,low,abs,45.0,0.2,40,10,6.708199999999998,0.406601685845142,0,0,0.88875,0.07075358459308362,0.7500729741975561,1.0,7.793656321932209e-05,17.0,16.886005711819756,0.0006194957589228166,False
betti,low,abs,50.0,0.2,40,10,7.0711,0.42859801150525983,0,0,0.89125,0.0700680238752558,0.7539166732044986,1.0,7.328886799994718e-05,16.0,16.581162460726787,0.0006031738693800963,False
betti,low,abs,55.0,0.2,40,10,7.416200000000001,0.44951543224184454,0,0,0.7225,0.09838994089077595,0.5296557158540791,0.915344284145921,0.015507724264884469,18.0,19.557440016137235,0.047914231117417126,False
betti,low,abs,60.0,0.2,40,10,7.746,0.46950547964528055,0,0,0.8,0.08906926143924926,0.6254242475790714,0.9745757524209286,0.0018137123574211314,18.0,18.017648452415617,0.008350259863374516,False
betti,low,abs,65.0,0.2,40,10,8.0623,0.4886772564606436,0,0,0.8125,0.08706637188752604,0.641849911100449,0.983150088899551,0.0012239977094657662,20.0,20.133053216343207,0.006054882286187035,False
betti,low,abs,70.0,0.2,40,10,8.3666,0.5071216816421642,0,0,0.74,0.09670703816955153,0.550454205187679,0.929545794812321,0.009768319297162082,17.0,19.180525927469546,0.03389752591925648,False
betti,low,abs,75.0,0.2,40,10,8.6603,0.5249236128804573,0,0,0.72625,0.09804828166195746,0.5340753679425634,0.9184246320574365,0.014203266366946946,20.0,20.954248252914823,0.045236430552262535,False
betti,low,abs,80.0,0.2,40,10,8.9443,0.5421376015480612,0,0,0.6975,0.10041411563398664,0.5006883333573862,0.8943116666426139,0.027789613330453673,20.0,21.983627444874397,0.07447936713925624,False
betti,low,abs,85.0,0.2,40,10,9.219499999999998,0.558818199017514,0,0,0.74125,0.0965780737546023,0.5519569754409794,0.9305430245590205,0.009694645640171062,22.0,21.551492667781453,0.03376786683655089,False
betti,low,abs,90.0,0.2,40,10,9.486800000000002,0.5750199566613537,0,0,0.8675,0.07613067315792804,0.7182838806104611,1.0,0.0001772059832811641,18.0,18.967829363048327,0.0011688054216417206,False
betti,low,abs,95.0,0.2,40,10,9.7468,0.5907792420612729,0,0,0.7925,0.09019728931072543,0.6157133129509782,0.9692866870490218,0.002255444202849228,15.0,16.622160834399562,0.010050634753527634,False
betti,low,abs,100.0,0.2,40,10,10.0,0.6061263615353478,0,0,0.645,0.10332377769889893,0.4424853957101581,0.8475146042898419,0.07975976955434139,18.0,18.949691346263318,0.1655727359052176,False
betti,low,abs,0.0,0.3,40,10,0.0,0.0,0,0,0.95375,0.047472665316659175,0.860703575979348,1.0,4.558363694109544e-06,1.0,0.7324555320336759,0.00018431644502269026,True
betti,low,abs,5.0,0.3,40,10,2.2361,0.13490829241970365,0,0,0.60875,0.1043533937299605,0.40421734828927747,0.8132826517107226,0.1477754273075611,20.0,21.936502143433366,0.2705337547165981,False
betti,low,abs,10.0,0.3,40,10,3.1622999999999997,0.1907877523897987,0,0,0.64875,0.10317296894918365,0.4465309808596001,0.8509690191404,0.07584136306734973,30.0,28.354204474869768,0.1603010628468983,False
betti,low,abs,15.0,0.3,40,10,3.873,0.2336656753014231,0,0,0.7375,0.0969614075742188,0.5474556411545313,0.9275443588454688,0.010771895757719528,25.0,27.490785661062567,0.03683037887749691,False
betti,low,abs,20.0,0.3,40,10,4.472100000000001,0.2698105516435565,0,0,0.725,0.09816329969967588,0.5325999325886352,0.9174000674113647,0.014794198323249462,32.0,34.59453356396881,0.04616981355913422,False
betti,low,abs,25.0,0.3,40,10,5.0,0.3016597925399214,0,0,0.79,0.0905614715575096,0.6124995157472812,0.9675004842527188,0.0025116691589656985,31.0,31.396198069637016,0.010966442806751641,False
betti,low,abs,30.0,0.3,40,10,5.477199999999999,0.3304502031399315,0,0,0.86875,0.07583503613481309,0.7201133291757664,1.0,0.00017552793633703092,31.0,31.147904226573125,0.0011660070056674196,False
betti,low,abs,35.0,0.3,40,10,5.916100000000001,0.3569298997290858,0,0,0.8425,0.08157106268298436,0.6826207171413506,1.0,0.0004580983998627946,33.0,32.743251365736,0.0026794434708955913,False
betti,low,abs,40.0,0.3,40,10,6.324599999999999,0.3815755047795974,0,0,0.87,0.07553696919964208,0.7219475403687016,1.0,0.0001685500798944052,31.0,31.327081042837058,0.001127709167638826,False
betti,low,abs,45.0,0.3,40,10,6.708199999999998,0.40471884406326003,0,0,0.9075,0.06529615537908832,0.7795195354569868,1.0,3.916346985336648e-05,29.0,30.83999733546454,0.00039163469853366475,True
betti,low,abs,50.0,0.3,40,10,7.0711,0.4266133118058077,0,0,0.83375,0.08328125329042502,0.6705187435507669,0.9969812564492331,0.0006152724255242528,32.0,34.407026959164426,0.0033858186730032847,False
betti,low,abs,55.0,0.3,40,10,7.416200000000001,0.447433870686913,0,0,0.85375,0.0792296935086459,0.698459800723054,1.0,0.00030449425257015814,30.0,30.8878405775519,0.0018630240453305726,False
betti,low,abs,60.0,0.3,40,10,7.746,0.4673313506028462,0,0,0.8825,0.0724161454466948,0.7405643549244781,1.0,0.00010547658642644495,31.0,35.22088547162747,0.0007663533232546391,False
betti,low,abs,65.0,0.3,40,10,8.0623,0.4864143490789216,0,0,0.7475,0.09591525384521943,0.55950610246337,0.9354938975366301,0.008351656347301981,36.0,38.56846672960488,0.03022194709334958,False
betti,low,abs,70.0,0.3,40,10,8.3666,0.5047733640529012,0,0,0.89875,0.06793643234813902,0.7655945925976475,1.0,5.517368562336982e-05,31.0,32.98683298050514,0.0004933800733628263,False
betti,low,abs,75.0,0.3,40,10,8.6603,0.5224928602666962,0,0,0.8625,0.07728945925946673,0.7110126598514452,1.0,0.00022160944482220554,33.0,37.69696927945756,0.0014213571288596632,False
betti,low,abs,80.0,0.3,40,10,8.9443,0.5396271364829638,0,0,0.80625,0.08808747034019399,0.6335985581332197,0.9789014418667803,0.0015183828705794752,35.0,37.21332445627658,0.007168000353497015,False
betti,low,abs,85.0,0.3,40,10,9.219499999999998,0.556230491464361,0,0,0.81375,0.08685731726937836,0.6435096581520184,0.9839903418479815,0.0011859555502351745,36.0,37.982702196883054,0.005961830603884932,False
betti,low,abs,90.0,0.3,40,10,9.486800000000002,0.5723572239735453,0,0,0.905,0.06606839361879746,0.775505948507157,1.0,4.3541246889238744e-05,32.0,33.39725523558511,0.00041745731553600036,True
betti,low,abs,95.0,0.3,40,10,9.7468,0.5880435331856212,0,0,0.875,0.07431983248097374,0.7293331283372915,1.0,0.00014032140641467944,35.0,36.72156251485535,0.0009950170934595207,False
betti,low,abs,100.0,0.3,40,10,10.0,0.6033195850798428,0,0,0.81375,0.08685731726937836,0.6435096581520184,0.9839903418479815,0.0011978289128765714,36.0,38.98931902642283,0.0059891445643828565,False
betti,low,abs,0.0,0.4,40,10,0.0,0.0,0,0,0.9625,0.04295969827343276,0.8782989913840719,1.0,3.0494942950716466e-06,0.0,0.0,0.00013504903306745864,True
betti,low,abs,5.0,0.4,40,10,2.2361,0.13726821827259283,0,0,0.6425,0.10341961531998094,0.4397975539728373,0.8452024460271625,0.08499973740647304,36.0,35.22404396406325,0.1744552402358557,False
betti,low,abs,10.0,0.4,40,10,3.1622999999999997,0.19412516731962806,0,0,0.74625,0.09605023463799056,0.5579915401095384,0.9345084598904615,0.008663189379545615,43.0,43.262819979274695,0.031107205108020935,False
betti,low,abs,15.0,0.4,40,10,3.873,0.23775314582073792,0,0,0.78625,0.09109689838503304,0.6077000791653353,0.9647999208346647,0.002819224119856653,43.0,42.78420725320717,0.011932250147753396,False
betti,low,abs,20.0,0.4,40,10,4.472100000000001,0.2745302978117537,0,0,0.7375,0.0969614075742188,0.5474556411545313,0.9275443588454688,0.010888898479795754,49.0,52.57776192739723,0.03704474636372004,False
betti,low,abs,25.0,0.4,40,10,5.0,0.3069366715991969,0,0,0.7875,0.09091985771966847,0.6092970788694498,0.9657029211305501,0.0027142677409314267,43.0,46.897221877670276,0.011632576032563256,False
betti,low,abs,30.0,0.4,40,10,5.477199999999999,0.33623070753662426,0,0,0.77875,0.0921295194396757,0.5981761418982356,0.9593238581017645,0.003519494971686916,53.0,56.07683098513407,0.014482877538357664,False
betti,low,abs,35.0,0.4,40,10,5.916100000000001,0.3631736085696018,0,0,0.83875,0.08231546052185446,0.6774116973771653,1.0,0.0005235837542143576,50.0,56.36785710489795,0.002951108432844561,False
betti,low,abs,40.0,0.4,40,10,6.324599999999999,0.3882503346392561,0,0,0.865,0.07671476613521841,0.7146390583749719,1.0,0.00020718469319211315,53.0,51.49484316812057,0.001340215374218278,False
betti,low,abs,45.0,0.4,40,10,6.708199999999998,0.41179851608434653,0,0,0.835,0.08304262107383252,0.6722364626952883,0.9977635373047117,0.0005967707753283805,54.0,55.85744409396232,0.00332333425781673,False
betti,low,abs,50.0,0.4,40,10,7.0711,0.4340759797090162,0,0,0.8975,0.06829977543582832,0.7636324401457765,1.0,5.970564566577587e-05,48.0,51.738836878436246,0.0005189369202726314,False
betti,low,abs,55.0,0.4,40,10,7.416200000000001,0.45526074878279277,0,0,0.89,0.07041231224113942,0.7519918680073667,1.0,7.96366888253167e-05,49.0,52.05913782584103,0.0006276450898944451,False
betti,low,abs,60.0,0.4,40,10,7.746,0.47550629164147584,0,0,0.875,0.07431983248097374,0.7293331283372915,1.0,0.00014122823262006101,56.0,54.52207001450664,0.0009950170934595207,False
betti,low,abs,65.0,0.4,40,10,8.0623,0.49492310548684115,0,0,0.9,0.06756974068663674,0.7675633082541921,1.0,5.412251982951378e-05,47.0,49.67682959346236,0.0004886790625383284,True
betti,low,abs,70.0,0.4,40,10,8.3666,0.5136032713203682,0,0,0.88375,0.07208934186789392,0.7424548899389279,1.0,0.00010207378664380454,50.0,54.794443479603224,0.0007485257528053469,False
betti,low,abs,75.0,0.4,40,10,8.6603,0.531632731410105,0,0,0.90875,0.06490442737036906,0.7815373223540766,1.0,3.795759553149863e-05,52.0,56.4380694670924,0.00038370178091623615,True
betti,low,abs,80.0,0.4,40,10,8.9443,0.5490667343569394,0,0,0.8825,0.0724161454466948,0.7405643549244781,1.0,0.00010712112750373877,51.0,55.645148551147585,0.0007722685936316051,False
betti,low,abs,85.0,0.4,40,10,9.219499999999998,0.5659605287617592,0,0,0.885,0.07175972238441139,0.7443509441265537,1.0,9.77696095938919e-05,49.0,56.979353368282624,0.0007332720719541893,False
betti,low,abs,90.0,0.4,40,10,9.486800000000002,0.5823693632254523,0,0,0.9025,0.06682609616168726,0.7715208515230929,1.0,4.8714021681824726e-05,55.0,59.434052743831046,0.00045462047171628884,True
betti,low,abs,95.0,0.4,40,10,9.7468,0.5983300701486105,0,0,0.9025,0.06682609616168726,0.7715208515230929,1.0,4.8883921689923533e-05,53.0,58.162340431148785,0.00045462047171628884,True
betti,low,abs,100.0,0.4,40,10,10.0,0.6138733431983938,0,0,0.88375,0.07208934186789392,0.7424548899389279,1.0,0.0001022180329099775,52.0,57.26610643268641,0.0007485257528053469,False
betti,low,abs,0.0,0.5,40,10,0.0,0.0,0,0,0.975,0.0353207267702707,0.9057713755302694,1.0,1.8048293718526968e-06,0.0,0.0,0.000104905707238938,True
betti,low,abs,5.0,0.5,40,10,2.2361,0.13544072004431557,0,0,0.625,0.10398658676614368,0.4211862899383584,0.8288137100616416,0.11463225152407291,48.0,48.84260835809811,0.22026445024253682,False
betti,low,abs,10.0,0.5,40,10,3.1622999999999997,0.19154071329374317,0,0,0.7375,0.0969614075742188,0.5474556411545313,0.9275443588454688,0.010914258606085258,58.0,56.88086811772231,0.03704474636372004,False
betti,low,abs,15.0,0.5,40,10,3.873,0.2345878577575396,0,0,0.78625,0.09109689838503304,0.6077000791653353,0.9647999208346647,0.002822682830651341,53.0,57.78029669697146,0.011932250147753396,False
betti,low,abs,20.0,0.5,40,10,4.472100000000001,0.27087538308223413,0,0,0.73,0.09769638617636826,0.5385150830943182,0.9214849169056818,0.013194881887295591,72.0,73.90627933606146,0.043038364206751806,False
betti,low,abs,25.0,0.5,40,10,5.0,0.3028503198522328,0,0,0.805,0.08828693143903175,0.6319576143794978,0.9780423856205023,0.0015969288263400479,60.0,69.74157778240864,0.007500726305536589,False
betti,low,abs,30.0,0.5,40,10,5.477199999999999,0.33175435437893,0,0,0.84,0.08206926536676863,0.6791442398811335,1.0,0.0005039143902932792,69.0,68.5646787903215,0.0028575633108094494,False
betti,low,abs,35.0,0.5,40,10,5.916100000000001,0.358338555455559,0,0,0.81375,0.08685731726937836,0.6435096581520184,0.9839903418479815,0.0012062712930519229,64.0,69.09792180292567,0.0059991032221298835,False
betti,low,abs,40.0,0.5,40,10,6.324599999999999,0.38308142658748634,0,0,0.8525,0.0794981354765421,0.6966836544659776,1.0,0.00032618259724245076,69.0,68.743907079481,0.001982678532258034,False
betti,low,abs,45.0,0.5,40,10,6.708199999999998,0.4063161031265497,0,0,0.865,0.07671476613521841,0.7146390583749719,1.0,0.0002075172192337979,62.0,70.90760081885372,0.001340215374218278,False
betti,low,abs,50.0,0.5,40,10,7.0711,0.4282969793414248,0,0,0.895,0.06901662169823426,0.7597274214714609,1.0,6.624815750499393e-05,66.0,70.94321274800735,0.0005652365732077463,False
betti,low,abs,55.0,0.5,40,10,7.416200000000001,0.44919970841762596,0,0,0.8725,0.07493343300152697,0.7256304713170072,1.0,0.00015678843465054618,72.0,75.61353247743477,0.0010881585389925967,False
betti,low,abs,60.0,0.5,40,10,7.746,0.4691757155150792,0,0,0.88875,0.07075358459308362,0.7500729741975561,1.0,8.46726972679207e-05,75.0,79.36525817405008,0.0006590631505624436,False
betti,low,abs,65.0,0.5,40,10,8.0623,0.48833402674893145,0,0,0.92375,0.059883398791313346,0.8063785383690258,1.0,2.0540481381421612e-05,67.0,76.14472327515406,0.00027684996644524785,True
betti,low,abs,70.0,0.5,40,10,8.3666,0.5067654972151383,0,0,0.895,0.06901662169823426,0.7597274214714609,1.0,6.61494942519279e-05,69.0,75.67284552272777,0.0005652365732077463,False
betti,low,abs,75.0,0.5,40,10,8.6603,0.5245549250032584,0,0,0.89375,0.06937022398081098,0.7577843609976105,1.0,6.943041928078252e-05,72.0,77.41031508529548,0.0005856034803459937,False
betti,low,abs,80.0,0.5,40,10,8.9443,0.5417568231708654,0,0,0.89875,0.06793643234813902,0.7655945925976475,1.0,5.71847184978045e-05,64.0,75.4249984853992,0.0005034293512717609,False
betti,low,abs,85.0,0.5,40,10,9.219499999999998,0.5584257047755322,0,0,0.92,0.06119776684378823,0.8000523769861752,1.0,2.3985019906369906e-05,67.0,74.53730645123898,0.0002923698271789242,True
betti,low,abs,90.0,0.5,40,10,9.486800000000002,0.5746160828748327,0,0,0.91625,0.06247116246249083,0.7938065215735179,1.0,2.8065715899727052e-05,67.0,78.79469933402822,0.00031303761429008636,True
betti,low,abs,95.0,0.5,40,10,9.7468,0.5903642995071486,0,0,0.9175,0.062051095303092774,0.7958798532059381,1.0,2.647610526027668e-05,70.0,79.39294198125127,0.0003039069375565081,True
betti,low,abs,100.0,0.5,40,10,10.0,0.6057006397044656,0,0,0.92,0.06119776684378823,0.8000523769861752,1.0,2.4126073616399017e-05,68.0,81.7679486912382,0.0002923698271789242,True
betti,low,abs,0.0,0.6,40,10,0.0,0.0,0,0,0.97,0.038585514924043426,0.8943723907488749,1.0,2.3687526875594565e-06,1.0,0.7324555320336759,0.00011014699997151472,True
betti,low,abs,5.0,0.6,40,10,2.2361,0.13662712386213294,0,0,0.57375,0.1046379426520911,0.3686596324019014,0.7788403675980986,0.24081251950930854,60.0,67.05067938027514,0.39568134831034796,False
betti,low,abs,10.0,0.6,40,10,3.1622999999999997,0.19321852948849472,0,0,0.73875,0.09683481447351239,0.5489537636319157,0.9285462363680843,0.010576258851024213,84.0,81.61703031921698,0.0364720723667436,False
betti,low,abs,15.0,0.6,40,10,3.873,0.23664274885650952,0,0,0.78375,0.09144671602647121,0.6045144365881163,0.9629855634118836,0.0030493135714712663,89.0,86.09997994383549,0.012774151448055304,False
betti,low,abs,20.0,0.6,40,10,4.472100000000001,0.27324813766103695,0,0,0.7675,0.09358597014362194,0.5840714985185009,0.950928501481499,0.004883128661344376,82.0,85.60776661041756,0.019574610582113235,False
betti,low,abs,25.0,0.6,40,10,5.0,0.30550316144656536,0,0,0.8425,0.08157106268298436,0.6826207171413506,1.0,0.00046269147241967916,86.0,86.38491599150609,0.002689394183439385,False
betti,low,abs,30.0,0.6,40,10,5.477199999999999,0.3346603831750255,0,0,0.89875,0.06793643234813902,0.7655945925976475,1.0,5.738011960731899e-05,73.0,88.38476936677017,0.0005034293512717609,False
betti,low,abs,35.0,0.6,40,10,5.916100000000001,0.361477450686805,0,0,0.87125,0.07523644437351378,0.7237865690279129,1.0,0.00016503753929400167,77.0,90.90855951869707,0.001114050917567996,False
betti,low,abs,40.0,0.6,40,10,6.324599999999999,0.38643705897698943,0,0,0.88625,0.07142724912644,0.7462525917121776,1.0,9.31059166526148e-05,87.0,94.4061743261697,0.000708759662580748,False
betti,low,abs,45.0,0.6,40,10,6.708199999999998,0.40987526152316983,0,0,0.8925,0.06972067602942168,0.7558474749823334,1.0,7.316019884537402e-05,84.0,88.33951187212995,0.0006031738693800963,False
betti,low,abs,50.0,0.6,40,10,7.0711,0.4320486809809616,0,0,0.905,0.06606839361879746,0.775505948507157,1.0,4.448944378419528e-05,89.0,89.71953360348566,0.0004221957420336899,True
betti,low,abs,55.0,0.6,40,10,7.416200000000001,0.4531345091840035,0,0,0.9075,0.06529615537908832,0.7795195354569868,1.0,4.024972156955539e-05,91.0,95.02803063583184,0.0003922359692002882,True
betti,low,abs,60.0,0.6,40,10,7.746,0.47328549771301903,0,0,0.9175,0.062051095303092774,0.7958798532059381,1.0,2.668541811165025e-05,100.0,103.61383422108091,0.0003039069375565081,True
betti,low,abs,65.0,0.6,40,10,8.0623,0.49261162770612876,0,0,0.9175,0.062051095303092774,0.7958798532059381,1.0,2.6796095569498566e-05,86.0,92.52214559377862,0.0003039069375565081,True
betti,low,abs,70.0,0.6,40,10,8.3666,0.5112045501117668,0,0,0.91375,0.06329853199432049,0.7896848772911318,1.0,3.1146332658288214e-05,92.0,99.4267851400156,0.00033566231034272545,True
betti,low,abs,75.0,0.6,40,10,8.6603,0.5291498058151379,0,0,0.935,0.05566554073401402,0.8258955401613326,1.0,1.2784838130678975e-05,83.0,92.15229304016819,0.00024372954055179434,True
betti,low,abs,80.0,0.6,40,10,8.9443,0.5465023853853028,0,0,0.9325,0.05664131762496462,0.8214830174550694,1.0,1.4129661293989013e-05,89.0,94.0739752235514,0.00024372954055179434,True
betti,low,abs,85.0,0.6,40,10,9.219499999999998,0.5633172793913218,0,0,0.93125,0.057120557053065395,0.8192937081759919,1.0,1.5056196192748304e-05,90.0,96.22173781051184,0.00024372954055179434,True
betti,low,abs,90.0,0.6,40,10,9.486800000000002,0.5796494784022552,0,0,0.94625,0.050956053670097756,0.8463761348066084,1.0,7.818442859189516e-06,93.0,98.98658068566303,0.00024372954055179434,True
betti,low,abs,95.0,0.6,40,10,9.7468,0.5955356427974766,0,0,0.92,0.06119776684378823,0.8000523769861752,1.0,2.4085707056885948e-05,102.0,108.16873311047652,0.0002923698271789242,True
betti,low,abs,100.0,0.6,40,10,10.0,0.6110063228931307,0,0,0.9425,0.052588271035109095,0.8394269887711862,1.0,9.291579323550867e-06,89.0,100.81589327198006,0.00024372954055179434,True
betti,low,abs,0.0,0.7,40,10,0.0,0.0,0,0,0.97125,0.03779921600725644,0.8971635366257773,1.0,2.246407895344555e-06,1.0,0.7324555320336759,0.00010995575487739136,True
betti,low,abs,5.0,0.7,40,10,2.2361,0.13553240861621668,0,0,0.64,0.1035117110210622,0.43711704639871807,0.842882953601282,0.08905613962757147,82.0,79.56600876125121,0.18044054434344547,False
betti,low,abs,10.0,0.7,40,10,3.1622999999999997,0.19167037957473368,0,0,0.705,0.09985225944018694,0.5092895714972335,0.9007104285027664,0.023999481271646753,98.0,97.20078217908897,0.06625964209356268,False
betti,low,abs,15.0,0.7,40,10,3.873,0.23474666543115574,0,0,0.81,0.08747961294069849,0.638539958636231,0.9814600413637691,0.0013666098283217985,91.0,99.50652102802998,0.006619516355933711,False
betti,low,abs,20.0,0.7,40,10,4.472100000000001,0.2710587561256575,0,0,0.82625,0.08467469332018164,0.660287601092444,0.9922123989075561,0.000804553579245146,100.0,111.793719270791,0.0042634917740364715,False
betti,low,abs,25.0,0.7,40,10,5.0,0.3030553387957084,0,0,0.85,0.08002868353293151,0.6931437802754542,1.0,0.0003562106368489221,93.0,108.63800379814,0.00215114215759414,False
betti,low,abs,30.0,0.7,40,10,5.477199999999999,0.33197894033037073,0,0,0.8625,0.07728945925946673,0.7110126598514452,1.0,0.00022781897846242452,91.0,101.76675062958974,0.0014435848184553965,False
betti,low,abs,35.0,0.7,40,10,5.916100000000001,0.358581137969858,0,0,0.8875,0.07109188318924244,0.7481599089490848,1.0,8.922630904397933e-05,97.0,106.13856346796256,0.0006857889868669486,False
betti,low,abs,40.0,0.7,40,10,6.324599999999999,0.38334075914946736,0,0,0.88125,0.07274016999385358,0.738679266812047,1.0,0.00011322714163495644,98.0,111.64604561096559,0.0008100095516962269,False
betti,low,abs,45.0,0.7,40,10,6.708199999999998,0.40659116474187423,0,0,0.89125,0.0700680238752558,0.7539166732044986,1.0,7.704810225511518e-05,103.0,112.06867093507796,0.0006194957589228166,False
betti,low,abs,50.0,0.7,40,10,7.0711,0.42858692123166675,0,0,0.92875,0.058062441376410485,0.8149476149022354,1.0,1.676549027844561e-05,96.0,107.13995772943825,0.00024372954055179434,True
betti,low,abs,55.0,0.7,40,10,7.416200000000001,0.4495038007153465,0,0,0.92875,0.058062441376410485,0.8149476149022354,1.0,1.6721770674537257e-05,105.0,116.9813684650891,0.00024372954055179434,True
betti,low,abs,60.0,0.7,40,10,7.746,0.4694933308623115,0,0,0.94,0.053640414858621525,0.8348647868771017,1.0,1.0321068672530017e-05,102.0,118.11215931747935,0.00024372954055179434,True
betti,low,abs,65.0,0.7,40,10,8.0623,0.48866461159452795,0,0,0.9275,0.05852534927823359,0.8127903154146622,1.0,1.7622715431525425e-05,108.0,119.58307245795228,0.0002493969442443251,True
betti,low,abs,70.0,0.7,40,10,8.3666,0.5071085595136346,0,0,0.92125,0.06076432383056422,0.8021519252920941,1.0,2.29694992831153e-05,107.0,129.08088879719838,0.0002923698271789242,True
betti,low,abs,75.0,0.7,40,10,8.6603,0.5249100301144947,0,0,0.9325,0.05664131762496462,0.8214830174550694,1.0,1.4286995068133362e-05,103.0,126.5292451352002,0.00024372954055179434,True
betti,low,abs,80.0,0.7,40,10,8.9443,0.5421235733580909,0,0,0.9375,0.05466568248721647,0.8303552623250557,1.0,1.1547525822740092e-05,112.0,120.98361733627478,0.00024372954055179434,True
betti,low,abs,85.0,0.7,40,10,9.219499999999998,0.5588037392054066,0,0,0.93,0.05759422016493448,0.8171153284767285,1.0,1.5927323344122638e-05,109.0,128.09847622478043,0.00024372954055179434,True
betti,low,abs,90.0,0.7,40,10,9.486800000000002,0.5750050776174253,0,0,0.93375,0.056156361262180036,0.8236835319261271,1.0,1.3543260191557748e-05,113.0,127.82554244921542,0.00024372954055179434,True
betti,low,abs,95.0,0.7,40,10,9.7468,0.5907639552348022,0,0,0.9425,0.052588271035109095,0.8394269887711862,1.0,9.223083244408992e-06,108.0,130.5046518697049,0.00024372954055179434,True
betti,low,abs,100.0,0.7,40,10,10.0,0.6061106775914168,0,0,0.92,0.06119776684378823,0.8000523769861752,1.0,2.4206964185781897e-05,129.0,143.0927286151579,0.0002923698271789242,True
betti,low,abs,0.0,0.8,40,10,0.0,0.0,0,0,0.98375,0.028612006164550403,0.9276704679174812,1.0,1.2860815366307753e-06,1.0,0.7324555320336759,0.0001033239631372732,True
betti,low,abs,5.0,0.8,40,10,2.2361,0.1363504790620606,0,0,0.63875,0.10355636071657341,0.4357795329955162,0.8417204670044839,0.0910425433827114,97.0,99.04206017533426,0.18291381474727814,False
betti,low,abs,10.0,0.8,40,10,3.1622999999999997,0.192827297499197,0,0,0.705,0.09985225944018694,0.5092895714972335,0.9007104285027664,0.024010214393043683,111.0,127.64304350579128,0.06625964209356268,False
betti,low,abs,15.0,0.8,40,10,3.873,0.23616359080871197,0,0,0.8075,0.08788643728693103,0.6352425829176152,0.9797574170823848,0.0014800737224700457,108.0,121.0903923165969,0.007022798785189503,False
betti,low,abs,20.0,0.8,40,10,4.472100000000001,0.27269486043264674,0,0,0.83375,0.08328125329042502,0.6705187435507669,0.9969812564492331,0.0006264045989926396,107.0,126.5697382182738,0.003406761854170496,False
betti,low,abs,25.0,0.8,40,10,5.0,0.3048845737267131,0,0,0.86125,0.07757334424176969,0.7092062452861314,1.0,0.00023887376564307408,122.0,127.79889433387595,0.0014923625576137721,False
betti,low,abs,30.0,0.8,40,10,5.477199999999999,0.33398275744319056,0,0,0.87125,0.07523644437351378,0.7237865690279129,1.0,0.00016531078131654136,111.0,124.56665179898604,0.001114050917567996,False
betti,low,abs,35.0,0.8,40,10,5.916100000000001,0.3607455253249215,0,0,0.91375,0.06329853199432049,0.7896848772911318,1.0,3.140066774173883e-05,118.0,124.69335511251987,0.00033566231034272545,True
betti,low,abs,40.0,0.8,40,10,6.324599999999999,0.385654594998394,0,0,0.915,0.06288694712012229,0.7917415836445604,1.0,2.9792722077423355e-05,122.0,126.39087688740653,0.00032596742978827905,True
betti,low,abs,45.0,0.8,40,10,6.708199999999998,0.40904533949470734,0,0,0.9075,0.06529615537908832,0.7795195354569868,1.0,4.047289709318915e-05,130.0,137.83332200317113,0.0003922359692002882,True
betti,low,abs,50.0,0.8,40,10,7.0711,0.4311738618557922,0,0,0.9025,0.06682609616168726,0.7715208515230929,1.0,4.9453498453064864e-05,127.0,150.0129554165879,0.0004553638966470329,True
betti,low,abs,55.0,0.8,40,10,7.416200000000001,0.4522169951344099,0,0,0.9125,0.06370599684137335,0.7876362461909082,1.0,3.298351737192491e-05,135.0,146.8265671165115,0.000348575808589661,True
betti,low,abs,60.0,0.8,40,10,7.746,0.47232718161742393,0,0,0.9375,0.05466568248721647,0.8303552623250557,1.0,1.1521446108803964e-05,119.0,137.42990420072712,0.00024372954055179434,True
betti,low,abs,65.0,0.8,40,10,8.0623,0.49161417975137583,0,0,0.91875,0.06162665980475171,0.7979617467826866,1.0,2.5539228362936316e-05,144.0,144.11135492807222,0.0003006516756649465,True
betti,low,abs,70.0,0.8,40,10,8.3666,0.5101694549083835,0,0,0.9325,0.05664131762496462,0.8214830174550694,1.0,1.426172935691931e-05,127.0,146.64585251173298,0.00024372954055179434,True
betti,low,abs,75.0,0.8,40,10,8.6603,0.5280783747690905,0,0,0.945,0.051507624142056146,0.8440450566815699,1.0,8.317870974794954e-06,126.0,137.82488049482774,0.00024372954055179434,True
betti,low,abs,80.0,0.8,40,10,8.9443,0.545395818556768,0,0,0.92625,0.05898306698447164,0.8106431887104356,1.0,1.8593676714957318e-05,141.0,143.93699259593154,0.000258091333506124,True
betti,low,abs,85.0,0.8,40,10,9.219499999999998,0.5621766654946863,0,0,0.92875,0.058062441376410485,0.8149476149022354,1.0,1.6707217361518352e-05,133.0,149.65765100133143,0.00024372954055179434,True
betti,low,abs,90.0,0.8,40,10,9.486800000000002,0.5784757948061163,0,0,0.91125,0.06410941860230943,0.7855955395394736,1.0,3.455860372170189e-05,148.0,155.7907913263648,0.000358832229166014,True
betti,low,abs,95.0,0.8,40,10,9.7468,0.5943297926399054,0,0,0.9425,0.052588271035109095,0.8394269887711862,1.0,9.278705537325789e-06,123.0,144.85734044626855,0.00024372954055179434,True
betti,low,abs,100.0,0.8,40,10,10.0,0.6097691474534263,0,0,0.9225,0.060326234517198346,0.8042605803462912,1.0,2.180134988874675e-05,130.0,141.46192341692543,0.00028964650566477824,True
betti,low,abs,0.0,0.9,40,10,0.0,0.0,0,0,0.98,0.031677997785087585,0.9179111243412283,1.0,1.5800049757248358e-06,1.0,1.0432740427115679,0.0001033239631372732,True
betti,low,abs,5.0,0.9,40,10,2.2361,0.13635117794972912,0,0,0.6675,0.10229000709854781,0.4670115860868463,0.8679884139131537,0.053265222631131495,126.0,126.00341866294698,0.12446396242952837,False
betti,low,abs,10.0,0.9,40,10,3.1622999999999997,0.1928282858684443,0,0,0.785,0.09127251511834561,0.6061058703680426,0.9638941296319574,0.002951007988054909,133.0,131.89825151224636,0.012418268909009345,False
betti,low,abs,15.0,0.9,40,10,3.873,0.23616480130553236,0,0,0.775,0.09262713591128943,0.5934508136138728,0.9565491863861273,0.0039512011329006615,130.0,151.27958652907,0.01604636267946557,False
betti,low,abs,20.0,0.9,40,10,4.472100000000001,0.27269625817672893,0,0,0.85625,0.0786863691457232,0.7020247164743825,1.0,0.00028614362114875525,125.0,143.77151675475983,0.0017623415077373669,False
betti,low,abs,25.0,0.9,40,10,5.0,0.30488613646466867,0,0,0.88875,0.07075358459308362,0.7500729741975561,1.0,8.504040652418626e-05,128.0,140.19473305796413,0.0006590631505624436,False
betti,low,abs,30.0,0.9,40,10,5.477199999999999,0.33398446932885667,0,0,0.89375,0.06937022398081098,0.7577843609976105,1.0,6.989460894452183e-05,124.0,138.96672158151134,0.0005856034803459937,False
betti,low,abs,35.0,0.9,40,10,5.916100000000001,0.3607473743877253,0,0,0.91625,0.06247116246249083,0.7938065215735179,1.0,2.8274365161685216e-05,142.0,151.29099249766847,0.00031303761429008636,True
betti,low,abs,40.0,0.9,40,10,6.324599999999999,0.3856565717368886,0,0,0.93125,0.057120557053065395,0.8192937081759919,1.0,1.5082716845582496e-05,124.0,141.0048502167257,0.00024372954055179434,True
betti,low,abs,45.0,0.9,40,10,6.708199999999998,0.409047436126458,0,0,0.91125,0.06410941860230943,0.7855955395394736,1.0,3.472569959671103e-05,134.0,149.05877749405317,0.000358832229166014,True
betti,low,abs,50.0,0.9,40,10,7.0711,0.4311760719110637,0,0,0.91875,0.06162665980475171,0.7979617467826866,1.0,2.5507392632418746e-05,137.0,146.52475337427182,0.0003006516756649465,True
betti,low,abs,55.0,0.9,40,10,7.416200000000001,0.4522193130498551,0,0,0.93,0.05759422016493448,0.8171153284767285,1.0,1.5927323344122638e-05,144.0,154.9571322041112,0.00024372954055179434,True
betti,low,abs,60.0,0.9,40,10,7.746,0.4723296026110647,0,0,0.935,0.05566554073401402,0.8258955401613326,1.0,1.2824954859623588e-05,140.0,153.10643012063161,0.00024372954055179434,True
betti,low,abs,65.0,0.9,40,10,8.0623,0.4916166996038196,0,0,0.94625,0.050956053670097756,0.8463761348066084,1.0,7.873770121951508e-06,139.0,151.00698780654258,0.00024372954055179434,True
betti,low,abs,70.0,0.9,40,10,8.3666,0.5101720698690593,0,0,0.92875,0.058062441376410485,0.8149476149022354,1.0,1.677278558636004e-05,135.0,160.4942269553442,0.00024372954055179434,True
betti,low,abs,75.0,0.9,40,10,8.6603,0.5280810815249939,0,0,0.92125,0.06076432383056422,0.8021519252920941,1.0,2.2988830604096533e-05,155.0,173.69229524746532,0.0002923698271789242,True
betti,low,abs,80.0,0.9,40,10,8.9443,0.5453986140761873,0,0,0.925,0.059435712454553535,0.8085060035890751,1.0,1.9648783140633806e-05,143.0,155.6136422325146,0.00026872600471749175,True
betti,low,abs,85.0,0.9,40,10,9.219499999999998,0.5621795470272025,0,0,0.93,0.05759422016493448,0.8171153284767285,1.0,1.5934290045549278e-05,145.0,160.06303621465526,0.00024372954055179434,True
betti,low,abs,90.0,0.9,40,10,9.486800000000002,0.5784787598826037,0,0,0.92,0.06119776684378823,0.8000523769861752,1.0,2.4176605604560047e-05,147.0,167.56192722371657,0.0002923698271789242,True
betti,low,abs,95.0,0.9,40,10,9.7468,0.5943328389787665,0,0,0.93,0.05759422016493448,0.8171153284767285,1.0,1.5920359035196793e-05,134.0,156.70979977336907,0.00024372954055179434,True
betti,low,abs,100.0,0.9,40,10,10.0,0.6097722729293373,0,0,0.93625,0.05516870175236766,0.8281193445653594,1.0,1.2131991715901202e-05,157.0,171.71580870702584,0.00024372954055179434,True
betti,low,abs,0.0,1.0,40,10,0.0,0.0,0,0,0.98,0.031677997785087585,0.9179111243412283,1.0,1.5731002097018405e-06,1.0,1.0432740427115679,0.0001033239631372732,True
betti,low,abs,5.0,1.0,40,10,2.2361,0.13609915340210135,0,0,0.6175,0.10417474428447085,0.41331750120243715,0.8216824987975629,0.1295382150023598,132.0,142.9756440591561,0.24485882104104595,False
betti,low,abs,10.0,1.0,40,10,3.1622999999999997,0.1924718719214101,0,0,0.755,0.09507958205821124,0.568644019165906,0.941355980834094,0.006908752455707324,161.0,162.61739756386052,0.02611845440572281,False
betti,low,abs,15.0,1.0,40,10,3.873,0.23572828635854326,0,0,0.84125,0.08182113844039243,0.6808805686568309,1.0,0.0004850821456790092,147.0,155.97238918834677,0.002784730836305423,False
betti,low,abs,20.0,1.0,40,10,4.472100000000001,0.27219222035219237,0,0,0.8625,0.07728945925946673,0.7110126598514452,1.0,0.0002281795358203691,138.0,167.56827367774167,0.0014435848184553965,False
betti,low,abs,25.0,1.0,40,10,5.0,0.3043226005145149,0,0,0.86125,0.07757334424176969,0.7092062452861314,1.0,0.0002390989474026366,154.0,171.69878439491737,0.0014923625576137721,False
betti,low,abs,30.0,1.0,40,10,5.477199999999999,0.33336714950762014,0,0,0.88625,0.07142724912644,0.7462525917121776,1.0,9.373918118003441e-05,151.0,167.9019327731021,0.000708759662580748,False
betti,low,abs,35.0,1.0,40,10,5.916100000000001,0.3600805873807843,0,0,0.9075,0.06529615537908832,0.7795195354569868,1.0,4.048887424002975e-05,151.0,164.39181867887044,0.0003922359692002882,True
betti,low,abs,40.0,1.0,40,10,6.324599999999999,0.3849437438428202,0,0,0.91,0.06450887154044081,0.783562611780736,1.0,3.656920833200846e-05,150.0,167.0504836180568,0.000373729271964482,True
betti,low,abs,45.0,1.0,40,10,6.708199999999998,0.40829137375429375,0,0,0.9325,0.05664131762496462,0.8214830174550694,1.0,1.4299641139333247e-05,146.0,172.78530285800838,0.00024372954055179434,True
betti,low,abs,50.0,1.0,40,10,7.0711,0.4303791080996372,0,0,0.93125,0.057120557053065395,0.8192937081759919,1.0,1.5069451929921678e-05,147.0,165.39728326149088,0.00024372954055179434,True
betti,low,abs,55.0,1.0,40,10,7.416200000000001,0.451383453987149,0,0,0.9275,0.05852534927823359,0.8127903154146622,1.0,1.7699137978629527e-05,157.0,185.40094339062904,0.0002493969442443251,True
betti,low,abs,60.0,1.0,40,10,7.746,0.4714565727170865,0,0,0.9375,0.05466568248721647,0.8303552623250557,1.0,1.1547525822740092e-05,154.0,175.72766838705928,0.00024372954055179434,True
betti,low,abs,65.0,1.0,40,10,8.0623,0.4907080204256347,0,0,0.935,0.05566554073401402,0.8258955401613326,1.0,1.2865170976998763e-05,160.0,184.48985194227936,0.00024372954055179434,True
betti,low,abs,70.0,1.0,40,10,8.3666,0.5092290938929481,0,0,0.9375,0.05466568248721647,0.8303552623250557,1.0,1.1542306141995378e-05,156.0,180.97642026421227,0.00024372954055179434,True
betti,low,abs,75.0,1.0,40,10,8.6603,0.5271050034471706,0,0,0.95,0.049253353765432696,0.8534634266197518,1.0,6.695417643819351e-06,166.0,175.97478250313878,0.00023061994106488874,True
betti,low,abs,80.0,1.0,40,10,8.9443,0.544390527156395,0,0,0.94,0.053640414858621525,0.8348647868771017,1.0,1.035889458427827e-05,161.0,179.10624167921065,0.00024372954055179434,True
betti,low,abs,85.0,1.0,40,10,9.219499999999998,0.561140443088714,0,0,0.9325,0.05664131762496462,0.8214830174550694,1.0,1.4299641139333247e-05,174.0,182.06153264724674,0.00024372954055179434,True
betti,low,abs,90.0,1.0,40,10,9.486800000000002,0.57740952931222,0,0,0.93,0.05759422016493448,0.8171153284767285,1.0,1.5906437592576415e-05,157.0,189.06527728734386,0.00024372954055179434,True
betti,low,abs,95.0,1.0,40,10,9.7468,0.5932343045389747,0,0,0.94625,0.050956053670097756,0.8463761348066084,1.0,7.884873062134516e-06,153.0,186.04718038596212,0.00024372954055179434,True
betti,low,abs,100.0,1.0,40,10,10.0,0.6086452010290297,0,0,0.93,0.05759422016493448,0.8171153284767285,1.0,1.5913397118203977e-05,150.0,172.9275500190229,0.00024372954055179434,True
betti,mid,abs,0.0,0.1,40,10,0.0,0.0,0,0,0.7075,0.0996564435326974,0.5121733706759131,0.902826629324087,0.01455948093419005,1.0,1.0432740427115679,0.04559029383433248,False
betti,mid,abs,5.0,0.1,40,10,2.2361,0.02983787430320628,0,0,0.62125,0.1040847322853579,0.4172439247206985,0.8252560752793014,0.1124975879843852,3.0,2.8655911179772895,0.21705966146364777,False
betti,mid,abs,10.0,0.1,40,10,3.1622999999999997,0.04219682031618856,0,0,0.5875,0.1046071800783166,0.3824699270464995,0.7925300729535005,0.1893523663214206,3.0,3.197366596101028,0.3297709750541595,False
betti,mid,abs,15.0,0.1,40,10,3.873,0.05168019640280753,0,0,0.445,0.10008217192999323,0.24883894301721327,0.6411610569827868,0.713538734992264,4.0,5.126943839882287,0.854042501342092,False
betti,mid,abs,20.0,0.1,40,10,4.472100000000001,0.05967441423521704,0,0,0.62125,0.1040847322853579,0.4172439247206985,0.8252560752793014,0.11335382359968843,2.0,2.798411797560202,0.21825891500561123,False
betti,mid,abs,25.0,0.1,40,10,5.0,0.06671855977641043,0,0,0.485,0.10241356897482393,0.2842694048093451,0.6857305951906549,0.5645080598799683,4.0,4.4331223544175336,0.7521382459718776,False
betti,mid,abs,30.0,0.1,40,10,5.477199999999999,0.07308617912147106,0,0,0.6425,0.10341961531998094,0.4397975539728373,0.8452024460271625,0.07904447674984122,3.0,3.197366596101028,0.16458069782243437,False
betti,mid,abs,35.0,0.1,40,10,5.916100000000001,0.07894273429864436,0,0,0.6775,0.10172935038490083,0.47811047324559436,0.8768895267544057,0.03946687176884378,3.0,3.619003617456811,0.09893312869278899,False
betti,mid,abs,40.0,0.1,40,10,6.324599999999999,0.08439364063237711,0,0,0.48,0.10216662818480159,0.27975340875778887,0.6802465912422111,0.5853202604638885,3.0,3.3776212754932313,0.7682265481893007,False
betti,mid,abs,45.0,0.1,40,10,6.708199999999998,0.0895122885384233,0,0,0.5675,0.10461780831217558,0.3624490957081359,0.7725509042918641,0.2537712616736734,3.0,3.3757295747452436,0.4118800582138155,False
betti,mid,abs,50.0,0.1,40,10,7.0711,0.09435472160699518,0,0,0.6325,0.10376570656366776,0.4291192151352111,0.8358807848647888,0.0927572564404956,3.0,3.532183566158592,0.18591432864151058,False
betti,mid,abs,55.0,0.1,40,10,7.416200000000001,0.09895963660276302,0,0,0.50875,0.10341161704526848,0.3060632305912738,0.7114367694087262,0.4698475027475556,3.0,4.037873166945364,0.6560933596925326,False
betti,mid,abs,60.0,0.1,40,10,7.746,0.10336039280561506,0,0,0.62875,0.10388026095490158,0.42514468852839293,0.8323553114716071,0.1026615321020633,4.0,4.41869981094276,0.20157577783222325,False
betti,mid,abs,65.0,0.1,40,10,8.0623,0.10758100889707078,0,0,0.5675,0.10461780831217558,0.3624490957081359,0.7725509042918641,0.25272455984028513,4.0,3.8856180831641267,0.41089832281724675,False
betti,mid,abs,70.0,0.1,40,10,8.3666,0.11164150044506313,0,0,0.3525,0.09159105215334931,0.17298153777943534,0.5320184622205646,0.9311533328435142,5.0,5.666666666666666,0.9782528810795655,False
betti,mid,abs,75.0,0.1,40,10,8.6603,0.11556054864632946,0,0,0.56125,0.10457654533298644,0.3562799711473466,0.7662200288526535,0.27347902278687836,4.0,4.619003617456811,0.4407894128107398,False
betti,mid,abs,80.0,0.1,40,10,8.9443,0.1193501628416296,0,0,0.515,0.10362595760792279,0.3118931230884714,0.7181068769115286,0.44529560390676093,5.0,5.070584848790187,0.627850662292829,False
betti,mid,abs,85.0,0.1,40,10,9.219499999999998,0.12302235237172322,0,0,0.31875,0.0874072733155235,0.1474317443015739,0.49006825569842605,0.9650640890557123,5.0,5.301009869229224,0.98128165351137,False
betti,mid,abs,90.0,0.1,40,10,9.486800000000002,0.12658912657737012,0,0,0.64625,0.10327445052196844,0.4438320769769418,0.8486679230230582,0.07329705226372163,4.0,4.088857852023507,0.15563072740927195,False
betti,mid,abs,95.0,0.1,40,10,9.7468,0.13005849168574346,0,0,0.55375,0.10449932093233698,0.3489313309726195,0.7585686690273804,0.3007896190649383,4.0,4.086548085423136,0.4742924135570618,False
betti,mid,abs,100.0,0.1,40,10,10.0,0.13343711955282087,0,0,0.625,0.10398658676614368,0.4211862899383584,0.8288137100616416,0.11002178082487502,6.0,5.572783388968954,0.2127240252954964,False
betti,mid,abs,0.0,0.2,40,10,0.0,0.0,0,0,0.975,0.0353207267702707,0.9057713755302694,1.0,1.6665155344721483e-06,0.0,0.0,0.0001033239631372732,True
betti,mid,abs,5.0,0.2,40,10,2.2361,0.02910758528512501,0,0,0.82375,0.08512490972270285,0.6569051769435024,0.9905948230564976,0.0008203334322398689,8.0,7.5930136855083825,0.004310226508378973,False
betti,mid,abs,10.0,0.2,40,10,3.1622999999999997,0.04116404317658013,0,0,0.695,0.10059296152465282,0.49783779541168044,0.8921622045883195,0.029272959938401868,8.0,8.815013163202924,0.07800530871837748,False
betti,mid,abs,15.0,0.2,40,10,3.873,0.05041531139452134,0,0,0.665,0.10242030943937065,0.46425619349883357,0.8657438065011664,0.054602503177096605,9.0,9.664367132317183,0.1269508198867496,False
betti,mid,abs,20.0,0.2,40,10,4.472100000000001,0.05821386885810453,0,0,0.595,0.10454645160131323,0.39008895486142603,0.7999110451385739,0.18043505476343125,12.0,12.89553570701998,0.3178117441855891,False
betti,mid,abs,25.0,0.2,40,10,5.0,0.06508560727410448,0,0,0.69125,0.1008534087674171,0.49357731881586253,0.8889226811841375,0.031448953993846146,10.0,9.299794230842211,0.08262013337366361,False
betti,mid,abs,30.0,0.2,40,10,5.477199999999999,0.071297377632345,0,0,0.55875,0.10455415325139301,0.3538238596272697,0.7636761403727302,0.28729905384264853,12.0,12.266539438350083,0.45927726037963934,False
betti,mid,abs,35.0,0.2,40,10,5.916100000000001,0.07701059223886592,0,0,0.65375,0.1029586367785997,0.4519510719139446,0.8555489280860555,0.06804236414103047,10.0,11.89515116310907,0.14750442576027584,False
betti,mid,abs,40.0,0.2,40,10,6.324599999999999,0.08232808635316026,0,0,0.5425,0.10432723669707619,0.3380186160737306,0.7469813839262693,0.3439163193862026,13.0,13.83241300999023,0.5226179363221706,False
betti,mid,abs,45.0,0.2,40,10,6.708199999999998,0.08732145414322952,0,0,0.62875,0.10388026095490158,0.42514468852839293,0.8323553114716071,0.10698853872238984,12.0,14.07272414547873,0.2077230501290659,False
betti,mid,abs,50.0,0.2,40,10,7.0711,0.09204536751918402,0,0,0.635,0.1036847409839294,0.4317779076714984,0.8382220923285016,0.09607910246179213,14.0,14.199588461684424,0.19133525757915776,False
betti,mid,abs,55.0,0.2,40,10,7.416200000000001,0.09653757613324272,0,0,0.56125,0.10457654533298644,0.3562799711473466,0.7662200288526535,0.2788768557555758,13.0,13.948825745591513,0.4471646135391129,False
betti,mid,abs,60.0,0.2,40,10,7.746,0.10083062278904267,0,0,0.64625,0.10327445052196844,0.4438320769769418,0.8486679230230582,0.078818261431219,11.0,12.126943839882287,0.16458069782243437,False
betti,mid,abs,65.0,0.2,40,10,8.0623,0.10494793830520253,0,0,0.64875,0.10317296894918365,0.4465309808596001,0.8509690191404,0.07512500891628247,12.0,15.110100926607787,0.15914865214611093,False
betti,mid,abs,70.0,0.2,40,10,8.3666,0.10890904836390451,0,0,0.5925,0.10457016679669323,0.38754247307848133,0.7974575269215187,0.18659056210624525,13.0,13.602019738458447,0.3255707744067694,False
betti,mid,abs,75.0,0.2,40,10,8.6603,0.11273217693518539,0,0,0.6725,0.1020176098076545,0.4725454847769972,0.8724545152230028,0.04729013654212085,13.0,13.305551702879947,0.11335006954683607,False
betti,mid,abs,80.0,0.2,40,10,8.9443,0.11642903942835453,0,0,0.70625,0.09975488872790375,0.5107304180933087,0.9017695819066914,0.022788811995773758,14.0,14.333333333333332,0.06422301562445332,False
betti,mid,abs,85.0,0.2,40,10,9.219499999999998,0.12001135125272126,0,0,0.69625,0.10050406216816579,0.49926203815039505,0.893237961849605,0.028390273470338106,12.0,13.948825745591515,0.07587055841211045,False
betti,mid,abs,90.0,0.2,40,10,9.486800000000002,0.12349082781759486,0,0,0.67875,0.1016547869814554,0.4795066175163474,0.8779933824836526,0.0416319462372163,11.0,12.152776691859794,0.10352328877168758,False
betti,mid,abs,95.0,0.2,40,10,9.7468,0.1268752793958483,0,0,0.7025,0.10004379158036843,0.5064141685024779,0.8985858314975221,0.024933990597073515,14.0,14.633734925185902,0.0684029830539185,False
betti,mid,abs,100.0,0.2,40,10,10.0,0.13017121454820896,0,0,0.6425,0.10341961531998094,0.4397975539728373,0.8452024460271625,0.0839894934095628,15.0,14.714045207910317,0.17281024086480842,False
betti,mid,abs,0.0,0.3,40,10,0.0,0.0,0,0,0.95,0.049253353765432696,0.8534634266197518,1.0,5.842056196289955e-06,1.0,1.0432740427115679,0.00021411469058801888,True
betti,mid,abs,5.0,0.3,40,10,2.2361,0.029285464731252788,0,0,0.675,0.10187547348947436,0.4753240719606303,0.8746759280393698,0.04534128557482133,13.0,14.270702416299422,0.11025871295129688,False
betti,mid,abs,10.0,0.3,40,10,3.1622999999999997,0.041415600876365415,0,0,0.61125,0.10430681218728988,0.40680864811291184,0.8156913518870881,0.14188187475385122,16.0,16.651629716218782,0.2623263290677567,False
betti,mid,abs,15.0,0.3,40,10,3.873,0.05072340454547742,0,0,0.6225,0.10405292311578072,0.41855627069306983,0.8264437293069302,0.11926333948191792,18.0,18.113619500836087,0.22821997061354662,False
betti,mid,abs,20.0,0.3,40,10,4.472100000000001,0.05856961979546336,0,0,0.57625,0.10464005002717525,0.3711555019467365,0.7813444980532636,0.23285840649235912,19.0,20.854117604658903,0.3860219572867985,False
betti,mid,abs,25.0,0.3,40,10,5.0,0.06548335211138319,0,0,0.5475,0.10441201824482292,0.34285244424014705,0.7521475557598529,0.326503865652488,20.0,22.118052168020874,0.5035631758819467,False
betti,mid,abs,30.0,0.3,40,10,5.477199999999999,0.07173308323689359,0,0,0.455,0.10074110208318172,0.2575474399169638,0.6524525600830362,0.6736526646423715,19.0,19.415780041490244,0.8286997065045046,False
betti,mid,abs,35.0,0.3,40,10,5.916100000000001,0.07748121188523081,0,0,0.43875,0.09964466882311784,0.243446449106689,0.634053550893311,0.7285737687173364,23.0,23.74617633823833,0.8609575665910074,False
betti,mid,abs,40.0,0.3,40,10,6.324599999999999,0.08283120175273083,0,0,0.53125,0.10408822095511398,0.3272370869279766,0.7352629130720234,0.3849494293044037,21.0,22.842099196813482,0.5680610759847956,False
betti,mid,abs,45.0,0.3,40,10,6.708199999999998,0.08785508452671613,0,0,0.49125,0.10270427891285214,0.2899496133308098,0.6925503866691902,0.5387343511798179,24.0,25.730529043797837,0.7271740879495365,False
betti,mid,abs,50.0,0.3,40,10,7.0711,0.09260786622296034,0,0,0.5025,0.1031770889832045,0.3002729055929191,0.7047270944070808,0.4951534981690821,25.0,24.72804673550366,0.6822198371291234,False
betti,mid,abs,55.0,0.3,40,10,7.416200000000001,0.097127527185688,0,0,0.58375,0.10462586595348239,0.3786833027311745,0.7888166972688255,0.21129711460900402,23.0,22.29332888295307,0.36046258897161787,False
betti,mid,abs,60.0,0.3,40,10,7.746,0.10144680909095484,0,0,0.635,0.1036847409839294,0.4317779076714984,0.8382220923285016,0.09668190589989162,22.0,21.72012709978076,0.1917146534901902,False
betti,mid,abs,65.0,0.3,40,10,8.0623,0.10558928594552093,0,0,0.53625,0.10420267512078914,0.33201275676325326,0.7404872432367468,0.36684838194091884,26.0,27.506170724070863,0.5505175761181849,False
betti,mid,abs,70.0,0.3,40,10,8.3666,0.10957460275501972,0,0,0.6025,0.10445434194636868,0.3977694897851174,0.8072305102148827,0.16247141572024204,23.0,23.72012709978076,0.29439805392805013,False
betti,mid,abs,75.0,0.3,40,10,8.6603,0.11342109485804235,0,0,0.575,0.10463942219806482,0.3699067324917929,0.7800932675082071,0.23683198755208051,31.0,29.752492558885194,0.3905208305380051,False
betti,mid,abs,80.0,0.3,40,10,8.9443,0.11714054925796895,0,0,0.62125,0.1040847322853579,0.4172439247206985,0.8252560752793014,0.12177475341990274,22.0,24.596773353931866,0.23251406871543404,False
betti,mid,abs,85.0,0.3,40,10,9.219499999999998,0.12074475295817946,0,0,0.59375,0.10455874435082217,0.38881486107238855,0.7986851389276115,0.18444685279118223,25.0,27.066591251499343,0.3225561405888347,False
betti,mid,abs,90.0,0.3,40,10,9.486800000000002,0.12424549296205402,0,0,0.61,0.10433054750064677,0.4055121268987323,0.8144878731012677,0.1451310765877405,26.0,25.17646212197547,0.2662167677053228,False
betti,mid,abs,95.0,0.3,40,10,9.7468,0.12765062727184595,0,0,0.6,0.10448855029550913,0.3952024414208021,0.8047975585791979,0.1686032975343782,23.0,24.56190232987922,0.30329026442354295,False
betti,mid,abs,100.0,0.3,40,10,10.0,0.13096670422276638,0,0,0.67375,0.10194703865042186,0.4739338042451731,0.8735661957548269,0.046798672668886196,24.0,25.71536132260797,0.11275327871001078,False
betti,mid,abs,0.0,0.4,40,10,0.0,0.0,0,0,0.9725,0.03699385627789856,0.8999920416953189,1.0,2.1984228988215756e-06,2.0,2.0865480854231357,0.00010995575487739136,True
betti,mid,abs,5.0,0.4,40,10,2.2361,0.02924666626494548,0,0,0.5725,0.10463561252043199,0.3674141994599533,0.7775858005400467,0.2441991120266726,26.0,25.3796877216312,0.3991303588485159,False
betti,mid,abs,10.0,0.4,40,10,3.1622999999999997,0.04136073195726357,0,0,0.5775,0.10463982499526966,0.37240594300927143,0.7825940569907286,0.22922279413354324,27.0,27.94000962000461,0.38202928245647083,False
betti,mid,abs,15.0,0.4,40,10,3.873,0.050656204303981864,0,0,0.5775,0.10463982499526966,0.37240594300927143,0.7825940569907286,0.2292661394207759,39.0,35.53329637837291,0.38202928245647083,False
betti,mid,abs,20.0,0.4,40,10,4.472100000000001,0.05849202459794405,0,0,0.5975,0.10451924976700089,0.3926422704566783,0.8023577295433217,0.17488895174417968,26.0,29.115981935740095,0.3105591536863241,False
betti,mid,abs,25.0,0.4,40,10,5.0,0.06539659734570341,0,0,0.52,0.10378284583502194,0.31658562216335706,0.723414377836643,0.42774064754513963,35.0,33.49765149118303,0.6092183595132254,False
betti,mid,abs,30.0,0.4,40,10,5.477199999999999,0.07163804859637735,0,0,0.54625,0.1043920651823095,0.3416415522426734,0.7508584477573266,0.33103478716260076,31.0,33.40910225853383,0.5081406554433466,False
betti,mid,abs,35.0,0.4,40,10,5.916100000000001,0.07737856191138319,0,0,0.605,0.10441661323243907,0.4003434380644194,0.8096565619355806,0.15672717604476066,32.0,34.171351141762976,0.2855340305334889,False
betti,mid,abs,40.0,0.4,40,10,6.324599999999999,0.08272146391452714,0,0,0.47125,0.1017038175603697,0.2719105175816754,0.6705894824183246,0.6146084431571442,33.0,35.98683298050514,0.7895107731956797,False
betti,mid,abs,45.0,0.4,40,10,6.708199999999998,0.08773869086288952,0,0,0.4625,0.10120207701060373,0.2641439290592167,0.6608560709407834,0.6466870265402092,34.0,37.66089299599574,0.806096945549618,False
betti,mid,abs,50.0,0.4,40,10,7.0711,0.09248517589824068,0,0,0.4825,0.10229169370950249,0.2820082803293751,0.6829917196706249,0.5722559124700486,40.0,38.983823515733654,0.7591982861585523,False
betti,mid,abs,55.0,0.4,40,10,7.416200000000001,0.09699884904704113,0,0,0.52375,0.10389197826241366,0.3201217226056693,0.7273782773943308,0.41351880049633116,42.0,43.87351860381081,0.5971681566238302,False
betti,mid,abs,60.0,0.4,40,10,7.746,0.10131240860796373,0,0,0.53125,0.10408822095511398,0.3272370869279766,0.7352629130720234,0.38533791152301666,34.0,37.21170245849989,0.5680610759847956,False
betti,mid,abs,65.0,0.4,40,10,8.0623,0.10544939735605294,0,0,0.52875,0.10402607575945821,0.32485889151146197,0.7326411084885381,0.39473179270185615,40.0,39.80555394897487,0.5772274463847138,False
betti,mid,abs,70.0,0.4,40,10,8.3666,0.10942943427051244,0,0,0.46875,0.10156443099136296,0.2696837152569286,0.6678162847430714,0.6238467622708239,40.0,41.407106006822005,0.7906594057439803,False
betti,mid,abs,75.0,0.4,40,10,8.6603,0.11327083039859903,0,0,0.51625,0.10366639685118362,0.31306386217168014,0.7194361378283198,0.4420708459610314,42.0,40.147904226573125,0.6248113780300292,False
betti,mid,abs,80.0,0.4,40,10,8.9443,0.11698535712783502,0,0,0.6075,0.10437535241532397,0.40292430926596506,0.812075690734035,0.15095082133861043,38.0,39.98888258292141,0.27580405470512315,False
betti,mid,abs,85.0,0.4,40,10,9.219499999999998,0.12058478584574252,0,0,0.555,0.10451428262472495,0.35015200605553914,0.7598479939444609,0.3008951870953403,38.0,38.249806198638844,0.4742924135570618,False
betti,mid,abs,90.0,0.4,40,10,9.486800000000002,0.12408088793984381,0,0,0.65125,0.10306770350659464,0.4492373011270745,0.8532626988729255,0.0725825375234469,36.0,40.87961231055125,0.15456925119877665,False
betti,mid,abs,95.0,0.4,40,10,9.7468,0.12748151100182042,0,0,0.63625,0.10364287374080304,0.433109967468026,0.839390032531974,0.09485705890171875,35.0,36.42216083439956,0.18937082313413484,False
betti,mid,abs,100.0,0.4,40,10,10.0,0.13079319469140682,0,0,0.595,0.10454645160131323,0.39008895486142603,0.7999110451385739,0.1813909815390145,42.0,44.45842410365822,0.31889151763947726,False
betti,mid,abs,0.0,0.5,40,10,0.0,0.0,0,0,0.9875,0.025144807945463806,0.938216176426891,1.0,1.0338206307137452e-06,0.0,0.0,0.0001033239631372732,True
betti,mid,abs,5.0,0.5,40,10,2.2361,0.029131844329241752,0,0,0.66,0.10266922163097905,0.45876832560328107,0.861231674396719,0.06156951212850171,33.0,32.91568688401688,0.13731330043047144,False
betti,mid,abs,10.0,0.5,40,10,3.1622999999999997,0.04119835039683431,0,0,0.5375,0.10422923503947293,0.33321069932263303,0.7417893006773669,0.36228636085774,38.0,36.443348928452615,0.5460718243074525,False
betti,mid,abs,15.0,0.5,40,10,3.873,0.05045732887042321,0,0,0.44,0.09973374811376796,0.2445218536970148,0.6354781463029853,0.7240969189212412,40.0,40.24775361288519,0.8609575665910074,False
betti,mid,abs,20.0,0.5,40,10,4.472100000000001,0.05826238586145613,0,0,0.47,0.10163452135161628,0.27079633815083204,0.6692036618491679,0.6192224170947045,37.0,38.767010300148144,0.7906594057439803,False
betti,mid,abs,25.0,0.5,40,10,5.0,0.06513985136899457,0,0,0.42875,0.09890363423414102,0.23489887690108363,0.6226011230989164,0.7593298064495599,45.0,47.33882607787542,0.8805991611408216,False
betti,mid,abs,30.0,0.5,40,10,5.477199999999999,0.0713567987836514,0,0,0.43125,0.09909362513607817,0.23702649473328682,0.6254735052667132,0.7518717038781499,45.0,45.394564921485305,0.8773408840736254,False
betti,mid,abs,35.0,0.5,40,10,5.916100000000001,0.07707477493682176,0,0,0.44875,0.10033519808807337,0.2520930117473762,0.6454069882526238,0.6949136415120588,46.0,48.666666666666664,0.8459027311599668,False
betti,mid,abs,40.0,0.5,40,10,6.324599999999999,0.08239670079366862,0,0,0.43875,0.09964466882311784,0.243446449106689,0.634053550893311,0.7282087803930021,46.0,49.666666666666664,0.8609575665910074,False
betti,mid,abs,45.0,0.5,40,10,6.708199999999998,0.08739423019069789,0,0,0.45125,0.10049993149743293,0.2542701342650314,0.6482298657349685,0.6863318346375313,42.0,43.947591819348055,0.8399142484371291,False
betti,mid,abs,50.0,0.5,40,10,7.0711,0.09212208060305951,0,0,0.44625,0.10016730390766718,0.24992208434097232,0.6425779156590277,0.7033120339950852,47.0,48.58052592746955,0.8501739679534962,False
betti,mid,abs,55.0,0.5,40,10,7.416200000000001,0.09661803314454753,0,0,0.5275,0.10399377620773367,0.32367219863284197,0.731327801367158,0.3994375700314639,48.0,49.57580140463078,0.5813410643650413,False
betti,mid,abs,60.0,0.5,40,10,7.746,0.10091465774084642,0,0,0.4675,0.10149354677599932,0.2685726483190414,0.6664273516809587,0.6284123390651264,53.0,55.274041041351815,0.7909427101201568,False
betti,mid,abs,65.0,0.5,40,10,8.0623,0.10503540473844901,0,0,0.61125,0.10430681218728988,0.40680864811291184,0.8156913518870881,0.1427363431422468,48.0,49.244321668799124,0.2628609883609694,False
betti,mid,abs,70.0,0.5,40,10,8.3666,0.10899981609276597,0,0,0.6025,0.10445434194636868,0.3977694897851174,0.8072305102148827,0.16271032227851373,50.0,52.65488147597029,0.29439805392805013,False
betti,mid,abs,75.0,0.5,40,10,8.6603,0.11282613096218073,0,0,0.5525,0.10448352506904578,0.34771229086467026,0.7572877091353297,0.30940253640730414,49.0,52.60881895447306,0.4844181125568903,False
betti,mid,abs,80.0,0.5,40,10,8.9443,0.11652607451993965,0,0,0.5175,0.10370602505543723,0.314236190891343,0.7207638091086569,0.4373341913158992,54.0,53.843274772793364,0.619082893034325,False
betti,mid,abs,85.0,0.5,40,10,9.219499999999998,0.12011137193928909,0,0,0.5625,0.10458648192327227,0.3575104954303864,0.7674895045696136,0.27606093401232756,47.0,49.42585628556103,0.4434139354602153,False
betti,mid,abs,90.0,0.5,40,10,9.486800000000002,0.12359374839347556,0,0,0.65125,0.10306770350659464,0.4492373011270745,0.8532626988729255,0.07263092771383377,53.0,55.71793895200188,0.15456925119877665,False
betti,mid,abs,95.0,0.5,40,10,9.7468,0.12698102066466327,0,0,0.60125,0.10447188544275689,0.39648510453219643,0.8060148954678035,0.16575532810370697,57.0,55.763114133418405,0.2993251556047524,False
betti,mid,abs,100.0,0.5,40,10,10.0,0.13027970273798914,0,0,0.63625,0.10364287374080304,0.433109967468026,0.839390032531974,0.09488903610807187,51.0,54.57747763855399,0.18937082313413484,False
betti,mid,abs,0.0,0.6,40,10,0.0,0.0,0,0,1.0,0.0,1.0,1.0,6.194610706792486e-07,1.0,1.266091783079296,0.0001033239631372732,True
betti,mid,abs,5.0,0.6,40,10,2.2361,0.028892968220140952,0,0,0.6775,0.10172935038490083,0.47811047324559436,0.8768895267544057,0.043412784943524324,48.0,42.58388783890257,0.10652741424136575,False
betti,mid,abs,10.0,0.6,40,10,3.1622999999999997,0.040860531014959865,0,0,0.46,0.10105158611518998,0.26193889121422764,0.6580611087857724,0.6558230781723156,51.0,50.544949486180954,0.8121377665782337,False
betti,mid,abs,15.0,0.6,40,10,3.873,0.05004358745879252,0,0,0.37375,0.09392529948883982,0.189656413001874,0.5578435869981261,0.8921313396968931,62.0,58.14182427553342,0.9580625241548621,False
betti,mid,abs,20.0,0.6,40,10,4.472100000000001,0.05778464432596591,0,0,0.41625,0.0979063730404444,0.224353508840729,0.608146491159271,0.7955388808459005,53.0,55.230519171967366,0.9089080579689036,False
betti,mid,abs,25.0,0.6,40,10,5.0,0.06460571580014524,0,0,0.38375,0.09494426752591435,0.19765923564920784,0.5698407643507921,0.8730450625985202,59.0,61.13920801697276,0.9496279628264607,False
betti,mid,abs,30.0,0.6,40,10,5.477199999999999,0.0707716853161111,0,0,0.31875,0.0874072733155235,0.1474317443015739,0.49006825569842605,0.9618274614236946,67.0,67.49088908889527,0.98128165351137,False
betti,mid,abs,35.0,0.6,40,10,5.916100000000001,0.07644277504904784,0,0,0.38625,0.09519108591926659,0.19967547159823748,0.5728245284017625,0.8678604344338074,65.0,65.37256750787178,0.9484318959332372,False
betti,mid,abs,40.0,0.6,40,10,6.324599999999999,0.08172106202991973,0,0,0.4425,0.09990953893556136,0.24667730368629975,0.6383226963137003,0.7157772121082645,59.0,62.71579996394367,0.8556205748852005,False
betti,mid,abs,45.0,0.6,40,10,6.708199999999998,0.08667761254610686,0,0,0.38625,0.09519108591926659,0.19967547159823748,0.5728245284017625,0.867866175741059,65.0,67.85833007557939,0.9484318959332372,False
betti,mid,abs,50.0,0.6,40,10,7.0711,0.09136669539888141,0,0,0.47125,0.1017038175603697,0.2719105175816754,0.6705894824183246,0.6145736140361227,74.0,71.3385118149069,0.7895107731956797,False
betti,mid,abs,55.0,0.6,40,10,7.416200000000001,0.09582578190340742,0,0,0.47875,0.10210290001535205,0.27862831596991,0.67887168403009,0.5864689160736645,63.0,66.0271046283384,0.7682265481893007,False
betti,mid,abs,60.0,0.6,40,10,7.746,0.10008717491758504,0,0,0.48375,0.10235303031677924,0.2831380605791127,0.6843619394208873,0.5674304876904301,67.0,68.78888413648805,0.7539017946636515,False
betti,mid,abs,65.0,0.6,40,10,8.0623,0.10417413249910218,0,0,0.4875,0.10253225085548641,0.28653678832324664,0.6884632116767533,0.5530973723434539,76.0,77.10410582210153,0.7433245032939482,False
betti,mid,abs,70.0,0.6,40,10,8.3666,0.10810603636269905,0,0,0.4675,0.10149354677599932,0.2685726483190414,0.6664273516809587,0.6284242547950265,68.0,70.87751424888391,0.7909427101201568,False
betti,mid,abs,75.0,0.6,40,10,8.6603,0.11190097610879957,0,0,0.49375,0.10281496277460045,0.2922326729617831,0.6952673270382169,0.5290191155214266,71.0,74.51697166140418,0.7193012220906886,False
betti,mid,abs,80.0,0.6,40,10,8.9443,0.1155705807662478,0,0,0.5325,0.10411806514317844,0.32842859231937027,0.7365714076806297,0.38083593354877765,71.0,72.93917615910166,0.5648762650723497,False
betti,mid,abs,85.0,0.6,40,10,9.219499999999998,0.1191264793638878,0,0,0.505,0.10327331824073872,0.3025842962481521,0.7074157037518479,0.4854818763282232,75.0,83.17331553181228,0.6738778283361904,False
betti,mid,abs,90.0,0.6,40,10,9.486800000000002,0.12258030093056357,0,0,0.56875,0.10462352973067775,0.3636878817278716,0.7738121182721284,0.2561618183737594,74.0,74.44503948960877,0.41503569875887847,False
betti,mid,abs,95.0,0.6,40,10,9.7468,0.12593979815217113,0,0,0.52125,0.10382003713064131,0.31776272722394305,0.7247372727760569,0.42303845390382216,73.0,76.9299072146089,0.6062396488961526,False
betti,mid,abs,100.0,0.6,40,10,10.0,0.12921143160029047,0,0,0.55875,0.10455415325139301,0.3538238596272697,0.7636761403727302,0.28837431238954253,75.0,79.80807895383379,0.45927726037963934,False
betti,mid,abs,0.0,0.7,40,10,0.0,0.0,0,0,1.0,0.0,1.0,1.0,6.293870179521464e-07,2.0,1.9984117975602023,0.0001033239631372732,True
betti,mid,abs,5.0,0.7,40,10,2.2361,0.02900960591408364,0,0,0.53125,0.10408822095511398,0.3272370869279766,0.7352629130720234,0.3854263859638774,52.0,51.461355996205796,0.5680610759847956,False
betti,mid,abs,10.0,0.7,40,10,3.1622999999999997,0.04102548042668337,0,0,0.31375,0.08673719411436935,0.14374509953583606,0.4837549004641639,0.9656821635378828,67.0,65.09713349627887,0.98128165351137,False
betti,mid,abs,15.0,0.7,40,10,3.873,0.05024560784636016,0,0,0.38375,0.09494426752591435,0.19765923564920784,0.5698407643507921,0.8729765582575398,72.0,68.99915822768611,0.9496279628264607,False
betti,mid,abs,20.0,0.7,40,10,4.472100000000001,0.05801791449772973,0,0,0.34875,0.09115517595291735,0.170085855132282,0.527414144867718,0.9307200660567518,73.0,70.98136965537662,0.9782528810795655,False
betti,mid,abs,25.0,0.7,40,10,5.0,0.0648665218775628,0,0,0.37,0.09353009348091045,0.18668101677741553,0.5533189832225844,0.89862225686081,83.0,82.39574204784162,0.9628502499013981,False
betti,mid,abs,30.0,0.7,40,10,5.477199999999999,0.0710573827255574,0,0,0.42125,0.09831473829508523,0.22855311294163297,0.6139468870583671,0.7812802539729258,82.0,82.43947011057956,0.8992458368747784,False
betti,mid,abs,35.0,0.7,40,10,5.916100000000001,0.07675136601596987,0,0,0.415,0.09780231066585782,0.22330747109491866,0.6066925289050813,0.7987402160546466,73.0,76.29120430324352,0.910464308974476,False
betti,mid,abs,40.0,0.7,40,10,6.324599999999999,0.08205096085336674,0,0,0.39875,0.09637772438586337,0.2098496602037078,0.5876503397962922,0.8401302815474072,80.0,81.80617582258328,0.9358760194139748,False
betti,mid,abs,45.0,0.7,40,10,6.708199999999998,0.08702752041181334,0,0,0.41125,0.09748539245631044,0.22017863078563155,0.6023213692143685,0.808840601043199,84.0,84.87699862416433,0.9129163099337447,False
betti,mid,abs,50.0,0.7,40,10,7.0711,0.09173553256968688,0,0,0.46625,0.10142186899388315,0.267463136771989,0.665036863228011,0.6329667548574116,78.0,77.0457926392574,0.7954852459694498,False
betti,mid,abs,55.0,0.7,40,10,7.416200000000001,0.09621261990967625,0,0,0.3925,0.09579428572684034,0.20474319997539295,0.5802568000246071,0.8544390818161303,80.0,83.49300184790538,0.9426196276263359,False
betti,mid,abs,60.0,0.7,40,10,7.746,0.10049121569272032,0,0,0.48375,0.10235303031677924,0.2831380605791127,0.6843619394208873,0.567452963725329,75.0,78.11010092660779,0.7539017946636515,False
betti,mid,abs,65.0,0.7,40,10,8.0623,0.10459467186669492,0,0,0.465,0.10134939792536357,0.26635518006628744,0.6636448199337126,0.6375071378630885,96.0,96.70713412832521,0.7991790443001455,False
betti,mid,abs,70.0,0.7,40,10,8.3666,0.10854244838816339,0,0,0.46875,0.10156443099136296,0.2696837152569286,0.6678162847430714,0.623815076523357,76.0,76.61880215351701,0.7906594057439803,False
betti,mid,abs,75.0,0.7,40,10,8.6603,0.11235270788325145,0,0,0.475,0.10190693819274499,0.2752624011422198,0.6747375988577802,0.6005458771334284,88.0,91.23349753594967,0.7800386392934197,False
betti,mid,abs,80.0,0.7,40,10,8.9443,0.11603712632589704,0,0,0.46,0.10105158611518998,0.26193889121422764,0.6580611087857724,0.6555602320347856,86.0,88.88836966675134,0.8121377665782337,False
betti,mid,abs,85.0,0.7,40,10,9.219499999999998,0.11960737969003805,0,0,0.515,0.10362595760792279,0.3118931230884714,0.7181068769115286,0.44692165423425034,97.0,104.29612130943781,0.627850662292829,False
betti,mid,abs,90.0,0.7,40,10,9.486800000000002,0.12307514394961258,0,0,0.49375,0.10281496277460045,0.2922326729617831,0.6952673270382169,0.5290267783314855,89.0,92.51219886565656,0.7193012220906886,False
betti,mid,abs,95.0,0.7,40,10,9.7468,0.12644820308724586,0,0,0.52125,0.10382003713064131,0.31776272722394305,0.7247372727760569,0.423064013046885,87.0,91.60317415338668,0.6062396488961526,False
betti,mid,abs,100.0,0.7,40,10,10.0,0.1297330437551256,0,0,0.55875,0.10455415325139301,0.3538238596272697,0.7636761403727302,0.288406365657752,86.0,91.8260852434302,0.45927726037963934,False
betti,mid,abs,0.0,0.8,40,10,0.0,0.0,0,0,0.99875,0.007998714160738517,0.9830725202449525,1.0,6.60098933176998e-07,3.0,2.4436506316151,0.0001033239631372732,True
betti,mid,abs,5.0,0.8,40,10,2.2361,0.029049122225129474,0,0,0.48125,0.1022295595394639,0.2808800633026508,0.6816199366973492,0.577108088586999,72.0,66.44565315018058,0.7623729011163481,False
betti,mid,abs,10.0,0.8,40,10,3.1622999999999997,0.041081364524183595,0,0,0.4,0.09649204260307835,0.21087559649796644,0.5891244035020335,0.837278036000249,84.0,77.79774214642028,0.9358760194139748,False
betti,mid,abs,15.0,0.8,40,10,3.873,0.050314051418955535,0,0,0.34625,0.09086058471566817,0.1681632539572904,0.5243367460427096,0.9337803461412589,95.0,89.79166530988817,0.9782528810795655,False
betti,mid,abs,20.0,0.8,40,10,4.472100000000001,0.05809694535262356,0,0,0.285,0.0826285502598194,0.12304804149075396,0.44695195850924596,0.9820889619308147,89.0,90.1630907869601,0.985803571275061,False
betti,mid,abs,25.0,0.8,40,10,5.0,0.06495488176988837,0,0,0.32625,0.08838794148875853,0.15300963468203327,0.4994903653179667,0.955372556273405,96.0,94.12802362985589,0.9795992032351342,False
betti,mid,abs,30.0,0.8,40,10,5.477199999999999,0.07115417568600652,0,0,0.28375,0.08243993462538664,0.1221677281342422,0.4453322718657578,0.982623559754819,94.0,92.02985906075281,0.985803571275061,False
betti,mid,abs,35.0,0.8,40,10,5.916100000000001,0.07685591520776733,0,0,0.30125,0.08500460340414152,0.13464097732788263,0.46785902267211743,0.973875557405684,95.0,97.15014619808045,0.98339225666372,False
betti,mid,abs,40.0,0.8,40,10,6.324599999999999,0.08216272904836719,0,0,0.36875,0.0933967687608049,0.18569233322882242,0.5518076667711777,0.9007559762909374,104.0,101.4373152132793,0.9639851069626832,False
betti,mid,abs,45.0,0.8,40,10,6.708199999999998,0.08714606757775303,0,0,0.385,0.095068072540144,0.19866657782131777,0.5713334221786822,0.8703587548387683,94.0,99.56465996625053,0.9491317269898993,False
betti,mid,abs,50.0,0.8,40,10,7.0711,0.09186049289661154,0,0,0.435,0.09937269671486186,0.24022951443887075,0.6297704855611292,0.7398971177915293,96.0,98.7756872360219,0.8678406452710052,False
betti,mid,abs,55.0,0.8,40,10,7.416200000000001,0.09634367883636923,0,0,0.445,0.10008217192999323,0.24883894301721327,0.6411610569827868,0.7074287696643445,102.0,105.21941685362313,0.8501739679534962,False
betti,mid,abs,60.0,0.8,40,10,7.746,0.10062810283791107,0,0,0.42875,0.09890363423414102,0.23489887690108363,0.6226011230989164,0.759176947029478,102.0,101.1920817881873,0.8805991611408216,False
betti,mid,abs,65.0,0.8,40,10,8.0623,0.10473714865867421,0,0,0.435,0.09937269671486186,0.24022951443887075,0.6297704855611292,0.7399322210754151,105.0,111.45608961081724,0.8678406452710052,False
betti,mid,abs,70.0,0.8,40,10,8.3666,0.1086903027631896,0,0,0.4475,0.10025164601198605,0.2510067738165074,0.6439932261834926,0.6990305922106256,110.0,109.0829048560604,0.8468265454887608,False
betti,mid,abs,75.0,0.8,40,10,8.6603,0.11250575251835285,0,0,0.43875,0.09964466882311784,0.243446449106689,0.634053550893311,0.7279083644072546,122.0,117.00377324911771,0.8609575665910074,False
betti,mid,abs,80.0,0.8,40,10,8.9443,0.11619518980288251,0,0,0.44,0.09973374811376796,0.2445218536970148,0.6354781463029853,0.7238721981600688,110.0,113.9520289396545,0.8609575665910074,False
betti,mid,abs,85.0,0.8,40,10,9.219499999999998,0.11977030649549718,0,0,0.48,0.10216662818480159,0.27975340875778887,0.6802465912422111,0.5817019453143872,106.0,109.08763154613514,0.7662799049201993,False
betti,mid,abs,90.0,0.8,40,10,9.486800000000002,0.12324279447491542,0,0,0.4925,0.10276002128899647,0.2910903582735669,0.6939096417264331,0.5338391652694814,122.0,117.57562758639793,0.7238104779361567,False
betti,mid,abs,95.0,0.8,40,10,9.7468,0.12662044832694963,0,0,0.46875,0.10156443099136296,0.2696837152569286,0.6678162847430714,0.6237661554198327,113.0,117.76388345929897,0.7906594057439803,False
betti,mid,abs,100.0,0.8,40,10,10.0,0.12990976353977673,0,0,0.52125,0.10382003713064131,0.31776272722394305,0.7247372727760569,0.4230366272759204,118.0,116.43879523831757,0.6062396488961526,False
betti,mid,abs,0.0,0.9,40,10,0.0,0.0,0,0,1.0,0.0,1.0,1.0,6.357048897095551e-07,1.0,1.5540925533894598,0.0001033239631372732,True
betti,mid,abs,5.0,0.9,40,10,2.2361,0.02908309342790185,0,0,0.47625,0.1019730546701082,0.27638281284658794,0.6761171871534121,0.5958964721344965,77.0,71.34312000616268,0.7750821245945199,False
betti,mid,abs,10.0,0.9,40,10,3.1622999999999997,0.04112940671126248,0,0,0.33,0.08886731197585868,0.155820068527317,0.504179931472683,0.9517884169020785,104.0,99.69563848859023,0.9782528810795655,False
betti,mid,abs,15.0,0.9,40,10,3.873,0.05037289067853132,0,0,0.3425,0.09041267770624327,0.16529115169576322,0.5197088483042368,0.9384079438561554,119.0,108.36108745194869,0.9782528810795655,False
betti,mid,abs,20.0,0.9,40,10,4.472100000000001,0.05816488623895169,0,0,0.33875,0.08995753451742448,0.162433232345848,0.515066767654152,0.9426123061521723,114.0,108.3287676111569,0.9782528810795655,False
betti,mid,abs,25.0,0.9,40,10,5.0,0.06503084260073756,0,0,0.3125,0.08656763028462335,0.14282744464213826,0.48217255535786174,0.9664998320842585,112.0,113.24400509134418,0.98128165351137,False
betti,mid,abs,30.0,0.9,40,10,5.477199999999999,0.07123738621855194,0,0,0.32,0.08757275268590689,0.1483574047356225,0.4916425952643775,0.9607521608935091,115.0,116.08454553636729,0.98128165351137,False
betti,mid,abs,35.0,0.9,40,10,5.916100000000001,0.0769457935820447,0,0,0.3425,0.09041267770624327,0.16529115169576322,0.5197088483042368,0.9382862354176679,115.0,114.97776541836227,0.9782528810795655,False
betti,mid,abs,40.0,0.9,40,10,6.324599999999999,0.08225881342252496,0,0,0.3675,0.09326264881399986,0.18470520832456028,0.5502947916754397,0.9028566710709833,113.0,116.68513390559951,0.9651226483862236,False
betti,mid,abs,45.0,0.9,40,10,6.708199999999998,0.08724797966685355,0,0,0.45625,0.1008199103041747,0.25864297580381757,0.6538570241961824,0.6688585328479222,105.0,109.46145987087772,0.826193178282375,False
betti,mid,abs,50.0,0.9,40,10,7.0711,0.09196791822281508,0,0,0.3575,0.09216101935607922,0.17686440206208473,0.5381355979379152,0.9185348210189187,121.0,121.2483249053122,0.9718286502247945,False
betti,mid,abs,55.0,0.9,40,10,7.416200000000001,0.096456346979118,0,0,0.40625,0.09705179353347225,0.2160284846743944,0.5964715153256056,0.8216752438132279,124.0,129.643807173067,0.9240120637802925,False
betti,mid,abs,60.0,0.9,40,10,7.746,0.10074578135706264,0,0,0.41375,0.09769745980704798,0.22226297877818596,0.6052370212218141,0.8020982375822145,123.0,126.7896986617272,0.9109235763815219,False
betti,mid,abs,65.0,0.9,40,10,8.0623,0.10485963245998528,0,0,0.44125,0.09982203819006723,0.2455988051474682,0.6369011948525317,0.7198820722502035,121.0,123.49707403993693,0.8594227563449156,False
betti,mid,abs,70.0,0.9,40,10,8.3666,0.10881740954066618,0,0,0.4625,0.10120207701060373,0.2641439290592167,0.6608560709407834,0.6465659663429388,132.0,142.099843259803,0.806096945549618,False
betti,mid,abs,75.0,0.9,40,10,8.6603,0.1126373212350335,0,0,0.47375,0.10184002629751336,0.27414354845687383,0.6733564515431262,0.605213865619277,121.0,129.04380914278093,0.7839728922899095,False
betti,mid,abs,80.0,0.9,40,10,8.9443,0.1163310730947554,0,0,0.43875,0.09964466882311784,0.243446449106689,0.634053550893311,0.7279325478275978,143.0,141.84029795003303,0.8609575665910074,False
betti,mid,abs,85.0,0.9,40,10,9.219499999999998,0.1199103706715,0,0,0.47,0.10163452135161628,0.27079633815083204,0.6692036618491679,0.6191668431115385,147.0,145.9311235972141,0.7906594057439803,False
betti,mid,abs,90.0,0.9,40,10,9.486800000000002,0.12338691951693544,0,0,0.48625,0.1024733092888027,0.28540231379394676,0.6870976862060533,0.5578655567614963,129.0,135.9015249974658,0.7475719996948005,False
betti,mid,abs,95.0,0.9,40,10,9.7468,0.12676852333217378,0,0,0.47875,0.10210290001535205,0.27862831596991,0.67887168403009,0.5864157482884503,138.0,140.4589749124176,0.7682265481893007,False
betti,mid,abs,100.0,0.9,40,10,10.0,0.13006168520147512,0,0,0.545,0.10437128333289815,0.3404322846675197,0.7495677153324805,0.3355788441459545,133.0,139.75671707908236,0.5124603038682064,False
betti,mid,abs,0.0,1.0,40,10,0.0,0.0,0,0,0.99875,0.007998714160738517,0.9830725202449525,1.0,6.741588459109104e-07,3.0,2.5973665961010273,0.0001033239631372732,True
betti,mid,abs,5.0,1.0,40,10,2.2361,0.029080711073262978,0,0,0.375,0.09405544646903502,0.19065132492069137,0.5593486750793086,0.8898031340136379,103.0,95.46867093507797,0.9580625241548621,False
betti,mid,abs,10.0,1.0,40,10,3.1622999999999997,0.04112603757746948,0,0,0.2725,0.08070448390141585,0.11431921155322494,0.4306807884467751,0.9868087373809274,115.0,110.41768967834881,0.9868087373809274,False
betti,mid,abs,15.0,1.0,40,10,3.873,0.05036876436060442,0,0,0.33125,0.08902548212741158,0.1567600550302733,0.5057399449697266,0.9505118130889803,123.0,120.67973727315746,0.9782528810795655,False
betti,mid,abs,20.0,1.0,40,10,4.472100000000001,0.05816012163621455,0,0,0.2725,0.08070448390141585,0.11431921155322494,0.4306807884467751,0.9867978785687573,126.0,123.67550722885603,0.9868087373809274,False
betti,mid,abs,25.0,1.0,40,10,5.0,0.06502551557010638,0,0,0.31375,0.08673719411436935,0.14374509953583606,0.4837549004641639,0.9656122195862908,131.0,128.69911368986183,0.98128165351137,False
betti,mid,abs,30.0,1.0,40,10,5.477199999999999,0.07123155077611731,0,0,0.29625,0.08428847587421817,0.1310445872865324,0.4614554127134676,0.9766642843182104,123.0,124.10253674400889,0.9837158701887072,False
betti,mid,abs,35.0,1.0,40,10,5.916100000000001,0.07693949053286127,0,0,0.27375,0.08090069473836019,0.11518463831281403,0.432315361687186,0.9863973501877282,133.0,144.55582116742232,0.9868087373809274,False
betti,mid,abs,40.0,1.0,40,10,6.324599999999999,0.08225207515493896,0,0,0.36375,0.09285551424071257,0.18175319208820337,0.5457468079117966,0.9089417056752058,129.0,136.55885126180766,0.9680949871989789,False
betti,mid,abs,45.0,1.0,40,10,6.708199999999998,0.0872408327094775,0,0,0.34,0.09011005379335456,0.1633842945650251,0.5166157054349749,0.9411989874052388,131.0,130.83490391710035,0.9782528810795655,False
betti,mid,abs,50.0,1.0,40,10,7.0711,0.09196038462955584,0,0,0.39625,0.09614671888762105,0.20780243098026274,0.5846975690197372,0.8458792323746418,132.0,139.74244380393864,0.9380317481802644,False
betti,mid,abs,55.0,1.0,40,10,7.416200000000001,0.09644844571420458,0,0,0.36625,0.09312773330736984,0.18371964271755514,0.5487803572824449,0.9049298713939176,145.0,146.28064696781138,0.9662282208913242,False
betti,mid,abs,60.0,1.0,40,10,7.746,0.10073752872120884,0,0,0.38625,0.09519108591926659,0.19967547159823748,0.5728245284017625,0.8677628692316403,144.0,147.99864561495514,0.9484318959332372,False
betti,mid,abs,65.0,1.0,40,10,8.0623,0.10485104283617373,0,0,0.43625,0.09946414302632561,0.24130027966840184,0.6311997203315982,0.7358911107447178,140.0,147.5950802304523,0.8674001685584126,False
betti,mid,abs,70.0,1.0,40,10,8.3666,0.10880849571377044,0,0,0.4275,0.09880745599469239,0.23383738625040293,0.621162613749597,0.7629180906867878,164.0,163.4766652036802,0.8835788596995177,False
betti,mid,abs,75.0,1.0,40,10,8.6603,0.11262809449835844,0,0,0.39875,0.09637772438586337,0.2098496602037078,0.5876503397962922,0.8400372541791193,157.0,163.1809458977593,0.9358760194139748,False
betti,mid,abs,80.0,1.0,40,10,8.9443,0.1163215437827405,0,0,0.46125,0.10112722768522041,0.263040633736968,0.6594593662630319,0.6510475595912324,146.0,150.76639736489312,0.808441093705879,False
betti,mid,abs,85.0,1.0,40,10,9.219499999999998,0.11990054815971916,0,0,0.45,0.10041795997333237,0.2531807984522686,0.6468192015477314,0.690496342011313,153.0,155.50694958975788,0.8428140116288652,False
betti,mid,abs,90.0,1.0,40,10,9.486800000000002,0.12337681222209702,0,0,0.4375,0.09955480042691804,0.24237259116324064,0.6326274088367594,0.7319441700591193,166.0,171.70119889743972,0.8638427387753566,False
betti,mid,abs,95.0,1.0,40,10,9.7468,0.12675813903174257,0,0,0.49875,0.10302671059556358,0.29681764723269544,0.7006823527673046,0.5096757521180193,145.0,148.9303919182987,0.6991127573300265,False
betti,mid,abs,100.0,1.0,40,10,10.0,0.13005103114021277,0,0,0.48125,0.1022295595394639,0.2808800633026508,0.6816199366973492,0.5769798182297052,166.0,163.7387485432485,0.7623729011163481,False
betti,high,rel,0.02,0.1,40,10,5.24491,0.02000001094197877,0,0,0.7825,0.09161950909760525,0.6029257621686936,0.9620742378313063,0.002627197516958096,2.0,2.5973665961010273,0.011364156701260602,False
betti,high,rel,0.04,0.1,40,10,10.48981,0.03999998632188451,0,0,0.7225,0.09838994089077595,0.5296557158540791,0.915344284145921,0.013343546012475041,3.0,3.1081851067789197,0.04323866826342087,False
betti,high,rel,0.06,0.1,40,10,15.734722000000001,0.06000000471306657,0,0,0.70875,0.099556920262194,0.5136184362860998,0.9038815637139002,0.020095183651234434,3.0,3.660246899469287,0.05821969095217453,False
betti,high,rel,0.08,0.1,40,10,20.979622,0.07999998166749556,0,0,0.71875,0.09872147824970844,0.5252559026305714,0.9122440973694286,0.013722392760973564,4.0,4.374987019698517,0.04400629402657039,False
betti,high,rel,0.1,0.1,40,10,26.224538,0.10000001527708703,0,0,0.7925,0.09019728931072543,0.6157133129509782,0.9692866870490218,0.002034047486786568,4.0,3.947575581554535,0.009182835741318,False
betti,high,rel,0.12,0.1,40,10,31.469438000000004,0.11999999223151603,0,0,0.7675,0.09358597014362194,0.5840714985185009,0.950928501481499,0.004142455418993052,3.0,3.6511900715418264,0.01674992843331973,False
betti,high,rel,0.14,0.1,40,10,36.714349999999996,0.14000001062269807,0,0,0.68875,0.10102186285285651,0.4907471488084012,0.8867528511915987,0.030702531558757552,5.0,4.74993539954628,0.08158101242755578,False
betti,high,rel,0.16,0.1,40,10,41.95924999999999,0.15999998600260382,0,0,0.68375,0.1013464559145458,0.4851109464074902,0.8823890535925097,0.034348422335246084,4.0,5.099794230842211,0.08848762540658964,False
betti,high,rel,0.18,0.1,40,10,47.20416000000001,0.17999999694458257,0,0,0.75875,0.09464491774646196,0.5732459612169346,0.9442540387830655,0.005169293833290917,3.0,3.914213562373095,0.02056637475264348,False
betti,high,rel,0.2,0.1,40,10,52.44907,0.20000000788656133,0,0,0.6375,0.10360008096728822,0.43444384130411506,0.8405561586958848,0.08644880766311985,4.0,4.4436506316151,0.1766975629158274,False
betti,high,rel,0.02,0.2,40,10,5.302714000000001,0.020000001302790005,0,0,0.6575,0.10278787025303673,0.45603577430404796,0.858964225695952,0.0631402278321851,7.0,7.367441755680876,0.13981050448555274,False
betti,high,rel,0.04,0.2,40,10,10.605428,0.04000000376243535,0,0,0.6325,0.10376570656366776,0.4291192151352111,0.8358807848647888,0.10042023435645125,9.0,10.233962208186286,0.19786190243961793,False
betti,high,rel,0.06,0.2,40,10,15.908140000000001,0.05999999779971629,0,0,0.7125,0.0992518454456427,0.5179663829265404,0.9070336170734596,0.019735682524490813,12.0,11.656282395129859,0.05753662930337447,False
betti,high,rel,0.08,0.2,40,10,21.210853999999998,0.07999999862342455,0,0,0.65875,0.10272902791658373,0.45740110528349587,0.860098894716504,0.06246130604127762,11.0,12.310100879630715,0.13896893449375164,False
betti,high,rel,0.1,0.2,40,10,26.51357,0.10000000768830564,0,0,0.74875,0.09577905415612091,0.5610230538540031,0.936476946145997,0.00793613481060853,13.0,13.60666222813829,0.028943550485748756,False
betti,high,rel,0.12,0.2,40,10,31.816284000000007,0.12000000793989427,0,0,0.7425,0.09644791625891247,0.5534620841325316,0.9315379158674685,0.009433492044940197,12.0,13.0,0.03335797567222199,False
betti,high,rel,0.14,0.2,40,10,37.118998,0.14000000944686333,0,0,0.72,0.09861208355600148,0.5267203162302371,0.9132796837697629,0.016542228741990895,14.0,15.665571644870383,0.05060616029622214,False
betti,high,rel,0.16,0.2,40,10,42.421702,0.1599999737805948,0,0,0.81375,0.08685731726937836,0.6435096581520184,0.9839903418479815,0.001139754778131182,13.0,14.152776691859794,0.005760717085119562,False
betti,high,rel,0.18,0.2,40,10,47.72442399999999,0.18000000280262918,0,0,0.82875,0.08421742049965074,0.6636838558206846,0.9938161441793154,0.0007171891339973696,14.0,14.531182235954578,0.0038332522679169756,False
betti,high,rel,0.2,0.2,40,10,53.027136,0.20000000034632529,0,0,0.7925,0.09019728931072543,0.6157133129509782,0.9692866870490218,0.0022671513218768704,14.0,16.20151494287407,0.010050634753527634,False
betti,high,rel,0.02,0.3,40,10,5.272410000000001,0.020000003328420498,0,0,0.79625,0.08963999592816878,0.6205556079807892,0.9719443920192108,0.001974995852345031,11.0,11.288868236194654,0.008959737281370141,False
betti,high,rel,0.04,0.3,40,10,10.544816,0.03999999717976213,0,0,0.62875,0.10388026095490158,0.42514468852839293,0.8323553114716071,0.10696078179029472,16.0,17.811865258054233,0.2077230501290659,False
betti,high,rel,0.06,0.3,40,10,15.817228,0.06000000899605464,0,0,0.5325,0.10411806514317844,0.32842859231937027,0.7365714076806297,0.38066620137549734,19.0,22.530529043797834,0.5648762650723497,False
betti,high,rel,0.08,0.3,40,10,21.089634,0.08000000238399511,0,0,0.69875,0.10032311864325658,0.5021166874592171,0.8953833125407828,0.027437720079967563,22.0,22.868084945889684,0.07396254978078212,False
betti,high,rel,0.1,0.3,40,10,26.362048,0.10000002768859789,0,0,0.68,0.10157921865390412,0.480904731438348,0.8790952685616521,0.04045789619410137,22.0,23.381557066709203,0.10087357496116427,False
betti,high,rel,0.12,0.3,40,10,31.634455999999997,0.12000002827060614,0,0,0.70625,0.09975488872790375,0.5107304180933087,0.9017695819066914,0.023227701199548062,24.0,24.096295152471697,0.06497313091167849,False
betti,high,rel,0.14,0.3,40,10,36.90686,0.14000001059696435,0,0,0.73625,0.0970868223183854,0.5459598282559646,0.9265401717440354,0.01114032742407465,24.0,25.694659513211413,0.03744022012196079,False
betti,high,rel,0.16,0.3,40,10,42.179262,0.15999998789727873,0,0,0.7625,0.09419882489169804,0.5778703032122718,0.9471296967877281,0.005531111173631076,27.0,26.27070241629942,0.021636299395926407,False
betti,high,rel,0.18,0.3,40,10,47.451674000000004,0.1800000012660623,0,0,0.81,0.08747961294069849,0.638539958636231,0.9814600413637691,0.0013450977156529475,28.0,29.180154013933702,0.006549428667838959,False
betti,high,rel,0.2,0.3,40,10,52.724078,0.19999998012695017,0,0,0.72625,0.09804828166195746,0.5340753679425634,0.9184246320574365,0.014387652227823648,33.0,34.497249898611,0.04547682937859396,False
betti,high,rel,0.02,0.4,40,10,5.260459999999999,0.020000003642205003,0,0,0.61375,0.10425666806483753,0.40940693059291844,0.8180930694070816,0.1370323193049116,18.0,19.254225500544024,0.25552193293646613,False
betti,high,rel,0.04,0.4,40,10,10.520914,0.03999998386224466,0,0,0.535,0.1041752929843759,0.33081642575062326,0.7391835742493769,0.37148627142883545,25.0,28.212854625930774,0.554546119468406,False
betti,high,rel,0.06,0.4,40,10,15.781372000000001,0.05999997575990749,0,0,0.515,0.10362595760792279,0.3118931230884714,0.7181068769115286,0.44686324113722453,31.0,34.274041041351815,0.627850662292829,False
betti,high,rel,0.08,0.4,40,10,21.041839999999997,0.08000001237328405,0,0,0.655,0.10290267238769485,0.4533107621201181,0.8566892378798819,0.06771014132829219,32.0,35.080071908799944,0.1472599419793411,False
betti,high,rel,0.1,0.4,40,10,26.302296000000002,0.09999999984514604,0,0,0.60375,0.10443591836270884,0.3990556000090907,0.8084443999909093,0.15978826049107486,35.0,37.779044235810886,0.29024039503261645,False
betti,high,rel,0.12,0.4,40,10,31.562756000000004,0.12000000066931714,0,0,0.66375,0.10248399536469861,0.4628813690851907,0.8646186309148092,0.057261257951067304,36.0,41.19051172701505,0.13118138668458643,False
betti,high,rel,0.14,0.4,40,10,36.823212,0.13999998793584717,0,0,0.71875,0.09872147824970844,0.5252559026305714,0.9122440973694286,0.01730454717616204,37.0,39.59258877827263,0.05214718918237323,False
betti,high,rel,0.16,0.4,40,10,42.083676,0.16000000305187093,0,0,0.72375,0.09827718469735745,0.5311267179931793,0.9163732820068207,0.015329325159543746,39.0,39.84111888034832,0.047520907994585616,False
betti,high,rel,0.18,0.4,40,10,47.344123999999994,0.1799999591024381,0,0,0.71375,0.09914797310659293,0.5194199727110779,0.9080800272889221,0.019446133719369874,40.0,41.742640687119284,0.0572722629610995,False
betti,high,rel,0.2,0.4,40,10,52.604596,0.20000000997874917,0,0,0.70875,0.099556920262194,0.5136184362860998,0.9038815637139002,0.021945661129965342,45.0,48.781597664297635,0.06235360609133284,False
betti,high,rel,0.02,0.5,40,10,5.281862,0.0200000418058471,0,0,0.59375,0.10455874435082217,0.38881486107238855,0.7986851389276115,0.18438344239073956,25.0,27.2993670632526,0.3225561405888347,False
betti,high,rel,0.04,0.5,40,10,10.563702000000001,0.039999992145183065,0,0,0.47125,0.1017038175603697,0.2719105175816754,0.6705894824183246,0.6146298922512603,35.0,35.09761854124889,0.7895107731956797,False
betti,high,rel,0.06,0.5,40,10,15.845560000000003,0.06000001528993842,0,0,0.51,0.1034561024278477,0.30722603924141856,0.7127739607585815,0.46612345701136204,47.0,48.15462165492386,0.6518719022865664,False
betti,high,rel,0.08,0.5,40,10,21.127406,0.07999999325972298,0,0,0.5825,0.10463037291435802,0.3774244690878583,0.7875755309121417,0.21488423067927565,44.0,46.85761182167792,0.36508077438301734,False
betti,high,rel,0.1,0.5,40,10,26.409263999999997,0.10000001503023988,0,0,0.5875,0.1046071800783166,0.3824699270464995,0.7925300729535005,0.20120889060148356,53.0,53.02384199605462,0.3466140723503307,False
betti,high,rel,0.12,0.5,40,10,31.691108,0.11999998331358926,0,0,0.55875,0.10455415325139301,0.3538238596272697,0.7636761403727302,0.28835140831957085,55.0,57.45833007557938,0.45927726037963934,False
betti,high,rel,0.14,0.5,40,10,36.972968,0.14000001554721184,0,0,0.70125,0.10013795998962628,0.5049795984203325,0.8975204015796676,0.02607636863217019,51.0,53.231609003162134,0.07070269046040313,False
betti,high,rel,0.16,0.5,40,10,42.25482,0.1600000158540054,0,0,0.7875,0.09091985771966847,0.6092970788694498,0.9657029211305501,0.0027310791515384415,57.0,57.519345371140986,0.011650933995095186,False
betti,high,rel,0.18,0.5,40,10,47.53667,0.18000000905068814,0,0,0.7575,0.09479106771957473,0.5717095072696334,0.9432904927303665,0.006403351628569632,56.0,58.36999916708308,0.024506654380945504,False
betti,high,rel,0.2,0.5,40,10,52.818516,0.19999998776582514,0,0,0.8175,0.08622027893840038,0.6485082532807352,0.9864917467192648,0.0010708490677047262,60.0,63.42397973878263,0.005464906297621635,False
betti,high,rel,0.02,0.6,40,10,5.260162,0.020000014300156344,0,0,0.5625,0.10458648192327227,0.3575104954303864,0.7674895045696136,0.2759748735260894,33.0,36.50504934614612,0.4434139354602153,False
betti,high,rel,0.04,0.6,40,10,10.520314,0.03999999100529718,0,0,0.47375,0.10184002629751336,0.27414354845687383,0.6733564515431262,0.6052607921119947,48.0,51.774871834493254,0.7839728922899095,False
betti,high,rel,0.06,0.6,40,10,15.780476,0.06000000568504653,0,0,0.4775,0.10203837539268008,0.277504784230347,0.677495215769653,0.5911538164382291,54.0,61.16331790471084,0.771210794760273,False
betti,high,rel,0.08,0.6,40,10,21.040632000000002,0.07999999706795836,0,0,0.48,0.10216662818480159,0.27975340875778887,0.6802465912422111,0.5817135622297427,55.0,58.88810637746616,0.7662799049201993,False
betti,high,rel,0.1,0.6,40,10,26.300794,0.10000000955668459,0,0,0.49625,0.1029224412483002,0.29452201515333165,0.6979779848466684,0.5193555692662407,73.0,71.93012631605448,0.7102951167905939,False
betti,high,rel,0.12,0.6,40,10,31.560948,0.11999999556879565,0,0,0.53875,0.10425497195628093,0.3344102549656893,0.7430897450343106,0.35791752191632054,68.0,70.61865760663966,0.5403624925035359,False
betti,high,rel,0.14,0.6,40,10,36.82110600000001,0.1399999944969212,0,0,0.57375,0.1046379426520911,0.3686596324019014,0.7788403675980986,0.2407545627958983,75.0,82.15365918692473,0.39568134831034796,False
betti,high,rel,0.16,0.6,40,10,42.081266,0.15999999634007886,0,0,0.66375,0.10248399536469861,0.4628813690851907,0.8646186309148092,0.057357178965368065,75.0,79.30769041210134,0.13118138668458643,False
betti,high,rel,0.18,0.6,40,10,47.341426,0.18000000830520804,0,0,0.64125,0.10346612989214728,0.4384563854113913,0.8440436145886087,0.08710189449744982,83.0,85.22340491699978,0.17747528160858939,False
betti,high,rel,0.2,0.6,40,10,52.601586,0.20000001034581572,0,0,0.8225,0.0853474056911907,0.6552190848452663,0.9897809151547338,0.0009099342314304312,85.0,88.46089428774079,0.0047275912582698375,False
betti,high,rel,0.02,0.7,40,10,5.270146,0.020000031344298518,0,0,0.485,0.10241356897482393,0.2842694048093451,0.6857305951906549,0.5626867312792019,46.0,52.27358931347477,0.7507871737297815,False
betti,high,rel,0.04,0.7,40,10,10.540282,0.04000002151150338,0,0,0.4325,0.09918743769527291,0.2380926221172651,0.6269073778827349,0.7477742502102418,58.0,58.52192191643778,0.8736558450948805,False
betti,high,rel,0.06,0.7,40,10,15.81041,0.059999984524406275,0,0,0.47625,0.1019730546701082,0.27638281284658794,0.6761171871534121,0.5958670878415778,71.0,74.68703194095961,0.7750821245945199,False
betti,high,rel,0.08,0.7,40,10,21.080548,0.07999997939184897,0,0,0.4675,0.10149354677599932,0.2685726483190414,0.6664273516809587,0.628379587893182,82.0,85.44486795696191,0.7909427101201568,False
betti,high,rel,0.1,0.7,40,10,26.350694000000004,0.10000001474613654,0,0,0.5325,0.10411806514317844,0.32842859231937027,0.7365714076806297,0.38080815821145253,79.0,82.1328960071852,0.5648762650723497,False
betti,high,rel,0.12,0.7,40,10,31.620832000000004,0.12000001125632251,0,0,0.545,0.10437128333289815,0.3404322846675197,0.7495677153324805,0.33551931926172407,101.0,96.18184611085367,0.5124603038682064,False
betti,high,rel,0.14,0.7,40,10,36.890968,0.14000000767036208,0,0,0.55,0.10444943451988582,0.3452791083410238,0.7547208916589763,0.3180737164920458,93.0,93.7524925588852,0.49632308110336004,False
betti,high,rel,0.16,0.7,40,10,42.16110600000001,0.160000000737281,0,0,0.64875,0.10317296894918365,0.4465309808596001,0.8509690191404,0.0761223185359949,97.0,98.11524439019354,0.16053005949767632,False
betti,high,rel,0.18,0.7,40,10,47.431248000000004,0.18000002050119626,0,0,0.69375,0.10068081694549937,0.49641559878682123,0.8910844012131787,0.03088292702318159,104.0,106.35752450280695,0.081614581032778,False
betti,high,rel,0.2,0.7,40,10,52.701386,0.20000001378807106,0,0,0.8125,0.08706637188752604,0.641849911100449,0.983150088899551,0.001259021485579913,102.0,107.01016008388689,0.006195185087774176,False
betti,high,rel,0.02,0.8,40,10,5.28168,0.019999987715500926,0,0,0.515,0.10362595760792279,0.3118931230884714,0.7181068769115286,0.44691150927194795,58.0,64.67055606350678,0.627850662292829,False
betti,high,rel,0.04,0.8,40,10,10.563366,0.039999996783758915,0,0,0.3875,0.09531330788366643,0.20068591654801382,0.5743140834519862,0.8652698472932876,76.0,77.1232522687955,0.9484318959332372,False
betti,high,rel,0.06,0.8,40,10,15.845054,0.06000001257470615,0,0,0.4125,0.09759182042080232,0.22122003197522744,0.6037799680247725,0.8055865224530476,86.0,86.87493509849259,0.9125401533268384,False
betti,high,rel,0.08,0.8,40,10,21.126732,0.07999999147081308,0,0,0.42375,0.09851419058269452,0.23066218645791875,0.6168378135420813,0.7740139673132581,100.0,103.59997121471659,0.8953146636832463,False
betti,high,rel,0.1,0.8,40,10,26.408419999999996,0.1000000089065439,0,0,0.5,0.1030776406404415,0.2979678243447347,0.7020321756552653,0.5048399755010634,111.0,111.33060090930255,0.6935024774239128,False
betti,high,rel,0.12,0.8,40,10,31.690094000000002,0.11999997063341102,0,0,0.58,0.10463681170629084,0.3749118490556699,0.78508815094433,0.22232258217034762,106.0,114.62303298696914,0.37321299895022253,False
betti,high,rel,0.14,0.8,40,10,36.971786,0.1400000017640275,0,0,0.5775,0.10463982499526966,0.37240594300927143,0.7825940569907286,0.22962835364856687,114.0,116.9928556845359,0.38202928245647083,False
betti,high,rel,0.16,0.8,40,10,42.253474000000004,0.16000001680253095,0,0,0.65625,0.10284575097385902,0.4546723280912363,0.8578276719087636,0.06622895750851193,116.0,121.20740588387642,0.14492454231274376,False
betti,high,rel,0.18,0.8,40,10,47.535148,0.17999998326333105,0,0,0.66375,0.10248399536469861,0.4628813690851907,0.8646186309148092,0.05740948858131901,125.0,129.5338345793821,0.13118138668458643,False
betti,high,rel,0.2,0.8,40,10,52.816835999999995,0.19999999963536477,0,0,0.80875,0.08768382172853907,0.6368897094120634,0.9806102905879366,0.001423643757841802,124.0,127.21239762161875,0.006860045050740289,False
betti,high,rel,0.02,0.9,40,10,5.268086,0.020000012356933373,0,0,0.52375,0.10389197826241366,0.3201217226056693,0.7273782773943308,0.41348191877690255,59.0,64.056152603439,0.5971681566238302,False
betti,high,rel,0.04,0.9,40,10,10.536164,0.03999999912448386,0,0,0.4,0.09649204260307835,0.21087559649796644,0.5891244035020335,0.8371326105280763,86.0,91.93219630716735,0.9358760194139748,False
betti,high,rel,0.06,0.9,40,10,15.804252000000002,0.06000001885058685,0,0,0.3925,0.09579428572684034,0.20474319997539295,0.5802568000246071,0.8544274844830294,100.0,103.45335727107586,0.9426196276263359,False
betti,high,rel,0.08,0.9,40,10,21.072328000000002,0.07999998882586123,0,0,0.46375,0.10127613384280384,0.26524877766810445,0.6622512223318955,0.642095549407066,114.0,118.85571018280962,0.8036996782618727,False
betti,high,rel,0.1,0.9,40,10,26.340412,0.0999999948491345,0,0,0.49125,0.10270427891285214,0.2899496133308098,0.6925503866691902,0.5386461610860274,129.0,129.04026116115827,0.7271740879495365,False
betti,high,rel,0.12,0.9,40,10,31.608494,0.11999999501404116,0,0,0.50375,0.10322560625876834,0.3014278117328141,0.706072188267186,0.49032401556357363,137.0,135.68699755031025,0.6775651329481776,False
betti,high,rel,0.14,0.9,40,10,36.87658,0.14000000983168762,0,0,0.58375,0.10462586595348239,0.3786833027311745,0.7888166972688255,0.21162642320269176,145.0,144.79611963069797,0.36046258897161787,False
betti,high,rel,0.16,0.9,40,10,42.144670000000005,0.16000003634362042,0,0,0.7175,0.09882976058442998,0.5237936692545173,0.9112063307454827,0.01793550232110023,151.0,155.3231159022456,0.05363349568689136,False
betti,high,rel,0.18,0.9,40,10,47.412743999999996,0.18000000402452657,0,0,0.72625,0.09804828166195746,0.5340753679425634,0.9184246320574365,0.01447434569469227,137.0,142.43405274383105,0.04547682937859396,False
betti,high,rel,0.2,0.9,40,10,52.680829999999986,0.20000002414608606,0,0,0.7475,0.09591525384521943,0.55950610246337,0.9354938975366301,0.008434520720151644,154.0,158.37847642549832,0.030403504921476858,False
betti,high,rel,0.02,1.0,40,10,5.262698,0.020000005614585974,0,0,0.46125,0.10112722768522041,0.263040633736968,0.6594593662630319,0.6510993324577456,77.0,81.53631104754794,0.808441093705879,False
betti,high,rel,0.04,1.0,40,10,10.525396,0.04000001240557207,0,0,0.3375,0.08980420965242565,0.16148374908124574,0.5135162509187543,0.9440031351497233,111.0,115.82049741152542,0.9782528810795655,False
betti,high,rel,0.06,1.0,40,10,15.788097999999998,0.060000029699603566,0,0,0.3775,0.0943133596613631,0.19264581506372833,0.5623541849362717,0.8851100929890596,129.0,132.43837870445188,0.9580625241548621,False
betti,high,rel,0.08,1.0,40,10,21.050784,0.07999999392108935,0,0,0.42875,0.09890363423414102,0.23489887690108363,0.6226011230989164,0.7592190884848503,128.0,130.14232975785524,0.8805991611408216,False
betti,high,rel,0.1,1.0,40,10,26.313477999999996,0.09999998651575812,0,0,0.48125,0.1022295595394639,0.2808800633026508,0.6816199366973492,0.5769396367003469,141.0,145.89580031628563,0.7623729011163481,False
betti,high,rel,0.12,1.0,40,10,31.576177999999995,0.11999999892472119,0,0,0.485,0.10241356897482393,0.2842694048093451,0.6857305951906549,0.5626613279957533,164.0,157.8014336503177,0.7507871737297815,False
betti,high,rel,0.14,1.0,40,10,36.838879999999996,0.14000001942062693,0,0,0.615,0.10423025609183463,0.4107086980600041,0.8192913019399959,0.1348222298152748,158.0,166.434766016552,0.2522830457307959,False
betti,high,rel,0.16,1.0,40,10,42.101574,0.1600000145703443,0,0,0.7,0.10023106787980358,0.5035471069555849,0.896452893044415,0.026888944596787458,161.0,171.2590015140927,0.07269394905526842,False
betti,high,rel,0.18,1.0,40,10,47.364274,0.18000002604045356,0,0,0.66125,0.10260844903753162,0.46013743988643807,0.8623625601135619,0.06026818038523511,171.0,177.76127512980634,0.13571041518351393,False
betti,high,rel,0.2,1.0,40,10,52.62697,0.20000002378353593,0,0,0.745,0.09618400183005803,0.5564793564130863,0.9335206435869137,0.009010735532740224,180.0,188.77147328412468,0.03210721856493643,False
betti,low,rel,0.02,0.1,40,10,0.34948599999999996,0.01999951151785347,0,0,0.7375,0.0969614075742188,0.5474556411545313,0.9275443588454688,0.007588750693724856,2.0,1.798411797560202,0.027934857478419662,False
betti,low,rel,0.04,0.1,40,10,0.698984,0.039999760467823636,0,0,0.71125,0.09935462491656503,0.5165149351635325,0.9059850648364676,0.01650561741149217,2.0,1.9984117975602023,0.05060616029622214,False
betti,low,rel,0.06,0.1,40,10,1.0484740000000001,0.05999947052285351,0,0,0.72375,0.09827718469735745,0.5311267179931793,0.9163732820068207,0.011338653229482248,2.0,2.064911064067352,0.03779551076494083,False
betti,low,rel,0.08,0.1,40,10,1.3979679999999999,0.07999944630637018,0,0,0.6275,0.10391661476234981,0.42382343506579434,0.8311765649342056,0.09936274575096321,3.0,3.265591117977289,0.196193956578335,False
betti,low,rel,0.1,0.1,40,10,1.747472,0.10000046141135817,0,0,0.70125,0.10013795998962628,0.5049795984203325,0.8975204015796676,0.019574439621970564,2.0,2.0352924243950934,0.05742658942723225,False
betti,low,rel,0.12,0.1,40,10,2.096966,0.12000043719487488,0,0,0.75,0.09564163020657601,0.5625424047951111,0.9374575952048889,0.006541655813414797,3.0,3.301009869229224,0.024831591455003108,False
betti,low,rel,0.14,0.1,40,10,2.4464559999999995,0.14000014724990473,0,0,0.685,0.10126683952188238,0.4865169945371106,0.8834830054628895,0.033047318043929026,3.0,3.8570226039551585,0.08584917815881003,False
betti,low,rel,0.16,0.1,40,10,2.7959540000000005,0.1600003961998749,0,0,0.63625,0.10364287374080304,0.433109967468026,0.839390032531974,0.08973009983636143,3.0,3.8888578520235066,0.18141085401699159,False
betti,low,rel,0.18,0.1,40,10,3.1454400000000002,0.17999990771772836,0,0,0.655,0.10290267238769485,0.4533107621201181,0.8566892378798819,0.0610037979073008,3.0,3.6378731669453632,0.13670730615371024,False
betti,low,rel,0.2,0.1,40,10,3.4949260000000004,0.1999994192355818,0,0,0.57125,0.10463243292139492,0.366170431474066,0.776329568525934,0.24363148207706564,4.0,5.099794230842212,0.39890365903463215,False
betti,low,rel,0.02,0.2,40,10,0.34821799999999997,0.019999650230264877,0,0,0.79125,0.09038010923171153,0.6141049859058454,0.9683950140941546,0.002269498170151401,4.0,4.6888682361946525,0.010050634753527634,False
betti,low,rel,0.04,0.2,40,10,0.6964500000000001,0.04000032838129813,0,0,0.7175,0.09882976058442998,0.5237936692545173,0.9112063307454827,0.0167717585617161,7.0,7.5276819911981905,0.050844738644141164,False
betti,low,rel,0.06,0.2,40,10,1.044666,0.05999988613937316,0,0,0.65,0.10312081029138355,0.44788321182888824,0.8521167881711118,0.0723603539647932,7.0,8.625634186002223,0.15456925119877665,False
betti,low,rel,0.08,0.2,40,10,1.3928900000000002,0.0799998731740887,0,0,0.54875,0.1044311416508719,0.34406496236429107,0.7534350376357088,0.3208187045554308,9.0,10.238007234913622,0.49887187031619973,False
betti,low,rel,0.1,0.2,40,10,1.7411139999999998,0.09999981130577548,0,0,0.47125,0.1017038175603697,0.2719105175816754,0.6705894824183246,0.6156214976288193,10.0,11.705551702879948,0.7896937831652442,False
betti,low,rel,0.12,0.2,40,10,2.0893420000000003,0.1200001887811838,0,0,0.33625,0.08965007865458728,0.16053584583700892,0.5119641541629911,0.9470829369839449,11.0,12.0253953543107,0.9782528810795655,False
betti,low,rel,0.14,0.2,40,10,2.437562,0.13999999361432208,0,0,0.62,0.10411563774258063,0.41593335002454196,0.8240666499754581,0.12302252980940825,12.0,13.199588461684424,0.23396922847188076,False
betti,low,rel,0.16,0.2,40,10,2.7857819999999998,0.15999978241685578,0,0,0.615,0.10423025609183463,0.4107086980600041,0.8192913019399959,0.13344604636264318,11.0,12.947221354708777,0.2517204474505997,False
betti,low,rel,0.18,0.2,40,10,3.134004,0.17999967281245485,0,0,0.75625,0.09493595386424447,0.5701755304260808,0.9423244695739191,0.006286340913713937,12.0,12.799516882842756,0.024158252271710586,False
betti,low,rel,0.2,0.2,40,10,3.482236,0.20000032505898585,0,0,0.72625,0.09804828166195746,0.5340753679425634,0.9184246320574365,0.013912902738072549,10.0,11.070584848790187,0.04446391596703598,False
betti,low,rel,0.02,0.3,40,10,0.34697,0.019999678077898674,0,0,0.89,0.07041231224113942,0.7519918680073667,1.0,7.739505088239883e-05,9.0,7.953570214625479,0.0006194957589228166,False
betti,low,rel,0.04,0.3,40,10,0.6939479999999999,0.04000001608974855,0,0,0.71875,0.09872147824970844,0.5252559026305714,0.9122440973694286,0.016784230928764878,13.0,13.666666666666668,0.050844738644141164,False
betti,low,rel,0.06,0.3,40,10,1.040922,0.06000001305903325,0,0,0.715,0.09904300409228223,0.5208757119791267,0.9091242880208732,0.018627788474387764,13.0,15.596550698475777,0.05552513872173276,False
betti,low,rel,0.08,0.3,40,10,1.3878899999999998,0.07999979073969082,0,0,0.5525,0.10448352506904578,0.34771229086467026,0.7572877091353297,0.3087455696648573,20.0,19.87864787372622,0.4844181125568903,False
betti,low,rel,0.1,0.3,40,10,1.734866,0.09999978129175333,0,0,0.6925,0.10076763163644752,0.49499544199256285,0.8900045580074372,0.031347322484905425,16.0,18.767010300148147,0.08258643034266869,False
betti,low,rel,0.12,0.3,40,10,2.0818380000000003,0.11999973415598354,0,0,0.52875,0.10402607575945821,0.32485889151146197,0.7326411084885381,0.3944762504577742,23.0,23.60999334220744,0.5772274463847138,False
betti,low,rel,0.14,0.3,40,10,2.428812,0.13999968326732404,0,0,0.6775,0.10172935038490083,0.47811047324559436,0.8768895267544057,0.04317736131860939,19.0,20.714045207910317,0.1064448930751133,False
betti,low,rel,0.16,0.3,40,10,2.775798,0.16000045124727236,0,0,0.55625,0.10452840920945021,0.3513743179494776,0.7611256820505224,0.2963540650350437,22.0,22.805851229249946,0.47032300423650275,False
betti,low,rel,0.18,0.3,40,10,3.12277,0.18000035837441378,0,0,0.7425,0.09644791625891247,0.5534620841325316,0.9315379158674685,0.009478091465325779,23.0,25.029332372872254,0.03338873129830672,False
betti,low,rel,0.2,0.3,40,10,3.469734,0.1999997219658628,0,0,0.66375,0.10248399536469861,0.4628813690851907,0.8646186309148092,0.057069338427272465,28.0,28.05718936583642,0.13118138668458643,False
betti,low,rel,0.02,0.4,40,10,0.343576,0.01999994106771199,0,0,0.87125,0.07523644437351378,0.7237865690279129,1.0,0.0001606560742506487,12.0,13.659416862050705,0.0010986040371551713,False
betti,low,rel,0.04,0.4,40,10,0.68716,0.040000447129971785,0,0,0.7825,0.09161950909760525,0.6029257621686936,0.9620742378313063,0.0031199366738163675,20.0,18.83002632640585,0.013011395097081713,False
betti,low,rel,0.06,0.4,40,10,1.030734,0.0600001882668543,0,0,0.66,0.10266922163097905,0.45876832560328107,0.861231674396719,0.061398122460088536,24.0,24.977753031397178,0.13726022569202484,False
betti,low,rel,0.08,0.4,40,10,1.374298,0.07999934675915547,0,0,0.63125,0.10380480869196086,0.42779257496375667,0.8347074250362433,0.1029379142123023,28.0,27.102490065109716,0.20157577783222325,False
betti,low,rel,0.1,0.4,40,10,1.717888,0.10000013082979377,0,0,0.535,0.1041752929843759,0.33081642575062326,0.7391835742493769,0.3714324973623738,31.0,32.666666666666664,0.554546119468406,False
betti,low,rel,0.12,0.4,40,10,2.061462,0.12000001478490636,0,0,0.58,0.10463681170629084,0.3749118490556699,0.78508815094433,0.22190027398718765,30.0,33.58159766429763,0.37321299895022253,False
betti,low,rel,0.14,0.4,40,10,2.40504,0.14000005479975935,0,0,0.6125,0.10428218623318157,0.40810691498296414,0.816893085017036,0.13936168664856796,37.0,38.17170431975999,0.25882824233405577,False
betti,low,rel,0.16,0.4,40,10,2.748616,0.16000005699902115,0,0,0.67,0.10215578070786634,0.46977466981258204,0.8702253301874181,0.05057731128023352,37.0,37.15341203315725,0.11968676715169763,False
betti,low,rel,0.18,0.4,40,10,3.092194,0.18000002564447024,0,0,0.78,0.09196090310230838,0.5997566299194756,0.9602433700805244,0.003372076792652113,35.0,37.24010148261327,0.013937917409628733,False
betti,low,rel,0.2,0.4,40,10,3.4357639999999994,0.19999977215068362,0,0,0.7325,0.09745604398391211,0.5414861537915323,0.9235138462084678,0.012336734346170657,37.0,40.27011432771667,0.0408297613592125,False
betti,low,rel,0.02,0.5,40,10,0.3466560000000001,0.01999985706008775,0,0,0.8075,0.08788643728693103,0.6352425829176152,0.9797574170823848,0.0014475978970521556,15.0,17.501960501698512,0.006939515692054148,False
betti,low,rel,0.04,0.5,40,10,0.693324,0.04000045222695113,0,0,0.66375,0.10248399536469861,0.4628813690851907,0.8646186309148092,0.05720892648966655,25.0,26.29629553390357,0.13118138668458643,False
betti,low,rel,0.06,0.5,40,10,1.039972,0.05999988244777699,0,0,0.54875,0.1044311416508719,0.34406496236429107,0.7534350376357088,0.32226590835960367,36.0,38.20449666674185,0.49887187031619973,False
betti,low,rel,0.08,0.5,40,10,1.3866260000000004,0.0799995111719844,0,0,0.54375,0.10434967355522622,0.33922463983175655,0.7482753601682434,0.3399106073398498,36.0,40.77374589361361,0.5173762108446159,False
betti,low,rel,0.1,0.5,40,10,1.733288,0.09999987782989958,0,0,0.47875,0.10210290001535205,0.27862831596991,0.67887168403009,0.5864955367896811,40.0,45.19354670786373,0.7682265481893007,False
betti,low,rel,0.12,0.5,40,10,2.079952,0.12000010432403807,0,0,0.48875,0.10259039326321769,0.2876728292040933,0.6898271707959067,0.5483298751187611,44.0,49.148060654718904,0.7390533099426779,False
betti,low,rel,0.14,0.5,40,10,2.426612,0.1400002652060609,0,0,0.6625,0.10254670775208181,0.4615084528059196,0.8634915471940803,0.05870841658688074,45.0,47.60675157813581,0.13316787177024167,False
betti,low,rel,0.16,0.5,40,10,2.773266,0.15999992069280303,0,0,0.7525,0.09536308772017507,0.5655883480684568,0.9394116519315431,0.007344754744238377,46.0,50.64999018452742,0.02743221651462526,False
betti,low,rel,0.18,0.5,40,10,3.1199199999999996,0.17999984363421903,0,0,0.68875,0.10102186285285651,0.4907471488084012,0.8867528511915987,0.034341149880936346,53.0,57.173075568988054,0.08848762540658964,False
betti,low,rel,0.2,0.5,40,10,3.46659,0.20000047717251668,0,0,0.8025,0.08868117913105483,0.6286848889031325,0.9763151110968675,0.001713655013020665,59.0,58.18270774321203,0.008008538503061399,False
betti,low,rel,0.02,0.6,40,10,0.34437799999999996,0.020000419509512795,0,0,0.88375,0.07208934186789392,0.7424548899389279,1.0,0.00010071089959078303,19.0,19.31835016617617,0.0007485257528053469,False
betti,low,rel,0.04,0.6,40,10,0.6887540000000001,0.04000038870295751,0,0,0.71125,0.09935462491656503,0.5165149351635325,0.9059850648364676,0.020631405837837697,39.0,39.59259106780714,0.05958760071176726,False
betti,low,rel,0.06,0.6,40,10,1.033128,0.060000510660346326,0,0,0.54375,0.10434967355522622,0.33922463983175655,0.7482753601682434,0.33965172925638293,54.0,52.516766268023154,0.5173762108446159,False
betti,low,rel,0.08,0.6,40,10,1.377494,0.07999990091881805,0,0,0.44875,0.10033519808807337,0.2520930117473762,0.6454069882526238,0.6949050487377118,51.0,60.52584109589789,0.8459027311599668,False
betti,low,rel,0.1,0.6,40,10,1.721868,0.10000006446440138,0,0,0.59625,0.10453328719578822,0.39136475709625507,0.8011352429037448,0.1780645852324047,53.0,56.868965346424716,0.31458881062526284,False
betti,low,rel,0.12,0.6,40,10,2.0662439999999997,0.12000026123924672,0,0,0.54125,0.10430397359544841,0.33681421175292114,0.7456857882470789,0.34881080178888535,58.0,65.18769133084517,0.5291909390924362,False
betti,low,rel,0.14,0.6,40,10,2.410616,0.14000006303300386,0,0,0.67375,0.10194703865042186,0.4739338042451731,0.8735661957548269,0.046988402310064646,57.0,62.25389232834735,0.11291786601643442,False
betti,low,rel,0.16,0.6,40,10,2.754994,0.16000035724700623,0,0,0.65125,0.10306770350659464,0.4492373011270745,0.8532626988729255,0.07260189482634567,62.0,64.32617599892268,0.15456925119877665,False
betti,low,rel,0.18,0.6,40,10,3.0993580000000005,0.17999981124067407,0,0,0.75125,0.09550297656280475,0.5640641659369027,0.9384358340630973,0.007617269482495001,67.0,70.9876500843094,0.027934857478419662,False
betti,low,rel,0.2,0.6,40,10,3.443738,0.20000009950559214,0,0,0.76125,0.09434880240956671,0.5763263472772493,0.9461736527227507,0.005805282985126084,69.0,74.50011223312748,0.022495471567363576,False
betti,low,rel,0.02,0.7,40,10,0.346794,0.01999988363234768,0,0,0.705,0.09985225944018694,0.5092895714972335,0.9007104285027664,0.02395924043365096,31.0,35.12048361606612,0.06625964209356268,False
betti,low,rel,0.04,0.7,40,10,0.6935919999999999,0.040000181628170574,0,0,0.715,0.09904300409228223,0.5208757119791267,0.9091242880208732,0.018927405255532073,42.0,44.60498013021943,0.05623797727682053,False
betti,low,rel,0.06,0.7,40,10,1.040382,0.05999990653652082,0,0,0.615,0.10423025609183463,0.4107086980600041,0.8192913019399959,0.1346092057498135,63.0,60.703827890115114,0.2522830457307959,False
betti,low,rel,0.08,0.7,40,10,1.3871719999999998,0.07999954326855317,0,0,0.51875,0.10374484159507934,0.31541011047364453,0.7220898895263556,0.43252614553444935,70.0,68.11080417199781,0.6141210921328822,False
betti,low,rel,0.1,0.7,40,10,1.7339700000000002,0.09999984207870546,0,0,0.59375,0.10455874435082217,0.38881486107238855,0.7986851389276115,0.18451598579920436,58.0,65.95466234355347,0.3225561405888347,False
betti,low,rel,0.12,0.7,40,10,2.080768,0.12000003829034372,0,0,0.58125,0.10463402109507983,0.3761673186536436,0.7863326813463565,0.21866465299702775,72.0,78.99007548164828,0.369742049613156,False
betti,low,rel,0.14,0.7,40,10,2.427558,0.13999972383212317,0,0,0.71,0.09945631528229266,0.5150656220467064,0.9049343779532936,0.02136994272661767,73.0,77.91091269742411,0.061150913033090566,False
betti,low,rel,0.16,0.7,40,10,2.774358,0.16000001252400697,0,0,0.76125,0.09434880240956671,0.5763263472772493,0.9461736527227507,0.005803279787940299,72.0,78.20498013021944,0.022495471567363576,False
betti,low,rel,0.18,0.7,40,10,3.12115,0.18000000834153554,0,0,0.72875,0.09781482926595542,0.5370329346387274,0.9204670653612727,0.013628535934389686,84.0,88.52995786880207,0.04385653432173844,False
betti,low,rel,0.2,0.7,40,10,3.4679540000000006,0.200000567733464,0,0,0.74375,0.0963165606496898,0.554969541126608,0.932530458873392,0.009304466181426623,89.0,99.89925925011408,0.033027303621094496,False
betti,low,rel,0.02,0.8,40,10,0.343552,0.020000053598647777,0,0,0.83625,0.08280212212082173,0.6739578406431894,0.9985421593568107,0.0005643395841567239,28.0,31.273381065928277,0.0031616615256973087,False
betti,low,rel,0.04,0.8,40,10,0.687098,0.03999980878283194,0,0,0.63875,0.10355636071657341,0.4357795329955162,0.8417204670044839,0.09095851497576052,47.0,52.81199725166843,0.18291381474727814,False
betti,low,rel,0.06,0.8,40,10,1.0306579999999999,0.06000035501546781,0,0,0.50125,0.10312776693856282,0.29911957680041684,0.703380423199583,0.5,66.0,67.50103090044445,0.687869822485207,False
betti,low,rel,0.08,0.8,40,10,1.3742,0.07999989144525081,0,0,0.59875,0.10450433793270324,0.39392149765190165,0.8035785023480984,0.1718474725263225,71.0,74.67453272030747,0.307695293774265,False
betti,low,rel,0.1,0.8,40,10,1.7177580000000003,0.10000019895262204,0,0,0.53375,0.10414708940401293,0.32962170476813457,0.7378782952318653,0.3761762843200394,78.0,84.04282337045463,0.5606473468231357,False
betti,low,rel,0.12,0.8,40,10,2.0613,0.11999986380103554,0,0,0.58,0.10463681170629084,0.3749118490556699,0.78508815094433,0.22231710975143343,86.0,93.45460702811627,0.37321299895022253,False
betti,low,rel,0.14,0.8,40,10,2.404852,0.14000001381622562,0,0,0.63125,0.10380480869196086,0.42779257496375667,0.8347074250362433,0.10352286133778188,102.0,107.80495884916562,0.2022610526137335,False
betti,low,rel,0.16,0.8,40,10,2.748406,0.16000016489728697,0,0,0.73875,0.09683481447351239,0.5489537636319157,0.9285462363680843,0.010588666170990078,101.0,105.37979791558712,0.0364720723667436,False
betti,low,rel,0.18,0.8,40,10,3.091956,0.18000012871667606,0,0,0.7425,0.09644791625891247,0.5534620841325316,0.9315379158674685,0.009608046864449887,103.0,117.8697539617983,0.033592043548640586,False
betti,low,rel,0.2,0.8,40,10,3.435506,0.20000014268992597,0,0,0.77875,0.0921295194396757,0.5981761418982356,0.9593238581017645,0.003541448004562835,108.0,116.56259577703644,0.014509016053935843,False
betti,low,rel,0.02,0.9,40,10,0.343986,0.020000029915274414,0,0,0.84125,0.08182113844039243,0.6808805686568309,1.0,0.00048180348816267396,39.0,40.230722645215934,0.0027830884719955698,False
betti,low,rel,0.04,0.9,40,10,0.687972,0.04000041149111416,0,0,0.655,0.10290267238769485,0.4533107621201181,0.8566892378798819,0.06777124211522365,56.0,62.34235785801242,0.1472599419793411,False
betti,low,rel,0.06,0.9,40,10,1.0319539999999998,0.06000008645250174,0,0,0.50625,0.10332022439563983,0.3037423601845459,0.708757639815454,0.4806444307337593,77.0,86.12823483538797,0.6681688172609229,False
betti,low,rel,0.08,0.9,40,10,1.37593,0.07999971008446566,0,0,0.57625,0.10464005002717525,0.3711555019467365,0.7813444980532636,0.23327725308742991,80.0,88.3238075793812,0.3860281946108716,False
betti,low,rel,0.1,0.9,40,10,1.7199179999999998,0.10000004532400028,0,0,0.5525,0.10448352506904578,0.34771229086467026,0.7572877091353297,0.3093561353236718,89.0,99.74761492436079,0.4844181125568903,False
betti,low,rel,0.12,0.9,40,10,2.063898,0.11999976036065502,0,0,0.63375,0.10372568462291601,0.4304476581390847,0.8370523418609154,0.09922245483898334,96.0,107.81357704663242,0.196193956578335,False
betti,low,rel,0.14,0.9,40,10,2.407886,0.14000003103383402,0,0,0.675,0.10187547348947436,0.4753240719606303,0.8746759280393698,0.045895256064475407,109.0,112.59922479455535,0.11115257328115137,False
betti,low,rel,0.16,0.9,40,10,2.7518640000000003,0.15999962590373987,0,0,0.7325,0.09745604398391211,0.5414861537915323,0.9235138462084678,0.012409478158988657,113.0,124.98648401781386,0.04092487477964345,False
betti,low,rel,0.18,0.9,40,10,3.095852,0.17999999402747413,0,0,0.8025,0.08868117913105483,0.6286848889031325,0.9763151110968675,0.001730004249066108,110.0,127.18844499493743,0.008044519758157403,False
betti,low,rel,0.2,0.9,40,10,3.4398440000000003,0.20000042394727907,0,0,0.82625,0.08467469332018164,0.660287601092444,0.9922123989075561,0.0008068543572370097,130.0,135.8330429724056,0.0042634917740364715,False
betti,low,rel,0.02,1.0,40,10,0.344906,0.019999719465896272,0,0,0.71,0.09945631528229266,0.5150656220467064,0.9049343779532936,0.021359966883415016,44.0,48.53766522682392,0.061150913033090566,False
betti,low,rel,0.04,1.0,40,10,0.689822,0.04000027631300289,0,0,0.53625,0.10420267512078914,0.33201275676325326,0.7404872432367468,0.36701171741212324,71.0,79.28403865313003,0.5505175761181849,False
betti,low,rel,0.06,1.0,40,10,1.034732,0.06000018230040816,0,0,0.46875,0.10156443099136296,0.2696837152569286,0.6678162847430714,0.623907320824015,81.0,92.87277631198009,0.7906594057439803,False
betti,low,rel,0.08,1.0,40,10,1.379634,0.07999957588946251,0,0,0.59,0.10459040611348415,0.38500280401757103,0.7949971959824289,0.19451609737923953,96.0,108.83495141818157,0.33624529844366685,False
betti,low,rel,0.1,1.0,40,10,1.7245420000000002,0.09999956851345095,0,0,0.54875,0.1044311416508719,0.34406496236429107,0.7534350376357088,0.32238924092476995,116.0,122.50488182661451,0.49887187031619973,False
betti,low,rel,0.12,1.0,40,10,2.069458,0.11999996675464525,0,0,0.6425,0.10341961531998094,0.4397975539728373,0.8452024460271625,0.08516417103986934,115.0,132.21487180791834,0.1744552402358557,False
betti,low,rel,0.14,1.0,40,10,2.414368,0.13999996237940768,0,0,0.7225,0.09838994089077595,0.5296557158540791,0.915344284145921,0.015886082548200366,119.0,131.61508962972565,0.048920717780881924,False
betti,low,rel,0.16,1.0,40,10,2.7592839999999996,0.1600003083813452,0,0,0.75125,0.09550297656280475,0.5640641659369027,0.9384358340630973,0.007629520214536123,129.0,144.1951549262347,0.027934857478419662,False
betti,low,rel,0.18,1.0,40,10,3.10419,0.18000006477768743,0,0,0.73375,0.09733413582471351,0.5429750937835616,0.9245249062164385,0.012036552574719684,151.0,157.66142149154012,0.03997854962317609,False
betti,low,rel,0.2,1.0,40,10,3.449098,0.20000003349120563,0,0,0.8175,0.08622027893840038,0.6485082532807352,0.9864917467192648,0.001075352529531999,131.0,154.15431053258672,0.005464906297621635,False
betti,mid,rel,0.02,0.1,40,10,1.580984,0.02000008837148248,0,0,0.72,0.09861208355600148,0.5267203162302371,0.9132796837697629,0.01268183362723491,1.0,1.4327955589886447,0.04156654372838718,False
betti,mid,rel,0.04,0.1,40,10,3.1619539999999997,0.03999997626341149,0,0,0.5475,0.10441201824482292,0.34285244424014705,0.7521475557598529,0.3196907918176233,2.0,2.798411797560202,0.49801078122343323,False
betti,mid,rel,0.06,0.1,40,10,4.742934,0.06000001383082357,0,0,0.57875,0.10463874594511512,0.37365805794757434,0.7838419420524256,0.21811258807503042,4.0,3.947575581554535,0.3694803404549696,False
betti,mid,rel,0.08,0.1,40,10,6.323913999999999,0.08000005453526723,0,0,0.4875,0.10253225085548641,0.28653678832324664,0.6884632116767533,0.55523096724188,3.0,3.8856180831641267,0.7451151508440814,False
betti,mid,rel,0.1,0.1,40,10,7.904885999999999,0.09999995455394398,0,0,0.58875,0.10459922561599808,0.3837355177926438,0.7937644822073562,0.19072620897827142,4.0,5.14776785350999,0.3309242058764784,False
betti,mid,rel,0.12,0.1,40,10,9.485866,0.11999999525838763,0,0,0.6975,0.10041411563398664,0.5006883333573862,0.8943116666426139,0.02434652735717691,4.0,4.294437999475729,0.06698896580525007,False
betti,mid,rel,0.14,0.1,40,10,11.066846,0.1400000328257997,0,0,0.61625,0.10420294870664557,0.41201222053497466,0.8204877794650253,0.12565073012313216,4.0,4.037873166945364,0.23799425461204257,False
betti,mid,rel,0.16,0.1,40,10,12.647816000000002,0.15999992071772873,0,0,0.61,0.10433054750064677,0.4055121268987323,0.8144878731012677,0.1394332789347978,4.0,4.332183566158592,0.25882824233405577,False
betti,mid,rel,0.18,0.1,40,10,14.228800000000001,0.1800000090892112,0,0,0.6525,0.10301364640632465,0.45059325304360365,0.8544067469563963,0.06596241931648406,4.0,4.619003617456811,0.14492454231274376,False
betti,mid,rel,0.2,0.1,40,10,15.809784,0.20000009746069367,0,0,0.67875,0.1016547869814554,0.4795066175163474,0.8779933824836526,0.03782185018775042,4.0,4.199673171197595,0.0963680018482408,False
betti,mid,rel,0.02,0.2,40,10,1.5930039999999996,0.019999987415101075,0,0,0.87125,0.07523644437351378,0.7237865690279129,1.0,0.0001476605875516492,5.0,5.129822128134704,0.0010325138828799533,False
betti,mid,rel,0.04,0.2,40,10,3.1860119999999994,0.04000003716003392,0,0,0.6825,0.1014250559728188,0.4837068902932752,0.8812931097067248,0.03811417321435173,11.0,10.226465385804788,0.09660024594647834,False
betti,mid,rel,0.06,0.2,40,10,4.779016,0.06000002209138734,0,0,0.585,0.1046204989881772,0.37994382198317267,0.7900561780168273,0.20675465192006848,13.0,12.128805910838963,0.3547635171322208,False
betti,mid,rel,0.08,0.2,40,10,6.3720159999999995,0.07999999341368266,0,0,0.59625,0.10453328719578822,0.39136475709625507,0.8011352429037448,0.17698275710782807,11.0,11.731182235954577,0.3135123125910097,False
betti,mid,rel,0.1,0.2,40,10,7.965020000000001,0.09999996704225443,0,0,0.67,0.10215578070786634,0.46977466981258204,0.8702253301874181,0.04991151081077945,11.0,12.257990967870047,0.11841251289292064,False
betti,mid,rel,0.12,0.2,40,10,9.558026,0.1200000228655261,0,0,0.6925,0.10076763163644752,0.49499544199256285,0.8900045580074372,0.0308906801328364,13.0,12.57309617084627,0.081614581032778,False
betti,mid,rel,0.14,0.2,40,10,11.15103,0.1400000037767448,0,0,0.65375,0.1029586367785997,0.4519510719139446,0.8555489280860555,0.0684857419302498,12.0,12.974987019698517,0.14812032557007515,False
betti,mid,rel,0.16,0.2,40,10,12.744044,0.1600001208050148,0,0,0.75875,0.09464491774646196,0.5732459612169346,0.9442540387830655,0.005995766541967522,15.0,15.097618541248888,0.023137190390165124,False
betti,mid,rel,0.18,0.2,40,10,14.337038,0.17999999248089715,0,0,0.725,0.09816329969967588,0.5325999325886352,0.9174000674113647,0.01442846269658104,14.0,14.636557881996952,0.04547682937859396,False
betti,mid,rel,0.2,0.2,40,10,15.930042,0.20000000877801777,0,0,0.7375,0.0969614075742188,0.5474556411545313,0.9275443588454688,0.010741931185064162,15.0,14.731182235954577,0.03683037887749691,False
betti,mid,rel,0.02,0.3,40,10,1.5741900000000002,0.01999996839525248,0,0,0.83375,0.08328125329042502,0.6705187435507669,0.9969812564492331,0.0006080901701820966,8.0,9.415013163202925,0.0033662134420794636,False
betti,mid,rel,0.04,0.3,40,10,3.1483879999999997,0.04000006776043248,0,0,0.5475,0.10441201824482292,0.34285244424014705,0.7521475557598529,0.32628852738634473,17.0,18.695677714974302,0.5035631758819467,False
betti,mid,rel,0.06,0.3,40,10,4.72257,0.05999994855132188,0,0,0.54625,0.1043920651823095,0.3416415522426734,0.7508584477573266,0.3307633697530392,20.0,20.180525927469546,0.5081406554433466,False
betti,mid,rel,0.08,0.3,40,10,6.296769999999999,0.08000006572737542,0,0,0.5525,0.10448352506904578,0.34771229086467026,0.7572877091353297,0.3090346201445622,20.0,21.59161362540952,0.4844181125568903,False
betti,mid,rel,0.1,0.3,40,10,7.8709620000000005,0.10000006151412762,0,0,0.545,0.10437128333289815,0.3404322846675197,0.7495677153324805,0.33530299919449974,24.0,25.702777295692066,0.5124603038682064,False
betti,mid,rel,0.12,0.3,40,10,9.445152,0.12000005448318901,0,0,0.6575,0.10278787025303673,0.45603577430404796,0.858964225695952,0.06427219966668059,21.0,23.993647190240807,0.14197896838482885,False
betti,mid,rel,0.14,0.3,40,10,11.019336000000001,0.13999995459970363,0,0,0.6,0.10448855029550913,0.3952024414208021,0.8047975585791979,0.16848100343103856,27.0,28.180525927469546,0.30329026442354295,False
betti,mid,rel,0.16,0.3,40,10,12.593520000000003,0.15999985598889643,0,0,0.645,0.10332377769889893,0.4424853957101581,0.8475146042898419,0.08125279098258481,24.0,25.512021982031623,0.16758139956162346,False
betti,mid,rel,0.18,0.3,40,10,14.16772,0.17999999632955113,0,0,0.71375,0.09914797310659293,0.5194199727110779,0.9080800272889221,0.019460252791083273,26.0,27.8878405775519,0.0572722629610995,False
betti,mid,rel,0.2,0.3,40,10,15.741908,0.1999999519586785,0,0,0.6575,0.10278787025303673,0.45603577430404796,0.858964225695952,0.06448422253721393,28.0,28.705551702879948,0.14210977952513973,False
betti,mid,rel,0.02,0.4,40,10,1.590744,0.020000021060124044,0,0,0.765,0.09389499915239916,0.5809658016612976,0.9490341983387024,0.005174765260342553,19.0,18.462364471909154,0.02056637475264348,False
betti,mid,rel,0.04,0.4,40,10,3.18147,0.03999985135627517,0,0,0.51875,0.10374484159507934,0.31541011047364453,0.7220898895263556,0.43250362609354753,27.0,28.963513009515875,0.6141210921328822,False
betti,mid,rel,0.06,0.4,40,10,4.772232,0.060000104055242136,0,0,0.52375,0.10389197826241366,0.3201217226056693,0.7273782773943308,0.4135126568181533,28.0,32.36160278278567,0.5971681566238302,False
betti,mid,rel,0.08,0.4,40,10,6.362972000000001,0.08000008486253679,0,0,0.61125,0.10430681218728988,0.40680864811291184,0.8156913518870881,0.14267259776423502,31.0,33.604760286167306,0.2628609883609694,False
betti,mid,rel,0.1,0.4,40,10,7.95371,0.10000004142351507,0,0,0.58,0.10463681170629084,0.3749118490556699,0.78508815094433,0.22191126697411623,34.0,37.0457926392574,0.37321299895022253,False
betti,mid,rel,0.12,0.4,40,10,9.544442,0.11999992433846263,0,0,0.5975,0.10451924976700089,0.3926422704566783,0.8023577295433217,0.17490055151736073,38.0,41.332854089099705,0.3105591536863241,False
betti,mid,rel,0.14,0.4,40,10,11.135193999999998,0.14000004969427135,0,0,0.615,0.10423025609183463,0.4107086980600041,0.8192913019399959,0.134534279302572,40.0,44.132896007185195,0.2522830457307959,False
betti,mid,rel,0.16,0.4,40,10,12.725934000000002,0.1600000213124223,0,0,0.605,0.10441661323243907,0.4003434380644194,0.8096565619355806,0.15689020387377722,40.0,43.408818954473055,0.2855340305334889,False
betti,mid,rel,0.18,0.4,40,10,14.316679999999998,0.18000009106671705,0,0,0.67125,0.10208718961758151,0.4711591083495402,0.8713408916504598,0.04939086096962107,44.0,44.36321777555374,0.1174769838919376,False
betti,mid,rel,0.2,0.4,40,10,15.90741,0.19999996068185028,0,0,0.70625,0.09975488872790375,0.5107304180933087,0.9017695819066914,0.023264572681278427,43.0,46.15341203315725,0.06497313091167849,False
betti,mid,rel,0.02,0.5,40,10,1.588412,0.02000000382340684,0,0,0.71875,0.09872147824970844,0.5252559026305714,0.9122440973694286,0.017326324147691752,26.0,27.972011423639515,0.05214718918237323,False
betti,mid,rel,0.04,0.5,40,10,3.176824,0.039999973238958014,0,0,0.54,0.10427988507663306,0.33561142524979926,0.7443885747502008,0.3533264393946566,44.0,41.08494466531302,0.535168711135229,False
betti,mid,rel,0.06,0.5,40,10,4.76524,0.06000003224075205,0,0,0.47125,0.1017038175603697,0.2719105175816754,0.6705894824183246,0.6146272104561135,45.0,43.69347150166335,0.7895107731956797,False
betti,mid,rel,0.08,0.5,40,10,6.353648,0.07999993168113952,0,0,0.52375,0.10389197826241366,0.3201217226056693,0.7273782773943308,0.4135228955545663,42.0,45.63427667918797,0.5971681566238302,False
betti,mid,rel,0.1,0.5,40,10,7.94207,0.10000009144367147,0,0,0.54625,0.1043920651823095,0.3416415522426734,0.7508584477573266,0.3311110077405033,49.0,53.11308759144123,0.5081406554433466,False
betti,mid,rel,0.12,0.5,40,10,9.530479999999999,0.12000003495267726,0,0,0.52,0.10378284583502194,0.31658562216335706,0.723414377836643,0.42776299866896367,49.0,53.408818954473055,0.6092183595132254,False
betti,mid,rel,0.14,0.5,40,10,11.118888000000002,0.13999999555635637,0,0,0.62,0.10411563774258063,0.41593335002454196,0.8240666499754581,0.12453206165628955,50.0,55.62491830033949,0.23635677008234549,False
betti,mid,rel,0.16,0.5,40,10,12.707298000000002,0.159999948882467,0,0,0.66375,0.10248399536469861,0.4628813690851907,0.8646186309148092,0.05737025709419401,55.0,57.965195959149355,0.13118138668458643,False
betti,mid,rel,0.18,0.5,40,10,14.29572,0.18000007689879038,0,0,0.70125,0.10013795998962628,0.5049795984203325,0.8975204015796676,0.026070713866504343,56.0,57.43106286602881,0.07070269046040313,False
betti,mid,rel,0.2,0.5,40,10,15.884124,0.19999998447495912,0,0,0.65625,0.10284575097385902,0.4546723280912363,0.8578276719087636,0.06617313067109504,66.0,65.57504789261485,0.14492454231274376,False
betti,mid,rel,0.02,0.6,40,10,1.5975219999999999,0.020000033885099567,0,0,0.6675,0.10229000709854781,0.4670115860868463,0.8679884139131537,0.053252596521699516,40.0,38.1668016188802,0.12446396242952837,False
betti,mid,rel,0.04,0.6,40,10,3.195036,0.03999996336488958,0,0,0.4525,0.1005811124822973,0.2553610195346973,0.6496389804653027,0.6819993039111775,56.0,56.401851762554344,0.8368434607570115,False
betti,mid,rel,0.06,0.6,40,10,4.792562,0.0600000448034801,0,0,0.4225,0.09841485863105537,0.22960687708313146,0.6153931229168685,0.7779898537106055,65.0,69.75645245912736,0.8965682329006978,False
betti,mid,rel,0.08,0.6,40,10,6.390082,0.08000004745990326,0,0,0.43375,0.09928046157842017,0.23916029530629648,0.6283397046937036,0.7438888917275175,64.0,70.76050130677807,0.8702096469265299,False
betti,mid,rel,0.1,0.6,40,10,7.987595999999999,0.09999997695811504,0,0,0.45,0.10041795997333237,0.2531807984522686,0.6468192015477314,0.690563738560425,72.0,69.84907403878995,0.8428140116288652,False
betti,mid,rel,0.12,0.6,40,10,9.585107999999998,0.11999986329439587,0,0,0.585,0.1046204989881772,0.37994382198317267,0.7900561780168273,0.20815326228720848,69.0,74.11401531791591,0.3558502461895292,False
betti,mid,rel,0.14,0.6,40,10,11.182638000000003,0.14000001473499024,0,0,0.62125,0.1040847322853579,0.4172439247206985,0.8252560752793014,0.12200738229369013,81.0,78.38769133084517,0.23251406871543404,False
betti,mid,rel,0.16,0.6,40,10,12.780154,0.15999994949414786,0,0,0.5875,0.1046071800783166,0.3824699270464995,0.7925300729535005,0.20125978394535332,77.0,78.58540021607885,0.3466140723503307,False
betti,mid,rel,0.18,0.6,40,10,14.377674000000003,0.1799999840103297,0,0,0.68375,0.1013464559145458,0.4851109464074902,0.8823890535925097,0.03826804305598968,79.0,84.05108692227826,0.09660024594647834,False
betti,mid,rel,0.2,0.6,40,10,15.975189999999998,0.19999991237092454,0,0,0.73625,0.0970868223183854,0.5459598282559646,0.9265401717440354,0.011266550962683199,79.0,82.97374589361361,0.037690260414731565,False
betti,mid,rel,0.02,0.7,40,10,1.59587,0.0200000422284744,0,0,0.65875,0.10272902791658373,0.45740110528349587,0.860098894716504,0.0630635337595162,58.0,53.12024263468116,0.13981050448555274,False
betti,mid,rel,0.04,0.7,40,10,3.191726,0.03999989920425315,0,0,0.39875,0.09637772438586337,0.2098496602037078,0.5876503397962922,0.8402757808716871,66.0,72.76374926141727,0.9358760194139748,False
betti,mid,rel,0.06,0.7,40,10,4.787596000000001,0.05999997423942807,0,0,0.3975,0.09626261652822467,0.20882527160467967,0.5861747283953204,0.8430051075535886,85.0,86.17298914956262,0.9377927631876045,False
betti,mid,rel,0.08,0.7,40,10,6.383461999999998,0.08000001135719687,0,0,0.43375,0.09928046157842017,0.23916029530629648,0.6283397046937036,0.7438736754060855,81.0,84.98755952371954,0.8702096469265299,False
betti,mid,rel,0.1,0.7,40,10,7.979336000000001,0.10000009687351233,0,0,0.445,0.10008217192999323,0.24883894301721327,0.6411610569827868,0.7074422949387028,93.0,94.14500203620494,0.8501739679534962,False
betti,mid,rel,0.12,0.7,40,10,9.575192000000001,0.11999995936304514,0,0,0.4875,0.10253225085548641,0.28653678832324664,0.6884632116767533,0.5530808814610776,91.0,93.73219261181492,0.7433245032939482,False
betti,mid,rel,0.14,0.7,40,10,11.171064000000001,0.14000003066271416,0,0,0.57875,0.10463874594511512,0.37365805794757434,0.7838419420524256,0.22599689858776373,93.0,92.32882800593795,0.3780163951198206,False
betti,mid,rel,0.16,0.7,40,10,12.766926000000002,0.15999999495007755,0,0,0.63,0.10384299287365496,0.42646773396763626,0.8335322660323637,0.10569566287117638,98.0,95.7908465928768,0.20607330496896023,False
betti,mid,rel,0.18,0.7,40,10,14.362791999999999,0.17999998450859483,0,0,0.67625,0.10180291163929649,0.47671629318697895,0.8757837068130211,0.04472365936035324,97.0,99.95492062196254,0.10945527159244345,False
betti,mid,rel,0.2,0.7,40,10,15.958658,0.19999997306946898,0,0,0.7575,0.09479106771957473,0.5717095072696334,0.9432904927303665,0.006446581993466067,94.0,102.77628402560869,0.024570988745587878,False
betti,mid,rel,0.02,0.8,40,10,1.5881740000000002,0.02000000804057741,0,0,0.68375,0.1013464559145458,0.4851109464074902,0.8823890535925097,0.0382079095996909,60.0,57.80691069593293,0.09660024594647834,False
betti,mid,rel,0.04,0.8,40,10,3.1763500000000007,0.039999985125498336,0,0,0.4475,0.10025164601198605,0.2510067738165074,0.6439932261834926,0.6991572538248323,93.0,88.37237667092074,0.8468265454887608,False
betti,mid,rel,0.06,0.8,40,10,4.764526,0.06000002671124914,0,0,0.35875,0.0923015138088224,0.17783903293470812,0.5396609670652919,0.9167671030398628,92.0,90.94406634602402,0.9710631045866428,False
betti,mid,rel,0.08,0.8,40,10,6.3526940000000005,0.07999993972264365,0,0,0.385,0.095068072540144,0.19866657782131777,0.5713334221786822,0.8705477022821335,93.0,96.76937427162426,0.9491317269898993,False
betti,mid,rel,0.1,0.8,40,10,7.940880000000001,0.10000009856590551,0,0,0.415,0.09780231066585782,0.22330747109491866,0.6066925289050813,0.7988590065840564,104.0,109.352450029965,0.910464308974476,False
betti,mid,rel,0.12,0.8,40,10,9.529046,0.11999994873386875,0,0,0.50625,0.10332022439563983,0.3037423601845459,0.708757639815454,0.4806504717715671,111.0,119.45752222392271,0.6681688172609229,False
betti,mid,rel,0.14,0.8,40,10,11.117212,0.1399998628725916,0,0,0.59875,0.10450433793270324,0.39392149765190165,0.8035785023480984,0.1720446803899116,114.0,120.49398833046098,0.307695293774265,False
betti,mid,rel,0.16,0.8,40,10,12.705406,0.16000012150032997,0,0,0.63875,0.10355636071657341,0.4357795329955162,0.8417204670044839,0.09106354433117181,112.0,118.19006829861635,0.18291381474727814,False
betti,mid,rel,0.18,0.8,40,10,14.293578,0.1800000909129974,0,0,0.70875,0.099556920262194,0.5136184362860998,0.9038815637139002,0.02199137935264212,120.0,128.84222213835847,0.06235360609133284,False
betti,mid,rel,0.2,0.8,40,10,15.881742000000004,0.19999994197470733,0,0,0.7825,0.09161950909760525,0.6029257621686936,0.9620742378313063,0.003177747588031366,117.0,125.78943304885222,0.01319332703959451,False
betti,mid,rel,0.02,0.9,40,10,1.5894920000000001,0.020000029201616854,0,0,0.6725,0.1020176098076545,0.4725454847769972,0.8724545152230028,0.04815552799156478,69.0,64.66582198924327,0.11483241290296216,False
betti,mid,rel,0.04,0.9,40,10,3.1789840000000003,0.040000018423891476,0,0,0.345,0.09071208555473295,0.1672043123127234,0.5227956876872766,0.9352993139782565,102.0,102.1518153461779,0.9782528810795655,False
betti,mid,rel,0.06,0.9,40,10,4.7684679999999995,0.059999953663259734,0,0,0.32875,0.08870833222811109,0.15488166883290225,0.5026183311670978,0.9529799802010469,113.0,119.92864297631445,0.9782528810795655,False
betti,mid,rel,0.08,0.9,40,10,6.357954000000001,0.07999986320862539,0,0,0.36125,0.09258010872964974,0.17979298688988654,0.5427070131101135,0.9128825809944012,120.0,134.84539597393393,0.9680949871989789,False
betti,mid,rel,0.1,0.9,40,10,7.947454000000001,0.09999999759186894,0,0,0.4675,0.10149354677599932,0.2685726483190414,0.6664273516809587,0.6283736358251063,132.0,134.2108446940626,0.7909427101201568,False
betti,mid,rel,0.12,0.9,40,10,9.536948,0.12000003642619314,0,0,0.5175,0.10370602505543723,0.314236190891343,0.7207638091086569,0.43735210830489407,131.0,138.23252031311176,0.619082893034325,False
betti,mid,rel,0.14,0.9,40,10,11.126438000000002,0.14000001379081295,0,0,0.59625,0.10453328719578822,0.39136475709625507,0.8011352429037448,0.17826699268764895,124.0,131.9264355511075,0.31458881062526284,False
betti,mid,rel,0.16,0.9,40,10,12.71593,0.16000003584446215,0,0,0.65375,0.1029586367785997,0.4519510719139446,0.8555489280860555,0.06946503495775845,136.0,142.44400992832908,0.14988975060490803,False
betti,mid,rel,0.18,0.9,40,10,14.305416000000001,0.17999996253594258,0,0,0.7525,0.09536308772017507,0.5655883480684568,0.9394116519315431,0.007380596238535803,135.0,139.76569184842504,0.027455818007353187,False
betti,mid,rel,0.2,0.9,40,10,15.894910000000003,0.2000000069397138,0,0,0.79875,0.08926101521222882,0.6237984101840315,0.9737015898159684,0.0019459212359937946,141.0,158.3302219376103,0.008871111517030534,False
betti,mid,rel,0.02,1.0,40,10,1.5890660000000003,0.01999996590773708,0,0,0.53,0.10405755758288796,0.32604718713753966,0.7339528128624604,0.3900723351281389,94.0,88.97888294315436,0.5731185365906097,False
betti,mid,rel,0.04,1.0,40,10,3.1781420000000002,0.04000006714576064,0,0,0.32875,0.08870833222811109,0.15488166883290225,0.5026183311670978,0.9530076454388026,115.0,113.6741708809684,0.9782528810795655,False
betti,mid,rel,0.06,1.0,40,10,4.767208,0.060000014178787225,0,0,0.31625,0.08707386748248264,0.145585219734334,0.4869147802656659,0.9637298649418756,128.0,139.16208983671748,0.98128165351137,False
betti,mid,rel,0.08,1.0,40,10,6.3562720000000015,0.0799999797188362,0,0,0.32875,0.08870833222811109,0.15488166883290225,0.5026183311670978,0.9529167488075754,135.0,141.36487297671118,0.9782528810795655,False
betti,mid,rel,0.1,1.0,40,10,7.9453499999999995,0.10000010295976264,0,0,0.4075,0.09716137647118465,0.21706370211647805,0.5979362978835219,0.8185225242732986,145.0,151.29773653926432,0.9215810503319222,False
betti,mid,rel,0.12,1.0,40,10,9.534414,0.12000006086196077,0,0,0.50375,0.10322560625876834,0.3014278117328141,0.706072188267186,0.49032308612257575,150.0,156.89454750247143,0.6775651329481776,False
betti,mid,rel,0.14,1.0,40,10,11.123483999999998,0.14000006239536275,0,0,0.57,0.10462840496051934,0.36492832627738203,0.7750716737226179,0.2523179468313058,155.0,163.42172563237608,0.41089832281724675,False
betti,mid,rel,0.16,1.0,40,10,12.712548000000002,0.16000000990998622,0,0,0.6875,0.10110454597232434,0.48933508989424435,0.8856649101057557,0.03533894513146002,157.0,163.51735640416166,0.09053779331200501,False
betti,mid,rel,0.18,1.0,40,10,14.301617999999998,0.18000001938561208,0,0,0.68875,0.10102186285285651,0.4907471488084012,0.8867528511915987,0.034444409781147024,159.0,178.97324579993887,0.0884897820344385,False
betti,mid,rel,0.2,1.0,40,10,15.890672,0.1999998248354592,0,0,0.825,0.08490067672827281,0.6585946736125853,0.9914053263874146,0.0008405968329485546,165.0,177.81384911611204,0.004391882329450313,False
