feature,mu_level,noise_arm,noise_level,sample_ratio,n,sigma,nsr,rho_all,p_all,rho_pos,p_pos,kw_H,kw_p,eps_sq,n_inversions,spread,p_all_bh,p_pos_bh,kw_p_bh,ranks_dose,monotone
barcode_mean_len,high,abs,0.0,0.1,50,0.0,0.0,0.4621042425659662,0.000729244617296035,0.03985845858204769,0.8070834362818722,21.020003975945503,0.00031379031161955513,0.37822231057656674,2,5.948333333333333,0.0015172203447098714,0.8946216874161397,0.0006029441938144345,False,False
barcode_mean_len,high,abs,5.0,0.1,50,2.2361,0.008792039789480949,0.4483715694714153,0.0010926323125398179,0.15926083504672833,0.3262980844796707,19.087147766323017,0.0007555554986719191,0.3352699503627337,2,4.958822086879184,0.002103826191846854,0.5019067135187893,0.0013723957300095404,False,False
barcode_mean_len,high,abs,10.0,0.1,50,3.1622999999999997,0.012433731687435985,0.45973177646320595,0.0007829501327344468,0.08634268251293455,0.5962825252862918,19.170851864522724,0.0007274627308864102,0.33713004143383835,2,5.32558780670166,0.0016129336176848043,0.7463563237096249,0.0013265496857340422,False,False
barcode_mean_len,high,abs,15.0,0.1,50,3.873,0.015228107018764689,0.4338987796899835,0.0016436896341456625,0.11245717647777476,0.4896380252344672,17.47990803484991,0.0015589891932384751,0.29955351188555357,2,5.062863504318964,0.0030032050289891276,0.6548058361655582,0.0026849258327995957,False,False
barcode_mean_len,high,abs,20.0,0.1,50,4.472100000000001,0.017583686392620076,0.42876085784129947,0.0018920800714906053,0.0038844106108958127,0.9810215471907328,16.926340133404725,0.001997692254123497,0.28725200296454945,2,5.501709772745768,0.0034101443148958585,0.9874420472781524,0.0033414636624727557,False,False
barcode_mean_len,high,abs,25.0,0.1,50,5.0,0.019659317091098225,0.5347482693004673,6.320564765098527e-05,0.22965375039485533,0.1540027180600325,17.8095788964182,0.0013444489864014128,0.3068795310315155,2,5.858928426106771,0.00016699219407788723,0.30408179999114693,0.002337079546454792,False,False
barcode_mean_len,high,abs,30.0,0.1,50,5.477199999999999,0.02153560231427264,0.43697859408989637,0.0015091294728082514,0.07561775659712443,0.6428280256213802,14.426898413769798,0.006050125586799901,0.23170885363932886,2,6.067973000662667,0.0027957976289077167,0.7880381595069959,0.009075188380199852,False,False
barcode_mean_len,high,abs,35.0,0.1,50,5.916100000000001,0.02326129716852924,0.39355898384579013,0.00469002137328365,0.09119339501366118,0.5757270850329211,13.228814133591447,0.010210231764292534,0.20508475852425437,2,5.066017005557105,0.007665588536298408,0.7292682601954149,0.01472172952060784,False,False
barcode_mean_len,high,abs,40.0,0.1,50,6.324599999999999,0.02486746337487197,0.343691029059469,0.014535654708769845,-0.03490050304482665,0.8307062798237339,14.926560917988526,0.004855983614909196,0.24281246484418947,1,6.049541282653808,0.022160916195337634,0.9101324606371831,0.00740483196800054,False,False
barcode_mean_len,high,abs,45.0,0.1,50,6.708199999999998,0.026375726182101017,0.3166867339190822,0.025046020578767106,0.10755935145075503,0.508859573895304,12.79206884913936,0.012337764243107778,0.19537930775865245,2,3.46934547151838,0.03627340658768005,0.674130204733095,0.01750549231508113,False,False
barcode_mean_len,high,abs,50.0,0.1,50,7.0711,0.027802599416572937,0.18922932786540564,0.18812787828508434,0.0474811551449279,0.771098069917061,10.054832972843077,0.03951408806182351,0.13455184384095725,1,3.388623174031575,0.22517236397056428,0.8734238583619429,0.05125258284169576,False,False
barcode_mean_len,high,abs,55.0,0.1,50,7.416200000000001,0.029159485482200532,0.40899232458076823,0.0031876523615484036,-0.016466097788958203,0.9196733651154466,16.36884913938573,0.0025621321349751313,0.2748633142085718,2,6.100113677978515,0.00545951509436467,0.9664364175789438,0.004151189696039847,False,False
barcode_mean_len,high,abs,60.0,0.1,50,7.746,0.030456214037529378,0.2744618360632046,0.0537467372824755,0.031977104485359606,0.8447057571837158,8.51788727640903,0.07434688816174674,0.10039749503131179,2,3.915538609822592,0.0724147719094357,0.9196352973460092,0.09219014132056597,False,False
barcode_mean_len,high,abs,65.0,0.1,50,8.0623,0.031699862436712245,0.45898052774499076,0.0008006821399151242,0.2703518833762221,0.09156149085936888,16.79418497947354,0.0021192518407101317,0.28431522176607865,1,5.634306189219158,0.0016401638548922148,0.21288046624803264,0.003525767820859432,False,False
barcode_mean_len,high,abs,70.0,0.1,50,8.3666,0.03289632847487648,0.3065051491335936,0.03039499959073604,0.09205530079118675,0.572108564763086,9.285488215488192,0.05434657870904063,0.11745529367751537,2,4.313858254750569,0.04315625896089239,0.7278535776055677,0.06904688278607621,False,False
barcode_mean_len,high,abs,75.0,0.1,50,8.6603,0.03405111676080759,0.34149665070689517,0.0152188361820848,-0.030999370331685136,0.849398647486282,12.790158409167498,0.012347960170637872,0.19533685353705552,1,4.927130562918526,0.023126662825717098,0.9196352973460092,0.01750549231508113,False,False
barcode_mean_len,high,abs,80.0,0.1,50,8.9443,0.03516776597158197,0.21112448927938815,0.14108477906266795,-0.25186988394494175,0.11691654965622733,14.20080998987511,0.006680977731627512,0.2266846664416691,1,5.029420280456543,0.17401703518339678,0.25068759228912,0.00994129486466174,False,False
barcode_mean_len,high,abs,85.0,0.1,50,9.219499999999998,0.03624981478427602,0.3384607261073795,0.01620901956052146,0.07373083001104522,0.6511651232956438,9.81423039690221,0.04367595276606321,0.12920511993116024,1,5.403691889444987,0.024511200311032454,0.7943416535752256,0.05618068613062072,False,False
barcode_mean_len,high,abs,90.0,0.1,50,9.486800000000002,0.03730080187596613,0.5273202360140997,8.330176116967348e-05,0.30634886006014506,0.05453136986217957,15.761694228822124,0.0033561856731087,0.2613709828627139,1,6.344392356872557,0.00021519621635498982,0.14893637945725174,0.005290258772866256,False,False
barcode_mean_len,high,abs,95.0,0.1,50,9.7468,0.03832308636470324,0.2784514461853637,0.050222284468458465,0.011623127851029322,0.9432525864369302,7.518750300408534,0.11088532037150374,0.07819445112018965,2,4.114818922678631,0.06788768104021276,0.9703842663866575,0.13375272107068545,False,False
barcode_mean_len,high,abs,100.0,0.1,50,10.0,0.03931863418219645,0.1853074765106822,0.1976165894106324,-0.09687303228651604,0.5520760083512004,6.1715741408315115,0.18669618035645846,0.048257203129589143,2,2.5623573811848965,0.23592224409741736,0.7082764076652006,0.21464253225847096,False,False
barcode_mean_len,high,abs,0.0,0.2,50,0.0,0.0,0.14462174439593994,0.3163217088133284,-0.6829228343197766,1.2036443229534227e-06,37.019212651413184,1.7849605276140211e-07,0.7337602811425152,3,6.434199134199135,0.36095606036367534,0.0003451486002716354,1.6435775155257818e-06,False,False
barcode_mean_len,high,abs,5.0,0.2,50,2.2361,0.008554687994029036,0.14993876301030773,0.2986649583620375,-0.6682985031449764,2.449284090234204e-06,35.39294117647057,3.8572705816935203e-07,0.6976209150326794,3,5.798348244561089,0.3420670089614469,0.0003796390339863016,2.614560522137653e-06,False,False
barcode_mean_len,high,abs,10.0,0.2,50,3.1622999999999997,0.012098067994954614,0.19207841535960993,0.18144189614739661,-0.5850033273906751,7.354549547364203e-05,33.013647058823494,1.1868203419457654e-06,0.6447477124182999,3,5.558428833866533,0.21801158064222073,0.002279910359682903,5.9661779351868214e-06,False,False
barcode_mean_len,high,abs,15.0,0.2,50,3.873,0.014817005769363827,0.2459779706901127,0.08508751942510943,-0.47458879208846155,0.0019742012567378585,28.9195294117647,8.117211432782407e-06,0.5537673202614377,3,4.96903191053162,0.110673277014478,0.013500052711516239,2.749930554388509e-05,False,False
barcode_mean_len,high,abs,20.0,0.2,50,4.472100000000001,0.01710899341625922,0.20089834259551034,0.16182951071717722,-0.571443647616719,0.00011746191891991342,32.228705882352926,1.7178527014894425e-06,0.6273045751633983,3,5.5161791661360215,0.19673391498950954,0.0028010149896287046,7.988015061925908e-06,False,False
barcode_mean_len,high,abs,25.0,0.2,50,5.0,0.019128589942375193,0.28419765537901465,0.04547791678099263,-0.35061457701229204,0.02654757780827596,24.44988235294116,6.488872704531556e-05,0.4544418300653591,3,5.141913481090003,0.061924542615407245,0.08881024230826129,0.000155132432267721,False,False
barcode_mean_len,high,abs,30.0,0.2,50,5.477199999999999,0.020954222566475486,0.19403839918981003,0.17694263427729667,-0.4939597631941131,0.0011980997610938904,26.372705882352903,2.6614017716366212e-05,0.4971712418300645,2,3.7548326762035633,0.2128805302430607,0.009860467060330249,7.322791856869993e-05,False,False
barcode_mean_len,high,abs,35.0,0.2,50,5.916100000000001,0.022633330191617177,0.22931810813341186,0.10916890942369568,-0.48427427764128733,0.0015435449029094575,28.577882352941174,9.522897384624478e-06,0.5461751633986928,3,3.312395976458581,0.13757057691603927,0.011576586771820932,3.106154509091092e-05,False,False
barcode_mean_len,high,abs,40.0,0.2,50,6.324599999999999,0.024196135989909228,0.3194773643226165,0.02372610912833979,-0.2886274694742072,0.07088505559627353,25.48611764705882,4.016458423923715e-05,0.47746928104575154,2,4.208900030984614,0.034639374394593414,0.17721263899068382,0.00010233715984243987,False,False
barcode_mean_len,high,abs,45.0,0.2,50,6.708199999999998,0.025663681410288252,0.31163742900181607,0.02759074145965238,-0.3389919943489011,0.03237108028472536,26.230588235294107,2.8430864665627e-05,0.4940130718954246,2,4.311227891480357,0.03947598393457956,0.10170643467836007,7.753872181534636e-05,False,False
barcode_mean_len,high,abs,50.0,0.2,50,7.0711,0.02705203446830585,0.22539814047301163,0.11552865514129602,-0.49589686030467817,0.0011378881975140822,28.4941176470588,9.90300607368617e-06,0.5443137254901955,3,4.686068446832301,0.14480006641698828,0.00970858737328529,3.1978457112944926e-05,False,False
barcode_mean_len,high,abs,55.0,0.2,50,7.416200000000001,0.02837228974612858,0.24205800302971248,0.09034021797692271,-0.466840403646201,0.0023916007785953,29.170823529411734,7.216962274071234e-06,0.5593516339869274,2,3.875214802456399,0.11620525963836531,0.01482792482729086,2.523223652212875e-05,False,False
barcode_mean_len,high,abs,60.0,0.2,50,7.746,0.029634011538727655,0.12739894896300655,0.3779597172405056,-0.610185589828022,2.9101429564719534e-05,29.87105882352938,5.199343235376231e-06,0.5749124183006529,3,3.525350456953392,0.4219718331736737,0.0015035738608438426,1.9264498840238624e-05,False,False
barcode_mean_len,high,abs,65.0,0.2,50,8.0623,0.03084408613848231,0.13523888428380698,0.34906329925274965,-0.46490330653563583,0.0025073449504734676,22.10729411764703,0.000190800956817476,0.40238431372548955,3,2.8966165965695625,0.3920638506099724,0.015141758467144967,0.00039084777497853013,False,False
barcode_mean_len,high,abs,70.0,0.2,50,8.3666,0.032008252122375264,0.24107801111461244,0.09169206477831426,-0.3293065087960754,0.03799171111313534,20.263529411764694,0.0004429906035130362,0.3614117647058821,2,3.3276199538504754,0.11761878654321692,0.11324452351030725,0.0008322853762972195,False,False
barcode_mean_len,high,abs,75.0,0.2,50,8.6603,0.03313186549559038,0.17443856088780899,0.22567153762282602,-0.5869404245012402,6.866970894574676e-05,31.44564705882354,2.482985069274669e-06,0.6099032679738564,3,3.67226179230053,0.2660006717227227,0.002279910359682903,1.0790542590773095e-05,False,False
barcode_mean_len,high,abs,80.0,0.2,50,8.9443,0.0342183694043173,0.29987752602061546,0.034363216800099024,-0.24794843015233908,0.12291856702518365,19.05882352941174,0.0007653025570453458,0.3346405228758164,3,4.187647103176145,0.04805682950991292,0.25804575018830883,0.0013873906004915624,False,False
barcode_mean_len,high,abs,85.0,0.2,50,9.219499999999998,0.035271206994745626,0.15385873067070793,0.2860638676711572,-0.46877750075676616,0.002280575772707779,21.926588235294105,0.00020727772875416917,0.3983686274509801,3,3.5566645193719264,0.328849687186868,0.014627141162884374,0.0004218124458235828,False,False
barcode_mean_len,high,abs,90.0,0.2,50,9.486800000000002,0.036293821413065,0.21069826174651088,0.14190781314162118,-0.3680484510073784,0.01945924740411049,21.696941176470574,0.00023026682948650202,0.3932653594771239,2,3.3213714350525603,0.1748003526115334,0.07267911681053316,0.00046053365897300404,False,False
barcode_mean_len,high,abs,95.0,0.2,50,9.7468,0.037288508090068506,0.14797877918010763,0.3050980155323104,-0.34092909145946626,0.031333431812001294,16.256941176470576,0.0026930728264704788,0.27237647058823505,2,2.6446583363366507,0.3490051100185101,0.10013777177031341,0.004332917444183071,False,False
barcode_mean_len,high,abs,100.0,0.2,50,10.0,0.038257179884750386,0.17737853663310918,0.21782511582684097,-0.49589686030467817,0.0011378881975140822,26.124235294117625,2.987068010970636e-05,0.4916496732026139,3,3.5099432764705423,0.2577320072760332,0.00970858737328529,8.005686600007756e-05,False,False
barcode_mean_len,high,abs,0.0,0.3,50,0.0,0.0,0.2486429569181746,0.08165521474064548,-0.4765258891990267,0.0018804605022060316,30.10262638895568,4.664534430047789e-06,0.5800583641990151,3,8.191608309990663,0.10665639004044986,0.013050957216803057,1.7530953651442062e-05,False,False
barcode_mean_len,high,abs,5.0,0.3,50,2.2361,0.00862968335854591,0.38513682263431986,0.00574711049157717,-0.20726939083047097,0.19938430873187035,27.776941176470558,1.3840887822117625e-05,0.5283764705882347,3,6.442604067924219,0.009263107031484866,0.3657345308099397,4.276420489890163e-05,False,False
barcode_mean_len,high,abs,10.0,0.3,50,3.1622999999999997,0.012204126686968266,0.4351164103044224,0.0015892631899127624,-0.10460324397051804,0.5206416815555198,25.03058823529409,4.960235845621344e-05,0.46734640522875753,2,6.5092979640334345,0.0029152165022068425,0.684861052116879,0.00012400589614053358,False,False
barcode_mean_len,high,abs,15.0,0.3,50,3.873,0.014946900249384337,0.4409963617950227,0.0013483902080002057,-0.09685485552825747,0.5521509629648069,26.19576470588234,2.8894544434142634e-05,0.4932392156862742,3,6.1180438666422425,0.0025282316400003857,0.7082764076652006,7.832125022472253e-05,False,False
barcode_mean_len,high,abs,20.0,0.3,50,4.472100000000001,0.017258980791446343,0.4037566690212208,0.003641167432932486,-0.16077906017690738,0.3216472515203678,24.46399999999997,6.446669257547313e-05,0.4547555555555549,2,5.523256577758281,0.006090441929185633,0.49689691680056824,0.00015452068065770623,False,False
barcode_mean_len,high,abs,25.0,0.3,50,5.0,0.01929628227392762,0.485095997974525,0.00035644101637273226,0.007748388442260596,0.9621531316641155,23.400470588235265,0.000105308673401745,0.4311215686274503,2,6.3268210802000535,0.0007930386249441172,0.9779261338225437,0.00023486107017655361,False,False
barcode_mean_len,high,abs,30.0,0.3,50,5.477199999999999,0.02113791945415127,0.47137611116312433,0.0005496835349912938,-0.013559679773956045,0.933817144982964,23.662117647058835,9.334669237261791e-05,0.43693594771241856,2,5.1742761853035395,0.0011860920824638126,0.9703842663866575,0.0002132983388366945,False,False
barcode_mean_len,high,abs,35.0,0.3,50,5.916100000000001,0.022831747112156648,0.45373625669132334,0.0009348509483225794,-0.06586130175921506,0.6863790881687026,24.150588235294094,7.45105662861315e-05,0.4477908496732021,2,5.718415701161136,0.0018616946080085627,0.816282035801654,0.00017526400556592278,False,False
barcode_mean_len,high,abs,40.0,0.3,50,6.324599999999999,0.024408253373936532,0.485095997974525,0.00035644101637273226,0.013559679773956045,0.933817144982964,23.521882352941162,9.957970876752892e-05,0.43381960784313695,2,5.326455942208674,0.0007930386249441172,0.9703842663866575,0.0002236935486806809,False,False
barcode_mean_len,high,abs,45.0,0.3,50,6.708199999999998,0.025888664149992257,0.4331564264742223,0.0016776807449435114,-0.060050010427519625,0.7128143594572259,22.75388235294116,0.0001417981461605853,0.41675294117647027,2,4.631676369220755,0.00304734979062005,0.833858307289585,0.0003045549097675389,False,False
barcode_mean_len,high,abs,50.0,0.3,50,7.0711,0.027289188317433922,0.49979587670102577,0.0002195189404492559,0.02905645665847724,0.8587392363951517,23.86070588235293,8.517731184725112e-05,0.4413490196078429,1,5.099604318471256,0.0005129462678839397,0.9264820067836324,0.0001990324121053858,False,False
barcode_mean_len,high,abs,55.0,0.3,50,7.416200000000001,0.028621017719980407,0.42629648306852197,0.002022651360071371,-0.09685485552825747,0.5521509629648069,23.595294117647057,9.62669276737487e-05,0.43545098039215685,2,4.679730243681998,0.0036104909114517757,0.7082764076652006,0.00021836156765021045,False,False
barcode_mean_len,high,abs,60.0,0.3,50,7.746,0.029893800498768674,0.4625561839272238,0.0007193979711864259,-0.009685485552825746,0.9527009964925695,22.85082352941177,0.0001356180535215223,0.4189071895424838,2,5.290295823080299,0.0015000899399178836,0.976859897175402,0.0002926329229118695,False,False
barcode_mean_len,high,abs,65.0,0.3,50,8.0623,0.031114483315417333,0.42335650732322183,0.0021888466001493776,-0.1104145353022135,0.4976084758363196,24.88752941176469,5.299837538651565e-05,0.46416732026143753,2,5.505971714873365,0.0038773854059788973,0.6611084036111103,0.0001303928283319036,False,False
barcode_mean_len,high,abs,70.0,0.3,50,8.3666,0.032288855054608566,0.4331564264742223,0.0016776807449435114,-0.05230162198525902,0.7485781156590099,22.68799999999996,0.00014615689573420733,0.415288888888888,2,3.9452052897434724,0.00304734979062005,0.8584188009406648,0.0003124733632938226,False,False
barcode_mean_len,high,abs,75.0,0.3,50,8.6603,0.03342231867537908,0.4488362971158231,0.0010780775166309505,-0.050364524874693874,0.757604165263162,22.27011764705881,0.00017707093606723228,0.4060026143790847,2,4.362157394355583,0.00208010807150785,0.8634459236455155,0.00036840261866336916,False,False
barcode_mean_len,high,abs,80.0,0.3,50,8.9443,0.03451834750853816,0.42825646689872204,0.0019181774374421048,-0.046490330653563575,0.7757506526956611,22.56658823529412,0.00015454055869104026,0.41259084967320264,2,4.637274906952397,0.003437196564202615,0.8734238583619429,0.00032813406297412656,False,False
barcode_mean_len,high,abs,85.0,0.3,50,9.219499999999998,0.03558041488489514,0.3243773238981167,0.021549851485128137,-0.17433873995086344,0.28196431134337446,27.061647058823496,1.9316490910490684e-05,0.5124810457516332,2,2.183092237246381,0.03191299662606555,0.4584384782331088,5.544548316900103e-05,False,False
barcode_mean_len,high,abs,90.0,0.3,50,9.486800000000002,0.03661199413525931,0.46549615967252395,0.0006582094552439403,0.046490330653563575,0.7757506526956611,18.077176470588228,0.001191965391267381,0.3128261437908495,2,3.979456129680603,0.0013849203470064806,0.8734238583619429,0.002099484495982319,False,False
barcode_mean_len,high,abs,95.0,0.3,50,9.7468,0.03761540081350355,0.4400163698799227,0.001386118619822625,-0.02130806821621664,0.8961665966991449,20.49976470588237,0.0003978145238168773,0.3666614379084971,2,4.066211170780903,0.0025885347719579142,0.950324897297839,0.0007572288236732408,False,False
barcode_mean_len,high,abs,100.0,0.3,50,10.0,0.03859256454785524,0.3959167337004204,0.004426469600578261,-0.13172260351843013,0.41782006766944396,25.02023529411764,4.984069260671723e-05,0.4671163398692809,2,4.043766965263055,0.007286047307146519,0.595057676772715,0.00012426767861728426,False,False
barcode_mean_len,high,abs,0.0,0.4,50,0.0,0.0,0.08822893412959558,0.5423366682023342,-0.7496565817887128,2.5972644399910495e-08,37.43033972418429,1.4686067643933235e-07,0.7428964383152065,3,7.64452267937749,0.5845884710973245,2.415455929191676e-05,1.4845698813975988e-06,False,False
barcode_mean_len,high,abs,5.0,0.4,50,2.2361,0.008624513683051638,0.41649656391752143,0.0026246030544110777,-0.1414080890712559,0.38409876947840577,31.912470588235294,1.993537889116499e-06,0.6202771241830065,2,7.322785909477294,0.004588121880831395,0.563425639771163,8.945047764971205e-06,False,False
barcode_mean_len,high,abs,10.0,0.4,50,3.1622999999999997,0.012196815714822323,0.3469171379454179,0.013578881964576316,-0.2808790810319466,0.0791498582946271,28.207058823529394,1.1323832760898371e-05,0.5379346405228754,2,6.847907261522677,0.020804547326286612,0.19473377834392383,3.59425408451723e-05,False,False
barcode_mean_len,high,abs,15.0,0.4,50,3.873,0.014937946198496935,0.46157619201212374,0.000740902883222073,-0.05230162198525902,0.7485781156590099,31.383529411764698,2.5565567113487607e-06,0.6085228758169933,2,6.796650966049186,0.001534609535404294,0.8584188009406648,1.1058594146764407e-05,False,False
barcode_mean_len,high,abs,20.0,0.4,50,4.472100000000001,0.017248641671649405,0.5027358524463259,0.00019870812490022696,0.030993553769042385,0.8494265810970129,30.777411764705874,3.3987139412469743e-06,0.5950535947712416,2,6.12670438690326,0.00046784444596762294,0.9196352973460092,1.345022963982845e-05,False,False
barcode_mean_len,high,abs,25.0,0.4,50,5.0,0.019284722693644375,0.5458554967107281,4.131830359672669e-05,0.11235163241277864,0.49004823867874037,34.02823529411762,7.353186583961358e-07,0.6672941176470583,2,6.502463226587335,0.00011170355332835995,0.6548058361655582,4.046428120168085e-06,False,False
barcode_mean_len,high,abs,30.0,0.4,50,5.477199999999999,0.021125256627525797,0.45177627286112326,0.0009899551564513083,-0.05617581620638932,0.7306259674857049,29.642352941176455,5.787401576110461e-06,0.5698300653594768,2,6.29203683691763,0.0019382279905257194,0.848292321799882,2.118156394157133e-05,False,False
barcode_mean_len,high,abs,35.0,0.4,50,5.916100000000001,0.022818069585573898,0.42237651540812177,0.0022468775533853584,-0.1336597006289953,0.4109452602089041,33.34682352941172,1.0142608729946705e-06,0.6521516339869271,2,5.742959336585534,0.003972616206555862,0.5879678338373551,5.211395645773721e-06,False,False
barcode_mean_len,high,abs,40.0,0.4,50,6.324599999999999,0.024393631429644645,0.5037158443614259,0.00019218057094325637,0.02711935954791209,0.8680707965439062,32.325647058823506,1.6412081548673592e-06,0.6294588235294113,2,4.988292812077552,0.00045593859943170514,0.9333015500414252,7.669967758927859e-06,False,False
barcode_mean_len,high,abs,45.0,0.4,50,6.708199999999998,0.02587315535470104,0.5282156422389273,8.060259518955443e-05,0.10266614685995291,0.5284348079525036,30.743529411764683,3.453209328798462e-06,0.5943006535947707,1,5.6913288753528715,0.0002088033802960602,0.6902308587020062,1.3607985914332922e-05,False,False
barcode_mean_len,high,abs,50.0,0.4,50,7.0711,0.027272840527805754,0.4899959575500253,0.0003039956903767903,0.005811291331695447,0.9716103758197066,31.990588235294098,1.9215899252699097e-06,0.6220130718954244,2,5.546378459250976,0.000684542353632966,0.9843111650461079,8.67513898301464e-06,False,False
barcode_mean_len,high,abs,55.0,0.4,50,7.416200000000001,0.028603872088121086,0.5321356098993274,6.970234300586136e-05,0.08523227286486657,0.6010327429300519,34.754823529411766,5.216393043616368e-07,0.683440522875817,2,5.331410088852204,0.00018260050421253822,0.7502824844630179,3.2227682170810057e-06,False,False
barcode_mean_len,high,abs,60.0,0.4,50,7.746,0.02987589239699387,0.5184157230879267,0.000115014907745181,0.12010002085503925,0.46041044333444936,31.323294117647038,2.6299714590734485e-06,0.6071843137254898,2,5.3841602043209695,0.00028909152487302254,0.6343432774830191,1.1198052761964413e-05,False,False
barcode_mean_len,high,abs,65.0,0.4,50,8.0623,0.031095843954593815,0.5870151571449302,7.439448762578287e-06,0.19758390527764522,0.22167129381988698,34.249411764705854,6.623776940231104e-07,0.6722091503267967,2,5.954857410590829,2.377555790102339e-05,0.3941764880544835,3.7707860665060243e-06,False,False
barcode_mean_len,high,abs,70.0,0.4,50,8.3666,0.032269512177729005,0.45667623243662353,0.0008573438725021687,-0.04455323354299843,0.7848688299882403,30.93552941176469,3.155511693944371e-06,0.5985673202614376,2,4.966208195138802,0.0017258220810108592,0.8773173219820474,1.2704008118477338e-05,False,False
barcode_mean_len,high,abs,75.0,0.4,50,8.6603,0.03340229678875367,0.4919559413802254,0.00028505430756506,0.025182262437346937,0.8774200339160868,29.432470588235276,6.385115234806458e-06,0.5651660130718951,1,4.353374144247928,0.0006465866000865994,0.9368549156624119,2.2927247754324346e-05,False,False
barcode_mean_len,high,abs,80.0,0.4,50,8.9443,0.034497669037752685,0.5184157230879267,0.000115014907745181,0.06973549598034537,0.6689557215776891,31.510588235294108,2.408323146212151e-06,0.6113464052287579,2,5.015698510819742,0.00028909152487302254,0.8048238306174009,1.0564813801779719e-05,False,False
barcode_mean_len,high,abs,85.0,0.4,50,9.219499999999998,0.03555910017481087,0.5125357715973263,0.000141630797191752,0.050364524874693874,0.757604165263162,32.18729411764707,1.7516713277372422e-06,0.6263843137254904,2,4.4773641331607905,0.0003439076798650897,0.8634459236455155,8.104747934306644e-06,False,False
barcode_mean_len,high,abs,90.0,0.4,50,9.486800000000002,0.036590061450013096,0.42629648306852197,0.002022651360071371,-0.1142887295233438,0.4825477544896945,30.385882352941167,4.0842773073958456e-06,0.5863529411764704,2,4.386515818905353,0.0036104909114517757,0.6503904517035013,1.563118475670015e-05,False,False
barcode_mean_len,high,abs,95.0,0.4,50,9.7468,0.037592867030082605,0.46647615158762407,0.0006388796406339731,0.001937097110565149,0.9905350874780009,28.801882352941163,8.576260714985436e-06,0.5511529411764703,2,4.250906203946795,0.001362747857315585,0.9926698613734277,2.8650501838363882e-05,False,False
barcode_mean_len,high,abs,100.0,0.4,50,10.0,0.03856944538728875,0.4968559009557256,0.00024229169586892534,0.019370971105651492,0.9055614351251217,35.5444705882353,3.590312654173126e-07,0.7009882352941178,1,4.235106312522508,0.0005577506860349024,0.9559275081343509,2.5601495336387707e-06,False,False
barcode_mean_len,high,abs,0.0,0.5,50,0.0,0.0,0.17015119932684447,0.2374606793049412,-0.6159968811597174,2.3229932884292104e-05,31.115647992305817,2.899520275119607e-06,0.6025699553845737,3,9.385030820713387,0.27848478153038503,0.0015035738608438426,1.1931654229474489e-05,False,False
barcode_mean_len,high,abs,5.0,0.5,50,2.2361,0.008603157194750924,0.5154757473426266,0.00012769164762705358,0.06973549598034537,0.6689557215776891,30.869647058823517,3.2546654763119072e-06,0.5971032679738559,2,8.183114729654871,0.0003166752861150929,0.8048238306174009,1.3046719366250318e-05,False,False
barcode_mean_len,high,abs,10.0,0.5,50,3.1622999999999997,0.012166613298582733,0.5370355694748277,5.797856574902045e-05,0.10072904974938775,0.5362845273506927,33.42588235294116,9.771304585053145e-07,0.6539084967320258,2,8.220953204403687,0.0001540573318473972,0.697544909700901,5.087994622236177e-06,False,False
barcode_mean_len,high,abs,15.0,0.5,50,3.873,0.014900956046362117,0.5517354482013285,3.2789955118387836e-05,0.12784840929729985,0.4317629906820725,35.89364705882352,3.043196414740884e-07,0.7087477124183004,1,7.10208038502841,9.048860017834031e-05,0.6093165118882056,2.2823973110556632e-06,False,False
barcode_mean_len,high,abs,20.0,0.5,50,4.472100000000001,0.01720592965012549,0.6066149954469313,3.018573491611923e-06,0.23051455615725275,0.15242261252860864,35.1576470588235,4.311537347776981e-07,0.6923921568627445,2,6.727132182232959,1.0923242596105402e-05,0.302245265781676,2.8237533334032343e-06,False,False
barcode_mean_len,high,abs,25.0,0.5,50,5.0,0.019236968817921654,0.6085749792771313,2.749026683559734e-06,0.2402000417100785,0.13545264336345728,35.43905882352942,3.773992922701018e-07,0.6986457516339871,2,6.842806223520224,1.0105117848658311e-05,0.27808158571305797,2.614560522137653e-06,False,False
barcode_mean_len,high,abs,30.0,0.5,50,5.477199999999999,0.0210729451219041,0.6193548903432319,1.6247827313045228e-06,0.2750677897002512,0.0858277861381847,34.74823529411762,5.232666675045503e-07,0.6832941176470583,2,6.856894680474034,6.2699084652000256e-06,0.20572123997039118,3.2227682170810057e-06,False,False
barcode_mean_len,high,abs,35.0,0.5,50,5.916100000000001,0.02276156624474126,0.6144549307677317,2.0685194409311225e-06,0.25957101281573,0.10577593019137192,36.67952941176469,2.0969717261659214e-07,0.726211764705882,2,6.553661365799982,7.85193093904467e-06,0.23761259680670502,1.8430829491949894e-06,False,False
barcode_mean_len,high,abs,40.0,0.5,50,6.324599999999999,0.024333226597165466,0.6742344375888347,7.974070026607994e-08,0.37773393656020415,0.01626007693656015,35.38070588235294,3.879670452204259e-07,0.6973490196078431,2,6.8511485028630075,4.5496227759174446e-07,0.0638053651940968,2.614560522137653e-06,False,False
barcode_mean_len,high,abs,45.0,0.5,50,6.708199999999998,0.025809086844876414,0.5674153188429293,1.7319979570551943e-05,0.16852744861916796,0.2985624581580232,33.90964705882354,7.776690955709659e-07,0.664658823529412,2,5.914524323433289,5.0179380064215914e-05,0.4722161328009551,4.2539319583355124e-06,False,False
barcode_mean_len,high,abs,50.0,0.5,50,7.0711,0.027205306041681174,0.5879951490600303,7.12130536482483e-06,0.19564680816708008,0.22632643738490746,32.03294117647056,1.8836694373483388e-06,0.6229542483660124,2,6.2781681558411915,2.2837289618231353e-05,0.39864315675750744,8.587316552617426e-06,False,False
barcode_mean_len,high,abs,55.0,0.5,50,7.416200000000001,0.028533041629494122,0.563495351182529,2.0378269927857844e-05,0.1569048659557771,0.3335977986608579,33.54823529411763,9.223193445174454e-07,0.6566274509803918,1,5.266109477953423,5.813432832180305e-05,0.5052865680042311,4.863332847460357e-06,False,False
barcode_mean_len,high,abs,60.0,0.5,50,7.746,0.029801912092724234,0.5968150762959308,4.774231695200844e-06,0.2130806821621664,0.1867926305454003,34.26070588235294,6.588529625930963e-07,0.6724601307189542,2,5.255863325156101,1.620450903845542e-05,0.34813055392228914,3.7707860665060243e-06,False,False
barcode_mean_len,high,abs,65.0,0.5,50,8.0623,0.031018842740145956,0.6262148337489323,1.1506620985899462e-06,0.2944387608059027,0.06514453415194907,32.5505882352941,1.476233387734343e-06,0.6344575163398689,2,4.970501520491737,4.5731442379856835e-06,0.17211482034463818,7.061322977346315e-06,False,False
barcode_mean_len,high,abs,70.0,0.5,50,8.3666,0.03218960466240467,0.5830951894845301,8.848108511429416e-06,0.19370971105651494,0.2310480913601907,38.49694117647056,8.848866926422458e-08,0.7665986928104568,1,5.186792148310721,2.7613224549091802e-05,0.4061904063610158,1.2064005936456413e-06,False,False
barcode_mean_len,high,abs,75.0,0.5,50,8.6603,0.03331958421076939,0.5791752218241298,1.0499998953181279e-05,0.18015003128255888,0.26597886912485613,34.724705882352936,5.291200949003502e-07,0.6827712418300652,2,5.573136381670251,3.191176152437448e-05,0.4417149076537789,3.237379528008721e-06,False,False
barcode_mean_len,high,abs,80.0,0.5,50,8.9443,0.03441224403962734,0.505675828191626,0.00017970709006356664,0.050364524874693874,0.757604165263162,30.097882352941184,4.674920973717883e-06,0.5799529411764708,2,4.440904641058776,0.0004285322916900435,0.8634459236455155,1.7530953651442062e-05,False,False
barcode_mean_len,high,abs,85.0,0.5,50,9.219499999999998,0.03547104680336575,0.620334882258332,1.5474178533533932e-06,0.26925649836855575,0.09293462462559046,35.519058823529406,3.6337606283905133e-07,0.7004235294117646,2,4.802422450773139,5.996244181744399e-06,0.2144645183667472,2.5601495336387707e-06,False,False
barcode_mean_len,high,abs,90.0,0.5,50,9.486800000000002,0.036499455156371846,0.5889751409751304,6.8157934208878086e-06,0.2111435850516013,0.1909255574106153,34.24094117647056,6.650335693729842e-07,0.672020915032679,2,5.209425634122919,2.2009332921616882e-05,0.3537067099439686,3.7707860665060243e-06,False,False
barcode_mean_len,high,abs,95.0,0.5,50,9.7468,0.037499777534903765,0.6134749388526316,2.169801801255336e-06,0.24407423593120883,0.1290721966839409,36.0291764705882,2.853978261234846e-07,0.7117594771241822,2,5.131100202443631,8.13675675470751e-06,0.26794005115193087,2.184992298538373e-06,False,False
barcode_mean_len,high,abs,100.0,0.5,50,10.0,0.03847393763584331,0.5556554158617286,2.8038159400334564e-05,0.13559679773956046,0.40413538795481935,38.946823529411745,7.144880144386177e-08,0.7765960784313721,2,4.146446276128502,7.830476949642986e-05,0.580009121601824,1.2064005936456413e-06,False,False
barcode_mean_len,high,abs,0.0,0.6,50,0.0,0.0,0.16122802630106703,0.2633295796780452,-0.6489579716824704,5.9144252750141784e-06,35.59231027857828,3.5099186013899283e-07,0.7020513395239618,3,8.339278044855464,0.30421926596345594,0.0007857736436804551,2.55017523382237e-06,False,False
barcode_mean_len,high,abs,5.0,0.6,50,2.2361,0.00865947226469705,0.5615353673523289,2.208728305651359e-05,0.1414080890712559,0.38409876947840577,35.342117647058785,3.951169045203547e-07,0.696491503267973,2,7.80548081710009,6.262552817852939e-05,0.563425639771163,2.6435879223304305e-06,False,False
barcode_mean_len,high,abs,10.0,0.6,50,3.1622999999999997,0.012246254256362188,0.5928951086355306,5.71107195181051e-06,0.20339519660934066,0.20810244941379488,39.168941176470554,6.428537688727512e-08,0.7815320261437901,2,7.0622674133728935,1.9105384586991994e-05,0.37799858975552586,1.2064005936456413e-06,False,False
barcode_mean_len,high,abs,15.0,0.6,50,3.873,0.014998495631309726,0.6516946235415335,2.959963436061713e-07,0.33124360590664054,0.03680807650903482,38.33882352941174,9.539453196755175e-08,0.7630849673202609,2,6.945657744203755,1.3627554433353433e-06,0.11114126997857918,1.2064005936456413e-06,False,False
barcode_mean_len,high,abs,20.0,0.6,50,4.472100000000001,0.01731855727156732,0.6281748175791323,1.0410418767577103e-06,0.2731306925896861,0.08814827865954035,36.196705882352944,2.6362166644578283e-07,0.7154823529411766,2,6.677115552741359,4.227811988579347e-06,0.20701489685195082,2.1385623270185483e-06,False,False
barcode_mean_len,high,abs,25.0,0.6,50,5.0,0.01936289133915534,0.6830543648247352,4.6254494162601974e-08,0.3816081307813344,0.01511095184742017,37.99623529411761,1.1225648989248652e-07,0.7554718954248358,1,6.640512901375655,3.0081594105748136e-07,0.06057407421595155,1.2906005609887603e-06,False,False
barcode_mean_len,high,abs,30.0,0.6,50,5.477199999999999,0.02121088568856432,0.6585545669472339,2.0090193567847144e-07,0.33318070301720565,0.035654757484319746,36.079999999999984,2.7860858239514095e-07,0.7128888888888886,1,6.3716274739566225,1.0154282618531436e-06,0.10907540940926763,2.184992298538373e-06,False,False
barcode_mean_len,high,abs,35.0,0.6,50,5.916100000000001,0.02291056029031538,0.6879543244002354,3.38993707462689e-08,0.402916198997551,0.009944428781493413,38.687058823529384,8.084221738668433e-08,0.7708235294117641,2,6.555197136714734,2.3527175219425432e-07,0.04446307099417728,1.2064005936456413e-06,False,False
barcode_mean_len,high,abs,40.0,0.6,50,6.324599999999999,0.024492508512724376,0.6575745750321339,2.1246611487505243e-07,0.34867747990172687,0.02745287460715712,39.05505882352938,6.786383753881737e-08,0.7790013071895417,1,5.7362134799168,1.0623305743752622e-06,0.09118276208805756,1.2064005936456413e-06,False,False
barcode_mean_len,high,abs,45.0,0.6,50,6.708199999999998,0.025978029536264362,0.7055941788720363,1.0516221253727172e-08,0.4300355585454631,0.00561310069382018,38.52423529411763,8.734809318889157e-08,0.7672052287581695,2,6.401830953458768,8.732219433898454e-08,0.029492562967529765,1.2064005936456413e-06,True,False
barcode_mean_len,high,abs,50.0,0.6,50,7.0711,0.027383388189660268,0.660514550777434,1.7951728578064238e-07,0.34674038279116176,0.02838358014377457,38.436705882352925,9.105863586063996e-08,0.7652601307189539,1,5.924012180977652,9.12300960524576e-07,0.09327466266328745,1.2064005936456413e-06,False,False
barcode_mean_len,high,abs,55.0,0.6,50,7.416200000000001,0.028719814949888765,0.6752144295039348,7.512694831073432e-08,0.3738597423390738,0.01748202717818303,36.021647058823504,2.864175708533297e-07,0.7115921568627446,1,5.848194787427984,4.366753870561432e-07,0.0666323167037304,2.184992298538373e-06,False,False
barcode_mean_len,high,abs,60.0,0.6,50,7.746,0.02999699126261945,0.6859943405700353,3.841394902545156e-08,0.38935651922359504,0.013017564467487612,37.386352941176455,1.4995894701193003e-07,0.7419189542483656,1,5.447736196370226,2.5701419132136653e-07,0.0550287952489249,1.4995894701193003e-06,False,False
barcode_mean_len,high,abs,65.0,0.6,50,8.0623,0.03122188776873442,0.6703144699284345,1.0098366004207075e-07,0.36030006256511776,0.022384200321470177,37.107764705882346,1.711529047093771e-07,0.7357281045751632,1,4.841791923121794,5.623640948450646e-07,0.08006656268833565,1.6242061365277622e-06,False,False
barcode_mean_len,high,abs,70.0,0.6,50,8.3666,0.032400313335635415,0.6948142678059358,2.1716496310514096e-08,0.41647587877150705,0.007513971306698402,38.39529411764704,9.286853524000908e-08,0.7643398692810454,1,5.635571110634126,1.5778391850607897e-07,0.03565302711851793,1.2064005936456413e-06,False,False
barcode_mean_len,high,abs,75.0,0.6,50,8.6603,0.03353768957289739,0.6154349226828317,1.9716453761475965e-06,0.26150810992629514,0.1031052868558436,36.09694117647055,2.763814738288655e-07,0.7132653594771233,1,4.661658244626565,7.5148778681035434e-06,0.2333039337613979,2.184992298538373e-06,False,False
barcode_mean_len,high,abs,80.0,0.6,50,8.9443,0.034637501800961416,0.6801143890794351,5.5577194817011556e-08,0.37967103367076926,0.01567662790799613,37.24047058823527,1.6070847179943766e-07,0.738677124183006,1,4.682521107998909,3.4457860786547165e-07,0.06230454681383078,1.5484012091767628e-06,False,False
barcode_mean_len,high,abs,85.0,0.6,50,9.219499999999998,0.03570323534026853,0.6761944214190349,7.076421778756606e-08,0.37579683944963893,0.016861730678308012,36.00282352941173,2.889828523873332e-07,0.7111738562091495,1,5.419782886663956,4.1652356039516736e-07,0.06533920637844355,2.184992298538373e-06,False,False
barcode_mean_len,high,abs,90.0,0.6,50,9.486800000000002,0.036738375511259774,0.6379747367301328,6.244333016278074e-07,0.3060613434692936,0.05477015244556999,37.31199999999998,1.5534500345363557e-07,0.7402666666666663,2,4.687065969890316,2.627705748931497e-06,0.14893637945725174,1.5369239703391604e-06,False,False
barcode_mean_len,high,abs,95.0,0.6,50,9.7468,0.03774524586089585,0.6271948256640324,1.0945749374689116e-06,0.2828161781425118,0.07701639306227905,33.82305882352941,8.101189039556789e-07,0.6627346405228758,2,5.4774573371629325,4.368904256850162e-06,0.1899873887212719,4.371470818672823e-06,False,False
barcode_mean_len,high,abs,100.0,0.6,50,10.0,0.03872578267831068,0.6771744133341349,6.663975010640776e-08,0.37579683944963893,0.016861730678308012,36.19011764705883,2.644458791474549e-07,0.7153359477124184,2,4.919628047221558,4.024348545386962e-07,0.06533920637844355,2.1385623270185483e-06,False,False
barcode_mean_len,high,abs,0.0,0.7,50,0.0,0.0,0.21811105128433028,0.12809545868164193,-0.5307646082948508,0.000426176610569673,31.099567577956062,2.9215076648619426e-06,0.602212612843468,2,9.843326334381043,0.158838368765236,0.0052150558924973145,1.1944584413983638e-05,False,False
barcode_mean_len,high,abs,5.0,0.7,50,2.2361,0.008624497516051533,0.6340547690697327,7.677294705534275e-07,0.29056456658477237,0.06892893651931309,38.1251764705882,1.0558690950357315e-07,0.75833725490196,1,8.958334447053073,3.1874482482798553e-06,0.1756271533231813,1.2752704654327667e-06,False,False
barcode_mean_len,high,abs,10.0,0.7,50,3.1622999999999997,0.012196792851397418,0.6536546073717338,2.6523700654765154e-07,0.3389919943489011,0.03237108028472536,35.855999999999995,3.0979418083331307e-07,0.7079111111111109,1,8.34673420233828,1.2780850574575956e-06,0.10170643467836007,2.3048687053998496e-06,False,False
barcode_mean_len,high,abs,15.0,0.7,50,3.873,0.01493791819671195,0.6654145103529342,1.3499957475084483e-07,0.3544887712334223,0.024811134115082394,36.01788235294114,2.869288045413828e-07,0.7115084967320254,1,8.064796398213396,7.299395611528238e-07,0.08546057306306157,2.184992298538373e-06,False,False
barcode_mean_len,high,abs,20.0,0.7,50,4.472100000000001,0.017248609338372193,0.6634545265227342,1.5139628081900272e-07,0.3428661885700314,0.030323325365610023,38.37835294117647,9.361924851562996e-08,0.7639633986928105,1,7.650928260486838,7.910030402341153e-07,0.09758025117653053,1.2064005936456413e-06,False,False
barcode_mean_len,high,abs,25.0,0.7,50,5.0,0.019284686543650852,0.6663945022680343,1.2743913809719645e-07,0.35255167412285715,0.02566716932605455,37.48047058823528,1.4340739507901897e-07,0.7440104575163395,1,7.320225537316074,7.012922984046905e-07,0.08743760979205398,1.47347012259973e-06,False,False
barcode_mean_len,high,abs,30.0,0.7,50,5.477199999999999,0.02112521702737689,0.7202940575985373,3.707889909204673e-09,0.4571549180933752,0.00302094795178137,36.879999999999995,1.9068038243621556e-07,0.7306666666666666,1,7.638193331011902,3.483169308646814e-08,0.018009497404850472,1.721677239472626e-06,True,False
barcode_mean_len,high,abs,35.0,0.7,50,5.916100000000001,0.02281802681217856,0.6801143890794351,5.5577194817011556e-08,0.37773393656020415,0.01626007693656015,38.45741176470585,9.016692128721191e-08,0.7657202614379078,1,7.0059262810666585,3.4457860786547165e-07,0.0638053651940968,1.2064005936456413e-06,False,False
barcode_mean_len,high,abs,40.0,0.7,50,6.324599999999999,0.024393585702794835,0.6889343163153354,3.183353548831291e-08,0.3932307134447253,0.012066750668929772,39.60941176470587,5.212992499933187e-08,0.7913202614379082,1,6.7932207145919765,2.2259539852730083e-07,0.05243961739301256,1.2064005936456413e-06,False,False
barcode_mean_len,high,abs,45.0,0.7,50,6.708199999999998,0.025873106854423726,0.6820743729096351,4.918543220763477e-08,0.3932307134447253,0.012066750668929772,36.49599999999998,2.287599032646515e-07,0.722133333333333,1,6.431262552769915,3.133044654321941e-07,0.05243961739301256,1.9166370273524857e-06,False,False
barcode_mean_len,high,abs,50.0,0.7,50,7.0711,0.02727278940376191,0.6928542839757357,2.469384158441435e-08,0.4087274903292465,0.008831049175302344,37.48047058823528,1.4340739507901897e-07,0.7440104575163395,1,6.622068711082827,1.7802536956205697e-07,0.040259194769760684,1.47347012259973e-06,False,False
barcode_mean_len,high,abs,55.0,0.7,50,7.416200000000001,0.028603818469004685,0.660514550777434,1.7951728578064238e-07,0.3370548972383359,0.03343681642257852,37.83152941176468,1.2139051500283533e-07,0.7518117647058817,1,6.161257891313854,9.12300960524576e-07,0.10434979621811417,1.3439664161028197e-06,False,False
barcode_mean_len,high,abs,60.0,0.7,50,7.746,0.0298758363934239,0.6752144295039348,7.512694831073432e-08,0.3680484510073784,0.01945924740411049,38.18635294117644,1.0256222060593927e-07,0.7596967320261431,1,6.277349589912342,4.366753870561432e-07,0.07267911681053316,1.2550376995200462e-06,False,False
barcode_mean_len,high,abs,65.0,0.7,50,8.0623,0.031095785664175257,0.6291548094942324,9.899551747434136e-07,0.27700488681081636,0.08355495202491313,38.337882352941165,9.543720730470282e-08,0.7630640522875815,1,5.681109840052571,4.055763491239536e-06,0.20395303250175645,1.2064005936456413e-06,False,False
barcode_mean_len,high,abs,70.0,0.7,50,8.3666,0.032269451687221846,0.6634545265227342,1.5139628081900272e-07,0.3428661885700314,0.030323325365610023,35.83717647058822,3.1256815609715916e-07,0.707492810457516,1,6.089646149999266,7.910030402341153e-07,0.09758025117653053,2.307050675955222e-06,False,False
barcode_mean_len,high,abs,75.0,0.7,50,8.6603,0.033402234174795896,0.6526746154566336,2.802226091537122e-07,0.3234952174643799,0.041730203948495206,38.297411764705885,9.729037045529364e-08,0.762164705882353,1,5.960618758377822,1.3296276862905734e-06,0.12127840522531419,1.2064005936456413e-06,False,False
barcode_mean_len,high,abs,80.0,0.7,50,8.9443,0.03449760437047526,0.6438546882207331,4.555277810083061e-07,0.311872634800989,0.05010350092789561,35.573647058823525,3.5410662046743403e-07,0.7016366013071894,2,5.580633286390518,2.0173373158939273e-06,0.1390933010834117,2.552861682439641e-06,False,False
barcode_mean_len,high,abs,85.0,0.7,50,9.219499999999998,0.03555903351783781,0.6526746154566336,2.802226091537122e-07,0.3370548972383359,0.03343681642257852,36.19764705882352,2.635041310246445e-07,0.715503267973856,1,5.62286821475232,1.3296276862905734e-06,0.10434979621811417,2.1385623270185483e-06,False,False
barcode_mean_len,high,abs,90.0,0.7,50,9.486800000000002,0.03658999286046138,0.6967742516361358,1.9078743398280602e-08,0.4358468498771586,0.004935694451497721,35.80894117647057,3.1677561428461427e-07,0.7068653594771237,1,5.286157795615149,1.4663827570579307e-07,0.026687185115656285,2.3196954431865455e-06,False,False
barcode_mean_len,high,abs,95.0,0.7,50,9.7468,0.03759279656073122,0.7242140252589374,2.7768446934566866e-09,0.466840403646201,0.0023916007785953,37.019294117647036,1.784891548665614e-07,0.7337620915032674,1,5.706929960655192,2.807027787950781e-08,0.01482792482729086,1.6435775155257818e-06,True,False
barcode_mean_len,high,abs,100.0,0.7,50,10.0,0.038569373087301705,0.6575745750321339,2.1246611487505243e-07,0.35255167412285715,0.02566716932605455,36.83952941176469,1.943756209996454e-07,0.7297673202614375,1,5.12317691358455,1.0623305743752622e-06,0.08743760979205398,1.7381666108622136e-06,False,False
barcode_mean_len,high,abs,0.0,0.8,50,0.0,0.0,0.14014893898440173,0.3316780648658411,-0.6915436684717583,7.767289626912116e-07,36.582211122850815,2.1959927616271135e-07,0.7240491360633514,3,9.641695443001558,0.37621136124342913,0.0003451486002716354,1.890993766956681e-06,False,False
barcode_mean_len,high,abs,5.0,0.8,50,2.2361,0.008604741578661663,0.6830543648247352,4.6254494162601974e-08,0.3816081307813344,0.01511095184742017,36.95152941176468,1.8431974390040364e-07,0.7322562091503263,1,9.279808227687997,3.0081594105748136e-07,0.06057407421595155,1.6805623708566213e-06,False,False
barcode_mean_len,high,abs,10.0,0.8,50,3.1622999999999997,0.012168853939538381,0.7114741303626366,6.9841046070058485e-09,0.43778394698772377,0.00472624510913381,40.26070588235294,3.823011021232735e-08,0.8057934640522875,1,8.764081511313053,6.014090078255036e-08,0.02616314256841931,1.2064005936456413e-06,True,False
barcode_mean_len,high,abs,15.0,0.8,50,3.873,0.014903700252294897,0.7300939767495377,1.7829506991107742e-09,0.47458879208846155,0.0019742012567378585,40.053647058823515,4.219244772294831e-08,0.8011921568627448,1,8.351319600807743,1.997764036353036e-08,0.013500052711516239,1.2064005936456413e-06,True,False
barcode_mean_len,high,abs,20.0,0.8,50,4.472100000000001,0.017209098347092177,0.7310739686646378,1.6541920381308558e-09,0.4765258891990267,0.0018804605022060316,40.00470588235294,4.318733893281499e-08,0.8001045751633986,1,7.950387684264758,1.8760958481240196e-08,0.013050957216803057,1.2064005936456413e-06,True,False
barcode_mean_len,high,abs,25.0,0.8,50,5.0,0.019240511557313315,0.7261740090891373,2.398621029632008e-09,0.466840403646201,0.0023916007785953,38.512,8.785756142335953e-08,0.7669333333333334,1,7.611372173104549,2.5064242219750194e-08,0.01482792482729086,1.2064005936456413e-06,True,False
barcode_mean_len,high,abs,30.0,0.8,50,5.477199999999999,0.0210768259803433,0.7320539605797376,1.534233280022029e-09,0.47846298630959183,0.0017906645175594371,39.6395294117647,5.138795943777948e-08,0.7919895424836599,1,7.342007081231525,1.7835461880256086e-08,0.012909441870777338,1.2064005936456413e-06,True,False
barcode_mean_len,high,abs,35.0,0.8,50,5.916100000000001,0.022765758084844264,0.734993936325038,1.2216616184792873e-09,0.48427427764128733,0.0015435449029094575,39.48047058823528,5.5429175600013065e-08,0.7884549019607839,1,7.474685626573157,1.4755133833581002e-08,0.011576586771820932,1.2064005936456413e-06,True,False
barcode_mean_len,high,abs,40.0,0.8,50,6.324599999999999,0.024337707879076763,0.7124541222777369,6.517185524854774e-09,0.4397210440982889,0.0045245584727511366,38.93552941176469,7.183359950209949e-08,0.7763450980392154,1,7.141424626919096,5.717908054825415e-08,0.025348429997943116,1.2064005936456413e-06,True,False
barcode_mean_len,high,abs,45.0,0.8,50,6.708199999999998,0.02581383992575384,0.736953920155238,1.0477705051017691e-09,0.48814847186241767,0.001396025368667751,39.327999999999975,5.9600197792980265e-08,0.7850666666666661,1,6.747812892143962,1.3348309174584183e-08,0.01081919660717507,1.2064005936456413e-06,True,False
barcode_mean_len,high,abs,50.0,0.8,50,7.0711,0.027210316254583637,0.7261740090891373,2.398621029632008e-09,0.48233718053072216,0.001622342687381768,38.688941176470564,8.076990296769172e-08,0.7708653594771236,1,6.80239235821128,2.5064242219750194e-08,0.011974434121151144,1.2064005936456413e-06,True,False
barcode_mean_len,high,abs,55.0,0.8,50,7.416200000000001,0.028538296362269403,0.7487138231364386,4.050114445163248e-10,0.5133307342997645,0.0007055506893408226,39.28847058823527,6.073175213683471e-08,0.7841882352941171,1,6.3751209851585795,6.608081463161089e-09,0.007132197185727881,1.2064005936456413e-06,True,False
barcode_mean_len,high,abs,60.0,0.8,50,7.746,0.029807400504589795,0.7457738473911385,5.161343212997039e-10,0.5094565400786343,0.0007863417450482869,38.95999999999998,7.100246800831913e-08,0.7768888888888884,1,6.493713843724155,7.868933095224993e-09,0.00746222268260109,1.2064005936456413e-06,True,False
barcode_mean_len,high,abs,65.0,0.8,50,8.0623,0.031024555265705432,0.7202940575985373,3.707889909204673e-09,0.4552178209828101,0.0031629052686625143,37.06070588235292,1.750169300242755e-07,0.734682352941176,1,6.6889886865638815,3.483169308646814e-08,0.018384386874100864,1.6435775155257818e-06,True,False
barcode_mean_len,high,abs,70.0,0.8,50,8.3666,0.032195532799083514,0.7291139848344375,1.921111735968235e-09,0.4726516949778964,0.002072033013897226,38.89694117647056,7.316398857384406e-08,0.7754875816993458,1,6.109425894188566,2.126945136250546e-08,0.013963700745829132,1.2064005936456413e-06,True,False
barcode_mean_len,high,abs,75.0,0.8,50,8.6603,0.0333257204479601,0.7653736856931396,9.601924053003475e-11,0.544324288068807,0.0002824497862917541,39.714823529411746,4.957880568334008e-08,0.7936627450980388,1,5.675620406294324,2.4804970470258975e-09,0.003920571660467631,1.2064005936456413e-06,True,False
barcode_mean_len,high,abs,80.0,0.8,50,8.9443,0.0344185815044155,0.7232340333438372,2.9863767500222172e-09,0.4610291123145055,0.0027536683681300723,39.73647058823528,4.90705325683833e-08,0.7941437908496728,1,5.714230232165329,2.9235056605480652e-08,0.016522010208780434,1.2064005936456413e-06,True,False
barcode_mean_len,high,abs,85.0,0.8,50,9.219499999999998,0.03547757926053002,0.7085341546173365,8.580802800797808e-09,0.441658141208854,0.004330394809944678,38.531764705882324,8.703603983644972e-08,0.7673725490196072,1,5.247685784423584,7.32123541719446e-08,0.02440767983787,1.2064005936456413e-06,True,False
barcode_mean_len,high,abs,90.0,0.8,50,9.486800000000002,0.036506177008383996,0.6957942597210358,2.03575375250952e-08,0.4067903932186813,0.00918966203125218,37.72047058823526,1.279641375170425e-07,0.7493437908496724,1,6.126208488459943,1.514600791867083e-07,0.04148730917021615,1.3590125003698536e-06,False,False
barcode_mean_len,high,abs,95.0,0.8,50,9.7468,0.03750668360936429,0.7330339524948378,1.422508077898942e-09,0.48233718053072216,0.001622342687381768,39.41270588235295,5.724575288835771e-08,0.7869490196078434,1,5.734502094118253,1.6745981170202735e-08,0.011974434121151144,1.2064005936456413e-06,True,False
barcode_mean_len,high,abs,100.0,0.8,50,10.0,0.03848102311462663,0.699714227381436,1.56801620794324e-08,0.41453878166094194,0.00782628127009066,39.146352941176445,6.497986681379271e-08,0.7810300653594766,1,5.719812265297452,1.246371857595909e-07,0.03675980596557735,1.2064005936456413e-06,False,False
barcode_mean_len,high,abs,0.0,0.9,50,0.0,0.0,0.1705513553379426,0.23634286573967292,-0.6314936580442386,1.245333288441511e-05,35.056290531776895,4.523297787286696e-07,0.6901397895950421,3,10.513809533286148,0.2776311259669693,0.001254347732088431,2.887668182448018e-06,False,False
barcode_mean_len,high,abs,5.0,0.9,50,2.2361,0.008638840059632764,0.7202940575985373,3.707889909204673e-09,0.4552178209828101,0.0031629052686625143,37.71011764705881,1.285947312177926e-07,0.7491137254901957,1,9.632395322867794,3.483169308646814e-08,0.018384386874100864,1.3590125003698536e-06,True,False
barcode_mean_len,high,abs,10.0,0.9,50,3.1622999999999997,0.012217076123865968,0.7516537988817388,3.1675322351840766e-10,0.5172049285208947,0.0006322430775637379,39.8127058823529,4.732155864798788e-08,0.7958379084967311,1,8.818566413446415,5.665009574463829e-09,0.006606584967800856,1.2064005936456413e-06,True,False
barcode_mean_len,high,abs,15.0,0.9,50,3.873,0.014962759961968471,0.7624337099478393,1.2483719411564792e-10,0.5385129967371115,0.00033762210741055944,39.30729411764705,6.019026901343174e-08,0.7846065359477121,1,8.793402884338601,2.902464763188814e-09,0.004422374082983385,1.2064005936456413e-06,True,False
barcode_mean_len,high,abs,20.0,0.9,50,4.472100000000001,0.017277293784125795,0.7859535159102405,1.3661988692103119e-11,0.5850033273906751,7.354549547364203e-05,39.412705882352924,5.724575288835857e-08,0.7869490196078428,1,8.68072270099199,1.2705649483655899e-09,0.002279910359682903,1.2064005936456413e-06,True,False
barcode_mean_len,high,abs,25.0,0.9,50,5.0,0.01931675698679121,0.7898734835706407,9.19779341572441e-12,0.5927517158329356,5.574975816166473e-05,40.196705882352944,3.9413479360535214e-08,0.8043712418300655,1,7.870000926410929,1.2705649483655899e-09,0.002279910359682903,1.2064005936456413e-06,True,False
barcode_mean_len,high,abs,30.0,0.9,50,5.477199999999999,0.02116034827361056,0.7732136210139399,4.679131250198898e-11,0.5598210649533282,0.00017267801386927455,40.657882352941186,3.163896882865084e-08,0.8146196078431375,1,7.740085664021429,2.4804970470258975e-09,0.003562615890573308,1.2064005936456413e-06,True,False
barcode_mean_len,high,abs,35.0,0.9,50,5.916100000000001,0.0228559732019111,0.7741936129290399,4.268455219492693e-11,0.5753178418378493,0.00010297014784080749,38.46588235294115,8.980464391641727e-08,0.7659084967320255,1,7.711938743025105,2.4804970470258975e-09,0.0025881685808635396,1.2064005936456413e-06,True,False
barcode_mean_len,high,abs,40.0,0.9,50,6.324599999999999,0.024434152247731936,0.7506738069666387,3.4392709975359817e-10,0.5152678314103297,0.0006680005113416124,39.54823529411763,5.3670100452946106e-08,0.7899607843137252,1,7.210586314544947,6.0349472220914395e-09,0.006902671950529995,1.2064005936456413e-06,True,False
barcode_mean_len,high,abs,45.0,0.9,50,6.708199999999998,0.025916133843758554,0.7653736856931396,9.601924053003475e-11,0.5462613851793722,0.00026594767435802916,39.84376470588231,4.662696854067413e-08,0.7965281045751624,1,7.460414367258494,2.4804970470258975e-09,0.0038645521430151113,1.2064005936456413e-06,True,False
barcode_mean_len,high,abs,50.0,0.9,50,7.0711,0.027318144065859862,0.7545937746270389,2.468823605655107e-10,0.5249533169631555,0.0005056840626089606,40.067764705882354,4.190973198494791e-08,0.8015058823529412,1,7.052729730753698,4.685726435222958e-09,0.005598644978884922,1.2064005936456413e-06,True,False
barcode_mean_len,high,abs,55.0,0.9,50,7.416200000000001,0.028651386633088194,0.7477338312213385,4.3926372156644347e-10,0.5210791227420252,0.0005658099817253302,38.9016470588235,7.30004393482548e-08,0.7755921568627444,1,6.443269590630273,6.923987475538855e-09,0.006118642825634384,1.2064005936456413e-06,True,False
barcode_mean_len,high,abs,60.0,0.9,50,7.746,0.029925519923936942,0.7545937746270389,2.468823605655107e-10,0.5268904140737205,0.00047781984106987487,39.55294117647057,5.355003087109974e-08,0.7900653594771238,1,6.767936159480588,4.685726435222958e-09,0.005486079656728193,1.2064005936456413e-06,True,False
barcode_mean_len,high,abs,65.0,0.9,50,8.0623,0.031147497970921346,0.7879134997404406,1.1221451429923093e-11,0.5888775216118054,6.408905558526742e-05,39.47576470588234,5.55534475966983e-08,0.7883503267973854,1,6.8567948915580565,1.2705649483655899e-09,0.002279910359682903,1.2064005936456413e-06,True,False
barcode_mean_len,high,abs,70.0,0.9,50,8.3666,0.03232311580113746,0.8084933299575416,1.2442558549218915e-12,0.6295565609336735,1.3487610022456248e-05,40.251294117647035,3.840188630451118e-08,0.8055843137254897,1,7.238963464524957,7.658997790010258e-10,0.001254347732088431,1.2064005936456413e-06,True,False
barcode_mean_len,high,abs,75.0,0.9,50,8.6603,0.03345778210654158,0.7477338312213385,4.3926372156644347e-10,0.5113936371891994,0.0007449710440603586,40.23341176470586,3.873038483328343e-08,0.8051869281045747,1,6.375515599744801,6.923987475538855e-09,0.007449710440603586,1.2064005936456413e-06,True,False
barcode_mean_len,high,abs,80.0,0.9,50,8.9443,0.03455497390339132,0.77713358867434,3.2313708559032347e-11,0.5772549389484144,9.634919785291665e-05,38.863999999999976,7.431911126676359e-08,0.774755555555555,1,6.287354092150267,2.311672996915391e-09,0.0024890209445336798,1.2064005936456413e-06,True,False
barcode_mean_len,high,abs,85.0,0.9,50,9.219499999999998,0.035618168207944306,0.7996734027216412,3.2941925978538747e-12,0.6159968811597174,2.3229932884292104e-05,39.091764705882326,6.668926748816216e-08,0.7798169934640516,1,6.541729670910566,7.658997790010258e-10,0.0015035738608438426,1.2064005936456413e-06,True,False
barcode_mean_len,high,abs,90.0,0.9,50,9.486800000000002,0.03665084203645817,0.7653736856931396,9.601924053003475e-11,0.544324288068807,0.0002824497862917541,40.18729411764704,3.9590559208402076e-08,0.8041620915032676,1,5.815052708748423,2.4804970470258975e-09,0.003920571660467631,1.2064005936456413e-06,True,False
barcode_mean_len,high,abs,95.0,0.9,50,9.7468,0.03765531339977131,0.7379339120703381,9.698471203772108e-10,0.505582345857504,0.000875268971877261,39.455058823529384,5.610355419531561e-08,0.7878901960784308,1,5.731915877815518,1.2527191971538972e-08,0.008059407364810423,1.2064005936456413e-06,True,False
barcode_mean_len,high,abs,100.0,0.9,50,10.0,0.03863351397358242,0.7516537988817388,3.1675322351840766e-10,0.5210791227420252,0.0005658099817253302,40.21364705882351,3.90967242909579e-08,0.8047477124183002,1,5.603458872575145,5.665009574463829e-09,0.006118642825634384,1.2064005936456413e-06,True,False
barcode_mean_len,high,abs,0.0,1.0,50,0.0,0.0,0.18426060148693377,0.20020579921363257,-0.6024372013857614,3.903333114320258e-05,34.03170028818442,7.341164203310494e-07,0.6673711175152093,3,10.739136861928518,0.23846672893546653,0.0019105788401672839,4.046428120168085e-06,False,False
barcode_mean_len,high,abs,5.0,1.0,50,2.2361,0.008640407025474134,0.7379339120703381,9.698471203772108e-10,0.4900855689729828,0.001327055049946426,39.963294117647024,4.4047424549659684e-08,0.7991843137254894,1,10.179496337997504,1.2527191971538972e-08,0.010639320659053243,1.2064005936456413e-06,True,False
barcode_mean_len,high,abs,10.0,1.0,50,3.1622999999999997,0.012219292132130428,0.7722336290988399,5.126990227034709e-11,0.557883967842763,0.0001838769491908804,38.033882352941134,1.102668827697053e-07,0.7563084967320252,1,9.923100848208943,2.4804970470258975e-09,0.003562615890573308,1.2906005609887603e-06,True,False
barcode_mean_len,high,abs,15.0,1.0,50,3.873,0.01496547399922245,0.7673336695233396,8.043553193784162e-11,0.5481984822899372,0.0002503176451241922,40.3416470588235,3.6784122295204104e-08,0.8075921568627444,1,8.92777754469941,2.4804970470258975e-09,0.0038645521430151113,1.2064005936456413e-06,True,False
barcode_mean_len,high,abs,20.0,1.0,50,4.472100000000001,0.017280427645732694,0.7830135401649404,1.8283450675050222e-11,0.5791920360589796,9.011613497496152e-05,39.630117647058825,5.1618685037811004e-08,0.7917803921568628,1,8.631866381348605,1.4169674273163923e-09,0.002464941339021006,1.2064005936456413e-06,True,False
barcode_mean_len,high,abs,25.0,1.0,50,5.0,0.019320260778753484,0.7692936533535396,6.726473656524241e-11,0.5520726765110676,0.00022151229342318906,39.24235294117645,6.207900811070416e-08,0.7831633986928099,1,8.740729369374588,2.4804970470258975e-09,0.0038645521430151113,1.2064005936456413e-06,True,False
barcode_mean_len,high,abs,30.0,1.0,50,5.477199999999999,0.021164186467477718,0.7761535967592401,3.5471801217061506e-11,0.5656323562850236,0.000142674629817101,40.20329411764703,3.928999377834777e-08,0.804517647058823,1,8.306701130357943,2.356341080847657e-09,0.003159223945950094,1.2064005936456413e-06,True,False
barcode_mean_len,high,abs,35.0,1.0,50,5.916100000000001,0.022860118958636697,0.756553758457239,2.0868628947724925e-10,0.5365758996265463,0.00035805494243580947,38.3896470588235,9.3118103555833e-08,0.7642143790849667,1,7.533207831706837,4.410869300314586e-09,0.00456152186938771,1.2064005936456413e-06,True,False
barcode_mean_len,high,abs,40.0,1.0,50,6.324599999999999,0.024438584264260856,0.7457738473911385,5.161343212997039e-10,0.5094565400786343,0.0007863417450482869,38.84329411764702,7.505447976516954e-08,0.7742954248366004,1,7.4459202428560864,7.868933095224993e-09,0.00746222268260109,1.2064005936456413e-06,True,False
barcode_mean_len,high,abs,45.0,1.0,50,6.708199999999998,0.025920834671206826,0.756553758457239,2.0868628947724925e-10,0.5268904140737205,0.00047781984106987487,40.180705882352925,3.971498709408715e-08,0.8040156862745095,1,7.464143911545445,4.410869300314586e-09,0.005486079656728193,1.2064005936456413e-06,True,False
barcode_mean_len,high,abs,50.0,1.0,50,7.0711,0.027323099198528756,0.7702736452686397,6.147123829283436e-11,0.569506550506154,0.00012537838613428418,37.73364705882352,1.271660215042469e-07,0.7496366013071893,1,7.140327255234346,2.4804970470258975e-09,0.002915047477622107,1.3590125003698536e-06,True,False
barcode_mean_len,high,abs,55.0,1.0,50,7.416200000000001,0.028656583597478316,0.7839935320800405,1.659948156928976e-11,0.5811291331695447,8.42506212872824e-05,39.32047058823528,5.981409857713365e-08,0.7848993464052285,1,7.2112343858592425,1.403410714494498e-09,0.0023743356908234132,1.2064005936456413e-06,True,False
barcode_mean_len,high,abs,60.0,1.0,50,7.746,0.0299309479984449,0.7869335078253407,1.2384914593825313e-11,0.5869404245012402,6.866970894574676e-05,41.79670588235294,1.8381124976281768e-08,0.8399267973856208,1,7.03029418034421,1.2705649483655899e-09,0.002279910359682903,1.2064005936456413e-06,True,False
barcode_mean_len,high,abs,65.0,1.0,50,8.0623,0.031153147695308848,0.7643936937780395,1.0484216276572535e-10,0.5481984822899372,0.0002503176451241922,38.42635294117645,9.15077857324812e-08,0.7650300653594766,1,6.512516760822619,2.6352219289763396e-09,0.0038645521430151113,1.2064005936456413e-06,True,False
barcode_mean_len,high,abs,70.0,1.0,50,8.3666,0.03232897876630378,0.7673336695233396,8.043553193784162e-11,0.5481984822899372,0.0002503176451241922,38.31435294117642,9.651030051438217e-08,0.7625411764705872,1,6.902977767309484,2.4804970470258975e-09,0.0038645521430151113,1.2064005936456413e-06,True,False
barcode_mean_len,high,abs,75.0,1.0,50,8.6603,0.03346385088444776,0.7673336695233396,8.043553193784162e-11,0.5481984822899372,0.0002503176451241922,38.784941176470596,7.716615796723924e-08,0.7729986928104577,1,7.096278238410061,2.4804970470258975e-09,0.0038645521430151113,1.2064005936456413e-06,True,False
barcode_mean_len,high,abs,80.0,1.0,50,8.9443,0.03456124169668096,0.7663536776082395,8.790146184036354e-11,0.5462613851793722,0.00026594767435802916,40.26164705882351,3.821297481627644e-08,0.805814379084967,1,6.348828927795076,2.4804970470258975e-09,0.0038645521430151113,1.2064005936456413e-06,True,False
barcode_mean_len,high,abs,85.0,1.0,50,9.219499999999998,0.035624628849943545,0.7879134997404406,1.1221451429923093e-11,0.5888775216118054,6.408905558526742e-05,41.26399999999998,2.3699158396324857e-08,0.8280888888888884,1,6.225196953830885,1.2705649483655899e-09,0.002279910359682903,1.2064005936456413e-06,True,False
barcode_mean_len,high,abs,90.0,1.0,50,9.486800000000002,0.03665748999117571,0.7673336695233396,8.043553193784162e-11,0.557883967842763,0.0001838769491908804,38.69364705882353,8.058939904119395e-08,0.7709699346405229,1,6.348653682164207,2.4804970470258975e-09,0.003562615890573308,1.2064005936456413e-06,True,False
barcode_mean_len,high,abs,95.0,1.0,50,9.7468,0.0376621435516709,0.7555737665421389,2.2702677942265863e-10,0.5249533169631555,0.0005056840626089606,40.138352941176464,4.0524247878665984e-08,0.8030745098039215,1,6.276937312289539,4.492232018363245e-09,0.005598644978884922,1.2064005936456413e-06,True,False
barcode_mean_len,high,abs,100.0,1.0,50,10.0,0.03864052155750697,0.7663536776082395,8.790146184036354e-11,0.5481984822899372,0.0002503176451241922,39.319529411764705,5.98408899561578e-08,0.784878431372549,1,6.040255992503578,2.4804970470258975e-09,0.0038645521430151113,1.2064005936456413e-06,True,False
barcode_mean_len,low,abs,0.0,0.1,50,0.0,0.0,0.3817497242769922,0.0062276084288470255,0.11980428484268275,0.4615236677951598,10.890854392298431,0.027818436945932994,0.1531300976066318,1,0.95,0.009968460996261159,0.6349364068779565,0.036906057574490274,False,False
barcode_mean_len,low,abs,5.0,0.1,50,2.2361,0.13612211402106486,-0.05195204647862603,0.7201135274065764,-0.23438875037838308,0.14545751027560785,3.417405717030973,0.49054758658092645,-0.012946539621533937,3,0.024710197448730487,0.7482743916068336,0.29217167290780843,0.5131712660520378,False,False
barcode_mean_len,low,abs,10.0,0.1,50,3.1622999999999997,0.19250434290452728,-0.044110228142229646,0.7610018188110518,-0.14143462713831345,0.38400863029195936,4.001921691088158,0.4057458395745256,4.270424640350336e-05,2,-0.09973042567570989,0.7855475148368487,0.563425639771163,0.43218043764601916,False,False
barcode_mean_len,low,abs,15.0,0.1,50,3.873,0.235768054918646,-0.3194773643226165,0.02372610912833979,-0.23438875037838308,0.14545751027560785,6.870588235294093,0.14288714062994265,0.06379084967320207,3,-1.0781403245244707,0.034639374394593414,0.29217167290780843,0.16778414240637207,False,False
barcode_mean_len,low,abs,20.0,0.1,50,4.472100000000001,0.27223814056330403,0.04410069503243061,0.7610519471698932,-0.18015003128255888,0.26597886912485613,3.498285631963087,0.47813906579776444,-0.011149208178598071,3,0.2155859849069799,0.7855475148368487,0.4417149076537789,0.5024512216857864,False,False
barcode_mean_len,low,abs,25.0,0.1,50,5.0,0.30437394128407685,-0.2371637377299602,0.09724915567139851,-0.2247138051199002,0.16330214994055478,6.160295812524007,0.18749283137519238,0.04800657361164459,3,-1.4309591017829049,0.12407325889109104,0.318387839506742,0.21526954713448013,False,False
barcode_mean_len,low,abs,30.0,0.1,50,5.477199999999999,0.3334233902402291,-0.04899959575500253,0.7354241601028488,-0.005811291331695447,0.9716103758197066,0.49882352941173735,0.9736154072644708,-0.07780392156862806,2,-0.5747522179285687,0.7624798984343918,0.9843111650461079,0.9746634324606651,False,False
barcode_mean_len,low,abs,35.0,0.1,50,5.916100000000001,0.3601413348061454,-0.07741936129290398,0.5930686438263014,-0.046490330653563575,0.7757506526956611,7.025882352941153,0.13452676681654682,0.06724183006535896,2,-0.5449249233518332,0.6303472442953832,0.8734238583619429,0.15978274985873378,False,False
barcode_mean_len,low,abs,40.0,0.1,50,6.324599999999999,0.38500868580905456,0.23029810004851184,0.10762167043029564,0.16271615728747252,0.3157739167860114,4.105411764705877,0.3919278506882757,0.0023424836601306097,1,0.8429473481575647,0.1358048215741858,0.4919091166013243,0.4204070370704687,False,False
barcode_mean_len,low,abs,45.0,0.1,50,6.708199999999998,0.4083602545843688,0.08329931278350429,0.5652113418715302,0.060050010427519625,0.7128143594572259,1.325176470588218,0.8570897249614966,-0.05944052287581737,3,0.15470519423484763,0.6041914344143944,0.833858307289585,0.8635898637206846,False,False
barcode_mean_len,low,abs,50.0,0.1,50,7.0711,0.43045171524276715,-0.01911030118071993,0.8952023185110062,-0.015496776884521193,0.9243879679995202,0.5870870149826899,0.9644877477466328,-0.07584251077816244,2,-0.07228108088175444,0.907893300125666,0.967020034015246,0.9676090673186284,False,False
barcode_mean_len,low,abs,55.0,0.1,50,7.416200000000001,0.4514596046701942,0.03233973319830166,0.8235737862666068,-0.11622582663390896,0.47510759568232697,7.534117647058821,0.11021422494093697,0.07853594771241824,3,-0.8447192732493081,0.8435282172113925,0.6440963031844957,0.13311588207152125,False,False
barcode_mean_len,low,abs,60.0,0.1,50,7.746,0.471536109837292,-0.1616986659915083,0.2619198970330463,-0.04455323354299843,0.7848688299882403,2.1242352941176534,0.7129213250090747,-0.041683660130718815,2,-0.8019588615213116,0.3029670450755386,0.8773173219820474,0.7285899255587247,False,False
barcode_mean_len,low,abs,65.0,0.1,50,8.0623,0.4907908053629227,0.01665986255670086,0.9085788067373923,-0.12010002085503925,0.46041044333444936,6.631529411764689,0.1566893373882064,0.058478431372548635,2,-0.6745348276694614,0.918454663332364,0.6343432774830191,0.18352781331364226,False,False
barcode_mean_len,low,abs,70.0,0.1,50,8.3666,0.5093150034294714,-0.01763985447180091,0.9032259910430898,0.129785506407865,0.4247594410571297,3.342117647058842,0.5022868708623781,-0.014619607843136843,3,-0.3683616664012268,0.9140371835365326,0.6012576562909142,0.5248615616876535,False,False
barcode_mean_len,low,abs,75.0,0.1,50,8.6603,0.5271939287404982,0.026459781707701364,0.8552700040744871,-0.09104356419656201,0.5763571733802473,1.956705882352935,0.7437217615268024,-0.04540653594771255,2,0.2032322049140931,0.8721503331022731,0.7292682601954149,0.7575698118509597,False,False
barcode_mean_len,low,abs,80.0,0.1,50,8.9443,0.5444823686054339,0.0573309035421598,0.6925013963172596,-0.06973549598034537,0.6689557215776891,2.2991692278140556,0.6809203137464221,-0.037796239381909874,1,0.8386359850210798,0.7228129052469713,0.8048238306174009,0.6981873117796832,False,False
barcode_mean_len,low,abs,85.0,0.1,50,9.219499999999998,0.5612351103337093,-0.41747655583262155,0.0025579917061237965,-0.43197265565602827,0.0053788683416000965,8.972235294117638,0.06179722553315166,0.11049411764705863,3,-2.213905036449432,0.004488551484330435,0.028422429305045967,0.0774547435927642,False,False
barcode_mean_len,low,abs,90.0,0.1,50,9.486800000000002,0.5775069412347561,-0.02841976553790147,0.8446768693344706,-0.15884196306634224,0.3275885753826937,5.329882352941155,0.2550925416221103,0.029552941176470112,3,-1.0121511162462693,0.864190856414805,0.5019067135187893,0.2861713675615954,False,False
barcode_mean_len,low,abs,95.0,0.1,50,9.7468,0.5933343861815281,-0.08525929661370439,0.5560629295913269,-0.16852744861916796,0.2985624581580232,4.09882352941176,0.3927967184775638,0.0021960784313724466,2,-0.8846594031651818,0.5971576495611247,0.4722161328009551,0.4208536269402469,False,False
barcode_mean_len,low,abs,100.0,0.1,50,10.0,0.6087478825681537,0.08133932895330419,0.5744292020310515,0.06586130175921506,0.6863790881687026,0.6371764705882299,0.9588442847982531,-0.074729411764706,2,0.05049169063568115,0.6133400205383214,0.816282035801654,0.9629861607585047,False,False
barcode_mean_len,low,abs,0.0,0.2,50,0.0,0.0,0.5771975339066551,1.1437505518038651e-05,0.1887955504603265,0.2433261767559966,25.135212615880683,4.725645755505857e-05,0.46967139146401515,2,1.3516666666666666,3.442356029700953e-05,0.41983922891108877,0.00011845958362858348,False,False
barcode_mean_len,low,abs,5.0,0.2,50,2.2361,0.13553591570291915,0.271457760482714,0.056530370481083184,-0.16659035150860282,0.30423147795262523,15.604705882352931,0.0035981556805563565,0.25788235294117623,2,0.43782690275569647,0.07575395467926133,0.4771252521010817,0.0056145717834184755,False,False
barcode_mean_len,low,abs,10.0,0.2,50,3.1622999999999997,0.19167533930832306,-0.04899959575500253,0.7354241601028488,-0.08716936997543172,0.5927567412522293,3.2959999999999923,0.5095662721185333,-0.015644444444444617,1,-0.07911050923964047,0.7624798984343918,0.742943085396999,0.5312742523208924,False,False
barcode_mean_len,low,abs,15.0,0.2,50,3.873,0.23475273982264028,0.0715394098023037,0.6215189559314487,0.09491775841769232,0.5601662401231016,3.5877647058823356,0.4646595927749345,-0.009160784313725875,2,-0.008565532295018441,0.6583287346426506,0.7165812975439951,0.48994718966064527,False,False
barcode_mean_len,low,abs,20.0,0.2,50,4.472100000000001,0.27106577014222294,0.17149858514250882,0.23371120798270897,0.09491775841769232,0.5601662401231016,5.442823529411754,0.24480124029949699,0.03206274509803898,2,0.2405208276313422,0.27512838408091056,0.7165812975439951,0.27529039114695547,False,False
barcode_mean_len,low,abs,25.0,0.2,50,5.0,0.3030631807676739,-0.008819927235900455,0.9515264375150039,-0.08523227286486657,0.6010327429300519,3.9472941176470613,0.413185806132948,-0.0011712418300653049,1,0.11650176678282875,0.9556367029038375,0.7502824844630179,0.4391574853755904,False,False
barcode_mean_len,low,abs,30.0,0.2,50,5.477199999999999,0.3319875307401407,0.057819522990902976,0.6900119507543823,0.04261613643243328,0.7940154372348941,2.5176470588235134,0.6414786262510324,-0.03294117647058859,1,0.08365145052792222,0.7210237238219949,0.8843525229083252,0.6613914882632596,False,False
barcode_mean_len,low,abs,35.0,0.2,50,5.916100000000001,0.35859041674792713,0.01861984638690096,0.897877431515807,0.16271615728747252,0.3157739167860114,1.8108235294117776,0.7705015365247152,-0.04864836601307161,2,-0.21759783924440734,0.9096143914049025,0.4919091166013243,0.7814246771733754,False,False
barcode_mean_len,low,abs,40.0,0.2,50,6.324599999999999,0.3833506786166461,-0.07349939363250378,0.6119716969823952,-0.3234952174643799,0.041730203948495206,6.414117647058816,0.17028274175174662,0.053647058823529256,3,-0.03667108573288713,0.6496959796730908,0.12127840522531419,0.19718092280513555,False,False
barcode_mean_len,low,abs,45.0,0.2,50,6.708199999999998,0.406601685845142,0.3175173804924164,0.02464685965297283,0.18015003128255888,0.26597886912485613,6.883764705882356,0.14215971314429587,0.06408366013071903,1,0.583716378325525,0.03581496793322614,0.4417149076537789,0.16714100281187758,False,False
barcode_mean_len,low,abs,50.0,0.2,50,7.0711,0.42859801150525983,0.2057983021710106,0.1516274890672849,0.26925649836855575,0.09293462462559046,3.2799999999999727,0.5121073116479593,-0.016000000000000607,2,0.09614383754825218,0.1850571716962926,0.2144645183667472,0.5333256437095208,False,False
barcode_mean_len,low,abs,55.0,0.2,50,7.416200000000001,0.44951543224184454,-0.009799919151000506,0.9461480167062628,-0.04261613643243328,0.7940154372348941,4.46399999999997,0.3468375170271231,0.010311111111110449,2,-0.20244567548669057,0.9522918349965632,0.8843525229083252,0.3750684777153773,False,False
barcode_mean_len,low,abs,60.0,0.2,50,7.746,0.46950547964528055,-0.3175173804924164,0.02464685965297283,-0.311872634800989,0.05010350092789561,9.043764705882353,0.06001483214973902,0.11208366013071895,2,-0.5673799205917853,0.03581496793322614,0.1390933010834117,0.07532225897335666,False,False
barcode_mean_len,low,abs,65.0,0.2,50,8.0623,0.4886772564606436,0.22245816472771146,0.12048068549739624,0.3816081307813344,0.01511095184742017,5.457882352941169,0.24345653582987747,0.032397385620914876,1,0.25845580367752685,0.15039870807057518,0.06057407421595155,0.2744419131173164,False,False
barcode_mean_len,low,abs,70.0,0.2,50,8.3666,0.5071216816421642,-0.29203759069981505,0.03960107036135734,-0.29250166369533753,0.06701563255598558,11.62917647058822,0.020332745935260497,0.16953725490196045,3,-0.7326507986187649,0.05432005226557866,0.17409088904208544,0.027767186078990105,False,False
barcode_mean_len,low,abs,75.0,0.2,50,8.6603,0.5249236128804573,0.2038383183408105,0.15564981141708864,0.129785506407865,0.4247594410571297,4.615529411764669,0.32906760596714524,0.0136784313725482,1,0.7036727826675251,0.18971733239566504,0.6012576562909142,0.35793318543794744,False,False
barcode_mean_len,low,abs,80.0,0.2,50,8.9443,0.5421376015480612,-0.06369947448150327,0.6603155028480303,0.10266614685995291,0.5284348079525036,4.981647058823512,0.2891858110325736,0.021814379084966935,2,-0.27367382921198136,0.693890867399625,0.6902308587020062,0.32017000507177795,False,False
barcode_mean_len,low,abs,85.0,0.2,50,9.219499999999998,0.558818199017514,0.11563904598180595,0.4238858671668648,-0.003874194221130298,0.981071453424745,1.7091764705882042,0.7890500389241304,-0.05090718954248435,1,0.4778205789594834,0.46763209545098966,0.9874420472781524,0.7984945986936249,False,False
barcode_mean_len,low,abs,90.0,0.2,50,9.486800000000002,0.5750199566613537,0.3518170975209181,0.012228897171496625,0.3293065087960754,0.03799171111313534,9.243294117647054,0.05529778824132374,0.1165176470588234,2,0.814460237320807,0.018829262201145468,0.11324452351030725,0.06996863001963412,False,False
barcode_mean_len,low,abs,95.0,0.2,50,9.7468,0.5907792420612729,0.1763985447180091,0.22041919557043052,-0.025182262437346937,0.8774200339160868,5.037176470588236,0.28350418453669873,0.023048366013071902,2,0.4969436039966766,0.2601394059397213,0.9368549156624119,0.3142537444804885,False,False
barcode_mean_len,low,abs,100.0,0.2,50,10.0,0.6061263615353478,-0.12739894896300655,0.3779597172405056,-0.07167259309091052,0.6603070945489715,0.999529411764712,0.9098673377202872,-0.0666771241830064,2,-0.3391409985164655,0.4219718331736737,0.801678326280083,0.9147855395458022,False,False
barcode_mean_len,low,abs,0.0,0.3,50,0.0,0.0,0.4237074323951935,0.00216839201070083,-0.10012749385416088,0.5387336272249978,20.200791982400368,0.0004558187941688755,0.36001759960889707,2,1.3224420024420023,0.003848482003724755,0.699751778378838,0.0008546602390666415,False,False
barcode_mean_len,low,abs,5.0,0.3,50,2.2361,0.13490829241970365,0.14405881151970742,0.31822914395373836,-0.12397421507616954,0.44596095780510414,6.171294117647051,0.1867159232226914,0.04825098039215669,2,0.10954935611045724,0.36224370119580984,0.6199457260967816,0.21464253225847096,False,False
barcode_mean_len,low,abs,10.0,0.3,50,3.1622999999999997,0.1907877523897987,0.13523888428380698,0.34906329925274965,0.011622582663390894,0.9432552438855252,3.476705882352917,0.48142909465155703,-0.01162875816993518,1,0.13311814122984056,0.3920638506099724,0.9703842663866575,0.5047678219007307,False,False
barcode_mean_len,low,abs,15.0,0.3,50,3.873,0.2336656753014231,0.2734177443129141,0.05470136817526011,0.13559679773956046,0.40413538795481935,5.461647058823502,0.24312136040927557,0.032481045751633374,1,0.3789576434210771,0.07351484451299407,0.580009121601824,0.27439668104444936,False,False
barcode_mean_len,low,abs,20.0,0.3,50,4.472100000000001,0.2698105516435565,0.522335690748327,9.989850199490825e-05,0.37773393656020415,0.01626007693656015,18.035764705882343,0.0012143933568624656,0.311905882352941,1,0.5497545894247657,0.00025523518366830954,0.0638053651940968,0.0021287063433287168,False,False
barcode_mean_len,low,abs,25.0,0.3,50,5.0,0.3016597925399214,0.1979583668502102,0.1681866636815923,-0.011622582663390894,0.9432552438855252,5.154823529411772,0.27177732759348955,0.025662745098039372,1,0.23595366496214654,0.20392907069606367,0.9703842663866575,0.3016144566371662,False,False
barcode_mean_len,low,abs,30.0,0.3,50,5.477199999999999,0.3304502031399315,-0.19403839918981003,0.17694263427729667,-0.1569048659557771,0.3335977986608579,2.9214117647058515,0.5710619224847739,-0.023968627450981078,3,-0.20049284161180037,0.2128805302430607,0.5052865680042311,0.5920708895327088,False,False
barcode_mean_len,low,abs,35.0,0.3,50,5.916100000000001,0.3569298997290858,0.23617805153911217,0.09868880283927957,0.17046454572973313,0.2929615964374106,2.858352941176463,0.5818025373824383,-0.025369934640523045,0,0.3087166829497616,0.12538331508269127,0.46813450977112,0.6025349217880486,False,True
barcode_mean_len,low,abs,40.0,0.3,50,6.324599999999999,0.3815755047795974,0.1861984638690096,0.19543169665716198,0.05230162198525902,0.7485781156590099,6.41129411764706,0.17046608810250427,0.05358431372549022,1,0.24719950129675627,0.2336137247958363,0.8584188009406648,0.19718092280513555,False,False
barcode_mean_len,low,abs,45.0,0.3,50,6.708199999999998,0.40471884406326003,0.27439773622801417,0.05380495418217212,0.013559679773956045,0.933817144982964,14.539294117647046,0.005758632601746747,0.23420653594771212,2,0.31329455016937313,0.0724147719094357,0.9703842663866575,0.00865190358582306,False,False
barcode_mean_len,low,abs,50.0,0.3,50,7.0711,0.4266133118058077,0.24303799494481254,0.08900394994714639,0.12010002085503925,0.46041044333444936,8.640941176470562,0.07072834745357288,0.10313202614379027,1,0.3093838767984258,0.11480398536871864,0.6343432774830191,0.08782024450176606,False,False
barcode_mean_len,low,abs,55.0,0.3,50,7.416200000000001,0.447433870686913,0.2979175421904154,0.035615665442820035,0.1104145353022135,0.4976084758363196,6.079058823529408,0.19332139639263013,0.0462013071895424,1,0.5740430852714522,0.04958468392488418,0.6611084036111103,0.22168791448230088,False,False
barcode_mean_len,low,abs,60.0,0.3,50,7.746,0.4673313506028462,0.4360964022195225,0.0015466315321937794,0.3544887712334223,0.024811134115082394,11.910588235294114,0.01802868813558944,0.17579084967320252,1,0.5605195688054216,0.0028539034225004262,0.08546057306306157,0.024802781014938134,False,False
barcode_mean_len,low,abs,65.0,0.3,50,8.0623,0.4864143490789216,0.20971826983141081,0.14381368777274423,0.1181629237444741,0.4677283145791489,9.061647058823496,0.05957693332113635,0.11248104575163324,1,0.47398834523282396,0.17691366352996316,0.6415742368121069,0.07487371349818488,False,False
barcode_mean_len,low,abs,70.0,0.3,50,8.3666,0.5047733640529012,0.29595755836021526,0.03690558031872982,0.18208712839312402,0.2607862304209762,11.447529411764691,0.02196914117567542,0.16550065359477092,2,0.5808448824310193,0.05107468704824217,0.43857358823057485,0.029696658856654276,False,False
barcode_mean_len,low,abs,75.0,0.3,50,8.6603,0.5224928602666962,0.0950592157647049,0.5114004951304778,-0.017433873995086342,0.9149689777413625,2.343529411764706,0.672855528488459,-0.036810457516339865,1,0.5196379088126335,0.5562601876857829,0.9625804856328813,0.6910399726760703,False,False
barcode_mean_len,low,abs,80.0,0.3,50,8.9443,0.5396271364829638,0.28027768771861444,0.04867277684483834,0.20920648794103608,0.19512267052484822,10.420705882352934,0.03390695197816429,0.14268235294117632,1,0.7239571468211881,0.06608128827109438,0.3600477848970413,0.044601789730824314,False,False
barcode_mean_len,low,abs,85.0,0.3,50,9.219499999999998,0.556230491464361,0.3694569519927191,0.00827781226677293,0.35642586834398743,0.02397896260405331,8.671058823529393,0.06986843550096962,0.10380130718954206,2,0.7484653623238628,0.01302599899847517,0.0838362226382315,0.08698479921807463,False,False
barcode_mean_len,low,abs,90.0,0.3,50,9.486800000000002,0.5723572239735453,0.2596978575015134,0.06856378599794749,0.05230162198525902,0.7485781156590099,5.819294117647047,0.2130560600484652,0.040428758169934374,1,0.7795361022862091,0.09122220454662541,0.8584188009406648,0.24222754993285164,False,False
barcode_mean_len,low,abs,95.0,0.3,50,9.7468,0.5880435331856212,0.23617805153911217,0.09868880283927957,0.0,1.0,8.133647058823527,0.0868034049149389,0.09185882352941172,2,0.7250001363001735,0.12538331508269127,1.0,0.10664090696287078,False,False
barcode_mean_len,low,abs,100.0,0.3,50,10.0,0.6033195850798428,0.39493674178532034,0.004534393002103696,0.14721938040295135,0.364657907893048,10.256,0.03632926850961946,0.1390222222222222,1,0.9868619039963056,0.007450504402749888,0.5434805358021387,0.04745255577801418,False,False
barcode_mean_len,low,abs,0.0,0.4,50,0.0,0.0,0.4912952744584256,0.0002913159479379986,0.022317478835992055,0.8912764501886948,21.37974640164497,0.00026622991718340295,0.3862165867032215,3,1.4768689643689643,0.0006591820719764931,0.9483834080955219,0.00052478457681602,False,False
barcode_mean_len,low,abs,5.0,0.4,50,2.2361,0.13726821827259283,0.3655369843323189,0.009044140460662969,0.05230162198525902,0.7485781156590099,13.649882352941148,0.008500545360743508,0.21444183006535886,1,0.2868158817101021,0.014160017892957174,0.8584188009406648,0.012449617614947187,False,False
barcode_mean_len,low,abs,10.0,0.4,50,3.1622999999999997,0.19412516731962806,0.408656628596721,0.003215158687044143,0.1646532543980377,0.30996864174106353,15.607529411764688,0.003593655791163152,0.2579450980392153,1,0.29476292685302186,0.005476369192218046,0.4844888013767884,0.0056145717834184755,False,False
barcode_mean_len,low,abs,15.0,0.4,50,3.873,0.23775314582073792,0.23029810004851184,0.10762167043029564,0.017433873995086342,0.9149689777413625,6.039529411764704,0.19621557811585197,0.04532287581699342,2,0.18378118858007153,0.1358048215741858,0.9625804856328813,0.22445324433916647,False,False
barcode_mean_len,low,abs,20.0,0.4,50,4.472100000000001,0.2745302978117537,0.2969375502753153,0.03625588892818323,-0.06779839886978023,0.6776467157847956,19.377882352941185,0.0006623400227371002,0.34173071895424856,2,0.2983206978415889,0.050325338363000606,0.8100404186116452,0.001214943236973379,False,False
barcode_mean_len,low,abs,25.0,0.4,50,5.0,0.3069366715991969,0.310657437086716,0.028108842314410014,-0.023245165326781787,0.8867857141673682,14.749176470588196,0.00525073965977212,0.23887058823529325,2,0.3126271744514346,0.04015548902058574,0.9446858123432444,0.007966048749735841,False,False
barcode_mean_len,low,abs,30.0,0.4,50,5.477199999999999,0.33623070753662426,0.3723969277380192,0.007740598655897051,0.21889197349386189,0.17477538712368895,9.960470588235268,0.041098840067228824,0.13245490196078372,1,0.3778114155147354,0.012242783588408601,0.330368109806973,0.05315983485747261,False,False
barcode_mean_len,low,abs,35.0,0.4,50,5.916100000000001,0.3631736085696018,0.4390363779648226,0.0014247865920672188,0.2886274694742072,0.07088505559627353,14.926117647058817,0.004856932796215407,0.24280261437908482,1,0.5204936661290169,0.002655413889023073,0.17721263899068382,0.00740483196800054,False,False
barcode_mean_len,low,abs,40.0,0.4,50,6.324599999999999,0.3882503346392561,0.24107801111461244,0.09169206477831426,0.011622582663390894,0.9432552438855252,6.591999999999956,0.1590851567968757,0.05759999999999903,1,0.41811645254488683,0.11761878654321692,0.9703842663866575,0.18586582389584724,False,False
barcode_mean_len,low,abs,45.0,0.4,50,6.708199999999998,0.41179851608434653,0.3733769196531193,0.007568379508994339,0.11622582663390896,0.47510759568232697,12.816000000000003,0.01221073858330109,0.19591111111111117,2,0.49942204843669913,0.011990788659905851,0.6440963031844957,0.017363894315703385,False,False
barcode_mean_len,low,abs,50.0,0.4,50,7.0711,0.4340759797090162,0.4743160869084245,0.0005017178082387765,0.18015003128255888,0.26597886912485613,15.951999999999998,0.0030842534290495944,0.26559999999999995,1,0.8066425165297568,0.0010927343364451104,0.4417149076537789,0.00488646625045336,False,False
barcode_mean_len,low,abs,55.0,0.4,50,7.416200000000001,0.45526074878279277,0.19697837493511014,0.1703455254775327,-0.07942098153317112,0.6261554912472203,11.840941176470608,0.01857410603538054,0.1742431372549024,2,0.4793338627171635,0.20627778475794975,0.7712908700131322,0.02551538938390532,False,False
barcode_mean_len,low,abs,60.0,0.4,50,7.746,0.47550629164147584,0.5135157635124264,0.0001368374333707826,0.43778394698772377,0.00472624510913381,19.39105882352939,0.0006583962728161983,0.3420235294117643,1,0.7893829014109195,0.0003348916132495469,0.02616314256841931,0.0012100959164408388,False,False
barcode_mean_len,low,abs,65.0,0.4,50,8.0623,0.49492310548684115,0.5801552137392298,1.0062239197797877e-05,0.284753275253077,0.0749281755754842,20.3990588235294,0.00041648602466205,0.3644235294117645,0,1.1582671156438673,3.0884100508092495e-05,0.18532766831170294,0.0007888635497672231,False,True
barcode_mean_len,low,abs,70.0,0.4,50,8.3666,0.5136032713203682,0.45765622435172354,0.000832820560833048,0.2750677897002512,0.0858277861381847,13.404235294117626,0.009460572905552416,0.20898300653594726,1,0.9687368171695558,0.0016874142082238229,0.20572123997039118,0.013747395003380854,False,False
barcode_mean_len,low,abs,75.0,0.4,50,8.6603,0.531632731410105,0.563495351182529,2.0378269927857844e-05,0.3176839261326845,0.045762198194659424,21.383529411764698,0.0002657698144043102,0.38630065359477106,1,1.1793901691461413,5.813432832180305e-05,0.1309502902185639,0.00052478457681602,False,False
barcode_mean_len,low,abs,80.0,0.4,50,8.9443,0.5490667343569394,0.4292364588138221,0.001867761977620251,0.14915647751351652,0.35831121336829763,14.783058823529416,0.005172978635053575,0.2396235294117648,1,1.1122055429544462,0.003372851726576376,0.535738630920445,0.007873764534533265,False,False
barcode_mean_len,low,abs,85.0,0.4,50,9.219499999999998,0.5659605287617592,0.3263373077283168,0.020727755139519216,0.08716936997543172,0.5927567412522293,9.977411764705863,0.040809901633559985,0.13283137254901917,1,0.8696767541649044,0.03094191377167395,0.742943085396999,0.05285962189305123,False,False
barcode_mean_len,low,abs,90.0,0.4,50,9.486800000000002,0.5823693632254523,0.3616170166719186,0.009871039876256952,0.18983551683538463,0.24069181478268264,11.03435294117648,0.026180635485228965,0.1563189542483662,1,1.2119719124462653,0.015376996792159071,0.41606577648307597,0.03498274569146974,False,False
barcode_mean_len,low,abs,95.0,0.4,50,9.7468,0.5983300701486105,0.4429563456252228,0.0012756730488826524,0.07748388442260597,0.6346250730313773,16.01599999999999,0.002997769015094538,0.26702222222222205,1,1.4624269284179547,0.002421175378491565,0.7796582799460777,0.004765684075278496,False,False
barcode_mean_len,low,abs,100.0,0.4,50,10.0,0.6138733431983938,0.4625561839272238,0.0007193979711864259,0.25957101281573,0.10577593019137192,12.972235294117638,0.011412257041546083,0.1993830065359475,1,1.1923571454459463,0.0015000899399178836,0.23761259680670502,0.016404017076720026,False,False
barcode_mean_len,low,abs,0.0,0.5,50,0.0,0.0,0.24539694305677884,0.08585062725272657,-0.46849064939335694,0.0022967254525996924,26.83854405383001,2.143026506021989e-05,0.5075232011962224,2,1.3660404858299595,0.11135437007675832,0.014629826513135028,6.0394383351528776e-05,False,False
barcode_mean_len,low,abs,5.0,0.5,50,2.2361,0.13544072004431557,0.5086158039369262,0.00016237399709079418,0.24988552726290425,0.11992549693631241,23.181176470588213,0.0001164977421413562,0.42624836601307137,2,0.31680766174854647,0.00039121196190269067,0.2534788912517512,0.0002549244710387324,False,False
barcode_mean_len,low,abs,10.0,0.5,50,3.1622999999999997,0.19154071329374317,0.5193957150030268,0.0001110517505844271,0.42809846143489794,0.005856111478138783,13.682823529411735,0.00837928345652103,0.21517385620914967,0,0.38113410873866704,0.000280647087074775,0.029924086124555316,0.012310795599628055,False,True
barcode_mean_len,low,abs,15.0,0.5,50,3.873,0.2345878577575396,0.44393633754032286,0.0012406456501398776,0.2750677897002512,0.0858277861381847,14.041411764705884,0.007164052624730877,0.22314248366013076,1,0.3570537264527438,0.002364345193914111,0.20572123997039118,0.010626106763954889,False,False
barcode_mean_len,low,abs,20.0,0.5,50,4.472100000000001,0.27087538308223413,0.3763168953984194,0.00707152280278329,0.11622582663390896,0.47510759568232697,13.898352941176455,0.007626638182994021,0.21996339869281012,2,0.36426883526438214,0.011222723902028088,0.6440963031844957,0.011294225334688598,False,False
barcode_mean_len,low,abs,25.0,0.5,50,5.0,0.3028503198522328,0.24989793835051288,0.08007702803407138,0.09298066130712715,0.5682352325021965,7.487058823529395,0.11228129975974736,0.07749019607843101,1,0.3344377298241463,0.10503756850731508,0.7239161181192367,0.13501188129084477,False,False
barcode_mean_len,low,abs,30.0,0.5,50,5.477199999999999,0.33175435437893,0.4115966043420212,0.002981221165114495,0.1646532543980377,0.30996864174106353,21.02870588235291,0.00031254609296624557,0.3784156862745091,2,0.36515071226711315,0.005143850989900706,0.4844888013767884,0.0006017968249660628,False,False
barcode_mean_len,low,abs,35.0,0.5,50,5.916100000000001,0.358338555455559,0.5135157635124264,0.0001368374333707826,0.3428661885700314,0.030323325365610023,14.955294117647043,0.004794843942776395,0.2434509803921565,1,0.593631903487442,0.0003348916132495469,0.09758025117653053,0.007334218530891525,False,False
barcode_mean_len,low,abs,40.0,0.5,50,6.324599999999999,0.38308142658748634,0.41257659625712123,0.0029066541130199075,0.25763391570516486,0.10849891383233723,13.832470588235282,0.00784938932699144,0.21849934640522847,2,0.5052425251451731,0.005033870251598723,0.24024759491446102,0.011587193768415934,False,False
barcode_mean_len,low,abs,45.0,0.5,50,6.708199999999998,0.4063161031265497,0.4008166932759207,0.003919966332926541,0.24601133304177394,0.12596729024899417,10.713411764705853,0.02998087555175368,0.1491869281045745,1,0.6372356347034089,0.006509944088610148,0.26266721957749906,0.03966175570857884,False,False
barcode_mean_len,low,abs,50.0,0.5,50,7.0711,0.4282969793414248,0.6252348418338322,1.2094154138509476e-06,0.505582345857504,0.000875268971877261,19.356235294117624,0.0006688698376404941,0.3412496732026139,0,0.9285620861713433,4.765916673226192e-06,0.008059407364810423,0.001224505805129251,False,True
barcode_mean_len,low,abs,55.0,0.5,50,7.416200000000001,0.44919970841762596,0.6232748580036321,1.3353912114675822e-06,0.4358468498771586,0.004935694451497721,22.361411764705878,0.00016980621760448615,0.4080313725490195,1,0.9974719538067989,5.218125322121224e-06,0.026687185115656285,0.00035709452116764465,False,False
barcode_mean_len,low,abs,60.0,0.5,50,7.746,0.4691757155150792,0.505675828191626,0.00017970709006356664,0.16659035150860282,0.30423147795262523,17.103999999999985,0.0018450490004187916,0.2911999999999997,1,0.9543169893807981,0.0004285322916900435,0.4771252521010817,0.003108118906657252,False,False
barcode_mean_len,low,abs,65.0,0.5,50,8.0623,0.48833402674893145,0.47235610307822434,0.0005332543042032629,0.284753275253077,0.0749281755754842,15.305411764705866,0.004107939182981736,0.2512313725490192,1,1.1007783182236932,0.0011587067824977441,0.18532766831170294,0.006346151893975107,False,False
barcode_mean_len,low,abs,70.0,0.5,50,8.3666,0.5067654972151383,0.5066558201067262,0.00017375078389421356,0.23438875037838308,0.14545751027560785,15.110588235294102,0.00447726087544744,0.2469019607843134,1,0.9536960571935214,0.0004164645077876769,0.29217167290780843,0.00688240101515061,False,False
barcode_mean_len,low,abs,75.0,0.5,50,8.6603,0.5245549250032584,0.485095997974525,0.00035644101637273226,0.19758390527764522,0.22167129381988698,15.705411764705872,0.003441035895048498,0.2601202614379083,1,1.1324005514319713,0.0007930386249441172,0.3941764880544835,0.0054056813891809165,False,False
barcode_mean_len,low,abs,80.0,0.5,50,8.9443,0.5417568231708654,0.5135157635124264,0.0001368374333707826,0.17627583706142858,0.27656782450681333,17.676235294117618,0.0014274676904868625,0.3039163398692804,1,1.108370382865849,0.0003348916132495469,0.4536297650640854,0.0024721507488878625,False,False
barcode_mean_len,low,abs,85.0,0.5,50,9.219499999999998,0.5584257047755322,0.37925687114371953,0.006603266633286669,0.08716936997543172,0.5927567412522293,10.42352941176469,0.033866814117017495,0.14274509803921534,1,1.0853887069661616,0.010515475974240757,0.742943085396999,0.044601789730824314,False,False
barcode_mean_len,low,abs,90.0,0.5,50,9.486800000000002,0.5746160828748327,0.4037566690212208,0.003641167432932486,0.12010002085503925,0.46041044333444936,11.583999999999975,0.02072831682433344,0.16853333333333279,1,1.0479244291635164,0.006090441929185633,0.6343432774830191,0.0282245016788142,False,False
barcode_mean_len,low,abs,95.0,0.5,50,9.7468,0.5903642995071486,0.4831360141443249,0.0003796182293398571,0.22664036193612244,0.15962826010966372,16.27011764705881,0.0026773194389144777,0.27266928104575133,1,1.452521652569052,0.0008405832221096835,0.31187874349156985,0.004315263567054531,False,False
barcode_mean_len,low,abs,100.0,0.5,50,10.0,0.6057006397044656,0.4429563456252228,0.0012756730488826524,0.15884196306634224,0.3275885753826937,14.210823529411755,0.006651720027411116,0.22690718954248343,1,1.255085269495864,0.002421175378491565,0.5019067135187893,0.009913621194699258,False,False
barcode_mean_len,low,abs,0.0,0.6,50,0.0,0.0,0.41597052871778867,0.0026609877093974714,-0.1260059112325262,0.4384836961945311,22.981009521958764,0.00012773713678869132,0.42180021159908365,2,1.2986571701245613,0.004642999192757314,0.6137025338151699,0.0002769126741573029,False,False
barcode_mean_len,low,abs,5.0,0.6,50,2.2361,0.13662712386213294,0.6066149954469313,3.018573491611923e-06,0.32543231457494504,0.04045220140101082,20.335999999999984,0.0004286167247032552,0.36302222222222186,0,0.3938759403215778,1.0923242596105402e-05,0.11867680537205066,0.0008101901503537141,False,True
barcode_mean_len,low,abs,10.0,0.6,50,3.1622999999999997,0.19321852948849472,0.45177627286112326,0.0009899551564513083,0.2556968185945997,0.11127480407928694,14.725647058823512,0.005305414285383723,0.23834771241830027,2,0.26904288752053107,0.0019382279905257194,0.24464673237290038,0.008035888086981862,False,False
barcode_mean_len,low,abs,15.0,0.6,50,3.873,0.23664274885650952,0.4919559413802254,0.00028505430756506,0.29250166369533753,0.06701563255598558,15.670588235294105,0.0034945882465830147,0.2593464052287579,1,0.42596811832441994,0.0006465866000865994,0.17409088904208544,0.005480551550290393,False,False
barcode_mean_len,low,abs,20.0,0.6,50,4.472100000000001,0.27324813766103695,0.5282156422389273,8.060259518955443e-05,0.16077906017690738,0.3216472515203678,22.515764705882333,0.00015819008704507888,0.41146143790849626,1,0.6556086482865335,0.0002088033802960602,0.49689691680056824,0.00033435632034528037,False,False
barcode_mean_len,low,abs,25.0,0.6,50,5.0,0.30550316144656536,0.6487546477962334,3.484377504882101e-07,0.4261613643243328,0.006108169117910963,21.37882352941176,0.0002663422798464102,0.3861960784313725,0,0.6812881833442719,1.5807175997757824e-06,0.03070593124139025,0.00052478457681602,False,True
barcode_mean_len,low,abs,30.0,0.6,50,5.477199999999999,0.3346603831750255,0.45961620818192367,0.0007856547621625983,0.23826294459951336,0.13872920665971303,13.649882352941148,0.008500545360743508,0.21444183006535886,1,0.6338805817220656,0.0016129336176848043,0.2829345662138884,0.012449617614947187,False,False
barcode_mean_len,low,abs,35.0,0.6,50,5.916100000000001,0.361477450686805,0.6026950277865311,3.6327657714858147e-06,0.37579683944963893,0.016861730678308012,23.18399999999997,0.000116346435077937,0.4263111111111104,1,0.8017955268610062,1.2748951575403048e-05,0.06533920637844355,0.0002549244710387324,False,False
barcode_mean_len,low,abs,40.0,0.6,50,6.324599999999999,0.38643705897698943,0.5919151167204305,5.970515067258866e-06,0.42809846143489794,0.005856111478138783,22.882823529411752,0.0001336372928218919,0.4196183006535945,1,0.818142376117764,1.9830639330538378e-05,0.029924086124555316,0.0002890294937775802,False,False
barcode_mean_len,low,abs,45.0,0.6,50,6.708199999999998,0.40987526152316983,0.6134749388526316,2.169801801255336e-06,0.3661113538968132,0.020158620058334163,22.174117647058807,0.00018504279006424586,0.40386928104575126,1,0.9002491369844088,8.13675675470751e-06,0.07469130141135766,0.0003815738243009948,False,False
barcode_mean_len,low,abs,50.0,0.6,50,7.0711,0.4320486809809616,0.6948142678059358,2.1716496310514096e-08,0.49783395741524333,0.0010803754610252377,25.60282352941175,3.8048805160167596e-05,0.4800627450980389,0,1.085324282674922,1.5778391850607897e-07,0.009478765837296897,9.774969281479521e-05,False,True
barcode_mean_len,low,abs,55.0,0.6,50,7.416200000000001,0.4531345091840035,0.5732952703335296,1.3518048165935917e-05,0.3273694116855102,0.03920622889644715,18.002823529411756,0.001232530993872122,0.31117385620915017,0,0.8831729057628199,4.016544662722174e-05,0.11575172340855826,0.0021505700268312825,False,True
barcode_mean_len,low,abs,60.0,0.6,50,7.746,0.47328549771301903,0.639934720560333,5.62536494665061e-07,0.43197265565602827,0.0053788683416000965,21.909647058823538,0.00020889293920623006,0.3979921568627453,0,1.1350117493827154,2.41087069142169e-06,0.028422429305045967,0.0004225026544525424,False,True
barcode_mean_len,low,abs,65.0,0.6,50,8.0623,0.49261162770612876,0.5958350843808308,4.994053956820095e-06,0.2944387608059027,0.06514453415194907,22.27199999999999,0.0001769180798994964,0.40604444444444426,1,1.397458835575987,1.688898247215523e-05,0.17211482034463818,0.00036840261866336916,False,False
barcode_mean_len,low,abs,70.0,0.6,50,8.3666,0.5112045501117668,0.542915520965428,4.6306534524945614e-05,0.22276616771499216,0.16707804359403583,20.30023529411764,0.0004356516517197209,0.36222745098039205,1,1.1993680749330973,0.0001241068504559061,0.3243895209654558,0.0008201539192294341,False,False
barcode_mean_len,low,abs,75.0,0.6,50,8.6603,0.5291498058151379,0.5193957150030268,0.0001110517505844271,0.24213713882064367,0.1322338092452734,18.11294117647057,0.001172925385532623,0.31362091503267936,1,1.403527198247061,0.000280647087074775,0.273283205773565,0.0020733800550959782,False,False
barcode_mean_len,low,abs,80.0,0.6,50,8.9443,0.5465023853853028,0.5331156018144275,6.719702684060334e-05,0.32543231457494504,0.04045220140101082,16.999529411764712,0.0019333564845845745,0.28887843137254915,1,1.3168812874844487,0.00017653456203887318,0.11867680537205066,0.003239678433628206,False,False
barcode_mean_len,low,abs,85.0,0.6,50,9.219499999999998,0.5633172793913218,0.45569624052152347,0.0008825134392055796,0.19758390527764522,0.22167129381988698,13.630117647058825,0.008574124993756338,0.214002614379085,1,1.2700635859603038,0.0017688308156491143,0.3941764880544835,0.012537635604077665,False,False
barcode_mean_len,low,abs,90.0,0.6,50,9.486800000000002,0.5796494784022552,0.47529607882352454,0.00048658952852224854,0.220829070604427,0.17089556312621176,14.084705882352921,0.007029559420747988,0.22410457516339824,1,1.1846082198012131,0.0010622729143795566,0.32702237388349165,0.010443275177788544,False,False
barcode_mean_len,low,abs,95.0,0.6,50,9.7468,0.5955356427974766,0.4409963617950227,0.0013483902080002057,0.20339519660934066,0.20810244941379488,14.757647058823522,0.005231192501910927,0.2390588235294116,1,1.141451383958369,0.0025282316400003857,0.37799858975552586,0.007949361154864644,False,False
barcode_mean_len,low,abs,100.0,0.6,50,10.0,0.6110063228931307,0.3655369843323189,0.009044140460662969,0.15496776884521193,0.33967481234405483,8.290823529411739,0.08148744117599055,0.09535163398692753,1,0.8910841543108021,0.014160017892957174,0.5128207394155373,0.10037525866711419,False,False
barcode_mean_len,low,abs,0.0,0.7,50,0.0,0.0,0.32519812998174985,0.021202287768486337,-0.30617625293212547,0.0546746199233255,24.14716193250788,7.46285443054897e-05,0.44771470961128623,3,1.2254856004828196,0.031498606429220914,0.14893637945725174,0.00017526400556592278,False,False
barcode_mean_len,low,abs,5.0,0.7,50,2.2361,0.13553240861621668,0.6859943405700353,3.841394902545156e-08,0.4707145978673313,0.002174106252000775,27.35058823529411,1.6884260353264873e-05,0.5189019607843136,1,0.3482103127422037,2.5701419132136653e-07,0.014139292408116929,5.016729114548349e-05,False,False
barcode_mean_len,low,abs,10.0,0.7,50,3.1622999999999997,0.19167037957473368,0.446876313285623,0.0011406633230296604,0.12397421507616954,0.44596095780510414,17.352470588235292,0.0016506891949448412,0.2967215686274509,2,0.31619319076634955,0.0021917704347470747,0.6199457260967816,0.0028267171886280766,False,False
barcode_mean_len,low,abs,15.0,0.7,50,3.873,0.23474666543115574,0.6056350035318312,3.162360902369426e-06,0.36030006256511776,0.022384200321470177,24.930823529411725,5.1946954877965144e-05,0.465129411764705,1,0.5158681965987628,1.1399207903889792e-05,0.08006656268833565,0.0001284858192460308,False,False
barcode_mean_len,low,abs,20.0,0.7,50,4.472100000000001,0.2710587561256575,0.6516946235415335,2.959963436061713e-07,0.4203500729926374,0.006921396320156292,26.383999999999986,2.6474684738742874e-05,0.49742222222222193,1,0.5753573094964204,1.3627554433353433e-06,0.03423882222204974,7.306070269148627e-05,False,False
barcode_mean_len,low,abs,25.0,0.7,50,5.0,0.3030553387957084,0.679134397164335,5.9057546686338223e-08,0.4765258891990267,0.0018804605022060316,28.15717647058824,1.1590642163670755e-05,0.5368261437908498,1,0.7430340517390857,3.613389369624641e-07,0.013050957216803057,3.6539990549877294e-05,False,False
barcode_mean_len,low,abs,30.0,0.7,50,5.477199999999999,0.33197894033037073,0.4527562647762233,0.0009620494058055544,0.1259113121867347,0.438830306437729,20.122352941176445,0.0004723760807036481,0.358274509803921,1,0.5982720138998712,0.0018955634478795879,0.6137025338151699,0.0008803802706500857,False,False
barcode_mean_len,low,abs,35.0,0.7,50,5.916100000000001,0.358581137969858,0.638954728645233,5.92731822580608e-07,0.35061457701229204,0.02654757780827596,25.765647058823532,3.5280816957155795e-05,0.48368104575163406,2,0.8437695711822593,2.505639068181661e-06,0.08881024230826129,9.216617912964856e-05,False,False
barcode_mean_len,low,abs,40.0,0.7,50,6.324599999999999,0.38334075914946736,0.5536954320315285,3.0328574439021054e-05,0.2789419839213815,0.08132917669144848,19.472941176470584,0.000634404257733635,0.3438431372549019,1,0.8989228130473155,8.444782703080713e-05,0.199567636736272,0.0011698055322497112,False,False
barcode_mean_len,low,abs,45.0,0.7,50,6.708199999999998,0.40659116474187423,0.6742344375888347,7.974070026607994e-08,0.47846298630959183,0.0017906645175594371,26.3425882352941,2.6989146881493234e-05,0.49650196078431336,1,1.0063150395376996,4.5496227759174446e-07,0.012909441870777338,7.404102241825577e-05,False,False
barcode_mean_len,low,abs,50.0,0.7,50,7.0711,0.42858692123166675,0.6075949873620313,2.880874693449374e-06,0.3079984405798587,0.0531774537748335,23.55482352941175,9.8079433804036e-05,0.43455163398692775,1,1.1528739802801566,1.050671947022713e-05,0.14588505017874678,0.0002213928966935764,False,False
barcode_mean_len,low,abs,55.0,0.7,50,7.416200000000001,0.4495038007153465,0.6085749792771313,2.749026683559734e-06,0.3157468290221193,0.047174143731525855,23.087999999999965,0.00012160195194376378,0.424177777777777,1,1.1508984244975133,1.0105117848658311e-05,0.13254366667770104,0.00026484734264098435,False,False
barcode_mean_len,low,abs,60.0,0.7,50,7.746,0.4694933308623115,0.5693753026731293,1.5955067380239913e-05,0.3389919943489011,0.03237108028472536,19.15576470588232,0.0007324488109174853,0.3367947712418293,0,1.114611201502512,4.666104611202239e-05,0.10170643467836007,0.0013330281685973804,False,True
barcode_mean_len,low,abs,65.0,0.7,50,8.0623,0.48866461159452795,0.6026950277865311,3.6327657714858147e-06,0.3079984405798587,0.0531774537748335,21.160470588235285,0.0002942927601778109,0.381343790849673,1,1.263799164873927,1.2748951575403048e-05,0.14588505017874678,0.0005725779643626865,False,False
barcode_mean_len,low,abs,70.0,0.7,50,8.3666,0.5071085595136346,0.5968150762959308,4.774231695200844e-06,0.311872634800989,0.05010350092789561,19.59435294117648,0.000600413599008403,0.34654117647058846,0,1.208318869562711,1.620450903845542e-05,0.1390933010834117,0.0011101086423018188,False,True
barcode_mean_len,low,abs,75.0,0.7,50,8.6603,0.5249100301144947,0.4380563860497226,0.0014644143138300791,0.2518226243734694,0.11698754306825601,10.971294117647062,0.02688853024450511,0.1549176470588236,1,0.8957936522300933,0.002723810623723947,0.25068759228912,0.035877092004863345,False,False
barcode_mean_len,low,abs,80.0,0.7,50,8.9443,0.5421235733580909,0.5027358524463259,0.00019870812490022696,0.2731306925896861,0.08814827865954035,15.554823529411749,0.003678573682769511,0.25677385620915,1,1.024932380943719,0.00046784444596762294,0.20701489685195082,0.005720858737417467,False,False
barcode_mean_len,low,abs,85.0,0.7,50,9.219499999999998,0.5588037392054066,0.4929359332953254,0.0002759908005372743,0.18015003128255888,0.26597886912485613,15.639529411764698,0.003543042302048792,0.2586562091503266,1,1.2959546004041118,0.0006290966776952577,0.4417149076537789,0.005547187442601644,False,False
barcode_mean_len,low,abs,90.0,0.7,50,9.486800000000002,0.5750050776174253,0.408656628596721,0.003215158687044143,0.2537597214840346,0.11410416199096901,10.9374117647059,0.027276498399639554,0.15416470588235331,1,1.0277311945361962,0.005476369192218046,0.24910063533239712,0.03634261248089511,False,False
barcode_mean_len,low,abs,95.0,0.7,50,9.7468,0.5907639552348022,0.4968559009557256,0.00024229169586892534,0.1840242255036892,0.255661342055195,16.23999999999998,0.002713461383227242,0.2719999999999996,1,1.3679102748455971,0.0005577506860349024,0.43546712108302443,0.004350894976554026,False,False
barcode_mean_len,low,abs,100.0,0.7,50,10.0,0.6061106775914168,0.41257659625712123,0.0029066541130199075,0.15109357462408166,0.3520316775609681,12.015999999999991,0.01723268088771988,0.17813333333333314,1,1.1644718832998677,0.005033870251598723,0.5271971982797107,0.02381336289090563,False,False
barcode_mean_len,low,abs,0.0,0.8,50,0.0,0.0,0.24552401379483219,0.08568327977719417,-0.47375358882516455,0.0020158722356858516,27.60754854016366,1.4978539166216881e-05,0.5246121897814147,3,1.298242944428653,0.11129252820222148,0.013684388169254321,4.552301119144346e-05,False,False
barcode_mean_len,low,abs,5.0,0.8,50,2.2361,0.1363504790620606,0.735973928240138,1.1315707042873144e-09,0.58306623028011,7.873324701811262e-05,32.42729411764705,1.564499558629278e-06,0.6317176470588234,1,0.44102386456015064,1.4221091283610842e-08,0.0023619974105433786,7.385708576270196e-06,True,False
barcode_mean_len,low,abs,10.0,0.8,50,3.1622999999999997,0.192827297499197,0.7251940171740374,2.581215417322065e-09,0.5423871909582418,0.0002998664561281346,28.600470588235282,9.422905408656559e-06,0.5466771241830063,0,0.5906477934447261,2.6672559312328006e-08,0.004101114767634782,3.096573155494912e-05,True,True
barcode_mean_len,low,abs,15.0,0.8,50,3.873,0.23616359080871197,0.6556145912019338,2.3748516806572188e-07,0.4358468498771586,0.004935694451497721,29.63482352941176,5.807848177527622e-06,0.5696627450980392,1,0.5773918328329604,1.1747936505378795e-06,0.026687185115656285,2.118156394157133e-05,False,False
barcode_mean_len,low,abs,20.0,0.8,50,4.472100000000001,0.27269486043264674,0.47137611116312433,0.0005496835349912938,0.1375338948501256,0.39739079979220154,18.246588235294098,0.0011043978760767372,0.31659084967320217,2,0.4769662338062852,0.0011860920824638126,0.5756595697924415,0.0019676054114010836,False,False
barcode_mean_len,low,abs,25.0,0.8,50,5.0,0.3048845737267131,0.7310739686646378,1.6541920381308558e-09,0.5462613851793722,0.00026594767435802916,29.877647058823527,5.1833154148332765e-06,0.5750588235294117,0,0.7539731403035592,1.8760958481240196e-08,0.0038645521430151113,1.9264498840238624e-05,True,True
barcode_mean_len,low,abs,30.0,0.8,50,5.477199999999999,0.33398275744319056,0.6771744133341349,6.663975010640776e-08,0.5036452487469388,0.0009230001586470098,24.72188235294118,5.722008622142318e-05,0.460486274509804,1,0.8023562314786208,4.024348545386962e-07,0.00841558968178156,0.00014003863206821988,False,False
barcode_mean_len,low,abs,35.0,0.8,50,5.916100000000001,0.3607455253249215,0.6046550116167312,3.312483483824468e-06,0.3351178001277708,0.03453119053857223,21.97176470588235,0.0002030307999933627,0.3993725490196078,1,0.8057779262013489,1.1758052060903645e-05,0.1066910538234956,0.00041407597367067395,False,False
barcode_mean_len,low,abs,40.0,0.8,50,6.324599999999999,0.385654594998394,0.639934720560333,5.62536494665061e-07,0.39129361633416015,0.012534499464241467,21.90588235294115,0.0002092535664397307,0.3979084967320255,0,0.9258080499972299,2.41087069142169e-06,0.053719283418177714,0.0004225026544525424,False,True
barcode_mean_len,low,abs,45.0,0.8,50,6.708199999999998,0.40904533949470734,0.7065741707871364,9.82958251544562e-09,0.6140597840491524,2.5054518381661873e-05,25.74023529411764,3.569924811360145e-05,0.4831163398692809,0,1.1376285560897705,8.235596161589574e-08,0.0015035738608438426,9.299804130433992e-05,True,True
barcode_mean_len,low,abs,50.0,0.8,50,7.0711,0.4311738618557922,0.6634545265227342,1.5139628081900272e-07,0.49589686030467817,0.0011378881975140822,23.54070588235294,9.871964111395817e-05,0.43423790849673194,1,1.0061038703617324,7.910030402341153e-07,0.00970858737328529,0.00022229846546242398,False,False
barcode_mean_len,low,abs,55.0,0.8,50,7.416200000000001,0.4522169951344099,0.660514550777434,1.7951728578064238e-07,0.4261613643243328,0.006108169117910963,23.273411764705855,0.00011165462703998756,0.42829803921568566,0,1.1867851266367837,9.12300960524576e-07,0.03070593124139025,0.00024664798847313165,False,True
barcode_mean_len,low,abs,60.0,0.8,50,7.746,0.47232718161742393,0.5899551328902304,6.522452248421459e-06,0.3157468290221193,0.047174143731525855,22.73223529411763,0.000143215887664296,0.4162718954248362,1,1.1338583021484268,2.1358734475464637e-05,0.13254366667770104,0.00030689118785206284,False,False
barcode_mean_len,low,abs,65.0,0.8,50,8.0623,0.49161417975137583,0.5409555371352279,4.993284192220729e-05,0.23438875037838308,0.14545751027560785,18.631529411764717,0.0009283595753569375,0.32514509803921593,1,1.2463674732329975,0.00013344121548176084,0.29217167290780843,0.0016667459557566638,False,False
barcode_mean_len,low,abs,70.0,0.8,50,8.3666,0.5101694549083835,0.4302164507289222,0.001818528299587231,0.20533229371990583,0.2037107976582085,11.529411764705856,0.02121626662172136,0.1673202614379079,1,1.004459707722821,0.0032903333047006314,0.37293512169711396,0.02880456636233703,False,False
barcode_mean_len,low,abs,75.0,0.8,50,8.6603,0.5280783747690905,0.521355698833227,0.00010349705793397403,0.33318070301720565,0.035654757484319746,16.406588235294123,0.002519404685164096,0.27570196078431386,1,1.173484519904901,0.0002637048325440982,0.10907540940926763,0.004117831910725148,False,False
barcode_mean_len,low,abs,80.0,0.8,50,8.9443,0.545395818556768,0.46549615967252395,0.0006582094552439403,0.2886274694742072,0.07088505559627353,12.938352941176475,0.011580973738465412,0.19863006535947722,1,1.0662200924945542,0.0013849203470064806,0.17721263899068382,0.016595232013517463,False,False
barcode_mean_len,low,abs,85.0,0.8,50,9.219499999999998,0.5621766654946863,0.47039611924802427,0.0005665677932985053,0.27700488681081636,0.08355495202491313,12.332235294117623,0.0150443374024783,0.18516078431372496,0,1.1807234695269475,0.0012196945550176153,0.20395303250175645,0.021007858534992218,False,True
barcode_mean_len,low,abs,90.0,0.8,50,9.486800000000002,0.5784757948061163,0.4017966851910207,0.003825016697240252,0.18983551683538463,0.24069181478268264,9.935999999999979,0.04151966381499942,0.13191111111111065,1,1.1221858279054469,0.00636362348556965,0.41606577648307597,0.05362956576104092,False,False
barcode_mean_len,low,abs,95.0,0.8,50,9.7468,0.5943297926399054,0.3194773643226165,0.02372610912833979,0.19952100238821038,0.2170824204980929,7.609411764705868,0.10698035574399814,0.08020915032679707,1,0.9984605159053364,0.034639374394593414,0.3904964237199737,0.12954652453374774,False,False
barcode_mean_len,low,abs,100.0,0.8,50,10.0,0.6097691474534263,0.3057574775112158,0.030822647751635096,0.16077906017690738,0.3216472515203678,6.053647058823515,0.195177540536038,0.04563660130718922,1,1.0219499386584516,0.04363023197720037,0.49689691680056824,0.22354077918536372,False,False
barcode_mean_len,low,abs,0.0,0.9,50,0.0,0.0,0.29354424204803137,0.03854651610733866,-0.37509228549749857,0.01708516222384575,25.46668439630578,4.052807618200398e-05,0.47703743102901736,3,1.1706965670694303,0.05302997038435644,0.06593029405882384,0.00010289578176815588,False,False
barcode_mean_len,low,abs,5.0,0.9,50,2.2361,0.13635117794972912,0.7496938150515388,3.732914671372862e-10,0.5617581620638932,0.00016209805792241736,31.094588235294083,2.9283497272992144e-06,0.602101960784313,1,0.4123368504369236,6.1993047221013595e-09,0.0035058417178569336,1.1944584413983638e-05,True,False
barcode_mean_len,low,abs,10.0,0.9,50,3.1622999999999997,0.1928282858684443,0.6654145103529342,1.3499957475084483e-07,0.3874194221130299,0.013516339131153094,27.903058823529392,1.3050086245456203e-05,0.5311790849673198,1,0.4595763856133561,7.299395611528238e-07,0.05636858920166986,4.0863906425165894e-05,False,False
barcode_mean_len,low,abs,15.0,0.9,50,3.873,0.23616480130553236,0.7134341141928366,6.079748498326839e-09,0.4939597631941131,0.0011980997610938904,29.375058823529372,6.55905959292944e-06,0.5638901960784305,0,0.6539597247056981,5.384920098518058e-08,0.009860467060330249,2.332322570994548e-05,True,True
barcode_mean_len,low,abs,20.0,0.9,50,4.472100000000001,0.27269625817672893,0.6957942597210358,2.03575375250952e-08,0.43390975276659344,0.005153151851571849,27.075764705882335,1.9189936935057833e-05,0.5127947712418297,0,0.6898971512165888,1.514600791867083e-07,0.027701914577813985,5.52769776516238e-05,False,True
barcode_mean_len,low,abs,25.0,0.9,50,5.0,0.30488613646466867,0.7418538797307382,7.095063605489301e-10,0.5850033273906751,7.354549547364203e-05,28.704941176470584,8.973864256990429e-06,0.5489986928104574,0,0.7824377344095246,9.703542872213308e-09,0.002279910359682903,2.9806049139289638e-05,True,True
barcode_mean_len,low,abs,30.0,0.9,50,5.477199999999999,0.33398446932885667,0.6271948256640324,1.0945749374689116e-06,0.3389919943489011,0.03237108028472536,24.666352941176456,5.870879164149453e-05,0.459252287581699,1,0.8640323124355178,4.368904256850162e-06,0.10170643467836007,0.00014255659589187969,False,False
barcode_mean_len,low,abs,35.0,0.9,50,5.916100000000001,0.3607473743877253,0.6673744941831343,1.2027640517677922e-07,0.41647587877150705,0.007513971306698402,25.444705882352935,4.094311734426709e-05,0.476549019607843,1,1.0191794948954345,6.658158143714564e-07,0.03565302711851793,0.00010347037807110978,False,False
barcode_mean_len,low,abs,40.0,0.9,50,6.324599999999999,0.3856565717368886,0.7526337907968388,2.9161558413497815e-10,0.5927517158329356,5.574975816166473e-05,29.694117647058818,5.648757753544879e-06,0.5709803921568626,0,1.0725222216700985,5.4240498649105936e-09,0.002279910359682903,2.0764208343070108e-05,True,True
barcode_mean_len,low,abs,45.0,0.9,50,6.708199999999998,0.409047436126458,0.6703144699284345,1.0098366004207075e-07,0.46490330653563583,0.0025073449504734676,23.609411764705868,9.56425137812359e-05,0.4357647058823526,0,1.0789768063822716,5.623640948450646e-07,0.015141758467144967,0.00021747564258325035,False,True
barcode_mean_len,low,abs,50.0,0.9,50,7.0711,0.4311760719110637,0.6360147528999327,6.926345306922482e-07,0.4126016845503768,0.008149685193142409,22.662588235294123,0.00014787343053877764,0.4147241830065361,0,1.070459350542568,2.901577088035094e-06,0.0378960361481122,0.000315418097250145,False,True
barcode_mean_len,low,abs,55.0,0.9,50,7.416200000000001,0.4522193130498551,0.5350755856446275,6.24320806982449e-05,0.34867747990172687,0.02745287460715712,17.091764705882326,0.0018551820294395928,0.2909281045751628,0,0.8693349892399924,0.0001654183334739822,0.09118276208805756,0.003114294742561049,False,True
barcode_mean_len,low,abs,60.0,0.9,50,7.746,0.4723296026110647,0.5713352865033294,1.4689989996149911e-05,0.3583629654545526,0.023170150789014753,17.622588235294103,0.00146227778167102,0.30272418300653564,0,1.1807174510761507,4.323319840639056e-05,0.08193247237180122,0.0025230395861856186,False,True
barcode_mean_len,low,abs,65.0,0.9,50,8.0623,0.4916166996038196,0.4890159656349252,0.0003138878720425848,0.2886274694742072,0.07088505559627353,14.70588235294116,0.005351772508605562,0.23790849673202577,1,0.9135084607002133,0.0007051104371971108,0.17721263899068382,0.008092924281305971,False,False
barcode_mean_len,low,abs,70.0,0.9,50,8.3666,0.5101720698690593,0.6007350439563309,3.981578482415054e-06,0.3234952174643799,0.041730203948495206,21.60282352941175,0.0002404033069625757,0.39117385620915,1,1.2681191776370726,1.3868419433131088e-05,0.12127840522531419,0.0004797748400755266,False,False
barcode_mean_len,low,abs,75.0,0.9,50,8.6603,0.5280810815249939,0.4527562647762233,0.0009620494058055544,0.2518226243734694,0.11698754306825601,12.841411764705867,0.012077250774057476,0.19647581699346373,1,0.999998388422878,0.0018955634478795879,0.25068759228912,0.017226753404713885,False,False
barcode_mean_len,low,abs,80.0,0.9,50,8.9443,0.5453986140761873,0.4527562647762233,0.0009620494058055544,0.34674038279116176,0.02838358014377457,12.383999999999986,0.014712898766605028,0.18631111111111082,1,1.050292957334369,0.0018955634478795879,0.09327466266328745,0.020638002794785334,False,False
barcode_mean_len,low,abs,85.0,0.9,50,9.219499999999998,0.5621795470272025,0.3086974532565159,0.029169418370604223,0.13172260351843013,0.41782006766944396,7.485176470588215,0.11236472700979984,0.07744836601307144,1,0.9656405999896105,0.04160668571267167,0.595057676772715,0.13501188129084477,False,False
barcode_mean_len,low,abs,90.0,0.9,50,9.486800000000002,0.5784787598826037,0.41943653966282163,0.0024292431212794797,0.19177261394594977,0.23583648068140362,12.600470588235282,0.013402303089916244,0.19112156862745072,1,1.3159046100083867,0.004286899625787317,0.4122705395370402,0.018856493000941162,False,False
barcode_mean_len,low,abs,95.0,0.9,50,9.7468,0.5943328389787665,0.33515723496421723,0.01734822820791361,0.2130806821621664,0.1867926305454003,9.17364705882352,0.056902691006126965,0.11496993464052264,1,1.0584093954967093,0.02610655701190883,0.34813055392228914,0.07180393844735153,False,False
barcode_mean_len,low,abs,100.0,0.9,50,10.0,0.6097722729293373,0.23029810004851184,0.10762167043029564,0.10072904974938775,0.5362845273506927,4.975999999999971,0.28976892210674005,0.021688888888888237,1,0.9087463356377348,0.1358048215741858,0.697544909700901,0.32043412313825,False,False
barcode_mean_len,low,abs,0.0,1.0,50,0.0,0.0,0.3008688115497202,0.03374378544593438,-0.3604353357302237,0.022330156348326028,24.996916086620253,5.03816980178221e-05,0.46659813525822785,3,1.180913344932433,0.04727143799904145,0.08006656268833565,0.00012528069293201753,False,False
barcode_mean_len,low,abs,5.0,1.0,50,2.2361,0.13609915340210135,0.8055533542122416,1.7307664779508962e-12,0.6741097944766719,1.8556376358690076e-06,35.0541176470588,4.527949237362413e-07,0.6900915032679734,1,0.4156443703685624,7.658997790010258e-10,0.0003451486002716354,2.887668182448018e-06,True,False
barcode_mean_len,low,abs,10.0,1.0,50,3.1622999999999997,0.1924718719214101,0.7036341950418362,1.2026935534412178e-08,0.48814847186241767,0.001396025368667751,27.10117647058823,1.8964214274936973e-05,0.5133594771241828,0,0.5087764417473271,9.898274377879048e-08,0.01081919660717507,5.494305070308843e-05,True,True
barcode_mean_len,low,abs,15.0,1.0,50,3.873,0.23572828635854326,0.6761944214190349,7.076421778756606e-08,0.48427427764128733,0.0015435449029094575,26.952470588235286,2.0323617297975806e-05,0.5100549019607842,1,0.49499988790318983,4.1652356039516736e-07,0.011576586771820932,5.780111341626147e-05,False,False
barcode_mean_len,low,abs,20.0,1.0,50,4.472100000000001,0.27219222035219237,0.7222540414287373,3.210733014464698e-09,0.6741097944766719,1.8556376358690076e-06,26.858352941176463,2.1233633022246e-05,0.5079633986928103,0,0.6545431566849165,3.110397607762676e-08,0.0003451486002716354,6.002212374069538e-05,True,True
barcode_mean_len,low,abs,25.0,1.0,50,5.0,0.3043226005145149,0.7398938959005381,8.301012738302752e-10,0.6218081724914128,1.845918819646474e-05,31.19341176470587,2.795494210456097e-06,0.604298039215686,0,0.765231539369819,1.118832151684284e-08,0.0015035738608438426,1.1658339083964889e-05,True,True
barcode_mean_len,low,abs,30.0,1.0,50,5.477199999999999,0.33336714950762014,0.7673336695233396,8.043553193784162e-11,0.6121226869385872,2.70089372544167e-05,30.854588235294102,3.2777613274139905e-06,0.59676862745098,0,0.8927808898403773,2.4804970470258975e-09,0.0015035738608438426,1.3082910019291892e-05,True,True
barcode_mean_len,low,abs,35.0,1.0,50,5.916100000000001,0.3600805873807843,0.7232340333438372,2.9863767500222172e-09,0.5307646082948508,0.000426176610569673,31.472941176470584,2.4513286300310345e-06,0.6105098039215685,0,0.9282984125243197,2.9235056605480652e-08,0.0052150558924973145,1.0702984159290433e-05,True,True
barcode_mean_len,low,abs,40.0,1.0,50,6.324599999999999,0.3849437438428202,0.7653736856931396,9.601924053003475e-11,0.6121226869385872,2.70089372544167e-05,31.3185882352941,2.63579463626186e-06,0.6070797385620911,0,1.1286876497911487,2.4804970470258975e-09,0.0015035738608438426,1.1198052761964413e-05,True,True
barcode_mean_len,low,abs,45.0,1.0,50,6.708199999999998,0.40829137375429375,0.7075541627022364,9.18525887772478e-09,0.5017081516363737,0.0009730311578895444,25.874823529411742,3.353787883917483e-05,0.48610718954248316,0,1.0791653513243076,7.765718869349131e-08,0.008785621134342489,8.860860034213805e-05,True,True
barcode_mean_len,low,abs,50.0,1.0,50,7.0711,0.4303791080996372,0.6046550116167312,3.312483483824468e-06,0.29250166369533753,0.06701563255598558,21.851294117647058,0.00021455257111900201,0.3966954248366013,0,1.1789455671564948,1.1758052060903645e-05,0.17409088904208544,0.00043189153926552357,False,True
barcode_mean_len,low,abs,55.0,1.0,50,7.416200000000001,0.451383453987149,0.5987750601261308,4.3612384921574585e-06,0.39516781055529043,0.011613931054847865,18.751058823529377,0.000879568317355603,0.3278013071895417,0,1.1105751652131435,1.5022043695209022e-05,0.051189364364969264,0.001585268478954866,False,True
barcode_mean_len,low,abs,60.0,1.0,50,7.746,0.4714565727170865,0.58113520565433,9.641400807504946e-06,0.3583629654545526,0.023170150789014753,19.470117647058828,0.0006352169825657034,0.34378039215686285,1,1.2119124289744279,2.9789045684317605e-05,0.08193247237180122,0.0011698055322497112,False,False
barcode_mean_len,low,abs,65.0,1.0,50,8.0623,0.4907080204256347,0.6026950277865311,3.6327657714858147e-06,0.3622371596756829,0.021620618591378916,20.5505882352941,0.00038870877435237056,0.36779084967320225,1,1.205870963801194,1.2748951575403048e-05,0.07885166780385253,0.00074229807011849,False,False
barcode_mean_len,low,abs,70.0,1.0,50,8.3666,0.5092290938929481,0.5135157635124264,0.0001368374333707826,0.2963758579164678,0.06331503171672757,15.310117647058803,0.004099399258005976,0.25133594771241785,1,1.2195489242382163,0.0003348916132495469,0.16823708427587614,0.006343496355982625,False,False
barcode_mean_len,low,abs,75.0,1.0,50,8.6603,0.5271050034471706,0.42433649923832184,0.0021321494243182067,0.26925649836855575,0.09293462462559046,10.148705882352914,0.03799588291896695,0.1366379084967314,1,1.0363424383322601,0.0037913938137971934,0.2144645183667472,0.04942121834215282,False,False
barcode_mean_len,low,abs,80.0,1.0,50,8.9443,0.544390527156395,0.4625561839272238,0.0007193979711864259,0.21501777927273155,0.18272353817081075,13.84470588235294,0.007807545110828705,0.21877124183006533,1,1.253660971555123,0.0015000899399178836,0.34260663407027014,0.011543747143196652,False,False
barcode_mean_len,low,abs,85.0,1.0,50,9.219499999999998,0.561140443088714,0.38121685497391966,0.006306304686801742,0.18789841972481947,0.2456142873315258,9.860705882352931,0.04284059211156582,0.1302379084967318,1,1.0147991693577083,0.010077084808806907,0.4214414893326919,0.05525901617719309,False,False
barcode_mean_len,low,abs,90.0,1.0,50,9.486800000000002,0.57740952931222,0.38807679837962006,0.005356609631368086,0.19952100238821038,0.2170824204980929,9.82494117647056,0.043482061339738684,0.12944313725490134,1,1.1603161773181898,0.008693973747246633,0.3904964237199737,0.056008749371131546,False,False
barcode_mean_len,low,abs,95.0,1.0,50,9.7468,0.5932343045389747,0.23715804345421224,0.09725742551785523,0.12784840929729985,0.4317629906820725,4.769882352941153,0.31173411563866865,0.017108496732025615,1,0.8310613812226504,0.12407325889109104,0.6093165118882056,0.3418782164433512,False,False
barcode_mean_len,low,abs,100.0,1.0,50,10.0,0.6086452010290297,0.16659862556700858,0.24754323402700928,0.09879195263882261,0.5441901490163065,3.207529411764682,0.523715676332081,-0.0176104575163404,1,0.7114352152076484,0.2888522053263722,0.701937362808828,0.5448048981978024,False,False
barcode_mean_len,mid,abs,0.0,0.1,50,0.0,0.0,0.37198370683384613,0.007814228937098341,0.19021321116311277,0.23973986063207833,12.319694254675728,0.015125722652578662,0.1848820945483495,2,1.5166666666666664,0.012338256216471066,0.41606577648307597,0.021089838181256607,False,False
barcode_mean_len,mid,abs,5.0,0.1,50,2.2361,0.02983787430320628,0.27599537827939696,0.052369054550261154,0.2049882972762153,0.20448591528529864,11.0585616438356,0.025913686354698054,0.15685692541856888,2,1.1542169888814287,0.07068682254244249,0.3736186664348285,0.03467586807175423,False,False
barcode_mean_len,mid,abs,10.0,0.1,50,3.1622999999999997,0.04219682031618856,0.2572772846102311,0.07127696037778487,0.2405953400360423,0.13479111245889172,6.459939250759328,0.16733210090276343,0.054665316683540625,2,1.1214957237243652,0.0941584845899715,0.27795063101279227,0.19428071640395753,False,False
barcode_mean_len,mid,abs,15.0,0.1,50,3.873,0.05168019640280753,0.2561224880301714,0.07260102660414293,0.17450251522413326,0.2815054215551194,9.689113582743511,0.04600312149120901,0.12642474628318914,3,0.4342954794565832,0.09577156700972046,0.4584384782331088,0.05896832144143742,False,False
barcode_mean_len,mid,abs,20.0,0.1,50,4.472100000000001,0.05967441423521704,0.2392329326381294,0.09427991378307729,0.22965375039485533,0.1540027180600325,3.449901465993749,0.48553670837813223,-0.012224411866805578,1,1.2621396350860592,0.12077179038328083,0.30408179999114693,0.5085012824230439,False,False
barcode_mean_len,mid,abs,25.0,0.1,50,5.0,0.06671855977641043,0.07070215454937648,0.6256163075585147,0.1377602350206371,0.39660700323104375,4.4329395882551275,0.35057333202191077,0.009620879739002832,3,-0.36885299682617223,0.6619148646523534,0.5756595697924415,0.3786680589783705,False,False
barcode_mean_len,mid,abs,30.0,0.1,50,5.477199999999999,0.07308617912147106,0.15957083492046778,0.26833357923602374,0.2532071925379316,0.1149210736228196,6.268342895713787,0.17998450505479482,0.05040761990475083,3,0.03064327239990261,0.30961566834925813,0.25029648353447825,0.20741708760961483,False,False
barcode_mean_len,mid,abs,35.0,0.1,50,5.916100000000001,0.07894273429864436,0.16497169394854516,0.25225611776012247,-0.058167505074711086,0.7214510807492455,4.653121835977024,0.32477524003545516,0.014513818577267202,1,1.9806192239125568,0.2936147553403178,0.8400286770951854,0.3536779546053551,False,False
barcode_mean_len,mid,abs,40.0,0.1,50,6.324599999999999,0.08439364063237711,0.048031137310427845,0.7404689198349806,0.06201620263827317,0.7038312927663404,1.3481767955801014,0.8531502356554928,-0.05892940454266441,2,0.24146451632181787,0.7668553401409043,0.8276693560422816,0.8605528407371021,False,False
barcode_mean_len,mid,abs,45.0,0.1,50,6.708199999999998,0.0895122885384233,0.21332758379698114,0.13688721941623144,0.19887921252979304,0.21859545879629902,7.75727272727271,0.10088534383828118,0.08349494949494911,2,0.2472797393798829,0.16928871550145644,0.39245902834084573,0.12280545781361453,False,False
barcode_mean_len,mid,abs,50.0,0.1,50,7.0711,0.09435472160699518,0.16562261023290606,0.25036333198592053,0.08135807864373626,0.6177329839184934,3.2001536688436305,0.5249061269801182,-0.01777436291458599,1,0.5240647411346435,0.29177681547231343,0.7670115821684897,0.5454331822251507,False,False
barcode_mean_len,mid,abs,55.0,0.1,50,7.416200000000001,0.09895963660276302,0.24894185556489215,0.08127713968817434,0.0929981109950554,0.5681623081967159,3.9988857403582596,0.4061566693576567,-2.4761325372008652e-05,2,1.7424819691975904,0.10635136186004883,0.7239161181192367,0.43218043764601916,False,False
barcode_mean_len,mid,abs,60.0,0.1,50,7.746,0.10336039280561506,0.06369947448150327,0.6603155028480303,0.030993553769042385,0.8494265810970129,1.819294117647047,0.7689505469542686,-0.04846013071895451,1,0.61329163312912,0.693890867399625,0.9196352973460092,0.7807030662308622,False,False
barcode_mean_len,mid,abs,65.0,0.1,50,8.0623,0.10758100889707078,0.14015230451094324,0.3316663375683348,0.12206002068101023,0.4530690775948862,1.7368041880793268,0.7840217445442887,-0.05029324026490385,3,0.18202648480733252,0.37621136124342913,0.6288869286018569,0.7942703947997697,False,False
barcode_mean_len,mid,abs,70.0,0.1,50,8.3666,0.11164150044506313,-0.13523888428380698,0.34906329925274965,-0.1724016428402983,0.2874288883942323,4.833882352941146,0.3047707517958985,0.018530718954247682,3,-2.0262569777170816,0.3920638506099724,0.4640778927198542,0.33582559143386925,False,False
barcode_mean_len,mid,abs,75.0,0.1,50,8.6603,0.11556054864632946,0.12054189975531034,0.40436663473671075,0.06780157913100437,0.6776324130177016,3.483696696119848,0.4803616239495948,-0.011473406752892264,1,0.8258850415547689,0.447171868156636,0.8100404186116452,0.5042170544843377,False,False
barcode_mean_len,mid,abs,80.0,0.1,50,8.9443,0.1193501628416296,-0.055859539160702874,0.7000171406843186,-0.2363258474889482,0.14206399862113805,10.609882352941156,0.031316582269299724,0.14688627450980346,2,-0.6189776237805686,0.7290212103431314,0.288470564885717,0.04136991691825106,False,False
barcode_mean_len,mid,abs,85.0,0.1,50,9.219499999999998,0.12302235237172322,0.12054189975531034,0.40436663473671075,-0.0581156392551466,0.7216895242726836,5.2058970418747315,0.26681600523419113,0.0267977120416607,2,1.0450538850965962,0.447171868156636,0.8400286770951854,0.29681684792798774,False,False
barcode_mean_len,mid,abs,90.0,0.1,50,9.486800000000002,0.12658912657737012,0.060759498736203135,0.6751024986120052,-0.050364524874693874,0.757604165263162,5.225411764705882,0.2649408093511979,0.0272313725490196,2,0.4779268948237103,0.7086290335317889,0.8634459236455155,0.29508377568456773,False,False
barcode_mean_len,mid,abs,95.0,0.1,50,9.7468,0.13005849168574346,0.02057983021710106,0.8871940121631731,0.11235163241277864,0.49004823867874037,11.2141176470588,0.024260149154774417,0.16031372549019554,3,-2.200567277272543,0.9007537459735272,0.6548058361655582,0.032603957679104345,False,False
barcode_mean_len,mid,abs,100.0,0.1,50,10.0,0.13343711955282087,-0.032355273676468316,0.8234903593992705,0.007752025329784146,0.9621353801544611,1.6024801730353102,0.8083463010515,-0.0532782183769931,2,-1.1335768953959144,0.8435282172113925,0.9779261338225437,0.8171326738890162,False,False
barcode_mean_len,mid,abs,0.0,0.2,50,0.0,0.0,0.30511915526226197,0.031191697797497784,-0.35107595554427296,0.02633564315519778,26.222118759750366,2.854295145011161e-05,0.4938248613277859,3,3.063095238095238,0.0440855303216914,0.08881024230826129,7.761679780293508e-05,False,False
barcode_mean_len,mid,abs,5.0,0.2,50,2.2361,0.02910758528512501,0.3008575179357155,0.033750790141251104,-0.29056456658477237,0.06892893651931309,24.505411764705883,6.324438979181897e-05,0.45567581699346404,3,1.69218475218785,0.04727143799904145,0.1756271533231813,0.00015198264213537894,False,False
barcode_mean_len,mid,abs,10.0,0.2,50,3.1622999999999997,0.04116404317658013,0.2988975341055154,0.03498480839731779,-0.18015003128255888,0.26597886912485613,17.34870588235293,0.0016534775813050254,0.2966379084967318,3,1.170902314258344,0.04877941800525569,0.4417149076537789,0.0028267171886280766,False,False
barcode_mean_len,mid,abs,15.0,0.2,50,3.873,0.05041531139452134,0.1763985447180091,0.22041919557043052,-0.3661113538968132,0.020158620058334163,18.059294117647028,0.0012015995565299075,0.31242875816993393,3,1.2519389636754221,0.2601394059397213,0.07469130141135766,0.0021124529065648656,False,False
barcode_mean_len,mid,abs,20.0,0.2,50,4.472100000000001,0.05821386885810453,0.14405881151970742,0.31822914395373836,-0.1569048659557771,0.3335977986608579,6.429176470588203,0.16930789818313288,0.05398169934640451,2,0.44377190750813833,0.36224370119580984,0.5052865680042311,0.19632960761884488,False,False
barcode_mean_len,mid,abs,25.0,0.2,50,5.0,0.06508560727410448,0.19501839110491007,0.1747234345713293,-0.14334518618182104,0.3775519234135407,10.549647058823524,0.03211994290068977,0.14554771241830053,2,0.7961388927504616,0.21075589384090307,0.5573385536104649,0.042370988507292894,False,False
barcode_mean_len,mid,abs,30.0,0.2,50,5.477199999999999,0.071297377632345,0.13621887619890702,0.3455494051779979,-0.2731306925896861,0.08814827865954035,11.95576470588233,0.017683259639277332,0.17679477124182957,3,0.8839163015121101,0.3895284203824704,0.20701489685195082,0.024399749947370798,False,False
barcode_mean_len,mid,abs,35.0,0.2,50,5.916100000000001,0.07701059223886592,0.16953860131230872,0.2391789345665978,-0.3138097319115542,0.04862104654764054,16.518588235294118,0.0023966908607240306,0.2781908496732026,3,0.8634765974460992,0.2797942253420578,0.13619750990754728,0.003944995576059024,False,False
barcode_mean_len,mid,abs,40.0,0.2,50,6.324599999999999,0.08232808635316026,0.2861576392092148,0.043945873333085674,-0.30025005213759814,0.05977837772711625,22.188235294117618,0.00018384850947580735,0.4041830065359471,3,1.3718688928036604,0.059926190908753195,0.16021294318794846,0.0003799535862500018,False,False
barcode_mean_len,mid,abs,45.0,0.2,50,6.708199999999998,0.08732145414322952,0.24205800302971248,0.09034021797692271,-0.16852744861916796,0.2985624581580232,16.386823529411743,0.0025416935968932907,0.2752627450980387,2,0.9988127931036419,0.11620525963836531,0.4722161328009551,0.004139711112278039,False,False
barcode_mean_len,mid,abs,50.0,0.2,50,7.0711,0.09204536751918402,0.3008575179357155,0.033750790141251104,0.0,1.0,11.24423529411763,0.02395202417488377,0.16098300653594733,1,1.1803774006617846,0.04727143799904145,1.0,0.032283163018321605,False,False
barcode_mean_len,mid,abs,55.0,0.2,50,7.416200000000001,0.09653757613324272,0.03429971702850177,0.8130674184719785,-0.16077906017690738,0.3216472515203678,11.192470588235295,0.02448398085793166,0.1598326797385621,2,0.7229321172355352,0.8364521008616593,0.49689691680056824,0.03285729032882604,False,False
barcode_mean_len,mid,abs,60.0,0.2,50,7.746,0.10083062278904267,0.1616986659915083,0.2619198970330463,-0.1724016428402983,0.2874288883942323,7.871058823529381,0.09641731592873447,0.08602352941176403,3,0.8063741726933893,0.3029670450755386,0.4640778927198542,0.1176746769208964,False,False
barcode_mean_len,mid,abs,65.0,0.2,50,8.0623,0.10494793830520253,0.058799514906003034,0.685028834611102,-0.09879195263882261,0.5441901490163065,2.500705882352946,0.6445093982230632,-0.03331764705882342,2,0.18490404291218798,0.7174288470589244,0.701937362808828,0.6637804433526564,False,False
barcode_mean_len,mid,abs,70.0,0.2,50,8.3666,0.10890904836390451,0.2440179868599126,0.08768315090726428,-0.10460324397051804,0.5206416815555198,9.072000000000003,0.05932480392975608,0.11271111111111118,2,1.0111490292741703,0.1134149239829705,0.684861052116879,0.07465773701579588,False,False
barcode_mean_len,mid,abs,75.0,0.2,50,8.6603,0.11273217693518539,0.009799919151000506,0.9461480167062628,-0.2556968185945997,0.11127480407928694,5.79482352941173,0.21500390634804098,0.03988496732026066,2,0.3148575305355852,0.9522918349965632,0.24464673237290038,0.2441436299190209,False,False
barcode_mean_len,mid,abs,80.0,0.2,50,8.9443,0.11642903942835453,-0.08329931278350429,0.5652113418715302,-0.30993553769042387,0.0516221036490724,5.300705882352929,0.2578108552669481,0.028904575163398425,3,-0.026137338072840244,0.6041914344143944,0.14288260831439684,0.2888724040942912,False,False
barcode_mean_len,mid,abs,85.0,0.2,50,9.219499999999998,0.12001135125272126,-0.1009391672553052,0.4855027614330074,-0.3699855481179435,0.018780331915885278,8.025411764705865,0.09065175182850771,0.08945359477124144,3,-0.24341045118635218,0.5293289192645919,0.07071137118126847,0.11092911736909496,False,False
barcode_mean_len,mid,abs,90.0,0.2,50,9.486800000000002,0.12349082781759486,-0.058799514906003034,0.685028834611102,-0.2750677897002512,0.0858277861381847,4.496941176470557,0.3429103312604378,0.011043137254901265,3,0.0208066243265419,0.7174288470589244,0.20572123997039118,0.371253327208623,False,False
barcode_mean_len,mid,abs,95.0,0.2,50,9.7468,0.1268752793958483,-0.25577788984111316,0.07299988975011486,-0.3719226452285086,0.01812141074580242,6.907294117647069,0.1408691639652459,0.06460653594771265,3,-0.9691730837936792,0.09616132785780002,0.0687873958922296,0.16625421635492219,False,False
barcode_mean_len,mid,abs,100.0,0.2,50,10.0,0.13017121454820896,-0.038219684688901974,0.7921538678163418,-0.2518226243734694,0.11698754306825601,3.854117647058814,0.4261087348504502,-0.0032418300653596866,3,-0.029380652328073076,0.8167440100545431,0.25068759228912,0.45237571165629986,False,False
barcode_mean_len,mid,abs,0.0,0.3,50,0.0,0.0,0.2911577348479985,0.04022779824911395,-0.3613872849675601,0.021952906782931873,27.146822969758748,1.85653661559466e-05,0.5143738437724166,3,3.1258075193640207,0.05509845710114281,0.0797507941723697,5.4294938757957036e-05,False,False
barcode_mean_len,mid,abs,5.0,0.3,50,2.2361,0.029285464731252788,0.45667623243662353,0.0008573438725021687,-0.04261613643243328,0.7940154372348941,27.58494117647058,1.5137245209674798e-05,0.5241098039215685,2,1.75893260053263,0.0017258220810108592,0.8843525229083252,4.5766821274295134e-05,False,False
barcode_mean_len,mid,abs,10.0,0.3,50,3.1622999999999997,0.041415600876365415,0.4351164103044224,0.0015892631899127624,-0.06198710753808477,0.7039639361606933,25.90117647058821,3.3130158399590376e-05,0.48669281045751583,2,1.5927760012796743,0.0029152165022068425,0.8276693560422816,8.778076157156424e-05,False,False
barcode_mean_len,mid,abs,15.0,0.3,50,3.873,0.05072340454547742,0.3165373885773163,0.0251183589703935,-0.220829070604427,0.17089556312621176,21.909647058823538,0.00020889293920623006,0.3979921568627453,2,1.2039162742998726,0.03627340658768005,0.32702237388349165,0.0004225026544525424,False,False
barcode_mean_len,mid,abs,20.0,0.3,50,4.472100000000001,0.05856961979546336,0.3802368630588196,0.006453298083725409,-0.16659035150860282,0.30423147795262523,27.213176470588195,1.8000418337440363e-05,0.515848366013071,2,1.094092390769029,0.01029428339256369,0.4771252521010817,5.297591472727702e-05,False,False
barcode_mean_len,mid,abs,25.0,0.3,50,5.0,0.06548335211138319,0.33221725921891715,0.018418559024447886,-0.1724016428402983,0.2874288883942323,25.585882352941155,3.8348918776371816e-05,0.47968627450980345,2,0.7141735931425002,0.02762783853667183,0.4640778927198542,9.824929603863854e-05,False,False
barcode_mean_len,mid,abs,30.0,0.3,50,5.477199999999999,0.07173308323689359,0.2057983021710106,0.1516274890672849,-0.2750677897002512,0.0858277861381847,17.64517647058821,0.0014475199302007677,0.3032261437908491,2,0.6833587650867741,0.1850571716962926,0.20572123997039118,0.0025022184667039295,False,False
barcode_mean_len,mid,abs,35.0,0.3,50,5.916100000000001,0.07748121188523081,0.33221725921891715,0.018418559024447886,-0.09104356419656201,0.5763571733802473,13.422117647058798,0.009387246050022486,0.20938039215686216,2,1.1366984444265298,0.02762783853667183,0.7292682601954149,0.013662189086887187,False,False
barcode_mean_len,mid,abs,40.0,0.3,50,6.324599999999999,0.08283120175273083,0.29203759069981505,0.03960107036135734,-0.24794843015233908,0.12291856702518365,25.353411764705868,4.2712805109043575e-05,0.47452026143790815,2,0.8089709346578808,0.05432005226557866,0.25804575018830883,0.00010765015921791469,False,False
barcode_mean_len,mid,abs,45.0,0.3,50,6.708199999999998,0.08785508452671613,0.4821560222292249,0.0003917107131839541,0.06198710753808477,0.7039639361606933,22.12705882352941,0.00018907957327222362,0.4028235294117647,2,1.488642790331638,0.0008652992001450767,0.8276693560422816,0.0003881766073800617,False,False
barcode_mean_len,mid,abs,50.0,0.3,50,7.0711,0.09260786622296034,0.3067374694263158,0.03026312793989932,-0.08135807864373626,0.6177329839184934,14.276705882352928,0.006462331435207823,0.22837124183006507,2,0.9887660363332316,0.04303472321728802,0.7670115821684897,0.009677887656591427,False,False
barcode_mean_len,mid,abs,55.0,0.3,50,7.416200000000001,0.097127527185688,0.23617805153911217,0.09868880283927957,-0.046490330653563575,0.7757506526956611,9.489882352941152,0.049955558224881694,0.12199738562091447,2,0.7270957302069561,0.12538331508269127,0.8734238583619429,0.06372931296178323,False,False
barcode_mean_len,mid,abs,60.0,0.3,50,7.746,0.10144680909095484,0.291057598784715,0.04029963926122435,-0.08716936997543172,0.5927567412522293,10.271999999999991,0.03608684314339765,0.13937777777777757,1,1.1076514854708508,0.05511568310726272,0.742943085396999,0.04720219989220789,False,False
barcode_mean_len,mid,abs,65.0,0.3,50,8.0623,0.10558928594552093,0.3135974128320162,0.026578443210682916,-0.2653823041474254,0.09791873157264135,21.99247058823528,0.00020111324129100985,0.39983267973856174,2,1.064867168249053,0.03814498794125789,0.22485042064828753,0.0004110666250563498,False,False
barcode_mean_len,mid,abs,70.0,0.3,50,8.3666,0.10957460275501972,0.3243773238981167,0.021549851485128137,-0.03293065087960753,0.8401340511006948,12.07058823529411,0.016834000134773215,0.179346405228758,1,1.0832416187786054,0.03191299662606555,0.915972646569339,0.023297053757945076,False,False
barcode_mean_len,mid,abs,75.0,0.3,50,8.6603,0.11342109485804235,0.1264189570479065,0.3816693723336293,-0.23245165326781791,0.14891022386666583,9.687529411764672,0.0460333348026705,0.12638954248365938,2,0.6584523492823484,0.42560253749433485,0.29718134806008417,0.05896832144143742,False,False
barcode_mean_len,mid,abs,80.0,0.3,50,8.9443,0.11714054925796895,0.08917926427410458,0.5379788789127127,-0.24213713882064367,0.1322338092452734,8.86494117647058,0.06456540298650859,0.10810980392156845,2,0.21470606431693273,0.5817678574288637,0.273283205773565,0.08070675373313574,False,False
barcode_mean_len,mid,abs,85.0,0.3,50,9.219499999999998,0.12074475295817946,0.22735812430321176,0.11231441639458278,-0.2886274694742072,0.07088505559627353,16.36894117647057,0.0025620270690692695,0.2748653594771238,2,0.8911996025067754,0.14115190168508376,0.17721263899068382,0.004151189696039847,False,False
barcode_mean_len,mid,abs,90.0,0.3,50,9.486800000000002,0.12424549296205402,0.07839935320800405,0.5883836879321378,-0.1259113121867347,0.438830306437729,3.6263529411764637,0.45892787832354964,-0.008303267973856363,2,0.3093469046857562,0.6260833292641741,0.6137025338151699,0.4844528113971637,False,False
barcode_mean_len,mid,abs,95.0,0.3,50,9.7468,0.12765062727184595,0.08427930469860434,0.5606283842644944,-0.1414080890712559,0.38409876947840577,4.273882352941143,0.3702069893980479,0.006086274509803187,2,0.44415219725772026,0.6006732688548153,0.563425639771163,0.39894843585189405,False,False
barcode_mean_len,mid,abs,100.0,0.3,50,10.0,0.13096670422276638,0.010779911066100555,0.9407719716543167,-0.06779839886978023,0.6776467157847956,4.262588235294118,0.3716332706943793,0.0058352941176470574,3,-0.057360674053022365,0.9489348521025103,0.8100404186116452,0.4000219233168666,False,False
barcode_mean_len,mid,abs,0.0,0.4,50,0.0,0.0,0.25957309231740566,0.0687015936944288,-0.4458670705150927,0.00393333171344767,27.8479069992266,1.3390220109164995e-05,0.5299534888717022,3,3.485012858602339,0.09127497447974112,0.022720487537306416,4.178827081048136e-05,False,False
barcode_mean_len,mid,abs,5.0,0.4,50,2.2361,0.02924666626494548,0.41061661242692116,0.0030574727163760205,-0.1569048659557771,0.3335977986608579,27.41364705882353,1.6395363809316262e-05,0.5203032679738562,2,1.8817293208159356,0.005255914281385766,0.5052865680042311,4.8870795970077316e-05,False,False
barcode_mean_len,mid,abs,10.0,0.4,50,3.1622999999999997,0.04136073195726357,0.45373625669132334,0.0009348509483225794,-0.06973549598034537,0.6689557215776891,27.8127058823529,1.3611909536594956e-05,0.5291712418300645,1,2.0693830329764515,0.0018616946080085627,0.8048238306174009,4.2196919563444366e-05,False,False
barcode_mean_len,mid,abs,15.0,0.4,50,3.873,0.050656204303981864,0.38807679837962006,0.005356609631368086,-0.1375338948501256,0.39739079979220154,22.253176470588244,0.0001784525499718479,0.4056261437908499,2,1.3422873357640874,0.008693973747246633,0.5756595697924415,0.0003704483738254878,False,False
barcode_mean_len,mid,abs,20.0,0.4,50,4.472100000000001,0.05849202459794405,0.46549615967252395,0.0006582094552439403,-0.007748388442260596,0.9621531316641155,22.8451764705882,0.00013597061143575239,0.41878169934640447,2,1.307605292244237,0.0013849203470064806,0.9779261338225437,0.0002927145107297447,False,False
barcode_mean_len,mid,abs,25.0,0.4,50,5.0,0.06539659734570341,0.42825646689872204,0.0019181774374421048,-0.03293065087960753,0.8401340511006948,19.951999999999998,0.0005104137283711756,0.35448888888888885,1,1.448176682845125,0.003437196564202615,0.915972646569339,0.0009493695347703866,False,False
barcode_mean_len,mid,abs,30.0,0.4,50,5.477199999999999,0.07163804859637735,0.4341364183893224,0.00163293892810442,-0.009685485552825746,0.9527009964925695,23.637647058823518,9.440572405202075e-05,0.43639215686274485,2,1.0181011061589533,0.0029894354392462803,0.976859897175402,0.00021518951805975318,False,False
barcode_mean_len,mid,abs,35.0,0.4,50,5.916100000000001,0.07737856191138319,0.44589632137052293,0.0011731591115246476,0.08135807864373626,0.6177329839184934,16.65129411764704,0.0022588968462078376,0.28113986928104534,2,1.3717410816048905,0.0022449341023002517,0.7670115821684897,0.0037380321476393045,False,False
barcode_mean_len,mid,abs,40.0,0.4,50,6.324599999999999,0.08272146391452714,0.3439771622001177,0.014448531935078552,-0.18789841972481947,0.2456142873315258,25.61505882352938,3.7833509291536076e-05,0.4803346405228751,2,0.930961253429007,0.022064260590514046,0.4214414893326919,9.76787803537087e-05,False,False
barcode_mean_len,mid,abs,45.0,0.4,50,6.708199999999998,0.08773869086288952,0.3939567498702203,0.004644617073847666,-0.003874194221130298,0.981071453424745,16.430117647058808,0.002493121226236077,0.2762248366013068,2,0.9108599213487305,0.0076047427441519886,0.9874420472781524,0.004082047078168225,False,False
barcode_mean_len,mid,abs,50.0,0.4,50,7.0711,0.09248517589824068,0.3821968468890197,0.006162237387443611,-0.1142887295233438,0.4825477544896945,20.79247058823529,0.0003481238569915986,0.37316601307189534,2,0.9271648069901333,0.009880828914349238,0.6503904517035013,0.0006661629362184912,False,False
barcode_mean_len,mid,abs,55.0,0.4,50,7.416200000000001,0.09699884904704113,0.39199676604002026,0.004872131721089426,-0.060050010427519625,0.7128143594572259,15.987764705882341,0.0030356256058204144,0.2663947712418298,3,0.9804046459830711,0.00794926754493538,0.833858307289585,0.004817631080909531,False,False
barcode_mean_len,mid,abs,60.0,0.4,50,7.746,0.10131240860796373,0.42825646689872204,0.0019181774374421048,-0.025182262437346937,0.8774200339160868,22.341647058823497,0.0001713534876507998,0.40759215686274436,2,0.9055163768700436,0.003437196564202615,0.9368549156624119,0.0003589160889982969,False,False
barcode_mean_len,mid,abs,65.0,0.4,50,8.0623,0.10544939735605294,0.5556554158617286,2.8038159400334564e-05,0.25763391570516486,0.10849891383233723,23.234823529411756,0.00011365602236840663,0.4274405228758168,1,1.5203410483058413,7.830476949642986e-05,0.24024759491446102,0.00025047417251805257,False,False
barcode_mean_len,mid,abs,70.0,0.4,50,8.3666,0.10942943427051244,0.3821968468890197,0.006162237387443611,-0.003874194221130298,0.981071453424745,20.94776470588235,0.00032431055434543876,0.3766169934640522,2,0.9330500293533328,0.009880828914349238,0.9874420472781524,0.0006218738464768207,False,False
barcode_mean_len,mid,abs,75.0,0.4,50,8.6603,0.11327083039859903,0.2939975745300151,0.038233774996585895,-0.16852744861916796,0.2985624581580232,14.237176470588224,0.006575320486680211,0.2274928104575161,3,1.0436339272458017,0.05267764555085168,0.4722161328009551,0.009831266965615107,False,False
barcode_mean_len,mid,abs,80.0,0.4,50,8.9443,0.11698535712783502,0.09407922384960485,0.5157836424450423,-0.29250166369533753,0.06701563255598558,14.964705882352916,0.004774982068321536,0.2436601307189537,2,0.3148584973710564,0.5603724152732352,0.17409088904208544,0.007315870384743044,False,False
barcode_mean_len,mid,abs,85.0,0.4,50,9.219499999999998,0.12058478584574252,0.3194773643226165,0.02372610912833979,-0.046490330653563575,0.7757506526956611,16.313411764705847,0.002626194633006782,0.2736313725490188,2,0.7902880645944244,0.034639374394593414,0.8734238583619429,0.0042402100845422,False,False
barcode_mean_len,mid,abs,90.0,0.4,50,9.486800000000002,0.12408088793984381,0.21853819706731126,0.12733156550484603,-0.26150810992629514,0.1031052868558436,17.325176470588247,0.0016710105936250568,0.2961150326797388,2,0.7179905206335251,0.1583133100528166,0.2333039337613979,0.0028514492698556012,False,False
barcode_mean_len,mid,abs,95.0,0.4,50,9.7468,0.12748151100182042,0.2214781728126114,0.12216661498840359,-0.15884196306634224,0.3275885753826937,12.77458823529409,0.012431364505307973,0.194990849673202,2,0.6503969650864319,0.1522988631892967,0.5019067135187893,0.017570165638201237,False,False
barcode_mean_len,mid,abs,100.0,0.4,50,10.0,0.13079319469140682,0.1842384800388095,0.2002607691382789,-0.23438875037838308,0.14545751027560785,18.373647058823508,0.0010429224536353913,0.31941437908496684,2,0.6329590699841328,0.23846672893546653,0.29217167290780843,0.0018652266959248347,False,False
barcode_mean_len,mid,abs,0.0,0.5,50,0.0,0.0,0.26554624046527703,0.06234701802686292,-0.4369178771197003,0.004818915261732389,30.459684466019414,3.945280228960251e-06,0.5879929881337648,3,3.654311386738308,0.0833085154669289,0.02651829108527291,1.5224525364867356e-05,False,False
barcode_mean_len,mid,abs,5.0,0.5,50,2.2361,0.029131844329241752,0.5037158443614259,0.00019218057094325637,0.038741942211302983,0.8123893002810373,28.860235294117643,8.345430986183935e-06,0.5524496732026143,2,2.189417036825968,0.00045593859943170514,0.8962301889221408,2.8120473975185e-05,False,False
barcode_mean_len,mid,abs,10.0,0.5,50,3.1622999999999997,0.04119835039683431,0.4047366609363209,0.0035521948989146418,-0.1530306717346468,0.34581948798335815,27.116235294117615,1.8831700805514687e-05,0.5136941176470581,2,1.6632801195040408,0.005973853989133123,0.5212514162472011,5.472963046602705e-05,False,False
barcode_mean_len,mid,abs,15.0,0.5,50,3.873,0.05045732887042321,0.4027766771061208,0.003732095967438466,-0.13947099196069074,0.39071182423817086,24.237176470588224,7.158979217246035e-05,0.44971503267973834,2,1.6459293420085026,0.006231327198775177,0.5704269961405006,0.00016898098152382773,False,False
barcode_mean_len,mid,abs,20.0,0.5,50,4.472100000000001,0.05826238586145613,0.4586362162668237,0.0008089289504823532,-0.04067903932186813,0.803189316671649,26.85929411764704,2.1224335255762952e-05,0.5079843137254898,2,1.4473396168442876,0.0016497893069047993,0.8913676187406128,6.002212374069538e-05,False,False
barcode_mean_len,mid,abs,25.0,0.5,50,5.0,0.06513985136899457,0.3478971298605179,0.01329913025610875,-0.25957101281573,0.10577593019137192,26.81694117647058,2.1646769719243424e-05,0.5070431372549018,2,1.1433547010998941,0.02040955633363224,0.23761259680670502,6.082022912053289e-05,False,False
barcode_mean_len,mid,abs,30.0,0.5,50,5.477199999999999,0.0713567987836514,0.45569624052152347,0.0008825134392055796,0.001937097110565149,0.9905350874780009,23.799529411764695,8.761523719767182e-05,0.4399895424836599,2,1.175519447641911,0.0017688308156491143,0.9926698613734277,0.00020304423094910407,False,False
barcode_mean_len,mid,abs,35.0,0.5,50,5.916100000000001,0.07707477493682176,0.4527562647762233,0.0009620494058055544,-0.007748388442260596,0.9621531316641155,28.943058823529412,8.028379235929874e-06,0.5542901960784314,2,1.0958447375500606,0.0018955634478795879,0.9779261338225437,2.7373511213261088e-05,False,False
barcode_mean_len,mid,abs,40.0,0.5,50,6.324599999999999,0.08239670079366862,0.4370763941346225,0.0015050223273195592,0.034867747990172684,0.8308628592268479,21.255529411764684,0.0002817842196353762,0.3834562091503263,2,0.9822909911588469,0.0027937540207728347,0.9101324606371831,0.000551703840549263,False,False
barcode_mean_len,mid,abs,45.0,0.5,50,6.708199999999998,0.08739423019069789,0.3959167337004204,0.004426469600578261,-0.05423871909582418,0.7395850162781223,23.68752941176467,9.225941236394799e-05,0.43750065359477047,2,1.1098418017479124,0.007286047307146519,0.8554901307694699,0.0002118549469098065,False,False
barcode_mean_len,mid,abs,50.0,0.5,50,7.0711,0.09212208060305951,0.349857113690718,0.012754398302747142,-0.18983551683538463,0.24069181478268264,22.140235294117616,0.00018794055067932413,0.40311633986928036,2,1.111088968199573,0.019605934581082386,0.41606577648307597,0.0003866918409994943,False,False
barcode_mean_len,mid,abs,55.0,0.5,50,7.416200000000001,0.09661803314454753,0.3263373077283168,0.020727755139519216,-0.19177261394594977,0.23583648068140362,21.700705882352935,0.0002298703071650523,0.393349019607843,2,0.8961732792510761,0.03094191377167395,0.4122705395370402,0.00046053365897300404,False,False
barcode_mean_len,mid,abs,60.0,0.5,50,7.746,0.10091465774084642,0.3714169358229192,0.00791620733713429,-0.030993553769042385,0.8494265810970129,23.35529411764705,0.00010752290210844754,0.43011764705882327,2,0.9421155798069467,0.01247808953141507,0.9196352973460092,0.00023865465145789073,False,False
barcode_mean_len,mid,abs,65.0,0.5,50,8.0623,0.10503540473844901,0.4988158847859257,0.00022688404280629584,0.19564680816708008,0.22632643738490746,23.089882352941146,0.00012149667210207959,0.42421960784313656,2,1.2236353405709148,0.0005275053995246378,0.39864315675750744,0.00026484734264098435,False,False
barcode_mean_len,mid,abs,70.0,0.5,50,8.3666,0.10899981609276597,0.4409963617950227,0.0013483902080002057,-0.015496776884521193,0.9243879679995202,25.71576470588232,3.6106842803634035e-05,0.48257254901960717,2,1.0681261320816304,0.0025282316400003857,0.967020034015246,9.379710560720573e-05,False,False
barcode_mean_len,mid,abs,75.0,0.5,50,8.6603,0.11282613096218073,0.31555739666221627,0.02559739504754544,-0.1104145353022135,0.4976084758363196,21.109647058823526,0.0003012046698437234,0.38021437908496725,2,0.9258375086811688,0.036907871929019,0.6611084036111103,0.0005823707753735193,False,False
barcode_mean_len,mid,abs,80.0,0.5,50,8.9443,0.11652607451993965,0.3978767175306205,0.00421736360571065,0.003874194221130298,0.981071453424745,17.10682352941174,0.0018427183726571368,0.2912627450980387,1,1.1021614715330337,0.006978911304823674,0.9874420472781524,0.003108118906657252,False,False
barcode_mean_len,mid,abs,85.0,0.5,50,9.219499999999998,0.12011137193928909,0.3576970490115184,0.01076235057356804,-0.046490330653563575,0.7757506526956611,18.01223529411763,0.0012273216840668112,0.31138300653594736,2,0.9235108405443828,0.01665388691084572,0.8734238583619429,0.0021455059514701776,False,False
barcode_mean_len,mid,abs,90.0,0.5,50,9.486800000000002,0.12359374839347556,0.46745614350272413,0.0006200624307942342,0.03680484510073784,0.8216142102155399,21.227294117647034,0.0002854435757151307,0.3828287581699341,2,1.1124730496926984,0.001325650714111811,0.9042617934916594,0.0005565252105137768,False,False
barcode_mean_len,mid,abs,95.0,0.5,50,9.7468,0.12698102066466327,0.3224173400679166,0.022399261272120292,-0.14721938040295135,0.364657907893048,18.3510588235294,0.0010535986897289781,0.3189124183006533,2,0.925851794188099,0.0329088672718355,0.5434805358021387,0.001880703995101631,False,False
barcode_mean_len,mid,abs,100.0,0.5,50,10.0,0.13027970273798914,0.29595755836021526,0.03690558031872982,-0.11235163241277864,0.49004823867874037,17.78070588235292,0.0013620108439429239,0.30623790849673155,2,0.7640023191441241,0.05107468704824217,0.6548058361655582,0.0023631904568412673,False,False
barcode_mean_len,mid,abs,0.0,0.6,50,0.0,0.0,0.22330229386807918,0.11904267559822411,-0.5280075785474738,0.0004623821241610077,32.54431812707741,1.4805999791210015e-06,0.6343181806017202,3,3.5290526112521,0.14880334449778013,0.005486079656728193,7.061322977346315e-06,False,False
barcode_mean_len,mid,abs,5.0,0.6,50,2.2361,0.028892968220140952,0.5879951490600303,7.12130536482483e-06,0.2130806821621664,0.1867926305454003,34.19576470588234,6.793785059113572e-07,0.671016993464052,2,1.9289435872300016,2.2837289618231353e-05,0.34813055392228914,3.783365332320732e-06,False,False
barcode_mean_len,mid,abs,10.0,0.6,50,3.1622999999999997,0.040860531014959865,0.6046550116167312,3.312483483824468e-06,0.24407423593120883,0.1290721966839409,34.65129411764704,5.478055210909073e-07,0.6811398692810453,2,1.599460727609247,1.1758052060903645e-05,0.26794005115193087,3.3258853220731156e-06,False,False
barcode_mean_len,mid,abs,15.0,0.6,50,3.873,0.05004358745879252,0.542915520965428,4.6306534524945614e-05,0.11622582663390896,0.47510759568232697,36.67576470588233,2.1007182001577298e-07,0.7261281045751629,2,1.3144451355137272,0.0001241068504559061,0.6440963031844957,1.8430829491949894e-06,False,False
barcode_mean_len,mid,abs,20.0,0.6,50,4.472100000000001,0.05778464432596591,0.5781952299090298,1.095529950463161e-05,0.24601133304177394,0.12596729024899417,29.216941176470556,7.062885810712858e-06,0.5603764705882346,2,1.2669416380310379,3.318706364595244e-05,0.26266721957749906,2.4786731335709273e-05,False,False
barcode_mean_len,mid,abs,25.0,0.6,50,5.0,0.06460571580014524,0.5899551328902304,6.522452248421459e-06,0.20726939083047097,0.19938430873187035,31.251764705882323,2.7198829982073803e-06,0.6055947712418294,2,1.4461142474341755,2.1358734475464637e-05,0.3657345308099397,1.1445661485669066e-05,False,False
barcode_mean_len,mid,abs,30.0,0.6,50,5.477199999999999,0.0707716853161111,0.5438955128805281,4.458550844859216e-05,0.16852744861916796,0.2985624581580232,27.21599999999998,1.7976761244601293e-05,0.5159111111111107,2,0.8740353680743218,0.00012018702277446583,0.4722161328009551,5.297591472727702e-05,False,False
barcode_mean_len,mid,abs,35.0,0.6,50,5.916100000000001,0.07644277504904784,0.45765622435172354,0.000832820560833048,-0.003874194221130298,0.981071453424745,31.3449411764706,2.6033494375505784e-06,0.6076653594771244,2,1.1697918047029554,0.0016874142082238229,0.9874420472781524,1.1198052761964413e-05,False,False
barcode_mean_len,mid,abs,40.0,0.6,50,6.324599999999999,0.08172106202991973,0.5311556179842274,7.229291643448824e-05,0.16077906017690738,0.3216472515203678,36.02447058823529,2.8603474160573716e-07,0.7116549019607842,2,0.9548577203600632,0.0001888550906856013,0.49689691680056824,2.184992298538373e-06,False,False
barcode_mean_len,mid,abs,45.0,0.6,50,6.708199999999998,0.08667761254610686,0.46941612733292426,0.0005839181355385723,0.007748388442260596,0.9621531316641155,27.64141176470588,1.4743907177459337e-05,0.5253647058823528,2,1.161212085144847,0.0012541428777156404,0.9779261338225437,4.525357648527123e-05,False,False
barcode_mean_len,mid,abs,50.0,0.6,50,7.0711,0.09136669539888141,0.5282156422389273,8.060259518955443e-05,0.1181629237444741,0.4677283145791489,26.03388235294119,3.1150679648939394e-05,0.48964183006535983,2,1.0654112295362368,0.0002088033802960602,0.6415742368121069,8.324750595837251e-05,False,False
barcode_mean_len,mid,abs,55.0,0.6,50,7.416200000000001,0.09582578190340742,0.4115966043420212,0.002981221165114495,-0.07942098153317112,0.6261554912472203,28.571294117647057,9.55226010322637e-06,0.5460287581699346,2,0.9019979117877712,0.005143850989900706,0.7712908700131322,3.106154509091092e-05,False,False
barcode_mean_len,mid,abs,60.0,0.6,50,7.746,0.10008717491758504,0.5174357311728266,0.00011910676880322052,0.2285774590466876,0.15599513996197656,23.813647058823534,8.704656068993152e-05,0.4403032679738563,2,0.9030174925143415,0.0002969686192680833,0.3073633054335555,0.00020238325360409076,False,False
barcode_mean_len,mid,abs,65.0,0.6,50,8.0623,0.10417413249910218,0.45961620818192367,0.0007856547621625983,-0.007748388442260596,0.9621531316641155,25.85694117647057,3.3817382952798024e-05,0.48570980392156826,2,1.0605757511183471,0.0016129336176848043,0.9779261338225437,8.884227724887617e-05,False,False
barcode_mean_len,mid,abs,70.0,0.6,50,8.3666,0.10810603636269905,0.4831360141443249,0.0003796182293398571,0.07942098153317112,0.6261554912472203,31.035294117647055,3.0110619602023684e-06,0.6007843137254901,2,0.6421247892413087,0.0008405832221096835,0.7712908700131322,1.2175163578209576e-05,False,False
barcode_mean_len,mid,abs,75.0,0.6,50,8.6603,0.11190097610879957,0.3635770005021188,0.009449782636089026,0.02905645665847724,0.8587392363951517,17.40894117647059,0.0016094159600745666,0.29797647058823534,2,0.7563691119291631,0.014770248490021502,0.9264820067836324,0.0027615439905338507,False,False
barcode_mean_len,mid,abs,80.0,0.6,50,8.9443,0.1155705807662478,0.4017966851910207,0.003825016697240252,-0.04067903932186813,0.803189316671649,27.013647058823494,1.97530153476241e-05,0.5114143790849666,2,0.750253039583634,0.00636362348556965,0.8913676187406128,5.642474497553679e-05,False,False
barcode_mean_len,mid,abs,85.0,0.6,50,9.219499999999998,0.1191264793638878,0.4096366205118211,0.0031354409891101403,0.08716936997543172,0.5927567412522293,16.59105882352938,0.002320446080764066,0.27980130718954177,2,0.6521491317428918,0.005380000221166846,0.742943085396999,0.0038262674736003212,False,False
barcode_mean_len,mid,abs,90.0,0.6,50,9.486800000000002,0.12258030093056357,0.49783589287082564,0.00023447294876445903,0.06392420464864992,0.6951518346023172,27.07482352941176,1.9198348152123103e-05,0.5127738562091502,2,1.2022370833154676,0.0005437901305509898,0.822507895903505,5.52769776516238e-05,False,False
barcode_mean_len,mid,abs,95.0,0.6,50,9.7468,0.12593979815217113,0.4605962000970237,0.0007629839871124458,0.025182262437346937,0.8774200339160868,24.938352941176475,5.17662264656053e-05,0.4652967320261439,2,0.9787188754298377,0.0015768335733657211,0.9368549156624119,0.00012838024163470114,False,False
barcode_mean_len,mid,abs,100.0,0.6,50,10.0,0.12921143160029047,0.38415683071921986,0.005882687853609089,0.1724016428402983,0.2874288883942323,13.576470588235281,0.008776996670895123,0.2128104575163396,2,0.707462079988864,0.009465224401135732,0.4640778927198542,0.012814139566612974,False,False
barcode_mean_len,mid,abs,0.0,0.7,50,0.0,0.0,0.20110607440201717,0.16138706726122962,-0.571524074111586,0.00011714323351034505,32.00302184582809,1.910379384525142e-06,0.6222893743517353,3,3.605011167009218,0.19645284365568527,0.0028010149896287046,8.666599159065278e-06,False,False
barcode_mean_len,mid,abs,5.0,0.7,50,2.2361,0.02900960591408364,0.6164149145979319,1.8790023240180228e-06,0.26344520703686025,0.10048641259754532,29.596235294117605,5.913771050715306e-06,0.568805228758169,2,2.103050832977969,7.191243462291198e-06,0.22904991106793418,2.1483621395176696e-05,False,False
barcode_mean_len,mid,abs,10.0,0.7,50,3.1622999999999997,0.04102548042668337,0.6134749388526316,2.169801801255336e-06,0.24601133304177394,0.12596729024899417,30.343529411764678,4.1662346000657435e-06,0.5854117647058817,2,1.7017065470445738,8.13675675470751e-06,0.26266721957749906,1.5879500729758775e-05,False,False
barcode_mean_len,mid,abs,15.0,0.7,50,3.873,0.05024560784636016,0.640914712475433,5.337808825841086e-07,0.29831295502703303,0.06152651587728948,30.47999999999999,3.907852118283553e-06,0.5884444444444442,2,1.76912038646942,2.3089126548987024e-06,0.1644243096720667,1.5183103643314434e-05,False,False
barcode_mean_len,mid,abs,20.0,0.7,50,4.472100000000001,0.05801791449772973,0.5889751409751304,6.8157934208878086e-06,0.20339519660934066,0.20810244941379488,29.045647058823505,7.652240304304767e-06,0.5565699346405223,2,1.4726762133197369,2.2009332921616882e-05,0.37799858975552586,2.626045565683924e-05,False,False
barcode_mean_len,mid,abs,25.0,0.7,50,5.0,0.0648665218775628,0.638954728645233,5.92731822580608e-07,0.3273694116855102,0.03920622889644715,32.69176470588235,1.381242359781056e-06,0.63759477124183,2,1.6672792489838089,2.505639068181661e-06,0.11575172340855826,6.760817866296748e-06,False,False
barcode_mean_len,mid,abs,30.0,0.7,50,5.477199999999999,0.0710573827255574,0.6320947852395326,8.503573767590204e-07,0.3041242463587284,0.056400802663156245,28.797176470588226,8.595150551509164e-06,0.5510483660130717,2,1.2908687977131246,3.514810490603951e-06,0.15247891417655612,2.8650501838363882e-05,False,False
barcode_mean_len,mid,abs,35.0,0.7,50,5.916100000000001,0.07675136601596987,0.58113520565433,9.641400807504946e-06,0.22664036193612244,0.15962826010966372,30.837647058823507,3.3039392919236998e-06,0.5963921568627446,2,1.2592927271092749,2.9789045684317605e-05,0.31187874349156985,1.3131040775594193e-05,False,False
barcode_mean_len,mid,abs,40.0,0.7,50,6.324599999999999,0.08205096085336674,0.6095549711922315,2.622800095219794e-06,0.2518226243734694,0.11698754306825601,31.317647058823525,2.636960811688394e-06,0.6070588235294117,2,1.3430768163812363,9.717944575913978e-06,0.25068759228912,1.1198052761964413e-05,False,False
barcode_mean_len,mid,abs,45.0,0.7,50,6.708199999999998,0.08702752041181334,0.5487954724560283,3.682792157803607e-05,0.1859613226142543,0.25060407596896045,24.67952941176469,5.835209453660821e-05,0.45954509803921534,1,1.1438565977922597,0.00010073519725756925,0.4276363131213453,0.00014206138198703046,False,False
barcode_mean_len,mid,abs,50.0,0.7,50,7.0711,0.09173553256968688,0.45079628094602325,0.0010185841855814975,0.007748388442260596,0.9621531316641155,24.359529411764697,6.76554916452826e-05,0.4524339869281044,2,1.0994256342291684,0.001985918852391599,0.9779261338225437,0.00016050920211763475,False,False
barcode_mean_len,mid,abs,55.0,0.7,50,7.416200000000001,0.09621261990967625,0.5203757069181267,0.00010721365217109089,0.17046454572973313,0.2929615964374106,25.859764705882355,3.377309728302671e-05,0.4857725490196079,2,1.0659936794144267,0.00027242813256588667,0.46813450977112,8.884227724887617e-05,False,False
barcode_mean_len,mid,abs,60.0,0.7,50,7.746,0.10049121569272032,0.4772560626537246,0.0004575619650433387,0.06198710753808477,0.7039639361606933,23.5830588235294,9.681135908876504e-05,0.43517908496732,2,0.9827454018958233,0.001005987299031454,0.8276693560422816,0.00021906219939793548,False,False
barcode_mean_len,mid,abs,65.0,0.7,50,8.0623,0.10459467186669492,0.5928951086355306,5.71107195181051e-06,0.22276616771499216,0.16707804359403583,28.49599999999998,9.89430070371612e-06,0.5443555555555551,2,1.1990866703780725,1.9105384586991994e-05,0.3243895209654558,3.1978457112944926e-05,False,False
barcode_mean_len,mid,abs,70.0,0.7,50,8.3666,0.10854244838816339,0.6164149145979319,1.8790023240180228e-06,0.29056456658477237,0.06892893651931309,27.22823529411764,1.7874604000926336e-05,0.5161830065359475,1,1.0792731947325347,7.191243462291198e-06,0.1756271533231813,5.294070611739329e-05,False,False
barcode_mean_len,mid,abs,75.0,0.7,50,8.6603,0.11235270788325145,0.6007350439563309,3.981578482415054e-06,0.2750677897002512,0.0858277861381847,24.5505882352941,6.193721204484192e-05,0.4566797385620911,2,1.395379316469496,1.3868419433131088e-05,0.20572123997039118,0.00014922696166244298,False,False
barcode_mean_len,mid,abs,80.0,0.7,50,8.9443,0.11603712632589704,0.5566354077768287,2.6953649534406564e-05,0.2111435850516013,0.1909255574106153,20.49788235294116,0.0003981558008346395,0.3666196078431369,2,1.2842042814589396,7.59602850515094e-05,0.3537067099439686,0.0007572288236732408,False,False
barcode_mean_len,mid,abs,85.0,0.7,50,9.219499999999998,0.11960737969003805,0.4037566690212208,0.003641167432932486,-0.048427427764128735,0.7666620524502553,21.112470588235283,0.0003008164889168624,0.3802771241830063,2,0.9275730621188538,0.006090441929185633,0.8705686309874694,0.0005823707753735193,False,False
barcode_mean_len,mid,abs,90.0,0.7,50,9.486800000000002,0.12307514394961258,0.5693753026731293,1.5955067380239913e-05,0.220829070604427,0.17089556312621176,29.54447058823527,6.0588886866404284e-06,0.5676549019607838,2,0.9835455069673475,4.666104611202239e-05,0.32702237388349165,2.192516139523579e-05,False,False
barcode_mean_len,mid,abs,95.0,0.7,50,9.7468,0.12644820308724586,0.5478154805409282,3.8272282694270074e-05,0.2731306925896861,0.08814827865954035,21.501176470588206,0.00025184797321853693,0.3889150326797379,1,1.1623411082860668,0.00010437895280255476,0.20701489685195082,0.0005004671262676055,False,False
barcode_mean_len,mid,abs,100.0,0.7,50,10.0,0.1297330437551256,0.5909351248053305,6.240836369617178e-06,0.22664036193612244,0.15962826010966372,25.462588235294106,4.060510957947657e-05,0.4769464052287579,1,1.4781791545908245,2.0654725351402053e-05,0.31187874349156985,0.00010289578176815588,False,False
barcode_mean_len,mid,abs,0.0,0.8,50,0.0,0.0,0.1810739010942331,0.2082347447348052,-0.6111828061666251,2.8006445080772316e-05,33.81505008668848,8.131875823982779e-07,0.6625566685930774,3,3.883249528450664,0.24732862401451958,0.0015035738608438426,4.371470818672823e-06,False,False
barcode_mean_len,mid,abs,5.0,0.8,50,2.2361,0.029049122225129474,0.7242140252589374,2.7768446934566866e-09,0.46490330653563583,0.0025073449504734676,32.84235294117644,1.2866225313298092e-06,0.6409411764705877,1,2.3090272691345457,2.807027787950781e-08,0.015141758467144967,6.36467528796129e-06,True,False
barcode_mean_len,mid,abs,10.0,0.8,50,3.1622999999999997,0.041081364524183595,0.7271540010042375,2.2282442898307274e-09,0.46877750075676616,0.002280575772707779,34.62117647058821,5.556602721968715e-07,0.6804705882352936,2,2.097164794221869,2.3819163098190533e-08,0.014627141162884374,3.3339616331812293e-06,True,False
barcode_mean_len,mid,abs,15.0,0.8,50,3.873,0.050314051418955535,0.7006942192965361,1.4679936357204854e-08,0.41647587877150705,0.007513971306698402,35.41364705882353,3.819656409706598e-07,0.698081045751634,2,1.8588555025211364,1.1769259320862513e-07,0.03565302711851793,2.614560522137653e-06,True,False
barcode_mean_len,mid,abs,20.0,0.8,50,4.472100000000001,0.05809694535262356,0.5772152379939298,1.1428780583088116e-05,0.17627583706142858,0.27656782450681333,27.968941176470565,1.2655024632087218e-05,0.5326431372549014,2,1.5887590936440334,3.442356029700953e-05,0.4536297650640854,3.9760719283246997e-05,False,False
barcode_mean_len,mid,abs,25.0,0.8,50,5.0,0.06495488176988837,0.6516946235415335,2.959963436061713e-07,0.35061457701229204,0.02654757780827596,37.868235294117625,1.1929279200922667e-07,0.7526274509803916,2,1.3812354572635308,1.3627554433353433e-06,0.08881024230826129,1.33665417552507e-06,False,False
barcode_mean_len,mid,abs,30.0,0.8,50,5.477199999999999,0.07115417568600652,0.563495351182529,2.0378269927857844e-05,0.14528228329238618,0.3710715537154117,32.62399999999997,1.4260529606787404e-06,0.6360888888888881,2,1.2133506488242731,5.813432832180305e-05,0.5512724360308832,6.907444028287649e-06,False,False
barcode_mean_len,mid,abs,35.0,0.8,50,5.916100000000001,0.07685591520776733,0.6830543648247352,4.6254494162601974e-08,0.3932307134447253,0.012066750668929772,29.05882352941174,7.605217708692388e-06,0.5568627450980387,2,1.4978470059742732,3.0081594105748136e-07,0.05243961739301256,2.6195749885496003e-05,False,False
barcode_mean_len,mid,abs,40.0,0.8,50,6.324599999999999,0.08216272904836719,0.6418947043905331,5.064012431720217e-07,0.3389919943489011,0.03237108028472536,34.434823529411744,6.068198134847406e-07,0.6763294117647054,2,1.1946918358243792,2.2110476814553058e-06,0.10170643467836007,3.582924807891066e-06,False,False
barcode_mean_len,mid,abs,45.0,0.8,50,6.708199999999998,0.08714606757775303,0.6497346397113335,3.30063045669888e-07,0.3351178001277708,0.03453119053857223,28.364235294117634,1.0522451111758697e-05,0.5414274509803919,2,1.438420387953951,1.5121114900147577e-06,0.1066910538234956,3.374441218598479e-05,False,False
barcode_mean_len,mid,abs,50.0,0.8,50,7.0711,0.09186049289661154,0.5458554967107281,4.131830359672669e-05,0.15109357462408166,0.3520316775609681,30.00564705882354,4.881498321388288e-06,0.5779032679738565,2,1.1811415216159018,0.00011170355332835995,0.5271971982797107,1.8232102164221318e-05,False,False
barcode_mean_len,mid,abs,55.0,0.8,50,7.416200000000001,0.09634367883636923,0.6546345992868337,2.510028858424726e-07,0.35642586834398743,0.02397896260405331,31.26870588235292,2.698315334446087e-06,0.6059712418300649,2,1.1427000826666935,1.2221606483429294e-06,0.0838362226382315,1.140651482288573e-05,False,False
barcode_mean_len,mid,abs,60.0,0.8,50,7.746,0.10062810283791107,0.5742752622486297,1.296502107106302e-05,0.24988552726290425,0.11992549693631241,28.2381176470588,1.1160802423634916e-05,0.5386248366013067,2,1.0809974285894142,3.864573588489938e-05,0.2534788912517512,3.566854382811158e-05,False,False
barcode_mean_len,mid,abs,65.0,0.8,50,8.0623,0.10473714865867421,0.5968150762959308,4.774231695200844e-06,0.2711935954791209,0.09051702671299842,28.91576470588234,8.131515080181075e-06,0.5536836601307187,2,1.116444735775751,1.620450903845542e-05,0.2109795359475903,2.749930554388509e-05,False,False
barcode_mean_len,mid,abs,70.0,0.8,50,8.3666,0.1086903027631896,0.6124949469375316,2.275676466627515e-06,0.2963758579164678,0.06331503171672757,24.265411764705874,7.066217528176051e-05,0.4503424836601305,2,1.3355411414599212,8.499514513909996e-06,0.16823708427587614,0.00016721583463622715,False,False
barcode_mean_len,mid,abs,75.0,0.8,50,8.6603,0.11250575251835285,0.4909759494651253,0.00029438691303080086,0.07360969020147567,0.6517018082558034,29.109647058823526,7.426523240579792e-06,0.5579921568627451,2,0.914057541738492,0.0006645141483462252,0.7943416535752256,2.5771144081116444e-05,False,False
barcode_mean_len,mid,abs,80.0,0.8,50,8.9443,0.11619518980288251,0.6075949873620313,2.880874693449374e-06,0.26344520703686025,0.10048641259754532,28.6070588235294,9.393938383997891e-06,0.5468235294117645,1,1.4208581202262183,1.050671947022713e-05,0.22904991106793418,3.096573155494912e-05,False,False
barcode_mean_len,mid,abs,85.0,0.8,50,9.219499999999998,0.11977030649549718,0.5027358524463259,0.00019870812490022696,0.06973549598034537,0.6689557215776891,23.722352941176467,9.078983090886405e-05,0.4382745098039215,2,1.2766078459596129,0.00046784444596762294,0.8048238306174009,0.00020951499440507087,False,False
barcode_mean_len,mid,abs,90.0,0.8,50,9.486800000000002,0.12324279447491542,0.5919151167204305,5.970515067258866e-06,0.2731306925896861,0.08814827865954035,26.71999999999997,2.264540862311452e-05,0.5048888888888883,2,1.1094133527158911,1.9830639330538378e-05,0.20701489685195082,6.305458089669611e-05,False,False
barcode_mean_len,mid,abs,95.0,0.8,50,9.7468,0.12662044832694963,0.6232748580036321,1.3353912114675822e-06,0.31962102324324965,0.04438461834385686,28.189176470588194,1.141877130848529e-05,0.5375372549019599,2,1.1838221043564037,5.218125322121224e-06,0.12819159956455553,3.612060311867796e-05,False,False
barcode_mean_len,mid,abs,100.0,0.8,50,10.0,0.12990976353977673,0.5762352460788297,1.1921102799683362e-05,0.23245165326781791,0.14891022386666583,24.616470588235273,6.007887621667854e-05,0.4581437908496727,2,1.3103501935924537,3.5648313838281434e-05,0.29718134806008417,0.00014512559709483388,False,False
barcode_mean_len,mid,abs,0.0,0.9,50,0.0,0.0,0.21972931496435089,0.12521953938956307,-0.5346388025159812,0.00037959015570482237,31.23835458263169,2.7370769755611035e-06,0.6052967685029265,3,3.870033665659358,0.1558958120914239,0.0047705249298038484,1.1466133275999217e-05,False,False
barcode_mean_len,mid,abs,5.0,0.9,50,2.2361,0.02908309342790185,0.7555737665421389,2.2702677942265863e-10,0.5268904140737205,0.00047781984106987487,34.55905882352937,5.722169756642558e-07,0.6790901960784305,1,2.389737211914104,4.492232018363245e-09,0.005486079656728193,3.4112935087676787e-06,True,False
barcode_mean_len,mid,abs,10.0,0.9,50,3.1622999999999997,0.04112940671126248,0.7271540010042375,2.2282442898307274e-09,0.4765258891990267,0.0018804605022060316,35.130352941176454,4.367569926334278e-07,0.6917856209150324,1,1.9048333768794887,2.3819163098190533e-08,0.013050957216803057,2.8404475744691457e-06,True,False
barcode_mean_len,mid,abs,15.0,0.9,50,3.873,0.05037289067853132,0.756553758457239,2.0868628947724925e-10,0.5404500938476766,0.0003182418954863637,36.1430588235294,2.7040830067520794e-07,0.7142901960784311,1,1.764668013277717,4.410869300314586e-09,0.00428934728699012,2.167928617482271e-06,True,False
barcode_mean_len,mid,abs,20.0,0.9,50,4.472100000000001,0.05816488623895169,0.6448346801358332,4.319190597104281e-07,0.33124360590664054,0.03680807650903482,33.89741176470588,7.821745858874974e-07,0.6643869281045751,2,1.5241880142708841,1.9311765650514334e-06,0.11114126997857918,4.2539319583355124e-06,False,False
barcode_mean_len,mid,abs,25.0,0.9,50,5.0,0.06503084260073756,0.6987342354663361,1.6744150807670624e-08,0.4203500729926374,0.006921396320156292,35.519058823529406,3.6337606283905133e-07,0.7004235294117646,1,1.4166680334375439,1.2976716875944733e-07,0.03423882222204974,2.5601495336387707e-06,False,False
barcode_mean_len,mid,abs,30.0,0.9,50,5.477199999999999,0.07123738621855194,0.6899143082304355,2.988627935155698e-08,0.41066458743981166,0.008484500076457055,33.11341176470586,1.1322883280419588e-06,0.6469647058823524,1,1.3934765508475406,2.1056242270415146e-07,0.038869877197561874,5.754252158901758e-06,False,False
barcode_mean_len,mid,abs,35.0,0.9,50,5.916100000000001,0.0769457935820447,0.7418538797307382,7.095063605489301e-10,0.5172049285208947,0.0006322430775637379,34.639999999999986,5.507379995690965e-07,0.6808888888888885,2,1.5198587742449785,9.703542872213308e-09,0.006606584967800856,3.3258853220731156e-06,True,False
barcode_mean_len,mid,abs,40.0,0.9,50,6.324599999999999,0.08225881342252496,0.6801143890794351,5.5577194817011556e-08,0.3816081307813344,0.01511095184742017,33.69129411764706,8.621061391589233e-07,0.6598065359477124,2,1.5580398379147224,3.4457860786547165e-07,0.06057407421595155,4.607808674814935e-06,False,False
barcode_mean_len,mid,abs,45.0,0.9,50,6.708199999999998,0.08724797966685355,0.5987750601261308,4.3612384921574585e-06,0.220829070604427,0.17089556312621176,32.88282352941175,1.2623135123594014e-06,0.6418405228758167,2,1.1305506963777376,1.5022043695209022e-05,0.32702237388349165,6.277815863605579e-06,False,False
barcode_mean_len,mid,abs,50.0,0.9,50,7.0711,0.09196791822281508,0.7173540818532369,4.591270447378456e-09,0.4707145978673313,0.002174106252000775,37.2527058823529,1.597781190307549e-07,0.7389490196078422,2,1.3624202608578093,4.2276054614474895e-08,0.014139292408116929,1.5484012091767628e-06,True,False
barcode_mean_len,mid,abs,55.0,0.9,50,7.416200000000001,0.096456346979118,0.6526746154566336,2.802226091537122e-07,0.41066458743981166,0.008484500076457055,28.632470588235293,9.283036106863817e-06,0.5473882352941176,2,1.0421022261358237,1.3296276862905734e-06,0.038869877197561874,3.072321558499413e-05,False,False
barcode_mean_len,mid,abs,60.0,0.9,50,7.746,0.10074578135706264,0.6438546882207331,4.555277810083061e-07,0.41453878166094194,0.00782628127009066,26.17129411764705,2.9224863567040048e-05,0.4926954248366011,2,1.4494291308106346,2.0173373158939273e-06,0.03675980596557735,7.87800670068036e-05,False,False
barcode_mean_len,mid,abs,65.0,0.9,50,8.0623,0.10485963245998528,0.6918742920606356,2.6322334568216697e-08,0.41841297588207216,0.007212444522543559,29.116235294117615,7.40366722571842e-06,0.5581385620915026,1,1.3262522094237301,1.8830593191108868e-07,0.03530301792613426,2.5771144081116444e-05,False,False
barcode_mean_len,mid,abs,70.0,0.9,50,8.3666,0.10881740954066618,0.660514550777434,1.7951728578064238e-07,0.3816081307813344,0.01511095184742017,34.281411764705894,6.524394327734203e-07,0.6729202614379087,2,1.2570385615291282,9.12300960524576e-07,0.06057407421595155,3.7707860665060243e-06,False,False
barcode_mean_len,mid,abs,75.0,0.9,50,8.6603,0.1126373212350335,0.5889751409751304,6.8157934208878086e-06,0.33318070301720565,0.035654757484319746,28.228705882352926,1.1209957379287286e-05,0.5384156862745095,2,1.0612137074257877,2.2009332921616882e-05,0.10907540940926763,3.5702946447730055e-05,False,False
barcode_mean_len,mid,abs,80.0,0.9,50,8.9443,0.1163310730947554,0.6516946235415335,2.959963436061713e-07,0.35642586834398743,0.02397896260405331,32.51764705882351,1.4993183180892133e-06,0.633725490196078,1,1.350977359474295,1.3627554433353433e-06,0.0838362226382315,7.114112427668206e-06,False,False
barcode_mean_len,mid,abs,85.0,0.9,50,9.219499999999998,0.1199103706715,0.7173540818532369,4.591270447378456e-09,0.4939597631941131,0.0011980997610938904,29.080470588235272,7.528589823687909e-06,0.5573437908496727,1,1.308548508434452,4.2276054614474895e-08,0.009860467060330249,2.6028210171114333e-05,True,False
barcode_mean_len,mid,abs,90.0,0.9,50,9.486800000000002,0.12338691951693544,0.6820743729096351,4.918543220763477e-08,0.441658141208854,0.004330394809944678,34.22399999999999,6.703771999491795e-07,0.6716444444444443,2,1.1937770949307662,3.133044654321941e-07,0.02440767983787,3.7707860665060243e-06,False,False
barcode_mean_len,mid,abs,95.0,0.9,50,9.7468,0.12676852333217378,0.6271948256640324,1.0945749374689116e-06,0.2866903723636421,0.07288459904707667,29.41929411764704,6.424626425088583e-06,0.5648732026143787,1,1.3970288255704846,4.368904256850162e-06,0.18172299494311342,2.2980394520509164e-05,False,False
barcode_mean_len,mid,abs,100.0,0.9,50,10.0,0.13006168520147512,0.5389955533050278,5.3817991182788125e-05,0.21889197349386189,0.17477538712368895,26.736941176470566,2.2467644078339213e-05,0.5052653594771237,2,1.0544398913988182,0.0001434118389684612,0.330368109806973,6.29364728700466e-05,False,False
barcode_mean_len,mid,abs,0.0,1.0,50,0.0,0.0,0.21826316386188313,0.12782303111010454,-0.5375696631101061,0.00034743802944948066,31.6875625481139,2.216015600352866e-06,0.6152791677358644,3,3.9996254885824154,0.1587121748096091,0.004487741213722458,9.813783372991264e-06,False,False
barcode_mean_len,mid,abs,5.0,1.0,50,2.2361,0.029080711073262978,0.7869335078253407,1.2384914593825313e-11,0.5869404245012402,6.866970894574676e-05,36.627764705882356,2.149074809279239e-07,0.7250614379084968,2,2.4353003192257865,1.2705649483655899e-09,0.002279910359682903,1.8678874510557873e-06,True,False
barcode_mean_len,mid,abs,10.0,1.0,50,3.1622999999999997,0.04112603757746948,0.734993936325038,1.2216616184792873e-09,0.48427427764128733,0.0015435449029094575,35.4795294117647,3.7023904036663945e-07,0.6995450980392156,2,2.0061673486587184,1.4755133833581002e-08,0.011576586771820932,2.5888895303832683e-06,True,False
barcode_mean_len,mid,abs,15.0,1.0,50,3.873,0.05036876436060442,0.7634137018629393,1.1442758156905243e-10,0.5462613851793722,0.00026594767435802916,37.469176470588195,1.4417825930814563e-07,0.7437594771241821,1,1.878312028340556,2.8004644962952304e-09,0.0038645521430151113,1.47347012259973e-06,True,False
barcode_mean_len,mid,abs,20.0,1.0,50,4.472100000000001,0.05816012163621455,0.7428338716458384,6.556017802283806e-10,0.4997710545258085,0.0010254568939584306,38.344470588235254,9.513887929195644e-08,0.763210457516339,2,1.6758442640158626,9.380148547882986e-09,0.009169951070974427,1.2064005936456413e-06,True,False
barcode_mean_len,mid,abs,25.0,1.0,50,5.0,0.06502551557010638,0.6859943405700353,3.841394902545156e-08,0.4048532961081162,0.009560674500892,34.256941176470576,6.600257912127172e-07,0.672376470588235,2,1.4951371394671136,2.5701419132136653e-07,0.042953755004007534,3.7707860665060243e-06,False,False
barcode_mean_len,mid,abs,30.0,1.0,50,5.477199999999999,0.07123155077611731,0.6546345992868337,2.510028858424726e-07,0.33124360590664054,0.03680807650903482,33.60376470588233,8.984649409029107e-07,0.6578614379084962,2,1.4056616102905717,1.2221606483429294e-06,0.11114126997857918,4.774699400226897e-06,False,False
barcode_mean_len,mid,abs,35.0,1.0,50,5.916100000000001,0.07693949053286127,0.6546345992868337,2.510028858424726e-07,0.36417425678624804,0.02087891880510034,37.993411764705854,1.1240714563450493e-07,0.7554091503267968,2,1.4509440733347385,1.2221606483429294e-06,0.07644643499505242,1.2906005609887603e-06,False,False
barcode_mean_len,mid,abs,40.0,1.0,50,6.324599999999999,0.08225207515493896,0.6957942597210358,2.03575375250952e-08,0.41647587877150705,0.007513971306698402,38.75576470588234,7.824411338642222e-08,0.7723503267973854,2,1.4184957706505257,1.514600791867083e-07,0.03565302711851793,1.2064005936456413e-06,False,False
barcode_mean_len,mid,abs,45.0,1.0,50,6.708199999999998,0.0872408327094775,0.7006942192965361,1.4679936357204854e-08,0.41647587877150705,0.007513971306698402,35.037176470588236,4.56437873999848e-07,0.6897150326797385,1,1.306256443762983,1.1769259320862513e-07,0.03565302711851793,2.887668182448018e-06,True,False
barcode_mean_len,mid,abs,50.0,1.0,50,7.0711,0.09196038462955584,0.6801143890794351,5.5577194817011556e-08,0.4067903932186813,0.00918966203125218,32.80188235294116,1.3113979122603454e-06,0.6400418300653592,2,1.3797266459672959,3.4457860786547165e-07,0.04148730917021615,6.452910361915986e-06,False,False
barcode_mean_len,mid,abs,55.0,1.0,50,7.416200000000001,0.09644844571420458,0.6948142678059358,2.1716496310514096e-08,0.41066458743981166,0.008484500076457055,36.507294117647064,2.2753845987830957e-07,0.7223843137254903,2,1.418738995838221,1.5778391850607897e-07,0.038869877197561874,1.9166370273524857e-06,False,False
barcode_mean_len,mid,abs,60.0,1.0,50,7.746,0.10073752872120884,0.6281748175791323,1.0410418767577103e-06,0.3273694116855102,0.03920622889644715,36.30211764705882,2.507772308520447e-07,0.7178248366013071,2,1.1076325853493492,4.227811988579347e-06,0.11575172340855826,2.0823466490393e-06,False,False
barcode_mean_len,mid,abs,65.0,1.0,50,8.0623,0.10485104283617373,0.660514550777434,1.7951728578064238e-07,0.37967103367076926,0.01567662790799613,32.978823529411756,1.2064648225637725e-06,0.6439738562091502,2,1.3134680089930555,9.12300960524576e-07,0.06230454681383078,6.032324112818862e-06,False,False
barcode_mean_len,mid,abs,70.0,1.0,50,8.3666,0.10880849571377044,0.6899143082304355,2.988627935155698e-08,0.441658141208854,0.004330394809944678,35.384470588235274,3.8727644088009816e-07,0.6974326797385616,2,1.2806957937082135,2.1056242270415146e-07,0.02440767983787,2.614560522137653e-06,False,False
barcode_mean_len,mid,abs,75.0,1.0,50,8.6603,0.11262809449835844,0.6820743729096351,4.918543220763477e-08,0.41841297588207216,0.007212444522543559,30.618352941176454,3.6621924950934183e-06,0.5915189542483656,2,1.4920050738623702,3.133044654321941e-07,0.03530301792613426,1.437062877821468e-05,False,False
barcode_mean_len,mid,abs,80.0,1.0,50,8.9443,0.1163215437827405,0.6516946235415335,2.959963436061713e-07,0.3738597423390738,0.01748202717818303,30.133647058823527,4.59718207841263e-06,0.5807477124183006,2,1.3108938555169054,1.3627554433353433e-06,0.0666323167037304,1.7379590784242867e-05,False,False
barcode_mean_len,mid,abs,85.0,1.0,50,9.219499999999998,0.11990054815971916,0.6987342354663361,1.6744150807670624e-08,0.42809846143489794,0.005856111478138783,34.4084705882353,6.144237387079885e-07,0.6757437908496734,1,1.545996868025945,1.2976716875944733e-07,0.029924086124555316,3.593799226405216e-06,False,False
barcode_mean_len,mid,abs,90.0,1.0,50,9.486800000000002,0.12337681222209702,0.6987342354663361,1.6744150807670624e-08,0.42809846143489794,0.005856111478138783,30.474352941176477,3.918220295048886e-06,0.5883189542483661,1,1.5933687103673906,1.2976716875944733e-07,0.029924086124555316,1.5183103643314434e-05,False,False
barcode_mean_len,mid,abs,95.0,1.0,50,9.7468,0.12675813903174257,0.7281339929193377,2.0693158672903007e-09,0.4707145978673313,0.002174106252000775,37.90399999999997,1.172836342991324e-07,0.7534222222222215,1,1.67771903804889,2.2640750077411526e-08,0.014139292408116929,1.3301680475389408e-06,True,False
barcode_mean_len,mid,abs,100.0,1.0,50,10.0,0.13005103114021277,0.734993936325038,1.2216616184792873e-09,0.4920226660835479,0.0012611182041864575,32.599529411764706,1.4425880431888217e-06,0.6355450980392157,1,1.5560738913466796,1.4755133833581002e-08,0.01028806956046847,6.951330985314012e-06,True,False
barcode_mean_len,high,rel,0.02,0.1,50,5.24491,0.02000001094197877,0.4499768726711912,0.001043089018714435,0.11641710001743981,0.4743762309976647,17.458829543794685,0.0015738018532795361,0.2990851009732152,2,6.321784582592192,0.002029440977833524,0.6440963031844957,0.002705426476062789,False,False
barcode_mean_len,high,rel,0.04,0.1,50,10.48981,0.03999998632188451,0.25808511245952137,0.07036216782158544,-0.011624763874381924,0.9432446118504413,7.339265251095382,0.1190094682550138,0.07420589446878627,2,4.112818799700056,0.09321483771235678,0.9703842663866575,0.14189590445790107,False,False
barcode_mean_len,high,rel,0.06,0.1,50,15.734722000000001,0.06000000471306657,0.19511210489749076,0.17451227770586986,-0.015499685165842568,0.9243738187469365,6.823494352319145,0.1455149599556713,0.06274431894042544,2,2.816688919067383,0.21075589384090307,0.967020034015246,0.17065436665671413,False,False
barcode_mean_len,high,rel,0.08,0.1,50,20.979622,0.07999998166749556,0.2695042474204093,0.05840205932173832,0.13559679773956046,0.40413538795481935,4.5818670764502265,0.3329502287196123,0.012930379476671701,1,5.640416463216143,0.0781495182290887,0.580009121601824,0.36173330923976565,False,False
barcode_mean_len,high,rel,0.1,0.1,50,26.224538,0.10000001527708703,0.055864904595271075,0.6999896817160381,0.03680484510073784,0.8216142102155399,2.9285625090053,0.5698505931179225,-0.023809722022104445,3,-1.230080846150715,0.7290212103431314,0.9042617934916594,0.5914743879460579,False,False
barcode_mean_len,high,rel,0.12,0.1,50,31.469438000000004,0.11999999223151603,0.08819927235900454,0.5424729575881624,-0.12397421507616954,0.44596095780510414,4.065882352941173,0.39716306384740346,0.001464052287581631,2,2.1113975842793735,0.5845884710973245,0.6199457260967816,0.4245536199748106,False,False
barcode_mean_len,high,rel,0.14,0.1,50,36.714349999999996,0.14000001062269807,0.06859943405700354,0.6359558601512112,-0.048427427764128735,0.7666620524502553,1.8569411764705706,0.7620498230941645,-0.0476235294117651,2,2.4459714190165194,0.6713268444274988,0.8705686309874694,0.7745424431448885,False,False
barcode_mean_len,high,rel,0.16,0.1,50,41.95924999999999,0.15999998600260382,0.1107390864063057,0.443915917490178,-0.09879195263882261,0.5441901490163065,4.851764705882346,0.3028482896431678,0.018928104575163238,2,8.279772295270647,0.4879926752551602,0.701937362808828,0.33410309533587906,False,False
barcode_mean_len,high,rel,0.18,0.1,50,47.20416000000001,0.17999999694458257,-0.22442353694281356,0.1171527793680158,-0.27314350449918906,0.08813277311461747,4.367268536304243,0.3585773535162466,0.008161523028983177,2,-7.506527404785157,0.14663806838796056,0.20701489685195082,0.38686419810917555,False,False
barcode_mean_len,high,rel,0.2,0.1,50,52.44907,0.20000000788656133,-0.13965220093603029,0.3334118121756003,-0.15981800795165318,0.3245864282611053,4.079019400691495,0.3954173535099758,0.0017559866820332183,3,-11.600879071553546,0.37767720502229996,0.500605934134043,0.42317392262862774,False,False
barcode_mean_len,high,rel,0.02,0.2,50,5.302714000000001,0.020000001302790005,0.1979583668502102,0.1681866636815923,-0.5462613851793722,0.00026594767435802916,31.051294117647046,2.9885162909203287e-06,0.6011398692810455,3,4.871570461853083,0.20392907069606367,0.0038645521430151113,1.2136769216401335e-05,False,False
barcode_mean_len,high,rel,0.04,0.2,50,10.605428,0.04000000376243535,0.17933852046330923,0.21270088978382606,-0.4126016845503768,0.008149685193142409,22.388705882352923,0.00016769227237166252,0.40863790849673165,3,2.7729971642231517,0.25231100446295696,0.0378960361481122,0.00035363676486541075,False,False
barcode_mean_len,high,rel,0.06,0.2,50,15.908140000000001,0.05999999779971629,0.005879951490600303,0.9676735859866692,-0.3699855481179435,0.018780331915885278,9.229176470588243,0.05561957992594543,0.11620392156862762,3,0.9992330016718292,0.969759089404744,0.07071137118126847,0.070280175721643,False,False
barcode_mean_len,high,rel,0.08,0.2,50,21.210853999999998,0.07999999862342455,0.08035933703820415,0.5790638176681911,-0.4552178209828101,0.0031629052686625143,16.598588235294102,0.0023126629604037327,0.27996862745098006,3,1.6429551168572427,0.6175795303112589,0.018384386874100864,0.0038202070216260594,False,False
barcode_mean_len,high,rel,0.1,0.2,50,26.51357,0.10000000768830564,0.0793793451231041,0.5837153624322095,-0.06198710753808477,0.7039639361606933,2.534588235294109,0.638453127953419,-0.032564705882353134,1,1.0881292215561889,0.6218273620411853,0.8276693560422816,0.6590026736922083,False,False
barcode_mean_len,high,rel,0.12,0.2,50,31.816284000000007,0.12000000793989427,0.12053900555730622,0.4043780012040117,-0.17627583706142858,0.27656782450681333,9.45788235294114,0.05061990256114644,0.12128627450980313,2,1.4350266915501262,0.447171868156636,0.4536297650640854,0.06448836901625506,False,False
barcode_mean_len,high,rel,0.14,0.2,50,37.118998,0.14000000944686333,-0.09113924810430468,0.5290453744395519,-0.39516781055529043,0.011613931054847865,7.878588235294131,0.09612828400663612,0.08619084967320292,2,0.0035649482618076433,0.5734407904764374,0.051189364364969264,0.11747608952190748,False,False
barcode_mean_len,high,rel,0.16,0.2,50,42.421702,0.1599999737805948,-0.13229890853850682,0.3597361975286544,-0.3448032856805966,0.029340220111206933,8.712470588235277,0.06870220828987003,0.1047215686274506,2,-1.4091710848022814,0.4030779080742754,0.09607888980078327,0.08564752507986478,False,False
barcode_mean_len,high,rel,0.18,0.2,50,47.72442399999999,0.18000000280262918,0.08525929661370439,0.5560629295913269,-0.017433873995086342,0.9149689777413625,5.962352941176448,0.20197747466737104,0.0436078431372544,1,3.112739018586616,0.5971576495611247,0.9625804856328813,0.2304773637308651,False,False
barcode_mean_len,high,rel,0.2,0.2,50,53.027136,0.20000000034632529,-0.08917926427410458,0.5379788789127127,-0.17821293417199371,0.27123936921658165,1.4362352941176084,0.8378733305711841,-0.0569725490196087,2,-2.6330205502539066,0.5817678574288637,0.4480508230398241,0.8460610178406093,False,False
barcode_mean_len,high,rel,0.02,0.3,50,5.272410000000001,0.020000003328420498,0.46745614350272413,0.0006200624307942342,-0.030993553769042385,0.8494265810970129,25.94164705882352,3.251358980994312e-05,0.4875921568627449,2,5.675331899157188,0.001325650714111811,0.9196352973460092,8.639325292356314e-05,False,False
barcode_mean_len,high,rel,0.04,0.3,50,10.544816,0.03999999717976213,0.4047366609363209,0.0035521948989146418,0.019370971105651492,0.9055614351251217,17.156705882352952,0.0018020195139868596,0.2923712418300656,2,3.652672554166803,0.005973853989133123,0.9559275081343509,0.0030526013624914013,False,False
barcode_mean_len,high,rel,0.06,0.3,50,15.817228,0.06000000899605464,0.24499797877501264,0.08637771082305715,-0.18208712839312402,0.2607862304209762,16.061176470588208,0.002938162985897454,0.26802614379084905,2,2.417110338630719,0.11188199312735814,0.43857358823057485,0.004678923933021631,False,False
barcode_mean_len,high,rel,0.08,0.3,50,21.089634,0.08000000238399511,0.2577378736713133,0.07075423504745816,-0.19758390527764522,0.22167129381988698,13.799529411764695,0.007963141223372133,0.21776732026143766,2,3.1178662427302264,0.09360090838426187,0.3941764880544835,0.01173648389498587,False,False
barcode_mean_len,high,rel,0.1,0.3,50,26.362048,0.10000002768859789,0.12935893279320665,0.3706052312334256,-0.2750677897002512,0.0858277861381847,16.440470588235286,0.0024816422586244028,0.27645490196078415,2,0.9600438168082537,0.41475675697603587,0.20572123997039118,0.004070418519436851,False,False
barcode_mean_len,high,rel,0.12,0.3,50,31.634455999999997,0.12000002827060614,0.16267865790660838,0.25900080696296235,-0.16852744861916796,0.2985624581580232,7.361882352941166,0.11795619164719169,0.0747084967320259,3,2.9905316930506665,0.3003375941091708,0.4722161328009551,0.140820613904863,False,False
barcode_mean_len,high,rel,0.14,0.3,50,36.90686,0.14000001059696435,0.008819927235900455,0.9515264375150039,-0.1336597006289953,0.4109452602089041,4.654117647058797,0.3246621596786628,0.014535947712417712,2,0.3450173735396227,0.9556367029038375,0.5879678338373551,0.3536779546053551,False,False
barcode_mean_len,high,rel,0.16,0.3,50,42.179262,0.15999998789727873,-0.06957942597210359,0.6311283111679845,-0.13947099196069074,0.39071182423817086,4.506352941176459,0.34179484989865405,0.011252287581699091,2,-1.8544845507873404,0.666987874302529,0.5704269961405006,0.37090923034509715,False,False
barcode_mean_len,high,rel,0.18,0.3,50,47.451674000000004,0.1800000012660623,0.23323807579381203,0.10308075154007736,0.17821293417199371,0.27123936921658165,5.866352941176444,0.20935391018749208,0.041474509803920985,1,2.7395839967268714,0.1307845824451186,0.4480508230398241,0.23860188293427406,False,False
barcode_mean_len,high,rel,0.2,0.3,50,52.724078,0.19999998012695017,0.16267865790660838,0.25900080696296235,0.050364524874693874,0.757604165263162,4.7520000000000095,0.3137030556157583,0.016711111111111322,2,1.9068674132903105,0.3003375941091708,0.8634459236455155,0.34363232240595426,False,False
barcode_mean_len,high,rel,0.02,0.4,50,5.260459999999999,0.020000003642205003,0.47529607882352454,0.00048658952852224854,-0.019370971105651492,0.9055614351251217,31.140705882352933,2.8655856596730455e-06,0.6031267973856207,2,6.346089873708128,0.0010622729143795566,0.9559275081343509,1.1844420726648587e-05,False,False
barcode_mean_len,high,rel,0.04,0.4,50,10.520914,0.03999998386224466,0.4351164103044224,0.0015892631899127624,-0.09879195263882261,0.5441901490163065,27.617882352941166,1.4906547014540434e-05,0.5248418300653592,2,4.692117786390151,0.0029152165022068425,0.701937362808828,4.545274991318886e-05,False,False
barcode_mean_len,high,rel,0.06,0.4,50,15.781372000000001,0.05999997575990749,0.4400163698799227,0.001386118619822625,0.011622582663390894,0.9432552438855252,21.903999999999968,0.00020943411150819576,0.397866666666666,2,4.053991017821456,0.0025885347719579142,0.9703842663866575,0.0004225026544525424,False,False
barcode_mean_len,high,rel,0.08,0.4,50,21.041839999999997,0.08000001237328405,0.3380972107095174,0.016331176707279068,0.04455323354299843,0.7848688299882403,9.247058823529386,0.05521227728956357,0.11660130718954191,1,2.5996320199975163,0.024615874129286116,0.8773173219820474,0.06996863001963412,False,False
barcode_mean_len,high,rel,0.1,0.4,50,26.302296000000002,0.09999999984514604,0.24303799494481254,0.08900394994714639,-0.038741942211302983,0.8123893002810373,9.751529411764722,0.04482772400261641,0.1278117647058827,2,1.9536348806111885,0.11480398536871864,0.8962301889221408,0.05758257364976971,False,False
barcode_mean_len,high,rel,0.12,0.4,50,31.562756000000004,0.12000000066931714,0.21461822940691105,0.13447188510617875,-0.13947099196069074,0.39071182423817086,12.256941176470576,0.01553944140097171,0.18348758169934615,2,1.9884140675496944,0.16652310672269804,0.5704269961405006,0.021601914055162468,False,False
barcode_mean_len,high,rel,0.14,0.4,50,36.823212,0.13999998793584717,0.13915885194420718,0.33513932477724667,-0.09104356419656201,0.5763571733802473,5.279999999999973,0.25975502118524774,0.02844444444444384,1,1.0596467978696609,0.37917222876257833,0.7292682601954149,0.2903511655075485,False,False
barcode_mean_len,high,rel,0.16,0.4,50,42.083676,0.16000000305187093,0.06467946639660332,0.6554145662494176,-0.007748388442260596,0.9621531316641155,1.8898823529411573,0.7560033713783554,-0.04689150326797428,2,0.5545206893610946,0.6903007322898737,0.9779261338225437,0.7692375660633156,False,False
barcode_mean_len,high,rel,0.18,0.4,50,47.344123999999994,0.1799999591024381,0.3135974128320162,0.026578443210682916,0.1142887295233438,0.4825477544896945,9.555764705882325,0.04861393249478385,0.1234614379084961,1,3.4705760708767883,0.03814498794125789,0.6503904517035013,0.06210296321449035,False,False
barcode_mean_len,high,rel,0.2,0.4,50,52.604596,0.20000000997874917,0.13817886002910712,0.3385873935073623,-0.04455323354299843,0.7848688299882403,3.771294117647045,0.43784167778688965,-0.005082352941176775,2,1.6580450170112613,0.3821435387886492,0.8773173219820474,0.4632454611397126,False,False
barcode_mean_len,high,rel,0.02,0.5,50,5.281862,0.0200000418058471,0.6536546073717338,2.6523700654765154e-07,0.3293065087960754,0.03799171111313534,35.2790588235294,4.070845844169828e-07,0.695090196078431,1,6.558535557120784,1.2780850574575956e-06,0.11324452351030725,2.704204739341386e-06,False,False
barcode_mean_len,high,rel,0.04,0.5,50,10.563702000000001,0.039999992145183065,0.5762352460788297,1.1921102799683362e-05,0.19952100238821038,0.2170824204980929,34.92988235294115,4.801980020412699e-07,0.6873307189542478,2,4.166008882545047,3.5648313838281434e-05,0.3904964237199737,3.017460418232304e-06,False,False
barcode_mean_len,high,rel,0.06,0.5,50,15.845560000000003,0.06000001528993842,0.4302164507289222,0.001818528299587231,-0.07360969020147567,0.6517018082558034,27.010823529411766,1.9778996625833326e-05,0.5113516339869282,1,4.152519785962874,0.0032903333047006314,0.7943416535752256,5.642474497553679e-05,False,False
barcode_mean_len,high,rel,0.08,0.5,50,21.127406,0.07999999325972298,0.46549615967252395,0.0006582094552439403,0.05423871909582418,0.7395850162781223,25.76658823529411,3.526541348238215e-05,0.4837019607843135,2,3.5046266409211846,0.0013849203470064806,0.8554901307694699,9.216617912964856e-05,False,False
barcode_mean_len,high,rel,0.1,0.5,50,26.409263999999997,0.10000001503023988,0.3616170166719186,0.009871039876256952,0.14528228329238618,0.3710715537154117,12.406588235294123,0.01457050965092044,0.18681307189542495,2,2.652677854590234,0.015376996792159071,0.5512724360308832,0.020469144977879168,False,False
barcode_mean_len,high,rel,0.12,0.5,50,31.691108,0.11999998331358926,0.4419763537101227,0.0013115815162940653,0.21889197349386189,0.17477538712368895,12.143999999999977,0.016311960378939627,0.18097777777777727,1,3.8957505399191614,0.002484258269151692,0.330368109806973,0.022608231225654026,False,False
barcode_mean_len,high,rel,0.14,0.5,50,36.972968,0.14000001554721184,0.027439773622801412,0.8499701583868735,-0.06779839886978023,0.6776467157847956,8.307764705882335,0.08093312623600304,0.095728104575163,1,0.281258028464201,0.8686508212085631,0.8100404186116452,0.09982467824865096,False,False
barcode_mean_len,high,rel,0.16,0.5,50,42.25482,0.1600000158540054,0.35965703284171857,0.010308397339914,0.1859613226142543,0.25060407596896045,7.311999999999955,0.1202907813348423,0.073599999999999,1,3.0407728188199563,0.0159780158768667,0.4276363131213453,0.14323998289552284,False,False
barcode_mean_len,high,rel,0.18,0.5,50,47.53667,0.18000000905068814,0.23813803536931227,0.09584217147514665,-0.02711935954791209,0.8680707965439062,8.115764705882327,0.08742845610693654,0.09146143790849616,1,3.240022799651353,0.12260415333134303,0.9333015500414252,0.1072671031391174,False,False
barcode_mean_len,high,rel,0.2,0.5,50,52.818516,0.19999998776582514,0.4449163294554229,0.0012064805003639562,0.220829070604427,0.17089556312621176,12.620235294117634,0.01328847342311076,0.1915607843137252,1,5.462577700920242,0.00230395660233774,0.32702237388349165,0.018724667096201526,False,False
barcode_mean_len,high,rel,0.02,0.6,50,5.260162,0.020000014300156344,0.6487546477962334,3.484377504882101e-07,0.31962102324324965,0.04438461834385686,39.29882352941175,6.043333793705358e-08,0.7844183006535944,2,6.439676505136953,1.5807175997757824e-06,0.12819159956455553,1.2064005936456413e-06,False,False
barcode_mean_len,high,rel,0.04,0.6,50,10.520314,0.03999999100529718,0.6761944214190349,7.076421778756606e-08,0.38354522789189954,0.014562623340033316,33.54070588235294,9.256020580650356e-07,0.6564601307189541,1,5.0900201468195885,4.1652356039516736e-07,0.060192176472137704,4.863332847460357e-06,False,False
barcode_mean_len,high,rel,0.06,0.6,50,15.780476,0.06000000568504653,0.6448346801358332,4.319190597104281e-07,0.3816081307813344,0.01511095184742017,31.14729411764705,2.8567294069807577e-06,0.6032732026143789,1,4.140727945486635,1.9311765650514334e-06,0.06057407421595155,1.1844420726648587e-05,False,False
barcode_mean_len,high,rel,0.08,0.6,50,21.040632000000002,0.07999999706795836,0.3233973319830166,0.0219710990669019,0.060050010427519625,0.7128143594572259,18.658823529411762,0.0009169877656021646,0.3257516339869281,2,2.605229535455697,0.03238212699242277,0.833858307289585,0.0016495137756479944,False,False
barcode_mean_len,high,rel,0.1,0.6,50,26.300794,0.10000000955668459,0.3606370247568185,0.010087675352567911,0.1569048659557771,0.3335977986608579,13.567058823529408,0.00881306918513357,0.2126013071895424,1,2.4602373104145165,0.015662000130030315,0.5052865680042311,0.012846636899959593,False,False
barcode_mean_len,high,rel,0.12,0.6,50,31.560948,0.11999999556879565,0.4155165720024214,0.002692744857973016,0.3351178001277708,0.03453119053857223,10.76235294117646,0.02936875307375665,0.15027450980392132,1,2.9456812640761694,0.004680846201710102,0.1066910538234956,0.03890732244813915,False,False
barcode_mean_len,high,rel,0.14,0.6,50,36.82110600000001,0.1399999944969212,0.38513682263431986,0.00574711049157717,0.24988552726290425,0.11992549693631241,11.450352941176448,0.02194275407440374,0.16556339869280995,1,3.233249467672504,0.009263107031484866,0.2534788912517512,0.029696658856654276,False,False
barcode_mean_len,high,rel,0.16,0.6,50,42.081266,0.15999999634007886,0.20677829408611065,0.14964531476762818,0.17046454572973313,0.2929615964374106,6.59670588235295,0.15879820578912995,0.057704575163398886,1,1.6650833861905419,0.183359871849663,0.46813450977112,0.18576393884766146,False,False
barcode_mean_len,high,rel,0.18,0.6,50,47.341426,0.18000000830520804,0.3018375098508156,0.03314742840026243,0.13559679773956046,0.40413538795481935,5.292235294117631,0.2586046829661678,0.028716339869280696,1,4.797574565799717,0.04663707777949177,0.580009121601824,0.28941318310293146,False,False
barcode_mean_len,high,rel,0.2,0.6,50,52.601586,0.20000001034581572,0.3165373885773163,0.0251183589703935,0.284753275253077,0.0749281755754842,10.897882352941167,0.02773596818056538,0.1532862745098037,2,2.3954140714301317,0.03627340658768005,0.18532766831170294,0.03684921486846543,False,False
barcode_mean_len,high,rel,0.02,0.7,50,5.270146,0.020000031344298518,0.6869743324851354,3.609049042571729e-08,0.39129361633416015,0.012534499464241467,38.00188235294118,1.1195578222143649e-07,0.7555973856209152,1,7.182649516309473,2.486233784882746e-07,0.053719283418177714,1.2906005609887603e-06,False,False
barcode_mean_len,high,rel,0.04,0.7,50,10.540282,0.04000002151150338,0.6556145912019338,2.3748516806572188e-07,0.36030006256511776,0.022384200321470177,35.04282352941175,4.552203228289444e-07,0.6898405228758167,1,5.077146657565837,1.1747936505378795e-06,0.08006656268833565,2.887668182448018e-06,False,False
barcode_mean_len,high,rel,0.06,0.7,50,15.81041,0.059999984524406275,0.6271948256640324,1.0945749374689116e-06,0.3428661885700314,0.030323325365610023,31.889882352941157,2.0148378387397215e-06,0.6197751633986924,1,3.8388268979181177,4.368904256850162e-06,0.09758025117653053,8.965546363770053e-06,False,False
barcode_mean_len,high,rel,0.08,0.7,50,21.080548,0.07999997939184897,0.5458554967107281,4.131830359672669e-05,0.21695487638329672,0.17871791591950487,29.28282352941173,6.848439325261335e-06,0.5618405228758162,2,3.5548852183636317,0.00011170355332835995,0.337135216643285,2.4216914724308143e-05,False,False
barcode_mean_len,high,rel,0.1,0.7,50,26.350694000000004,0.10000001474613654,0.407676636681621,0.003296658999689581,0.19564680816708008,0.22632643738490746,15.200941176470593,0.004302092843435861,0.24890980392156872,2,2.8273329942242214,0.00559469501772137,0.39864315675750744,0.0066240833516479315,False,False
barcode_mean_len,high,rel,0.12,0.7,50,31.620832000000004,0.12000001125632251,0.5174357311728266,0.00011910676880322052,0.4203500729926374,0.006921396320156292,17.87482352941177,0.0013055835625554377,0.308329411764706,1,2.8680828651954258,0.0002969686192680833,0.03423882222204974,0.002273769125798796,False,False
barcode_mean_len,high,rel,0.14,0.7,50,36.890968,0.14000000767036208,0.45765622435172354,0.000832820560833048,0.23826294459951336,0.13872920665971303,12.3510588235294,0.014922981567175085,0.18557908496731998,1,4.372919963455672,0.0016874142082238229,0.2829345662138884,0.020869733620259893,False,False
barcode_mean_len,high,rel,0.16,0.7,50,42.16110600000001,0.160000000737281,0.4488362971158231,0.0010780775166309505,0.20726939083047097,0.19938430873187035,12.883764705882356,0.011857928876262965,0.19741699346405236,1,5.075881090344833,0.00208010807150785,0.3657345308099397,0.01696595977680701,False,False
barcode_mean_len,high,rel,0.18,0.7,50,47.431248000000004,0.18000002050119626,0.46549615967252395,0.0006582094552439403,0.3544887712334223,0.024811134115082394,12.962823529411736,0.011458880593332976,0.19917385620914968,1,4.77414910677502,0.0013849203470064806,0.08546057306306157,0.01644561566635751,False,False
barcode_mean_len,high,rel,0.2,0.7,50,52.701386,0.20000001378807106,0.45079628094602325,0.0010185841855814975,0.16659035150860282,0.30423147795262523,15.748705882352908,0.003375582028931045,0.26108235294117577,2,5.7447598176373695,0.001985918852391599,0.4771252521010817,0.0053118295886732175,False,False
barcode_mean_len,high,rel,0.02,0.8,50,5.28168,0.019999987715500926,0.7379339120703381,9.698471203772108e-10,0.4900855689729828,0.001327055049946426,40.46588235294115,3.4670128473124023e-08,0.81035294117647,1,7.36370862169464,1.2527191971538972e-08,0.010639320659053243,1.2064005936456413e-06,True,False
barcode_mean_len,high,rel,0.04,0.8,50,10.563366,0.039999996783758915,0.7428338716458384,6.556017802283806e-10,0.5094565400786343,0.0007863417450482869,37.734588235294126,1.2710920353126952e-07,0.7496575163398694,1,5.894308829099762,9.380148547882986e-09,0.00746222268260109,1.3590125003698536e-06,True,False
barcode_mean_len,high,rel,0.06,0.8,50,15.845054,0.06000001257470615,0.5938751005506306,5.462104539322588e-06,0.29056456658477237,0.06892893651931309,25.958588235294087,3.2258890625132714e-05,0.4879686274509797,1,3.8576247443173752,1.8404917469456546e-05,0.1756271533231813,8.596208676611297e-05,False,False
barcode_mean_len,high,rel,0.08,0.8,50,21.126732,0.07999999147081308,0.6722744537586347,8.977546933147197e-08,0.4261613643243328,0.006108169117910963,27.630117647058825,1.4821752807592208e-05,0.5251137254901961,2,4.482770167438266,5.060071907773875e-07,0.03070593124139025,4.534286220743669e-05,False,False
barcode_mean_len,high,rel,0.1,0.8,50,26.408419999999996,0.1000000089065439,0.5115557796822263,0.00014657674734630066,0.3738597423390738,0.01748202717818303,16.06870588235293,0.002928342731540493,0.26819346405228733,2,3.363210539466568,0.00035499055997932193,0.0666323167037304,0.0046712842887352635,False,False
barcode_mean_len,high,rel,0.12,0.8,50,31.690094000000002,0.11999997063341102,0.5262556584087271,8.661834479543256e-05,0.38548232500246465,0.014031223327734788,20.315294117647056,0.00043267574767629337,0.3625620915032679,1,3.372817586347484,0.00022191476765771978,0.05825463256604175,0.0008162037430810402,False,False
barcode_mean_len,high,rel,0.14,0.8,50,36.971786,0.1400000017640275,0.5272356503238271,8.356096814772512e-05,0.3041242463587284,0.056400802663156245,15.785411764705884,0.003321049254667893,0.26189803921568633,1,4.764229474481745,0.00021526786808139713,0.15247891417655612,0.005243761981054568,False,False
barcode_mean_len,high,rel,0.16,0.8,50,42.253474000000004,0.16000001680253095,0.5615353673523289,2.208728305651359e-05,0.4939597631941131,0.0011980997610938904,16.18352941176468,0.0027825272556676623,0.27074509803921515,0,4.9711583692420795,6.262552817852939e-05,0.009860467060330249,0.004453959290483521,False,True
barcode_mean_len,high,rel,0.18,0.8,50,47.535148,0.17999998326333105,0.4586362162668237,0.0008089289504823532,0.24988552726290425,0.11992549693631241,13.299764705882325,0.009900281539412368,0.20666143790849612,1,5.92732529167187,0.0016497893069047993,0.2534788912517512,0.014330945131004351,False,False
barcode_mean_len,high,rel,0.2,0.8,50,52.816835999999995,0.19999999963536477,0.49979587670102577,0.0002195189404492559,0.29056456658477237,0.06892893651931309,16.489411764705864,0.002428079091120389,0.2775424836601303,1,5.842055744657017,0.0005129462678839397,0.1756271533231813,0.003989599920038802,False,False
barcode_mean_len,high,rel,0.02,0.9,50,5.268086,0.020000012356933373,0.7683136614384397,7.357194588038354e-11,0.5501355794005024,0.00023551890585861017,40.59858823529407,3.2545712887309205e-08,0.8133019607843127,1,8.155740503388065,2.4804970470258975e-09,0.0038645521430151113,1.2064005936456413e-06,True,False
barcode_mean_len,high,rel,0.04,0.9,50,10.536164,0.03999999912448386,0.7163740899381369,4.927322377071303e-09,0.48814847186241767,0.001396025368667751,36.51388235294115,2.268289562608631e-07,0.7225307189542478,1,5.3883726439026365,4.44894156376341e-08,0.01081919660717507,1.9166370273524857e-06,True,False
barcode_mean_len,high,rel,0.06,0.9,50,15.804252000000002,0.06000001885058685,0.7134341141928366,6.079748498326839e-09,0.4707145978673313,0.002174106252000775,34.83764705882351,5.016062589072894e-07,0.6852810457516335,1,4.536242622163396,5.384920098518058e-08,0.014139292408116929,3.1308310119716723e-06,True,False
barcode_mean_len,high,rel,0.08,0.9,50,21.072328000000002,0.07999998882586123,0.6046550116167312,3.312483483824468e-06,0.36417425678624804,0.02087891880510034,27.744941176470547,1.4049009038337015e-05,0.5276653594771232,1,3.3962902140564566,1.1758052060903645e-05,0.07644643499505242,4.3263504654481536e-05,False,False
barcode_mean_len,high,rel,0.1,0.9,50,26.340412,0.0999999948491345,0.47529607882352454,0.00048658952852224854,0.2653823041474254,0.09791873157264135,18.825411764705876,0.0008505059906776002,0.3294535947712417,1,3.0867249465508664,0.0010622729143795566,0.22485042064828753,0.0015358651870488703,False,False
barcode_mean_len,high,rel,0.12,0.9,50,31.608494,0.11999999501404116,0.4929359332953254,0.0002759908005372743,0.2711935954791209,0.09051702671299842,21.561411764705838,0.0002450023430922432,0.39025359477124083,1,3.7296683863186644,0.0006290966776952577,0.2109795359475903,0.00048790616504451004,False,False
barcode_mean_len,high,rel,0.14,0.9,50,36.87658,0.14000000983168762,0.6428746963056332,4.80336426636452e-07,0.48814847186241767,0.001396025368667751,23.84282352941173,8.588288410037547e-05,0.4409516339869274,1,5.362914551526085,2.107136211188209e-06,0.01081919660717507,0.0002001781509106496,False,False
barcode_mean_len,high,rel,0.16,0.9,50,42.144670000000005,0.16000003634362042,0.6291548094942324,9.899551747434136e-07,0.4552178209828101,0.0031629052686625143,24.406588235294123,6.620015425943727e-05,0.4534797385620916,1,4.911809507842726,4.055763491239536e-06,0.018384386874100864,0.0001574581674201449,False,False
barcode_mean_len,high,rel,0.18,0.9,50,47.412743999999996,0.18000000402452657,0.6095549711922315,2.622800095219794e-06,0.39710490766585554,0.011175660022985518,21.135999999999996,0.00029760086911878147,0.3807999999999999,1,6.6641849996801845,9.717944575913978e-06,0.049729013499409246,0.0005778054452619349,False,False
barcode_mean_len,high,rel,0.2,0.9,50,52.680829999999986,0.20000002414608606,0.679134397164335,5.9057546686338223e-08,0.5520726765110676,0.00022151229342318906,27.18399999999997,1.8246695429855935e-05,0.5151999999999993,1,7.629537340297926,3.613389369624641e-07,0.0038645521430151113,5.35313146680316e-05,False,False
barcode_mean_len,high,rel,0.02,1.0,50,5.262698,0.020000005614585974,0.7673336695233396,8.043553193784162e-11,0.5520726765110676,0.00022151229342318906,38.8545882352941,7.465247460299256e-08,0.7745464052287578,1,8.168841972243605,2.4804970470258975e-09,0.0038645521430151113,1.2064005936456413e-06,True,False
barcode_mean_len,high,rel,0.04,1.0,50,10.525396,0.04000001240557207,0.7418538797307382,7.095063605489301e-10,0.5249533169631555,0.0005056840626089606,39.313882352941135,6.000188976780178e-08,0.7847529411764697,1,5.546045626630731,9.703542872213308e-09,0.005598644978884922,1.2064005936456413e-06,True,False
barcode_mean_len,high,rel,0.06,1.0,50,15.788097999999998,0.060000029699603566,0.6644345184378343,1.4297815472547586e-07,0.41647587877150705,0.007513971306698402,30.442352941176466,3.977492778054354e-06,0.5876078431372548,1,4.195066515082283,7.641935856016813e-07,0.03565302711851793,1.5285406130539464e-05,False,False
barcode_mean_len,high,rel,0.08,1.0,50,21.050784,0.07999999392108935,0.5850551733147302,8.115551414250553e-06,0.29056456658477237,0.06892893651931309,30.28235294117644,4.287516406919785e-06,0.5840522875816987,1,4.104016593193455,2.5671642228751752e-05,0.1756271533231813,1.6275062279328165e-05,False,False
barcode_mean_len,high,rel,0.1,1.0,50,26.313477999999996,0.09999998651575812,0.5644753430976291,1.9570252262872304e-05,0.38935651922359504,0.013017564467487612,20.192941176470583,0.00045744975907774583,0.35984313725490186,1,3.5123672133500214,5.6347785153161746e-05,0.0550287952489249,0.0008559925069261642,False,False
barcode_mean_len,high,rel,0.12,1.0,50,31.576177999999995,0.11999999892472119,0.6859943405700353,3.841394902545156e-08,0.4765258891990267,0.0018804605022060316,27.8305882352941,1.3498837595186699e-05,0.52956862745098,1,5.248947809915343,2.5701419132136653e-07,0.013050957216803057,4.1986351048574013e-05,False,False
barcode_mean_len,high,rel,0.14,1.0,50,36.838879999999996,0.14000001942062693,0.6644345184378343,1.4297815472547586e-07,0.42809846143489794,0.005856111478138783,28.58258823529411,9.501979020402163e-06,0.5462797385620913,1,4.8408295694762025,7.641935856016813e-07,0.029924086124555316,3.106154509091092e-05,False,False
barcode_mean_len,high,rel,0.16,1.0,50,42.101574,0.1600000145703443,0.640914712475433,5.337808825841086e-07,0.49783395741524333,0.0010803754610252377,22.219294117647024,0.00018124793701344627,0.4048732026143783,1,5.929426180708514,2.3089126548987024e-06,0.009478765837296897,0.00037541332165368606,False,False
barcode_mean_len,high,rel,0.18,1.0,50,47.364274,0.18000002604045356,0.6957942597210358,2.03575375250952e-08,0.505582345857504,0.000875268971877261,28.84705882352941,8.397007341261223e-06,0.552156862745098,1,6.818338368592727,1.514600791867083e-07,0.008059407364810423,2.8192118510371615e-05,False,False
barcode_mean_len,high,rel,0.2,1.0,50,52.62697,0.20000002378353593,0.6732544456737346,8.461885993632677e-08,0.4707145978673313,0.002174106252000775,26.543999999999983,2.4576977574980384e-05,0.5009777777777774,1,7.870622656531577,4.798508520779506e-07,0.014139292408116929,6.808512691360751e-05,False,False
barcode_mean_len,low,rel,0.02,0.1,50,0.34948599999999996,0.01999951151785347,0.34292285103679887,0.014771773333576136,0.035140770472550514,0.8295579239974181,10.34316557549104,0.035027302396802996,0.140959235010912,1,0.6662368535995483,0.02248404124423209,0.9101324606371831,0.04601043958902089,False,False
barcode_mean_len,low,rel,0.04,0.1,50,0.698984,0.039999760467823636,0.29726291898657364,0.03604228239623556,0.0662351626720547,0.6846905595597832,7.2761512027491255,0.12199489709078923,0.07280336006109168,1,0.7235813140869141,0.05010362126830952,0.816282035801654,0.14508344538930176,False,False
barcode_mean_len,low,rel,0.06,0.1,50,1.0484740000000001,0.05999947052285351,0.2950832978067727,0.03749325017761727,0.18225818256742807,0.2603309548648233,10.202092473844061,0.037157636655915656,0.1378242771965347,1,0.5062454223632813,0.051810880631774234,0.43857358823057485,0.04839860236694896,False,False
barcode_mean_len,low,rel,0.08,0.1,50,1.3979679999999999,0.07999944630637018,0.16428675993560615,0.25425822727035613,-0.07943588647494317,0.6260905036228509,4.498148148148128,0.34276711802416177,0.011069958847736178,2,0.3098770195245742,0.295575189201789,0.7712908700131322,0.371253327208623,False,False
barcode_mean_len,low,rel,0.1,0.1,50,1.747472,0.10000046141135817,0.1256079634783982,0.3847555977586371,0.07367883976130071,0.6513954341456417,3.514391641388615,0.47569344066495334,-0.010791296858030779,1,0.38312336802482594,0.4285301867251886,0.7943416535752256,0.501013476578037,False,False
barcode_mean_len,low,rel,0.12,0.1,50,2.096966,0.12000043719487488,0.10883137509357524,0.4518534598817455,-0.025182262437346937,0.8774200339160868,2.2007017543859435,0.6989008012585751,-0.03998440545809014,1,0.23881462971369427,0.4961318980992011,0.9368549156624119,0.7150470243899614,False,False
barcode_mean_len,low,rel,0.14,0.1,50,2.4464559999999995,0.14000014724990473,-0.08822045628445929,0.5423756203697867,-0.15691222598889584,0.3335748381445084,2.3415950036031394,0.6732066830586234,-0.03685344436437468,3,-0.3243647209803264,0.5845884710973245,0.5052865680042311,0.6910399726760703,False,False
barcode_mean_len,low,rel,0.16,0.1,50,2.7959540000000005,0.1600003961998749,0.03234050969044911,0.8235696177320907,0.06392720318066127,0.6951382241404631,0.3774298885900748,0.9842827266143208,-0.08050155803133167,2,-0.24647804856300337,0.8435282172113925,0.822507895903505,0.9842827266143208,False,False
barcode_mean_len,low,rel,0.18,0.1,50,3.1454400000000002,0.17999990771772836,-0.10780946500841787,0.45613713717985704,-0.05714704526756083,0.7261472037642757,2.2281926900725204,0.6938712295643261,-0.039373495776166216,3,-0.8425992266337077,0.5002447377090413,0.8441461243759705,0.7106830875493648,False,False
barcode_mean_len,low,rel,0.2,0.1,50,3.4949260000000004,0.1999994192355818,-0.112726138585698,0.43573089001090665,-0.2906190968595482,0.06887449322175018,7.696166226279127,0.10336387795676755,0.08213702725064727,2,-0.03774892511821948,0.47956180794099784,0.1756271533231813,0.1254940032634384,False,False
barcode_mean_len,low,rel,0.02,0.2,50,0.34821799999999997,0.019999650230264877,0.5674698203624904,1.7280613496872218e-05,0.17821293417199371,0.27123936921658165,25.534316315258607,3.9276968841376796e-05,0.4785403625613024,3,0.714754344451995,5.0179380064215914e-05,0.4480508230398241,0.00010035049731450665,False,False
barcode_mean_len,low,rel,0.04,0.2,50,0.6964500000000001,0.04000032838129813,0.45373625669132334,0.0009348509483225794,0.10266614685995291,0.5284348079525036,16.69364705882353,0.00221658629107127,0.282081045751634,1,0.46355859581440206,0.0018616946080085627,0.6902308587020062,0.003674554814075367,False,False
barcode_mean_len,low,rel,0.06,0.2,50,1.044666,0.05999988613937316,0.3606370247568185,0.010087675352567911,0.2111435850516013,0.1909255574106153,6.895999999999987,0.14148728238841443,0.06435555555555526,1,0.4311900409170216,0.015662000130030315,0.3537067099439686,0.16677208190269383,False,False
barcode_mean_len,low,rel,0.08,0.2,50,1.3928900000000002,0.0799998731740887,0.330257275388717,0.019162777542256672,0.129785506407865,0.4247594410571297,8.712470588235277,0.06870220828987003,0.1047215686274506,1,0.4444872241970528,0.028697879411109028,0.6012576562909142,0.08564752507986478,False,False
barcode_mean_len,low,rel,0.1,0.2,50,1.7411139999999998,0.09999981130577548,0.2508779302656129,0.07886141898951066,0.14334518618182104,0.3775519234135407,4.733176470588205,0.3157866673086986,0.01629281045751567,1,0.3702863960610101,0.10358915206249282,0.5573385536104649,0.3453301490556105,False,False
barcode_mean_len,low,rel,0.12,0.2,50,2.0893420000000003,0.1200001887811838,0.10583912683080546,0.46445853925825203,-0.06973549598034537,0.6689557215776891,13.743999999999971,0.008158558008635158,0.2165333333333327,1,0.30585964546275424,0.5087708380567425,0.8048238306174009,0.012005473019035913,False,False
barcode_mean_len,low,rel,0.14,0.2,50,2.437562,0.13999999361432208,0.3165373885773163,0.0251183589703935,0.25763391570516486,0.10849891383233723,12.215529411764692,0.015818472143174174,0.1825673202614376,2,0.4355931643888773,0.03627340658768005,0.24024759491446102,0.02195698372112236,False,False
barcode_mean_len,low,rel,0.16,0.2,50,2.7857819999999998,0.15999978241685578,0.16953860131230872,0.2391789345665978,0.05423871909582418,0.7395850162781223,3.771294117647045,0.43784167778688965,-0.005082352941176775,1,0.30728724042596456,0.2797942253420578,0.8554901307694699,0.4632454611397126,False,False
barcode_mean_len,low,rel,0.18,0.2,50,3.134004,0.17999967281245485,-0.10485913491570541,0.468627630588127,-0.20920648794103608,0.19512267052484822,4.01035294117645,0.40460654469117324,0.0002300653594766623,2,-0.021283031310816325,0.5127337605258331,0.3600477848970413,0.43192507652623435,False,False
barcode_mean_len,low,rel,0.2,0.2,50,3.482236,0.20000032505898585,-0.026459781707701364,0.8552700040744871,-0.06973549598034537,0.6689557215776891,2.726588235294116,0.6045700956206257,-0.028298039215686306,3,-0.1397156144382521,0.8721503331022731,0.8048238306174009,0.6247224321413132,False,False
barcode_mean_len,low,rel,0.02,0.3,50,0.34697,0.019999678077898674,0.5644888964151119,1.9559287325246234e-05,0.18208712839312402,0.2607862304209762,21.477737226277377,0.00025456275428572254,0.3883941605839417,1,0.7134929822105919,5.6347785153161746e-05,0.43857358823057485,0.0005047832867499403,False,False
barcode_mean_len,low,rel,0.04,0.3,50,0.6939479999999999,0.04000001608974855,0.58113520565433,9.641400807504946e-06,0.2518226243734694,0.11698754306825601,19.741176470588215,0.0005617085594088586,0.349803921568627,1,0.6254979890782614,2.9789045684317605e-05,0.25068759228912,0.0010406154586658138,False,False
barcode_mean_len,low,rel,0.06,0.3,50,1.040922,0.06000001305903325,0.5595753835221289,2.392745137131849e-05,0.43197265565602827,0.0053788683416000965,16.837647058823507,0.0020784905634817353,0.2852810457516335,1,0.4095801561921162,6.763686861801275e-05,0.028422429305045967,0.003464150939136226,False,False
barcode_mean_len,low,rel,0.08,0.3,50,1.3878899999999998,0.07999979073969082,0.4155165720024214,0.002692744857973016,0.14334518618182104,0.3775519234135407,11.800470588235271,0.018898366627073712,0.1733437908496727,1,0.37033871530168627,0.004680846201710102,0.5573385536104649,0.025922538293773677,False,False
barcode_mean_len,low,rel,0.1,0.3,50,1.734866,0.09999978129175333,0.1509187549254078,0.29548156249060725,-0.07167259309091052,0.6603070945489715,4.7802352941176025,0.31059886511504325,0.017338562091502276,2,0.13687603172892449,0.33883828990908105,0.801678326280083,0.3410353536682293,False,False
barcode_mean_len,low,rel,0.12,0.3,50,2.0818380000000003,0.11999973415598354,0.19109842344450986,0.18372210353439455,0.07748388442260597,0.6346250730313773,6.914823529411734,0.14045846047001276,0.06477385620914965,1,0.1647551885281091,0.22046652424127344,0.7796582799460777,0.16610134818587008,False,False
barcode_mean_len,low,rel,0.14,0.3,50,2.428812,0.13999968326732404,0.1028991510855053,0.47702563901755385,-0.02130806821621664,0.8961665966991449,4.9007058823529235,0.29763826264398635,0.02001568627450941,1,0.1582696819871645,0.5206970003360623,0.950324897297839,0.3287453494761369,False,False
barcode_mean_len,low,rel,0.16,0.3,50,2.775798,0.16000045124727236,-0.014699878726500758,0.9192962722021295,-0.048427427764128735,0.7666620524502553,2.4781176470588093,0.648558407318677,-0.03381960784313757,1,0.0889326256950751,0.9282796233962871,0.8705686309874694,0.667211635847754,False,False
barcode_mean_len,low,rel,0.18,0.3,50,3.12277,0.18000035837441378,-0.12053900555730622,0.4043780012040117,-0.013559679773956045,0.933817144982964,5.239529411764693,0.26359124752388124,0.027545098039215392,2,-0.12072175207206137,0.447171868156636,0.9703842663866575,0.2939326860877813,False,False
barcode_mean_len,low,rel,0.2,0.3,50,3.469734,0.1999997219658628,0.04605962000970237,0.7507719324096892,-0.05230162198525902,0.7485781156590099,4.193882352941188,0.38040216027411555,0.004308496732026394,1,0.029021180722662576,0.7766606197341612,0.8584188009406648,0.4089872937051185,False,False
barcode_mean_len,low,rel,0.02,0.4,50,0.343576,0.01999994106771199,0.5899551328902304,6.522452248421459e-06,0.25763391570516486,0.10849891383233723,23.71011764705881,9.130350265175853e-05,0.4380026143790846,2,0.6811165008415285,2.1358734475464637e-05,0.24024759491446102,0.00021017885511419662,False,False
barcode_mean_len,low,rel,0.04,0.4,50,0.68716,0.040000447129971785,0.5713352865033294,1.4689989996149911e-05,0.19564680816708008,0.22632643738490746,23.310117647058803,0.00010978333884958252,0.4291137254901956,2,0.6062990697386877,4.323319840639056e-05,0.39864315675750744,0.00024309167888121846,False,False
barcode_mean_len,low,rel,0.06,0.4,50,1.030734,0.0600001882668543,0.5830951894845301,8.848108511429416e-06,0.33124360590664054,0.03680807650903482,21.08517647058821,0.0003045897662096002,0.37967058823529354,1,0.5185576985075804,2.7613224549091802e-05,0.11114126997857918,0.0005876939472508883,False,False
barcode_mean_len,low,rel,0.08,0.4,50,1.374298,0.07999934675915547,0.3978767175306205,0.00421736360571065,0.11622582663390896,0.47510759568232697,16.37552941176466,0.002554517214730328,0.27501176470588135,2,0.39804656586576825,0.006978911304823674,0.6440963031844957,0.004151189696039847,False,False
barcode_mean_len,low,rel,0.1,0.4,50,1.717888,0.10000013082979377,0.406696644766521,0.0033799756066883757,0.19758390527764522,0.22167129381988698,11.790117647058821,0.018982196204368546,0.17311372549019602,1,0.3877424123992941,0.005725641738105991,0.3941764880544835,0.025999178895526876,False,False
barcode_mean_len,low,rel,0.12,0.4,50,2.061462,0.12000001478490636,0.33907720262461744,0.01600363347569121,0.17433873995086344,0.28196431134337446,7.598117647058814,0.10745974106562413,0.0799581699346403,1,0.28498665122165745,0.0242400311602489,0.4584384782331088,0.12995781429262734,False,False
barcode_mean_len,low,rel,0.14,0.4,50,2.40504,0.14000005479975935,0.11661903789690602,0.4199422355379405,0.06779839886978023,0.6776467157847956,5.168000000000006,0.2704899039945542,0.025955555555555697,1,0.1684819799316657,0.46383168533287966,0.8100404186116452,0.3005443377717269,False,False
barcode_mean_len,low,rel,0.16,0.4,50,2.748616,0.16000005699902115,0.2508779302656129,0.07886141898951066,0.129785506407865,0.4247594410571297,5.437176470588241,0.24530715845797577,0.031937254901960914,1,0.25662888216185453,0.10358915206249282,0.6012576562909142,0.27552615623903076,False,False
barcode_mean_len,low,rel,0.18,0.4,50,3.092194,0.18000002564447024,0.34495715411521777,0.014153510983438288,0.2014580994987755,0.21255956229611764,7.001411764705892,0.13581363890561665,0.0666980392156865,1,0.40579501566175535,0.021649284892430277,0.3853418965602132,0.1611054645181422,False,False
barcode_mean_len,low,rel,0.2,0.4,50,3.4357639999999994,0.19999977215068362,0.17737853663310918,0.21782511582684097,0.08716936997543172,0.5927567412522293,8.316235294117632,0.08065730264042793,0.09591633986928072,2,0.20357981455531604,0.2577320072760332,0.742943085396999,0.0996165889184568,False,False
barcode_mean_len,low,rel,0.02,0.5,50,0.3466560000000001,0.01999985706008775,0.5497754643711283,3.5433798272027525e-05,0.1259113121867347,0.438830306437729,24.43952941176471,6.519996212335582e-05,0.4542117647058824,1,0.706245862111077,9.720776517104896e-05,0.6137025338151699,0.00015547683275569466,False,False
barcode_mean_len,low,rel,0.04,0.5,50,0.693324,0.04000045222695113,0.638954728645233,5.92731822580608e-07,0.34674038279116176,0.02838358014377457,25.630117647058825,3.757019127543165e-05,0.4806692810457517,1,0.5139746462094895,2.505639068181661e-06,0.09327466266328745,9.732667934861124e-05,False,False
barcode_mean_len,low,rel,0.06,0.5,50,1.039972,0.05999988244777699,0.5830951894845301,8.848108511429416e-06,0.2886274694742072,0.07088505559627353,21.25647058823529,0.0002816630452401273,0.3834771241830064,1,0.4701782334841855,2.7613224549091802e-05,0.17721263899068382,0.000551703840549263,False,False
barcode_mean_len,low,rel,0.08,0.5,50,1.3866260000000004,0.0799995111719844,0.46549615967252395,0.0006582094552439403,0.2537597214840346,0.11410416199096901,13.023058823529396,0.011163672303684122,0.20051241830065325,1,0.39787028271811553,0.0013849203470064806,0.24910063533239712,0.01607154062295083,False,False
barcode_mean_len,low,rel,0.1,0.5,50,1.733288,0.09999987782989958,0.368476960077619,0.008463919570256506,0.29250166369533753,0.06701563255598558,12.37929411764705,0.014742733287296642,0.1862065359477122,2,0.2461505129528171,0.01329636013570701,0.17409088904208544,0.0206487077668462,False,False
barcode_mean_len,low,rel,0.12,0.5,50,2.079952,0.12000010432403807,0.3233973319830166,0.0219710990669019,0.18208712839312402,0.2607862304209762,6.975999999999999,0.13716196409147008,0.06613333333333331,1,0.280718718781388,0.03238212699242277,0.43857358823057485,0.1624976135096397,False,False
barcode_mean_len,low,rel,0.14,0.5,50,2.426612,0.1400002652060609,0.3057574775112158,0.030822647751635096,0.2711935954791209,0.09051702671299842,5.597176470588238,0.23131872567849987,0.0354928104575164,2,0.2673246127793656,0.04363023197720037,0.2109795359475903,0.26202973797929946,False,False
barcode_mean_len,low,rel,0.16,0.5,50,2.773266,0.15999992069280303,0.2057983021710106,0.1516274890672849,0.1859613226142543,0.25060407596896045,4.731294117647053,0.3159956525229296,0.016250980392156736,2,0.18258511392329368,0.1850571716962926,0.4276363131213453,0.3453301490556105,False,False
barcode_mean_len,low,rel,0.18,0.5,50,3.1199199999999996,0.17999984363421903,0.13425889236870692,0.35259908277931173,0.11622582663390896,0.47510759568232697,2.0197647058823236,0.7321234267485064,-0.04400522875817059,1,0.17962400111283294,0.39555747525302765,0.6440963031844957,0.7473927408080252,False,False
barcode_mean_len,low,rel,0.2,0.5,50,3.46659,0.20000047717251668,0.0930992319345048,0.5201855850562096,0.04067903932186813,0.803189316671649,1.306352941176442,0.8602967426298356,-0.0598588235294124,1,0.15966633570622446,0.564495442359714,0.8913676187406128,0.8658830851144449,False,False
barcode_mean_len,low,rel,0.02,0.6,50,0.34437799999999996,0.020000419509512795,0.7163740899381369,4.927322377071303e-09,0.46490330653563583,0.0025073449504734676,30.521411764705874,3.832648930868539e-06,0.5893647058823528,1,0.6311210523069795,4.44894156376341e-08,0.015141758467144967,1.4976317250872862e-05,True,False
barcode_mean_len,low,rel,0.04,0.6,50,0.6887540000000001,0.04000038870295751,0.7232340333438372,2.9863767500222172e-09,0.5133307342997645,0.0007055506893408226,29.76188235294117,5.472245825687095e-06,0.5724862745098038,1,0.515906205824065,2.9235056605480652e-08,0.007132197185727881,2.0195192928130942e-05,True,False
barcode_mean_len,low,rel,0.06,0.6,50,1.033128,0.060000510660346326,0.6634545265227342,1.5139628081900272e-07,0.4455323354299843,0.003963705193653951,24.849882352941165,5.3929823697129775e-05,0.4633307189542481,1,0.46309234159215257,7.910030402341153e-07,0.022754603889494903,0.0001323343958795005,False,False
barcode_mean_len,low,rel,0.08,0.6,50,1.377494,0.07999990091881805,0.5507554562862284,3.408832409185254e-05,0.24988552726290425,0.11992549693631241,18.210823529411755,0.0011223386772251057,0.3157960784313723,0,0.4518900563732494,9.379331776752326e-05,0.2534788912517512,0.001994472423222984,False,True
barcode_mean_len,low,rel,0.1,0.6,50,1.721868,0.10000006446440138,0.4409963617950227,0.0013483902080002057,0.21889197349386189,0.17477538712368895,11.578352941176462,0.020778285124587632,0.1684078431372547,1,0.37375297468212,0.0025282316400003857,0.330368109806973,0.028251177143079675,False,False
barcode_mean_len,low,rel,0.12,0.6,50,2.0662439999999997,0.12000026123924672,0.4635361758423239,0.0006984560306868187,0.2886274694742072,0.07088505559627353,11.466352941176439,0.02179380657604872,0.1659189542483653,1,0.39380432522342823,0.0014662846693876783,0.17721263899068382,0.02954553952729637,False,False
barcode_mean_len,low,rel,0.14,0.6,50,2.410616,0.14000006303300386,0.3233973319830166,0.0219710990669019,0.1569048659557771,0.3335977986608579,9.324235294117642,0.05348683756202892,0.11831633986928093,1,0.29163256848926755,0.03238212699242277,0.5052865680042311,0.06804754983951695,False,False
barcode_mean_len,low,rel,0.16,0.6,50,2.754994,0.16000035724700623,0.41061661242692116,0.0030574727163760205,0.23051455615725275,0.15242261252860864,11.276235294117612,0.023628794360437095,0.16169411764705804,1,0.40691640640462756,0.005255914281385766,0.302245265781676,0.031893728236874454,False,False
barcode_mean_len,low,rel,0.18,0.6,50,3.0993580000000005,0.17999981124067407,0.2988975341055154,0.03498480839731779,0.15109357462408166,0.3520316775609681,7.8559999999999945,0.09699782011536229,0.08568888888888877,1,0.3978118693173365,0.04877941800525569,0.5271971982797107,0.11822801141190947,False,False
barcode_mean_len,low,rel,0.2,0.6,50,3.443738,0.20000009950559214,0.20677829408611065,0.14964531476762818,0.011622582663390894,0.9432552438855252,5.4503529411764475,0.2441280868729716,0.03223006535947661,1,0.24782497396159742,0.183359871849663,0.9703842663866575,0.27486576367053706,False,False
barcode_mean_len,low,rel,0.02,0.7,50,0.346794,0.01999988363234768,0.5997550520412309,4.167401292071296e-06,0.23051455615725275,0.15242261252860864,24.89976470588232,5.269910982505553e-05,0.4644392156862738,1,0.699065040517028,1.4461504483680244e-05,0.302245265781676,0.00013000045659761707,False,False
barcode_mean_len,low,rel,0.04,0.7,50,0.6935919999999999,0.040000181628170574,0.6654145103529342,1.3499957475084483e-07,0.38935651922359504,0.013017564467487612,26.54211764705883,2.459849746556142e-05,0.5009359477124185,1,0.5153425701126542,7.299395611528238e-07,0.0550287952489249,6.808512691360751e-05,False,False
barcode_mean_len,low,rel,0.06,0.7,50,1.040382,0.05999990653652082,0.6428746963056332,4.80336426636452e-07,0.36417425678624804,0.02087891880510034,23.471058823529376,0.000101939227323613,0.43269019607843057,0,0.44531168357017026,2.107136211188209e-06,0.07644643499505242,0.00022844212388183156,False,True
barcode_mean_len,low,rel,0.08,0.7,50,1.3871719999999998,0.07999954326855317,0.6840343567398351,4.34879470754017e-08,0.5094565400786343,0.0007863417450482869,24.704941176470584,5.767024755564268e-05,0.4601098039215685,0,0.4435618555019646,2.8888421985802556e-07,0.00746222268260109,0.00014076989560826166,False,True
barcode_mean_len,low,rel,0.1,0.7,50,1.7339700000000002,0.09999984207870546,0.5262556584087271,8.661834479543256e-05,0.3544887712334223,0.024811134115082394,15.568000000000012,0.0036571610014405863,0.25706666666666694,1,0.34973627963224496,0.00022191476765771978,0.08546057306306157,0.005697084977118501,False,False
barcode_mean_len,low,rel,0.12,0.7,50,2.080768,0.12000003829034372,0.3135974128320162,0.026578443210682916,0.10847743819164836,0.5052278735468407,6.36517647058821,0.17348606751390477,0.05255947712418245,1,0.33943439981486356,0.03814498794125789,0.6702737837354663,0.20042489787320675,False,False
barcode_mean_len,low,rel,0.14,0.7,50,2.427558,0.13999972383212317,0.34103718645481756,0.015365296301292386,0.21889197349386189,0.17477538712368895,8.64752941176468,0.07053939003337024,0.10327843137254844,1,0.2841231169497518,0.023311134682221724,0.330368109806973,0.08770271755485873,False,False
barcode_mean_len,low,rel,0.16,0.7,50,2.774358,0.16000001252400697,0.30379749368101566,0.031967502081964125,0.1375338948501256,0.39739079979220154,7.470117647058828,0.11303422004736526,0.07711372549019618,1,0.35279937095584524,0.04511347031293875,0.5756595697924415,0.1356410640568383,False,False
barcode_mean_len,low,rel,0.18,0.7,50,3.12115,0.18000000834153554,0.2459779706901127,0.08508751942510943,0.13559679773956046,0.40413538795481935,4.821647058823515,0.30609194048799465,0.018258823529411453,1,0.28399199647220863,0.110673277014478,0.580009121601824,0.33688225402820715,False,False
barcode_mean_len,low,rel,0.2,0.7,50,3.4679540000000006,0.200000567733464,0.20873827791631078,0.14573850293984658,0.05811291331695448,0.7217020569882291,3.848470588235301,0.426901365952001,-0.0033673202614377513,1,0.30710009833308227,0.17904466015067017,0.8400286770951854,0.452700422275212,False,False
barcode_mean_len,low,rel,0.02,0.8,50,0.343552,0.020000053598647777,0.7555737665421389,2.2702677942265863e-10,0.544324288068807,0.0002824497862917541,33.16988235294116,1.1025352518745964e-06,0.6482196078431368,1,0.6852341209950111,4.492232018363245e-09,0.003920571660467631,5.633833979359201e-06,True,False
barcode_mean_len,low,rel,0.04,0.8,50,0.687098,0.03999980878283194,0.7673336695233396,8.043553193784162e-11,0.5656323562850236,0.000142674629817101,33.42117647058822,9.793021907314792e-07,0.6538039215686271,1,0.5418437246753564,2.4804970470258975e-09,0.003159223945950094,5.087994622236177e-06,True,False
barcode_mean_len,low,rel,0.06,0.8,50,1.0306579999999999,0.06000035501546781,0.7447938554760384,5.591708353028088e-10,0.5811291331695447,8.42506212872824e-05,29.37129411764704,6.57062917850077e-06,0.563806535947712,0,0.563449925601214,8.254426616374796e-09,0.0023743356908234132,2.332322570994548e-05,True,True
barcode_mean_len,low,rel,0.08,0.8,50,1.3742,0.07999989144525081,0.7114741303626366,6.9841046070058485e-09,0.5094565400786343,0.0007863417450482869,27.57082352941177,1.5237199847576627e-05,0.5237960784313727,1,0.5034437098297333,6.014090078255036e-08,0.00746222268260109,4.5859533521832564e-05,True,False
barcode_mean_len,low,rel,0.1,0.8,50,1.7177580000000003,0.10000019895262204,0.5086158039369262,0.00016237399709079418,0.3157468290221193,0.047174143731525855,16.869647058823517,0.002048974090833945,0.2859921568627448,1,0.3854249086406828,0.00039121196190269067,0.13254366667770104,0.0034210877997766045,False,False
barcode_mean_len,low,rel,0.12,0.8,50,2.0613,0.11999986380103554,0.49391592521042543,0.00026718947468207005,0.24794843015233908,0.12291856702518365,16.77647058823527,0.002136090578415294,0.28392156862745044,1,0.4775821822692594,0.0006120350035820816,0.25804575018830883,0.0035474361391539706,False,False
barcode_mean_len,low,rel,0.14,0.8,50,2.404852,0.14000001381622562,0.47137611116312433,0.0005496835349912938,0.3293065087960754,0.03799171111313534,13.367529411764679,0.009612844723880885,0.2081673202614373,1,0.39064111360111164,0.0011860920824638126,0.11324452351030725,0.0139468730003264,False,False
barcode_mean_len,low,rel,0.16,0.8,50,2.748406,0.16000016489728697,0.408656628596721,0.003215158687044143,0.2402000417100785,0.13545264336345728,11.161411764705889,0.024808625947670217,0.15914248366013087,1,0.38708583523420104,0.005476369192218046,0.27808158571305797,0.033244988661863546,False,False
barcode_mean_len,low,rel,0.18,0.8,50,3.091956,0.18000012871667606,0.2861576392092148,0.043945873333085674,0.16659035150860282,0.30423147795262523,6.890352941176445,0.1417972722754245,0.06423006535947656,1,0.3006158439696296,0.059926190908753195,0.4771252521010817,0.16692590280524655,False,False
barcode_mean_len,low,rel,0.2,0.8,50,3.435506,0.20000014268992597,0.32535731581321675,0.021135432107395442,0.1142887295233438,0.4825477544896945,8.4555294117647,0.07624671719062444,0.09901176470588224,1,0.4731017766227552,0.03144952297580442,0.6503904517035013,0.09442003593512747,False,False
barcode_mean_len,low,rel,0.02,0.9,50,0.343986,0.020000029915274414,0.7496938150515388,3.732914671372862e-10,0.5501355794005024,0.00023551890585861017,32.03482352941177,1.8820014932693245e-06,0.6229960784313726,1,0.6360243778702751,6.1993047221013595e-09,0.0038645521430151113,8.587316552617426e-06,True,False
barcode_mean_len,low,rel,0.04,0.9,50,0.687972,0.04000041149111416,0.77517360484414,3.89204009334357e-11,0.5985630071646312,4.507750625124824e-05,33.04188235294117,1.1711265931855139e-06,0.6453751633986927,1,0.5400955452250737,2.4130648578730135e-09,0.002096104040683043,5.919281150339826e-06,True,False
barcode_mean_len,low,rel,0.06,0.9,50,1.0319539999999998,0.06000008645250174,0.7330339524948378,1.422508077898942e-09,0.5172049285208947,0.0006322430775637379,31.904941176470544,2.0006128334559255e-06,0.6201098039215677,1,0.5140058365066404,1.6745981170202735e-08,0.006606584967800856,8.945047764971205e-06,True,False
barcode_mean_len,low,rel,0.08,0.9,50,1.37593,0.07999971008446566,0.7016742112116362,1.3739890667965511e-08,0.47846298630959183,0.0017906645175594371,27.582117647058794,1.5157183819874087e-05,0.5240470588235288,0,0.4554268253468323,1.120885817649818e-07,0.012909441870777338,4.5766821274295134e-05,True,True
barcode_mean_len,low,rel,0.1,0.9,50,1.7199179999999998,0.10000004532400028,0.5527154401164285,3.153719111048687e-05,0.3021871492481633,0.05807000907066657,18.20799999999997,0.001123767257815961,0.31573333333333264,1,0.43411426202717096,8.729043968081189e-05,0.15608412842693614,0.001994472423222984,False,False
barcode_mean_len,low,rel,0.12,0.9,50,2.063898,0.11999976036065502,0.4948959171255255,0.0002586435661243789,0.3176839261326845,0.045762198194659424,15.470117647058828,0.0038192005982667105,0.25489150326797394,1,0.4411473225440644,0.0005939222629522774,0.1309502902185639,0.005929643666757999,False,False
barcode_mean_len,low,rel,0.14,0.9,50,2.407886,0.14000003103383402,0.44981628903092313,0.0010479527769113013,0.3157468290221193,0.047174143731525855,12.77835294117645,0.012411147972844224,0.19507450980392113,1,0.36602299326750987,0.002034647353919646,0.13254366667770104,0.017568291651058034,False,False
barcode_mean_len,low,rel,0.16,0.9,50,2.7518640000000003,0.15999962590373987,0.4409963617950227,0.0013483902080002057,0.2556968185945997,0.11127480407928694,12.751058823529377,0.012558447560290332,0.19446797385620837,1,0.417360117926421,0.0025282316400003857,0.24464673237290038,0.017722847088118374,False,False
barcode_mean_len,low,rel,0.18,0.9,50,3.095852,0.17999999402747413,0.3184973724075164,0.024182806403531768,0.18983551683538463,0.24069181478268264,7.485176470588215,0.11236472700979984,0.07744836601307144,1,0.4250391841886043,0.03525079930295383,0.41606577648307597,0.13501188129084477,False,False
barcode_mean_len,low,rel,0.2,0.9,50,3.4398440000000003,0.20000042394727907,0.2939975745300151,0.038233774996585895,0.10460324397051804,0.5206416815555198,6.52047058823527,0.16350513179684725,0.05601045751633933,1,0.3401739838216491,0.05267764555085168,0.684861052116879,0.19055109344745358,False,False
barcode_mean_len,low,rel,0.02,1.0,50,0.344906,0.019999719465896272,0.7585137422874391,1.761211718312812e-10,0.557883967842763,0.0001838769491908804,33.39388235294115,9.919934160661332e-07,0.6531973856209145,1,0.6089643999906731,3.994943653733939e-09,0.003562615890573308,5.125299316341688e-06,True,False
barcode_mean_len,low,rel,0.04,1.0,50,0.689822,0.04000027631300289,0.8016333865518414,2.6644856825026602e-12,0.6411791435970644,8.287810665642083e-06,34.21552941176469,6.73065039827957e-07,0.6714562091503264,1,0.5685889719860584,7.658997790010258e-10,0.0009634579898808921,3.7707860665060243e-06,True,False
barcode_mean_len,low,rel,0.06,1.0,50,1.034732,0.06000018230040816,0.7496938150515388,3.732914671372862e-10,0.5501355794005024,0.00023551890585861017,29.44941176470587,6.334670337869479e-06,0.5655424836601305,0,0.5115906012751629,6.1993047221013595e-09,0.0038645521430151113,2.2834276799296962e-05,True,True
barcode_mean_len,low,rel,0.08,1.0,50,1.379634,0.07999957588946251,0.6516946235415335,2.959963436061713e-07,0.466840403646201,0.0023916007785953,23.005176470588225,0.00012632500671925904,0.42233725490196056,0,0.42416862367192654,1.3627554433353433e-06,0.01482792482729086,0.00027449125291801615,False,True
barcode_mean_len,low,rel,0.1,1.0,50,1.7245420000000002,0.09999956851345095,0.5713352865033294,1.4689989996149911e-05,0.35061457701229204,0.02654757780827596,18.10917647058821,0.0011749153645543877,0.3135372549019602,1,0.45194222845505194,4.323319840639056e-05,0.08881024230826129,0.0020733800550959782,False,False
barcode_mean_len,low,rel,0.12,1.0,50,2.069458,0.11999996675464525,0.5889751409751304,6.8157934208878086e-06,0.39129361633416015,0.012534499464241467,19.174588235294095,0.0007262331120844221,0.3372130718954243,0,0.45043500575056883,2.2009332921616882e-05,0.053719283418177714,0.0013265496857340422,False,True
barcode_mean_len,low,rel,0.14,1.0,50,2.414368,0.13999996237940768,0.5174357311728266,0.00011910676880322052,0.3157468290221193,0.047174143731525855,18.12141176470587,0.0011684600976616544,0.31380915032679707,1,0.4997630907949,0.0002969686192680833,0.13254366667770104,0.0020698436015720734,False,False
barcode_mean_len,low,rel,0.16,1.0,50,2.7592839999999996,0.1600003083813452,0.4331564264742223,0.0016776807449435114,0.23826294459951336,0.13872920665971303,10.925176470588212,0.027417923362577076,0.15389281045751582,1,0.45273980418423765,0.00304734979062005,0.2829345662138884,0.03647878215621843,False,False
barcode_mean_len,low,rel,0.18,1.0,50,3.10419,0.18000006477768743,0.42531649115342196,0.0020767596598630657,0.2731306925896861,0.08814827865954035,11.759058823529386,0.019235857537848313,0.17242352941176414,1,0.39179645805141616,0.0036999741066525886,0.20701489685195082,0.02630786398558666,False,False
barcode_mean_len,low,rel,0.2,1.0,50,3.449098,0.20000003349120563,0.3557370651813183,0.01123340556106771,0.21501777927273155,0.18272353817081075,7.438117647058789,0.11446920483027,0.0764026143790842,1,0.3684236627087798,0.01735393217905809,0.34260663407027014,0.1371860315620504,False,False
barcode_mean_len,mid,rel,0.02,0.1,50,1.580984,0.02000008837148248,0.27900623695153587,0.04974738630260295,0.10407172268441801,0.5227743697334872,9.246232876712332,0.05523102691879944,0.1165829528158296,2,1.6561816851298015,0.06734362337906949,0.686695146683818,0.06996863001963412,False,False
barcode_mean_len,mid,rel,0.04,0.1,50,3.1619539999999997,0.03999997626341149,0.31253920304691024,0.027121061772101548,0.35297659061892783,0.02547732269034087,14.587587539241726,0.005637659549366138,0.23527972309426057,3,0.9926269086201986,0.03886377110640129,0.08743140259046868,0.008483856603415062,False,False
barcode_mean_len,mid,rel,0.06,0.1,50,4.742934,0.06000001383082357,0.12462665126372323,0.38850965902612933,0.08925311001337052,0.5839106710344183,4.679878665318505,0.3217479867508528,0.01510841478485566,3,0.005425517261028467,0.4321937594429429,0.7378219076929471,0.35120378835480415,False,False
barcode_mean_len,mid,rel,0.08,0.1,50,6.323913999999999,0.08000005453526723,-0.022550645289659735,0.8764715346086371,-0.25387882955043084,0.1139286375477497,5.264349915885591,0.26123279688267576,0.02809666479745757,2,0.1269642194112146,0.8908997561476838,0.24910063533239712,0.2916524623059885,False,False
barcode_mean_len,mid,rel,0.1,0.1,50,7.904885999999999,0.09999995455394398,0.005880516273186429,0.9676704826077785,-0.15496776884521193,0.33967481234405483,8.890178185485807,0.06390389440259059,0.10867062634412904,3,-0.2558315006891885,0.969759089404744,0.5128207394155373,0.0799873779197971,False,False
barcode_mean_len,mid,rel,0.12,0.1,50,9.485866,0.11999999525838763,0.3224173400679166,0.022399261272120292,0.3428661885700314,0.030323325365610023,6.912941176470582,0.14056103335729006,0.06473202614379071,1,1.9306690915425628,0.0329088672718355,0.09758025117653053,0.16610134818587008,False,False
barcode_mean_len,mid,rel,0.14,0.1,50,11.066846,0.1400000328257997,-0.054879547245602824,0.7050388342803864,0.023245165326781787,0.8867857141673682,5.549176470588208,0.23544052733232637,0.03442614379084906,2,-0.5712064881551839,0.7334296598218785,0.9446858123432444,0.2660506566452777,False,False
barcode_mean_len,mid,rel,0.16,0.1,50,12.647816000000002,0.15999992071772873,0.022539814047301158,0.876530405242076,0.13172260351843013,0.41782006766944396,4.007529411764693,0.40498781368911435,0.00016732026143763,2,-0.897577185630797,0.8908997561476838,0.595057676772715,0.43192507652623435,False,False
barcode_mean_len,mid,rel,0.18,0.1,50,14.228800000000001,0.1800000090892112,-0.15385873067070793,0.2860638676711572,-0.18789841972481947,0.2456142873315258,3.655529411764718,0.45462691523370347,-0.0076549019607840465,3,-3.5286631212915687,0.328849687186868,0.4214414893326919,0.48045798996289113,False,False
barcode_mean_len,mid,rel,0.2,0.1,50,15.809784,0.20000009746069367,0.06467946639660332,0.6554145662494176,0.07942098153317112,0.6261554912472203,0.5609411764706067,0.9673035432100117,-0.0764235294117643,2,0.24059653100513323,0.6903007322898737,0.7712908700131322,0.9693882491221022,False,False
barcode_mean_len,mid,rel,0.02,0.2,50,1.5930039999999996,0.019999987415101075,0.3067374694263158,0.03026312793989932,-0.3079984405798587,0.0531774537748335,23.383529411764698,0.00010613365402152876,0.4307450980392155,3,1.7146258915554393,0.04303472321728802,0.14588505017874678,0.00023613468478474102,False,False
barcode_mean_len,mid,rel,0.04,0.2,50,3.1860119999999994,0.04000003716003392,0.2587178655864133,0.06965216572511257,-0.22664036193612244,0.15962826010966372,16.253176470588244,0.0026975905378301052,0.2722928104575165,3,1.1494033820064895,0.09240586893631196,0.31187874349156985,0.004332917444183071,False,False
barcode_mean_len,mid,rel,0.06,0.2,50,4.779016,0.06000002209138734,0.41845654774772156,0.0024928813869557406,0.09879195263882261,0.5441901490163065,14.212705882352907,0.006646234181677122,0.22694901960784236,1,1.6674576568629984,0.004390870624751589,0.701937362808828,0.009913621194699258,False,False
barcode_mean_len,mid,rel,0.08,0.2,50,6.3720159999999995,0.07999999341368266,-0.03331972511340172,0.8183166527495106,-0.34092909145946626,0.031333431812001294,10.30682352941173,0.03556458007145791,0.14015163398692734,2,0.304383596472777,0.8409220851459059,0.10013777177031341,0.04665029543928893,False,False
barcode_mean_len,mid,rel,0.1,0.2,50,7.965020000000001,0.09999996704225443,-0.18325848812370946,0.2027066814028242,-0.220829070604427,0.17089556312621176,3.310117647058803,0.5073308047409049,-0.015330718954248822,3,-0.6272067896249824,0.24107060576039194,0.32702237388349165,0.5295372036016179,False,False
barcode_mean_len,mid,rel,0.12,0.2,50,9.558026,0.1200000228655261,0.22637813238811166,0.1139128925794549,0.015496776884521193,0.9243879679995202,7.741176470588215,0.10153278599196877,0.08313725490196033,2,0.823439508610817,0.14296759797421466,0.967020034015246,0.12343201434317772,False,False
barcode_mean_len,mid,rel,0.14,0.2,50,11.15103,0.1400000037767448,-0.0039199676604002014,0.9784458839611128,-0.15109357462408166,0.3520316775609681,4.781176470588235,0.3104958298234721,0.01735947712418301,2,0.31500735537570623,0.9784458839611128,0.5271971982797107,0.3410353536682293,False,False
barcode_mean_len,mid,rel,0.16,0.2,50,12.744044,0.1600001208050148,0.11367906215160588,0.4318357330440013,-0.009685485552825746,0.9527009964925695,1.9952941176470347,0.7366244802283511,-0.04454901960784367,2,0.5251735794899606,0.4758379522878214,0.976859897175402,0.7511631212854897,False,False
barcode_mean_len,mid,rel,0.18,0.2,50,14.337038,0.17999999248089715,0.08525929661370439,0.5560629295913269,-0.001937097110565149,0.9905350874780009,2.7698823529411527,0.5970426566971505,-0.027335947712418828,2,0.744650665998492,0.5971576495611247,0.9926698613734277,0.6176303345142936,False,False
barcode_mean_len,mid,rel,0.2,0.2,50,15.930042,0.20000000877801777,0.0039199676604002014,0.9784458839611128,0.11235163241277864,0.49004823867874037,3.5021176470588387,0.4775564246592999,-0.011064052287581363,2,-1.0382085379202133,0.9784458839611128,0.6548058361655582,0.5024066458519785,False,False
barcode_mean_len,mid,rel,0.02,0.3,50,1.5741900000000002,0.01999996839525248,0.4047366609363209,0.0035521948989146418,-0.14334518618182104,0.3775519234135407,28.392470588235284,1.0384590067225281e-05,0.5420549019607841,2,1.9146389679540636,0.005973853989133123,0.5573385536104649,3.341753897065575e-05,False,False
barcode_mean_len,mid,rel,0.04,0.3,50,3.1483879999999997,0.04000006776043248,0.407676636681621,0.003296658999689581,-0.08329517575430141,0.6093584429124496,22.64094117647059,0.00014935143071111653,0.414243137254902,2,1.3498854961036775,0.00559469501772137,0.7596559677058687,0.00031784171753166675,False,False
barcode_mean_len,mid,rel,0.06,0.3,50,4.72257,0.05999994855132188,0.22833811621831177,0.1107331232896953,-0.24988552726290425,0.11992549693631241,17.156705882352952,0.0018020195139868596,0.2923712418300656,2,0.8573437768897478,0.13935291564197108,0.2534788912517512,0.0030526013624914013,False,False
barcode_mean_len,mid,rel,0.08,0.3,50,6.296769999999999,0.08000006572737542,0.07251940171740373,0.6167374823870612,-0.220829070604427,0.17089556312621176,12.85082352941177,0.012028173070057751,0.19668496732026156,2,0.41384455921607843,0.6540089607981379,0.32702237388349165,0.017183104385796788,False,False
barcode_mean_len,mid,rel,0.1,0.3,50,7.8709620000000005,0.10000006151412762,0.15483872258580797,0.28296877854158653,-0.10460324397051804,0.5206416815555198,11.23576470588236,0.024038299203379118,0.16079477124183023,2,0.3957285994218971,0.3260978488769213,0.684861052116879,0.03235255898573456,False,False
barcode_mean_len,mid,rel,0.12,0.3,50,9.445152,0.12000005448318901,0.036259700858701865,0.8025935285061513,-0.019370971105651492,0.9055614351251217,6.272941176470567,0.17967103582264896,0.05050980392156816,3,-0.012105439048941236,0.8265913416508535,0.9559275081343509,0.20731273364151803,False,False
barcode_mean_len,mid,rel,0.14,0.3,50,11.019336000000001,0.13999995459970363,0.08427930469860434,0.5606283842644944,-0.26344520703686025,0.10048641259754532,15.00047058823526,0.004700241214525525,0.24445490196078354,2,0.5025375688544393,0.6006732688548153,0.22904991106793418,0.007213241467836202,False,False
barcode_mean_len,mid,rel,0.16,0.3,50,12.593520000000003,0.15999985598889643,0.19599838302001013,0.17252442351133374,-0.06392420464864992,0.6951518346023172,8.340705882352921,0.07986544580017635,0.0964601307189538,1,0.9500647643848099,0.20864462141162596,0.822507895903505,0.09876976674755852,False,False
barcode_mean_len,mid,rel,0.18,0.3,50,14.16772,0.17999999632955113,0.057819522990902976,0.6900119507543823,-0.09685485552825747,0.5521509629648069,4.118588235294084,0.3901945146038472,0.002635294117646304,2,0.14222377593646662,0.7210237238219949,0.7082764076652006,0.41903106071775736,False,False
barcode_mean_len,mid,rel,0.2,0.3,50,15.741908,0.1999999519586785,0.12053900555730622,0.4043780012040117,-0.10266614685995291,0.5284348079525036,6.4677647058823595,0.16683283316981745,0.05483921568627466,1,0.6497108706920702,0.447171868156636,0.6902308587020062,0.19394316855991278,False,False
barcode_mean_len,mid,rel,0.02,0.4,50,1.590744,0.020000021060124044,0.4988158847859257,0.00022688404280629584,0.03293065087960753,0.8401340511006948,27.428705882352915,1.6280710868616267e-05,0.5206379084967314,2,2.1943196091470973,0.0005275053995246378,0.915972646569339,4.868508394795218e-05,False,False
barcode_mean_len,mid,rel,0.04,0.4,50,3.18147,0.03999985135627517,0.41649656391752143,0.0026246030544110777,-0.11235163241277864,0.49004823867874037,26.143999999999977,2.9597726927740466e-05,0.49208888888888835,2,1.667712340537452,0.004588121880831395,0.6548058361655582,7.955458393872436e-05,False,False
barcode_mean_len,mid,rel,0.06,0.4,50,4.772232,0.060000104055242136,0.3763168953984194,0.00707152280278329,-0.025182262437346937,0.8774200339160868,16.334117647058804,0.0026020847516437413,0.27409150326797344,2,1.1045675457754585,0.011222723902028088,0.9368549156624119,0.0042085892504846595,False,False
barcode_mean_len,mid,rel,0.08,0.4,50,6.362972000000001,0.08000008486253679,0.27929769580351443,0.04949936376188985,-0.25763391570516486,0.10849891383233723,18.87341176470585,0.0008322506685557294,0.33052026143790775,2,0.9898255734218755,0.06710555145562326,0.24024759491446102,0.0015058231940794325,False,False
barcode_mean_len,mid,rel,0.1,0.4,50,7.95371,0.10000004142351507,0.023519805962401212,0.8712066089126371,-0.18983551683538463,0.24069181478268264,6.5129411764705765,0.16397680866044378,0.0558431372549017,2,0.28360567115305546,0.8874284187171441,0.41606577648307597,0.1908616170891273,False,False
barcode_mean_len,mid,rel,0.12,0.4,50,9.544442,0.11999992433846263,0.10387914300060536,0.4728166959871841,-0.18208712839312402,0.2607862304209762,9.68376470588234,0.04610521151477735,0.12630588235294088,1,0.9225288166919157,0.5167091977298252,0.43857358823057485,0.0589791564081746,False,False
barcode_mean_len,mid,rel,0.14,0.4,50,11.135193999999998,0.14000004969427135,0.26361782516191357,0.0643449272372913,0.06586130175921506,0.6863790881687026,5.853176470588238,0.21038474195531265,0.04118169934640529,1,1.0959338418991145,0.08573177984338239,0.816282035801654,0.2394832435966227,False,False
barcode_mean_len,mid,rel,0.16,0.4,50,12.725934000000002,0.1600000213124223,0.16757861748210862,0.2447333907764644,-0.05811291331695448,0.7217020569882291,8.085647058823497,0.08849073868195126,0.09079215686274437,2,0.7918362174535583,0.28593222791722595,0.8400286770951854,0.10842738731780589,False,False
barcode_mean_len,mid,rel,0.18,0.4,50,14.316679999999998,0.18000009106671705,0.17051859322740878,0.23643424921058032,-0.04455323354299843,0.7848688299882403,6.575058823529417,0.1601220824459389,0.05722352941176483,2,0.8934753163942641,0.2776311259669693,0.8773173219820474,0.18684258052035532,False,False
barcode_mean_len,mid,rel,0.2,0.4,50,15.90741,0.19999996068185028,0.09701919959490501,0.5026910555000248,-0.17433873995086344,0.28196431134337446,7.396705882352933,0.11635133306542952,0.07548235294117628,2,0.8207256756512065,0.5474270276522518,0.4584384782331088,0.13926221332155658,False,False
barcode_mean_len,mid,rel,0.02,0.5,50,1.588412,0.02000000382340684,0.4488362971158231,0.0010780775166309505,-0.06392420464864992,0.6951518346023172,27.1190588235294,1.8806957249204178e-05,0.5137568627450978,2,2.432314769264674,0.00208010807150785,0.822507895903505,5.472963046602705e-05,False,False
barcode_mean_len,mid,rel,0.04,0.5,50,3.176824,0.039999973238958014,0.45667623243662353,0.0008573438725021687,-0.011622582663390894,0.9432552438855252,23.19529411764705,0.00011574315490138755,0.4265620915032678,2,1.695666816233144,0.0017258220810108592,0.9703842663866575,0.0002544707660952492,False,False
barcode_mean_len,mid,rel,0.06,0.5,50,4.76524,0.06000003224075205,0.45177627286112326,0.0009899551564513083,0.011622582663390894,0.9432552438855252,22.357647058823517,0.00017009986330888879,0.40794771241830036,2,1.4566838653624128,0.0019382279905257194,0.9703842663866575,0.00035709452116764465,False,False
barcode_mean_len,mid,rel,0.08,0.5,50,6.353648,0.07999993168113952,0.3380972107095174,0.016331176707279068,0.04455323354299843,0.7848688299882403,11.936941176470555,0.01782639927002769,0.17637647058823455,2,0.8980935019732259,0.024615874129286116,0.8773173219820474,0.02456081677203815,False,False
barcode_mean_len,mid,rel,0.1,0.5,50,7.94207,0.10000009144367147,0.13817886002910712,0.3385873935073623,-0.21889197349386189,0.17477538712368895,10.101647058823517,0.03874982086358685,0.1355921568627448,2,0.5893283776018094,0.3821435387886492,0.330368109806973,0.05033147123342985,False,False
barcode_mean_len,mid,rel,0.12,0.5,50,9.530479999999999,0.12000003495267726,0.14013884385930722,0.3317132432468945,-0.03293065087960753,0.8401340511006948,8.215529411764692,0.08399459456571835,0.0936784313725487,2,0.3326704052455698,0.37621136124342913,0.915972646569339,0.10332668379116147,False,False
barcode_mean_len,mid,rel,0.14,0.5,50,11.118888000000002,0.13999999555635637,0.14699878726500756,0.30834767637715127,-0.1259113121867347,0.438830306437729,5.708235294117628,0.22202272187252117,0.03796078431372507,2,0.7556908928960739,0.3522891142883915,0.6137025338151699,0.25180625773346915,False,False
barcode_mean_len,mid,rel,0.16,0.5,50,12.707298000000002,0.159999948882467,0.28027768771861444,0.04867277684483834,-0.07942098153317112,0.6261554912472203,11.598117647058814,0.020603905593669862,0.16884705882352918,2,1.0332827275539511,0.06608128827109438,0.7712908700131322,0.028096234900458903,False,False
barcode_mean_len,mid,rel,0.18,0.5,50,14.29572,0.18000007689879038,0.24891794643541282,0.08130733148655346,-0.17046454572973313,0.2929615964374106,15.239529411764693,0.0042293501867404935,0.2497673202614376,2,1.214708579310531,0.10635136186004883,0.46813450977112,0.006522878397460462,False,False
barcode_mean_len,mid,rel,0.2,0.5,50,15.884124,0.19999998447495912,0.2312780919636119,0.1060913014368591,0.005811291331695447,0.9716103758197066,10.28047058823526,0.03595913115229139,0.13956601307189467,2,1.1901419690565893,0.1344208587687724,0.9843111650461079,0.04710139714314225,False,False
barcode_mean_len,mid,rel,0.02,0.6,50,1.5975219999999999,0.020000033885099567,0.5556554158617286,2.8038159400334564e-05,0.1375338948501256,0.39739079979220154,32.11764705882351,1.8100502502778787e-06,0.6248366013071891,2,2.3072623852879115,7.830476949642986e-05,0.5756595697924415,8.333399667120928e-06,False,False
barcode_mean_len,mid,rel,0.04,0.6,50,3.195036,0.03999996336488958,0.4792160464839247,0.00043010756124089723,0.013559679773956045,0.933817144982964,26.190117647058827,2.8970440943338224e-05,0.49311372549019616,2,1.565587002236848,0.0009478673742986598,0.9703842663866575,7.832125022472253e-05,False,False
barcode_mean_len,mid,rel,0.06,0.6,50,4.792562,0.0600000448034801,0.5135157635124264,0.0001368374333707826,0.1259113121867347,0.438830306437729,25.610352941176473,3.791617172869768e-05,0.48023006535947715,2,1.2231444661024997,0.0003348916132495469,0.6137025338151699,9.76787803537087e-05,False,False
barcode_mean_len,mid,rel,0.08,0.6,50,6.390082,0.08000004745990326,0.41747655583262155,0.0025579917061237965,0.1104145353022135,0.4976084758363196,23.664941176470563,9.322525796690424e-05,0.43699869281045695,2,0.810975033902035,0.004488551484330435,0.6611084036111103,0.0002132983388366945,False,False
barcode_mean_len,mid,rel,0.1,0.6,50,7.987595999999999,0.09999997695811504,0.32535731581321675,0.021135432107395442,-0.038741942211302983,0.8123893002810373,15.418352941176465,0.003907727663832561,0.25374117647058814,2,0.974631060835105,0.03144952297580442,0.8962301889221408,0.006056977878940469,False,False
barcode_mean_len,mid,rel,0.12,0.6,50,9.585107999999998,0.11999986329439587,0.21265824557671098,0.13815252023801447,-0.011622582663390894,0.9432552438855252,5.578352941176462,0.23292756229590816,0.03507450980392138,2,0.5960409801693967,0.1706266186206553,0.9703842663866575,0.26353118361945815,False,False
barcode_mean_len,mid,rel,0.14,0.6,50,11.182638000000003,0.14000001473499024,0.1901184315294098,0.18602278997469257,-0.18015003128255888,0.26597886912485613,14.694588235294106,0.005378441186547987,0.237657516339869,2,0.7101008952073959,0.22293968386142282,0.4417149076537789,0.008120049193976669,False,False
barcode_mean_len,mid,rel,0.16,0.6,50,12.780154,0.15999994949414786,0.15189874684050783,0.292320252152833,0.02130806821621664,0.8961665966991449,6.01223529411763,0.19823639574569107,0.04471633986928067,2,0.5411267307792151,0.33562695617547494,0.950324897297839,0.2264862998077306,False,False
barcode_mean_len,mid,rel,0.18,0.6,50,14.377674000000003,0.1799999840103297,0.3939567498702203,0.004644617073847666,0.12010002085503925,0.46041044333444936,12.823529411764696,0.012171037281079213,0.1960784313725488,2,1.2376046059787686,0.0076047427441519886,0.6343432774830191,0.01733394283522767,False,False
barcode_mean_len,mid,rel,0.2,0.6,50,15.975189999999998,0.19999991237092454,0.27243775239781404,0.05560980354266071,0.05230162198525902,0.7485781156590099,9.140705882352933,0.057677131150303526,0.11423790849673184,1,1.3220941674104516,0.07462787488409013,0.8584188009406648,0.07268256364469143,False,False
barcode_mean_len,mid,rel,0.02,0.7,50,1.59587,0.0200000422284744,0.6252348418338322,1.2094154138509476e-06,0.2731306925896861,0.08814827865954035,27.450352941176448,1.6117293101939504e-05,0.5211189542483655,2,2.4632889411198278,4.765916673226192e-06,0.20701489685195082,4.835187930581851e-05,False,False
barcode_mean_len,mid,rel,0.04,0.7,50,3.191726,0.03999989920425315,0.6340547690697327,7.677294705534275e-07,0.3157468290221193,0.047174143731525855,29.2527058823529,6.94565578265637e-06,0.5611712418300644,2,1.8764531369637392,3.1874482482798553e-06,0.13254366667770104,2.4467651052539487e-05,False,False
barcode_mean_len,mid,rel,0.06,0.7,50,4.787596000000001,0.05999997423942807,0.5791752218241298,1.0499998953181279e-05,0.23245165326781791,0.14891022386666583,25.25647058823529,4.467522194337235e-05,0.4723660130718953,2,1.5795426557003722,3.191176152437448e-05,0.29718134806008417,0.00011229177407388187,False,False
barcode_mean_len,mid,rel,0.08,0.7,50,6.383461999999998,0.08000001135719687,0.5007758686161258,0.0002123717415245387,0.17046454572973313,0.2929615964374106,18.585411764705867,0.0009478916033091782,0.3241202614379082,2,1.1731085567475312,0.0004987518172167197,0.46813450977112,0.0016985340868545967,False,False
barcode_mean_len,mid,rel,0.1,0.7,50,7.979336000000001,0.10000009687351233,0.3537770813511182,0.011722078766689155,0.02711935954791209,0.8680707965439062,12.315294117647056,0.01515437886298341,0.18478431372549015,1,1.1857349300192639,0.018078827948625063,0.9333015500414252,0.02109816218948289,False,False
barcode_mean_len,mid,rel,0.12,0.7,50,9.575192000000001,0.11999995936304514,0.26459781707701363,0.06332331898986743,0.02905645665847724,0.8587392363951517,7.631058823529401,0.10606709408544547,0.08069019607843113,2,0.8831221355273069,0.08449165948432813,0.9264820067836324,0.1286080801818309,False,False
barcode_mean_len,mid,rel,0.14,0.7,50,11.171064000000001,0.14000003066271416,0.2459779706901127,0.08508751942510943,0.001937097110565149,0.9905350874780009,7.381647058823518,0.11704282684592401,0.0751477124183004,2,0.9064255596227264,0.110673277014478,0.9926698613734277,0.13990980586980634,False,False
barcode_mean_len,mid,rel,0.16,0.7,50,12.766926000000002,0.15999999495007755,0.3018375098508156,0.03314742840026243,-0.034867747990172684,0.8308628592268479,10.22399999999999,0.03681882748729481,0.13831111111111088,2,1.226090615654555,0.04663707777949177,0.9101324606371831,0.04802455759212366,False,False
barcode_mean_len,mid,rel,0.18,0.7,50,14.362791999999999,0.17999998450859483,0.38611681454941993,0.005614268965271389,0.10072904974938775,0.5362845273506927,13.297882352941173,0.009908384644339567,0.20661960784313718,1,1.6752730225819699,0.009096289438505909,0.697544909700901,0.014330945131004351,False,False
barcode_mean_len,mid,rel,0.2,0.7,50,15.958658,0.19999997306946898,0.4527562647762233,0.0009620494058055544,0.17046454572973313,0.2929615964374106,13.238588235294088,0.010166976717294727,0.20530196078431306,1,2.01908170525759,0.0018955634478795879,0.46813450977112,0.014682124762552942,False,False
barcode_mean_len,mid,rel,0.02,0.8,50,1.5881740000000002,0.02000000804057741,0.6761944214190349,7.076421778756606e-08,0.3816081307813344,0.01511095184742017,31.667764705882348,2.2367454094893284e-06,0.6148392156862744,2,2.516259840063846,4.1652356039516736e-07,0.06057407421595155,9.858640904384244e-06,False,False
barcode_mean_len,mid,rel,0.04,0.8,50,3.1763500000000007,0.039999985125498336,0.6742344375888347,7.974070026607994e-08,0.3874194221130299,0.013516339131153094,32.3595294117647,1.61523114896689e-06,0.6302117647058821,2,2.0301085200851494,4.5496227759174446e-07,0.05636858920166986,7.586691760299029e-06,False,False
barcode_mean_len,mid,rel,0.06,0.8,50,4.764526,0.06000002671124914,0.5850551733147302,8.115551414250553e-06,0.25763391570516486,0.10849891383233723,26.722823529411755,2.2615684372407943e-05,0.5049516339869279,2,1.2967305311847088,2.5671642228751752e-05,0.24024759491446102,6.305458089669611e-05,False,False
barcode_mean_len,mid,rel,0.08,0.8,50,6.3526940000000005,0.07999993972264365,0.44589632137052293,0.0011731591115246476,0.09298066130712715,0.5682352325021965,23.795764705882334,8.776750628122563e-05,0.43990588235294076,2,1.1480651772052863,0.0022449341023002517,0.7239161181192367,0.00020304423094910407,False,False
barcode_mean_len,mid,rel,0.1,0.8,50,7.940880000000001,0.10000009856590551,0.5125357715973263,0.000141630797191752,0.21501777927273155,0.18272353817081075,19.764705882352928,0.0005557397437092795,0.3503267973856206,2,1.2996815109621078,0.0003439076798650897,0.34260663407027014,0.001031612697903453,False,False
barcode_mean_len,mid,rel,0.12,0.8,50,9.529046,0.11999994873386875,0.4057166528514209,0.003465142682140886,0.11622582663390896,0.47510759568232697,14.67952941176469,0.0054142024070202984,0.23732287581699313,2,0.8993411045063162,0.005859241262529134,0.6440963031844957,0.008160791310419574,False,False
barcode_mean_len,mid,rel,0.14,0.8,50,11.117212,0.1399998628725916,0.5683953107580293,1.662460896692092e-05,0.2363258474889482,0.14206399862113805,23.444705882352935,0.00010318444730127476,0.43210457516339856,2,1.5806873162158483,4.846672833616443e-05,0.288470564885717,0.00023067676920717674,False,False
barcode_mean_len,mid,rel,0.16,0.8,50,12.705406,0.16000012150032997,0.5340955937295275,6.477442984126669e-05,0.19952100238821038,0.2170824204980929,20.486588235294107,0.0004002095611568494,0.36636862745098014,2,1.6425421619962393,0.00017065218060163746,0.3904964237199737,0.0007595814119915713,False,False
barcode_mean_len,mid,rel,0.18,0.8,50,14.293578,0.1800000909129974,0.4360964022195225,0.0015466315321937794,0.07167259309091052,0.6603070945489715,17.151058823529382,0.001806582053447547,0.29224575163398625,1,1.7140822069261672,0.0028539034225004262,0.801678326280083,0.00305476601764767,False,False
barcode_mean_len,mid,rel,0.2,0.8,50,15.881742000000004,0.19999994197470733,0.4870559818047251,0.00033455219023635765,0.17627583706142858,0.27656782450681333,16.39152941176468,0.002536369158216593,0.27536732026143734,2,1.8121820124000267,0.0007497193660718376,0.4536297650640854,0.0041382865213007575,False,False
barcode_mean_len,mid,rel,0.02,0.9,50,1.5894920000000001,0.020000029201616854,0.7624337099478393,1.2483719411564792e-10,0.5385129967371115,0.00033762210741055944,35.24235294117645,4.142165146562136e-07,0.6942745098039211,1,2.657205435526892,2.902464763188814e-09,0.004422374082983385,2.7320663732643877e-06,True,False
barcode_mean_len,mid,rel,0.04,0.9,50,3.1789840000000003,0.040000018423891476,0.7447938554760384,5.591708353028088e-10,0.5268904140737205,0.00047781984106987487,32.668235294117636,1.3966403305273943e-06,0.6370718954248363,1,1.8995789343592862,8.254426616374796e-09,0.005486079656728193,6.800395326651711e-06,True,False
barcode_mean_len,mid,rel,0.06,0.9,50,4.7684679999999995,0.059999953663259734,0.5977950682110308,4.563406181500043e-06,0.3176839261326845,0.045762198194659424,24.655999999999977,5.8990572522778e-05,0.4590222222222217,2,1.3038918720125112,1.566039759702967e-05,0.1309502902185639,0.00014286779282860298,False,False
barcode_mean_len,mid,rel,0.08,0.9,50,6.357954000000001,0.07999986320862539,0.5791752218241298,1.0499998953181279e-05,0.29250166369533753,0.06701563255598558,26.23623529411762,2.8356373592087788e-05,0.49413856209150264,2,1.4391064095746042,3.191176152437448e-05,0.17409088904208544,7.753872181534636e-05,False,False
barcode_mean_len,mid,rel,0.1,0.9,50,7.947454000000001,0.09999999759186894,0.38513682263431986,0.00574711049157717,0.10460324397051804,0.5206416815555198,15.880470588235283,0.003183820506976627,0.2640104575163396,2,0.9247392540592965,0.009263107031484866,0.684861052116879,0.005035634475320175,False,False
barcode_mean_len,mid,rel,0.12,0.9,50,9.536948,0.12000003642619314,0.5125357715973263,0.000141630797191752,0.18208712839312402,0.2607862304209762,18.03388235294119,0.001215422654094138,0.311864052287582,2,1.1647049583055855,0.0003439076798650897,0.43857358823057485,0.0021287063433287168,False,False
barcode_mean_len,mid,rel,0.14,0.9,50,11.126438000000002,0.14000001379081295,0.39101677412492014,0.004989505927945669,0.07554678731204083,0.6431408205008708,16.160941176470573,0.0028106357657610723,0.2702431372549016,2,1.3135555698609602,0.008126515784570004,0.7880381595069959,0.004491222099927486,False,False
barcode_mean_len,mid,rel,0.16,0.9,50,12.71593,0.16000003584446215,0.5527154401164285,3.153719111048687e-05,0.19564680816708008,0.22632643738490746,22.530823529411776,0.00015709992105414675,0.41179607843137284,2,2.0339444658553303,8.729043968081189e-05,0.39864315675750744,0.0003328084887935227,False,False
barcode_mean_len,mid,rel,0.18,0.9,50,14.305416000000001,0.17999996253594258,0.3959167337004204,0.004426469600578261,0.038741942211302983,0.8123893002810373,17.100235294117624,0.0018481610272918928,0.29111633986928054,2,1.779274061989824,0.007286047307146519,0.8962301889221408,0.003108118906657252,False,False
barcode_mean_len,mid,rel,0.2,0.9,50,15.894910000000003,0.2000000069397138,0.46157619201212374,0.000740902883222073,0.13559679773956046,0.40413538795481935,17.19341176470587,0.0017726388268190301,0.2931869281045749,2,2.2544776478837854,0.001534609535404294,0.580009121601824,0.0030138100711914043,False,False
barcode_mean_len,mid,rel,0.02,1.0,50,1.5890660000000003,0.01999996590773708,0.7692936533535396,6.726473656524241e-11,0.557883967842763,0.0001838769491908804,37.23011764705882,1.614999110646731e-07,0.7384470588235293,2,2.629113660091317,2.4804970470258975e-09,0.003562615890573308,1.5484012091767628e-06,True,False
barcode_mean_len,mid,rel,0.04,1.0,50,3.1781420000000002,0.04000006714576064,0.7722336290988399,5.126990227034709e-11,0.5772549389484144,9.634919785291665e-05,34.42823529411763,6.087119566094499e-07,0.6761830065359473,1,2.0960065650970376,2.4804970470258975e-09,0.0024890209445336798,3.582924807891066e-06,True,False
barcode_mean_len,mid,rel,0.06,1.0,50,4.767208,0.060000014178787225,0.6448346801358332,4.319190597104281e-07,0.3583629654545526,0.023170150789014753,28.941176470588232,8.035450065828254e-06,0.5542483660130718,2,1.5676105155318774,1.9311765650514334e-06,0.08193247237180122,2.7373511213261088e-05,False,False
barcode_mean_len,mid,rel,0.08,1.0,50,6.3562720000000015,0.0799999797188362,0.621314874173432,1.4734909788272427e-06,0.3874194221130299,0.013516339131153094,23.981176470588224,8.057169716374661e-05,0.4440261437908494,1,1.413778085469736,5.733667825562074e-06,0.05636858920166986,0.00018874478176897821,False,False
barcode_mean_len,mid,rel,0.1,1.0,50,7.9453499999999995,0.10000010295976264,0.5860351652298302,7.770699956227097e-06,0.3021871492481633,0.05807000907066657,21.36094117647056,0.00026852881762611127,0.3857986928104569,2,1.400547671235329,2.4749147120860277e-05,0.15608412842693614,0.0005279742080175127,False,False
barcode_mean_len,mid,rel,0.12,1.0,50,9.534414,0.12000006086196077,0.5164557392577266,0.00012333107140258482,0.17433873995086344,0.28196431134337446,21.751529411764665,0.00022458305544734473,0.3944784313725481,2,1.2848982422308062,0.0003066788673914542,0.4584384782331088,0.00045110635327436414,False,False
barcode_mean_len,mid,rel,0.14,1.0,50,11.123483999999998,0.14000006239536275,0.5801552137392298,1.0062239197797877e-05,0.2518226243734694,0.11698754306825601,22.315294117647056,0.00017343828993377755,0.40700653594771236,2,1.7496906398920098,3.0884100508092495e-05,0.25068759228912,0.00036246653851328787,False,False
barcode_mean_len,mid,rel,0.16,1.0,50,12.712548000000002,0.16000000990998622,0.5840751813996301,8.474512209890054e-06,0.26150810992629514,0.1031052868558436,21.24611764705881,0.00028299880896860696,0.3832470588235291,2,1.923322506702255,2.6716258831178817e-05,0.2333039337613979,0.0005529178410521102,False,False
barcode_mean_len,mid,rel,0.18,1.0,50,14.301617999999998,0.18000001938561208,0.5066558201067262,0.00017375078389421356,0.12397421507616954,0.44596095780510414,20.140235294117645,0.00046854974958677494,0.3586718954248366,2,2.222635753199113,0.0004164645077876769,0.6199457260967816,0.0008750025444090374,False,False
barcode_mean_len,mid,rel,0.2,1.0,50,15.890672,0.1999998248354592,0.4968559009557256,0.00024229169586892534,0.19177261394594977,0.23583648068140362,17.310117647058803,0.001682327857633927,0.2957803921568623,2,2.016410313435072,0.0005577506860349024,0.4122705395370402,0.0028655034937720737,False,False
barcode_var_len,high,abs,0.0,0.1,50,0.0,0.0,0.5805508407831322,9.890342385113296e-06,0.4650298296140698,0.002499637686041846,17.06427085303569,0.0018781525718742586,0.2903171300674598,1,18.77386111111111,0.0002555005116154268,0.08941011723149679,0.0035483580182981414,False,False
barcode_var_len,high,abs,5.0,0.1,50,2.2361,0.008792039789480949,0.45458379178286473,0.0009118869306749864,0.1633343165752151,0.3139139619330746,13.009797570850191,0.011228020364984164,0.2002177237966709,2,21.35582336121356,0.004510930029402858,0.645428005738441,0.018191740312605006,False,False
barcode_var_len,high,abs,10.0,0.1,50,3.1622999999999997,0.012433731687435985,0.6327296234617403,8.22728140211333e-07,0.5295297948248185,0.00044206587792885516,19.773146776405998,0.0005536138380455728,0.3505143728090222,1,23.233382627769956,9.885404504823612e-05,0.03228798423750118,0.0011569907177132195,False,False
barcode_var_len,high,abs,15.0,0.1,50,3.873,0.015228107018764689,0.5899572627159408,6.521827654961414e-06,0.5134391901483544,0.0007033996071643952,18.12590819637252,0.0011660966215196215,0.3139090710305005,2,22.086298223798305,0.0001956735674526438,0.04088510216643047,0.0022976056313839996,False,False
barcode_var_len,high,abs,20.0,0.1,50,4.472100000000001,0.017583686392620076,0.5876843025861528,7.220827989650113e-06,0.4434436656094416,0.00415788487286361,17.060872427983494,0.0018810112935709502,0.2902416095107443,1,21.42810743072215,0.0002034960615265032,0.1184490345073103,0.0035483580182981414,False,False
barcode_var_len,high,abs,25.0,0.1,50,5.0,0.019659317091098225,0.5003573998365289,0.0002153974000207566,0.2552702631881952,0.11189322830753036,15.987396768402121,0.0030361220126444524,0.26638659485338045,1,16.97181928610662,0.0018392127443045763,0.4354004281422729,0.005461496076903947,False,False
barcode_var_len,high,abs,30.0,0.1,50,5.477199999999999,0.02153560231427264,0.5184088825408169,0.00011504301943672712,0.3425071123334814,0.030508512244905715,15.319250551065378,0.00408287523370027,0.25153890113478616,1,26.235502387617114,0.0011629348703930025,0.28947216023840944,0.007150798431904428,False,False
barcode_var_len,high,abs,35.0,0.1,50,5.916100000000001,0.02326129716852924,0.42289280744143076,0.002216137063266308,0.3104308785438633,0.05123030418442372,9.551627530364357,0.048697158044041046,0.12336950067476349,0,21.834128059643398,0.008277138429066933,0.3429182599545524,0.06872284822603668,False,True
barcode_var_len,high,abs,40.0,0.1,50,6.324599999999999,0.02486746337487197,0.4410573595530072,0.0013460724816947705,0.30730746126884556,0.05374126678984339,10.247722263041899,0.03645530351225677,0.1388382725120422,1,19.981204304457222,0.00591510798792543,0.3431721684334451,0.052978387020252767,False,False
barcode_var_len,high,abs,45.0,0.1,50,6.708199999999998,0.026375726182101017,0.4294460694110943,0.0018571328463950574,0.38169314268455723,0.015086526900761137,9.364120129064263,0.05261541138002191,0.1192026695347614,1,23.132442467544088,0.007298397643642157,0.21258287905617965,0.07334593250106887,False,False
barcode_var_len,high,abs,50.0,0.1,50,7.0711,0.027802599416572937,0.43097585755150425,0.0017811740483867694,0.19119100803647002,0.2372872343313164,10.64050269299817,0.030915661800041627,0.14756672651107045,2,18.93034658805105,0.007170960454544136,0.5782477995046473,0.04563740551434717,False,False
barcode_var_len,high,abs,55.0,0.1,50,7.416200000000001,0.029159485482200532,0.5629756540635946,2.0819134908225093e-05,0.49792218931717097,0.001077818392316455,17.735819250551053,0.0013897636461855476,0.3052404277900234,1,13.674164792318853,0.0003872359092929867,0.05568728360301684,0.0026874189728701686,False,False
barcode_var_len,high,abs,60.0,0.1,50,7.746,0.030456214037529378,0.3970447383318206,0.004305041607971757,0.37252680947312206,0.01791991713676164,8.26904847396765,0.08220517284425659,0.09486774386594779,1,10.164519515814,0.01348043331789136,0.23406822213328127,0.10984311888672216,False,False
barcode_var_len,high,abs,65.0,0.1,50,8.0623,0.031699862436712245,0.47029824770774126,0.0005682794338817878,0.36799133756254754,0.019479572758235444,14.949803921568598,0.004806467483294709,0.24332897603485776,1,24.037890830979787,0.003323898575534985,0.24481084682647244,0.008355167774699213,False,False
barcode_var_len,high,abs,70.0,0.1,50,8.3666,0.03289632847487648,0.48668366522561163,0.0003386140484154604,0.4417965124532352,0.0043168069220677835,13.831346499102311,0.00785324466174685,0.21847436664671804,2,22.81321554652251,0.002385689886563471,0.1184490345073103,0.013088741102911418,False,False
barcode_var_len,high,abs,75.0,0.1,50,8.6603,0.03405111676080759,0.6072151036477715,2.9335449241159286e-06,0.4801044565347209,0.0017175546131695388,18.406858168761215,0.0010274192167581784,0.3201524037502492,0,27.00567740743902,0.00012760333396359493,0.06938825005542819,0.002046038268918856,False,True
barcode_var_len,high,abs,80.0,0.1,50,8.9443,0.03516776597158197,0.41427536645105817,0.0027812931136133433,0.16833646292754834,0.29911835952505594,11.17354330708662,0.024681327060257715,0.15941207349081377,1,15.387156992089798,0.009724069908497779,0.640967913267977,0.03744475394133715,False,False
barcode_var_len,high,abs,85.0,0.1,50,9.219499999999998,0.03624981478427602,0.09520970766120185,0.5107290719053356,-0.00995037190209989,0.9514089416098651,1.1933931777378344,0.8791851856240386,-0.062369040494714784,2,8.20021825919238,0.5667995666729857,0.9801016888695682,0.8858528955908515,False,False
barcode_var_len,high,abs,90.0,0.1,50,9.486800000000002,0.03730080187596613,0.5670737479967235,1.7568582956503916e-05,0.42985606617071526,0.005635245104945531,15.864695077149152,0.0032062017561459914,0.2636598906033145,1,56.535296006431444,0.0003403912947822634,0.14332062301760704,0.005734168525414946,False,False
barcode_var_len,high,abs,95.0,0.1,50,9.7468,0.03832308636470324,0.39090981759936405,0.005002464776150109,0.3910124548315756,0.012603654865852775,11.088915189363407,0.025582696551488267,0.15753144865252014,3,17.224346105016906,0.014959139041220584,0.198464507455139,0.03856062851358847,False,False
barcode_var_len,high,abs,100.0,0.1,50,10.0,0.03931863418219645,0.42954491793559896,0.0018521390344991549,0.25714827860915357,0.10918984798534916,10.033573883161523,0.03986591601447438,0.13407941962581163,2,18.826078168167854,0.007298397643642157,0.43211301543138175,0.05730340323564324,False,False
barcode_var_len,high,abs,0.0,0.2,50,0.0,0.0,0.5540091441940964,2.9950771205827026e-05,0.16687236302686156,0.30340191719800136,21.50025814138204,0.0002519537937445594,0.38889462536404534,3,39.50777348833626,0.00047009290380482636,0.6430347147635033,0.0005729022693947194,False,False
barcode_var_len,high,abs,5.0,0.2,50,2.2361,0.008554687994029036,0.26972453123756235,0.058188541260959945,-0.40487228681085474,0.00955697592722184,23.71326599326597,9.117105123314655e-05,0.4380725776281327,3,36.63891302707978,0.09378742352286437,0.16465606084869555,0.0002388424722445811,False,False
barcode_var_len,high,abs,10.0,0.2,50,3.1622999999999997,0.012098067994954614,0.32984648377467285,0.019321941782675368,-0.2228079742589869,0.16699633746408957,17.35821763151572,0.0016464415057552972,0.2968492807003494,3,32.74027196924052,0.04023375220342693,0.5111269096791228,0.0031482523285268826,False,False
barcode_var_len,high,abs,15.0,0.2,50,3.873,0.014817005769363827,0.22441814855791156,0.11716180681398317,-0.5210791227420252,0.0005658099817253302,32.43952941176471,1.5555103435344944e-06,0.6319895424836602,3,33.39395035755495,0.16711730113037476,0.03758594878603979,1.831170404414025e-05,False,False
barcode_var_len,high,abs,20.0,0.2,50,4.472100000000001,0.01710899341625922,0.1999183506804103,0.16392873592367804,-0.5540097736216327,0.00020826022246665294,33.21317647058822,1.0802532303742634e-06,0.649181699346405,3,33.98159803499405,0.2174803486576613,0.02766885812771246,1.7469879403322394e-05,False,False
barcode_var_len,high,abs,25.0,0.2,50,5.0,0.019128589942375193,0.31852796479759826,0.024168438928102453,-0.24989724879713035,0.11990755393286538,16.97737860813601,0.0019526090733874846,0.28838619129191134,3,49.054252978223,0.04785108501124371,0.44972061351117154,0.0036611420126015336,False,False
barcode_var_len,high,abs,30.0,0.2,50,5.477199999999999,0.020954222566475486,0.28420447909788615,0.04547250832003058,-0.3138244519777917,0.04860991818631553,19.77318478678445,0.000553604283060441,0.3505152174840989,3,33.40785823416088,0.07732077258925621,0.342619528403992,0.0011569907177132195,False,False
barcode_var_len,high,abs,35.0,0.2,50,5.916100000000001,0.022633330191617177,0.27635772005821424,0.05204775062463911,-0.4126016845503768,0.008149685193142409,27.91529411764705,1.2975801206343951e-05,0.5314509803921567,2,36.582860648241954,0.08567151872728207,0.1578117014221012,5.435808613468412e-05,False,False
barcode_var_len,high,abs,40.0,0.2,50,6.324599999999999,0.024196135989909228,0.26361782516191357,0.0643449272372913,-0.41066458743981166,0.008484500076457055,27.16988235294116,1.8367061998029475e-05,0.5148862745098035,2,35.80196655397868,0.10125343879979848,0.1578117014221012,6.971986799252005e-05,False,False
barcode_var_len,high,abs,45.0,0.2,50,6.708199999999998,0.025663681410288252,0.21657821323711116,0.13086515526521675,-0.38935651922359504,0.013017564467487612,21.612235294117625,0.00023937006719326978,0.3913830065359472,2,26.227185737325538,0.18440090060098724,0.198464507455139,0.0005456229472787767,False,False
barcode_var_len,high,abs,50.0,0.2,50,7.0711,0.02705203446830585,0.26361782516191357,0.0643449272372913,-0.3544887712334223,0.024811134115082394,21.617882352941166,0.0002387522379321762,0.3915084967320259,3,45.793438446599396,0.10125343879979848,0.2714629967885485,0.0005455517967491986,False,False
barcode_var_len,high,abs,55.0,0.2,50,7.416200000000001,0.02837228974612858,0.21461822940691105,0.13447188510617875,-0.35642586834398743,0.02397896260405331,20.625882352941147,0.0003755969732208975,0.36946405228758106,3,36.637042114800686,0.18834164630835276,0.2686799424309588,0.0008199652232287199,False,False
barcode_var_len,high,abs,60.0,0.2,50,7.746,0.029634011538727655,0.11857902172710612,0.41211792678650805,-0.5869404245012402,6.866970894574676e-05,29.402352941176446,6.475784323907587e-06,0.5644967320261433,3,31.943376441192637,0.47493143979114305,0.021287609773181494,3.584809179305986e-05,False,False
barcode_var_len,high,abs,65.0,0.2,50,8.0623,0.03084408613848231,0.25185792218071296,0.07766039302844353,-0.2537597214840346,0.11410416199096901,16.415058823529392,0.002509911342674634,0.27589019607843096,3,32.00465773236345,0.1187897459152179,0.43849946550248425,0.004576897154289039,False,False
barcode_var_len,high,abs,70.0,0.2,50,8.3666,0.032008252122375264,0.24499797877501264,0.08637771082305715,-0.3389919943489011,0.03237108028472536,21.89929411764703,0.00020988615029549507,0.39776209150326736,3,21.030841811114065,0.13019654953880574,0.28947216023840944,0.00048435265452806555,False,False
barcode_var_len,high,abs,75.0,0.2,50,8.6603,0.03313186549559038,0.14013884385930722,0.3317132432468945,-0.5346388025159812,0.00037959015570482237,29.18399999999997,7.172602218150107e-06,0.5596444444444437,2,30.03691980154086,0.3980558918962734,0.03228798423750118,3.878209338883488e-05,False,False
barcode_var_len,high,abs,80.0,0.2,50,8.9443,0.0342183694043173,0.22735812430321176,0.11231441639458278,-0.3079984405798587,0.0531774537748335,16.966588235294097,0.001962055990129676,0.28814640522875773,2,36.03390246593476,0.16194171666195656,0.3431721684334451,0.0036714528587939613,False,False
barcode_var_len,high,abs,85.0,0.2,50,9.219499999999998,0.035271206994745626,0.18031851237840926,0.21017063928059718,-0.42809846143489794,0.005856111478138783,19.55294117647057,0.0006117997835427506,0.3456209150326793,3,36.87454710843881,0.2699705725565682,0.14332062301760704,0.0012587915900326508,False,False
barcode_var_len,high,abs,90.0,0.2,50,9.486800000000002,0.036293821413065,0.1881584476992097,0.19068587668301326,-0.4513436267616798,0.0034644157782267697,20.910117647058826,0.00032993088248584507,0.3757803921568628,3,29.48753106995861,0.24837236038543745,0.10739688912502986,0.0007358170760475681,False,False
barcode_var_len,high,abs,95.0,0.2,50,9.7468,0.037288508090068506,0.1028991510855053,0.47702563901755385,-0.3738597423390738,0.01748202717818303,14.920470588235275,0.00486904086782484,0.24267712418300613,2,18.162751720029277,0.5344986075738857,0.2322612182244317,0.008446425180586286,False,False
barcode_var_len,high,abs,100.0,0.2,50,10.0,0.038257179884750386,0.15483872258580797,0.28296877854158653,-0.5152678314103297,0.0006680005113416124,28.200470588235305,1.1358718398985689e-05,0.5377882352941179,3,36.921028228234945,0.3494833519836328,0.04088510216643047,5.006449341733029e-05,False,False
barcode_var_len,high,abs,0.0,0.3,50,0.0,0.0,0.4401196731702205,0.0013820976247348148,-0.07168604389202188,0.6602471906760892,25.659032038173127,3.706969127397779e-05,0.4813118230705139,2,45.25381457504026,0.005995768913651355,0.8722806788786129,0.00011491604294933115,False,False
barcode_var_len,high,abs,5.0,0.3,50,2.2361,0.00862968335854591,0.27243775239781404,0.05560980354266071,-0.4222871701032026,0.0066405282451389835,29.03058823529409,7.706334823884749e-06,0.5562352941176465,3,46.71427530010108,0.09057288492937733,0.14362072716230825,4.0508742125496654e-05,False,False
barcode_var_len,high,abs,10.0,0.3,50,3.1622999999999997,0.012204126686968266,0.3616170166719186,0.009871039876256952,-0.2537597214840346,0.11410416199096901,27.562352941176442,1.529748748964334e-05,0.5236078431372543,3,43.52082572704393,0.025150868725805388,0.43849946550248425,6.1855058110297e-05,False,False
barcode_var_len,high,abs,15.0,0.3,50,3.873,0.014946900249384337,0.3469171379454179,0.013578881964576316,-0.2828161781425118,0.07701639306227905,27.74211764705879,1.4067521458510193e-05,0.5276026143790843,3,43.67360550823609,0.03176517070929757,0.3692022966387604,5.8145755361842126e-05,False,False
barcode_var_len,high,abs,20.0,0.3,50,4.472100000000001,0.017258980791446343,0.3459371460303178,0.013863651710464903,-0.284753275253077,0.0749281755754842,26.47435294117645,2.5385818520543975e-05,0.49943006535947665,3,49.62146787861052,0.0322329902268309,0.36675370150105424,8.45388222678931e-05,False,False
barcode_var_len,high,abs,25.0,0.3,50,5.0,0.01929628227392762,0.3665169762474189,0.008847026236905342,-0.2111435850516013,0.1909255574106153,22.31247058823527,0.00017366314853535148,0.4069437908496727,3,45.783057652954376,0.022982498324921698,0.5314790005527746,0.00041429870269492396,False,False
barcode_var_len,high,abs,30.0,0.3,50,5.477199999999999,0.02113791945415127,0.406696644766521,0.0033799756066883757,-0.1530306717346468,0.34581948798335815,26.148705882352914,2.9533104409723082e-05,0.492193464052287,3,41.58613732045752,0.011347932542311152,0.6756557223204266,9.50373256091435e-05,False,False
barcode_var_len,high,abs,35.0,0.3,50,5.916100000000001,0.022831747112156648,0.33221725921891715,0.018418559024447886,-0.311872634800989,0.05010350092789561,26.65317647058822,2.33603338807668e-05,0.5034039215686271,3,47.813524987827,0.038930136119855754,0.342619528403992,8.016645944322186e-05,False,False
barcode_var_len,high,abs,40.0,0.3,50,6.324599999999999,0.024408253373936532,0.4429563456252228,0.0012756730488826524,-0.09298066130712715,0.5682352325021965,24.627764705882356,5.9765913006429385e-05,0.45839477124183015,3,49.62502051343871,0.00581556831108268,0.8142662037396653,0.000167922353764288,False,False
barcode_var_len,high,abs,45.0,0.3,50,6.708199999999998,0.025888664149992257,0.3978767175306205,0.00421736360571065,-0.16077906017690738,0.3216472515203678,23.167058823529402,0.00011725721205480088,0.4259346405228756,3,45.38748457503035,0.013250500517942245,0.6488762340866422,0.00029314303013700216,False,False
barcode_var_len,high,abs,50.0,0.3,50,7.0711,0.027289188317433922,0.38121685497391966,0.006306304686801742,-0.19370971105651494,0.2310480913601907,24.1044705882353,7.61141867415819e-05,0.44676601307189556,3,49.03072167516505,0.01788068097172445,0.5776202284004767,0.00020758414565885973,False,False
barcode_var_len,high,abs,55.0,0.3,50,7.416200000000001,0.028621017719980407,0.3067374694263158,0.03026312793989932,-0.31962102324324965,0.04438461834385686,26.19764705882352,2.886928955125112e-05,0.4932810457516338,3,34.28172305135648,0.05595369579345202,0.33288463757892645,9.354856892914126e-05,False,False
barcode_var_len,high,abs,60.0,0.3,50,7.746,0.029893800498768674,0.37729688731351946,0.006912328425571626,-0.19370971105651494,0.2310480913601907,22.97411764705882,0.00012814270789942545,0.4216470588235293,3,51.00592608819491,0.018907251281710623,0.5776202284004767,0.00031610800622404683,False,False
barcode_var_len,high,abs,65.0,0.3,50,8.0623,0.031114483315417333,0.33123726730381703,0.018787547811128846,-0.3041242463587284,0.056400802663156245,29.086117647058813,7.508726635160531e-06,0.5574692810457514,3,46.26691484556423,0.03944112745902896,0.3431721684334451,4.013284925689249e-05,False,False
barcode_var_len,high,abs,70.0,0.3,50,8.3666,0.032288855054608566,0.3723969277380192,0.007740598655897051,-0.1414080890712559,0.38409876947840577,22.28235294117644,0.00017607970765621018,0.40627450980392094,2,40.79428078874065,0.020745696685833596,0.7045598730077266,0.00041774012275580476,False,False
barcode_var_len,high,abs,75.0,0.3,50,8.6603,0.03342231867537908,0.42531649115342196,0.0020767596598630657,-0.12397421507616954,0.44596095780510414,26.858352941176463,2.1233633022246e-05,0.5079633986928103,3,41.84577884896251,0.007948092525401856,0.7379780974354927,7.674123802622807e-05,False,False
barcode_var_len,high,abs,80.0,0.3,50,8.9443,0.03451834750853816,0.3998367013608206,0.004016982105058195,-0.1336597006289953,0.4109452602089041,21.981176470588224,0.00020215694496454755,0.399581699346405,3,43.11052074470635,0.01283777786152619,0.7208508762465887,0.000470014897042573,False,False
barcode_var_len,high,abs,85.0,0.3,50,9.219499999999998,0.03558041488489514,0.26263783324681356,0.06537966639842924,-0.2750677897002512,0.0858277861381847,23.0710588235294,0.00012255355420103908,0.4238013071895422,3,25.139309934317815,0.1027079218759108,0.3874749568374358,0.00030338713016181873,False,False
barcode_var_len,high,abs,90.0,0.3,50,9.486800000000002,0.03661199413525931,0.41453658008732136,0.002762446997935634,-0.06779839886978023,0.6776467157847956,18.813176470588246,0.0008552222805619638,0.32918169934640545,3,45.78094265244235,0.00969462531350996,0.8826490835852381,0.0017252857286824865,False,False
barcode_var_len,high,abs,95.0,0.3,50,9.7468,0.03761540081350355,0.41257659625712123,0.0029066541130199075,-0.12397421507616954,0.44596095780510414,25.4616470588235,4.062283012134902e-05,0.47692549019607783,3,41.583484048249495,0.01004902723088667,0.7379780974354927,0.00012186849036404706,False,False
barcode_var_len,high,abs,100.0,0.3,50,10.0,0.03859256454785524,0.3018375098508156,0.03314742840026243,-0.311872634800989,0.05010350092789561,26.85741176470586,2.124293483921643e-05,0.5079424836601302,2,36.52797017449387,0.05951179230162945,0.342619528403992,7.674123802622807e-05,False,False
barcode_var_len,high,abs,0.0,0.4,50,0.0,0.0,0.1871898470150766,0.19302083135078163,-0.5908146187223705,5.9787497228199216e-05,32.883863140014554,1.2616951267112549e-06,0.6418636253336568,3,55.667469979331955,0.2510620603583593,0.021287609773181494,1.7469879403322394e-05,False,False
barcode_var_len,high,abs,5.0,0.4,50,2.2361,0.008624513683051638,0.20677829408611065,0.14964531476762818,-0.5598210649533282,0.00017267801386927455,33.440941176470545,9.70213111975335e-07,0.654243137254901,3,53.67112209628947,0.20316809158232732,0.026765092149737556,1.7469879403322394e-05,False,False
barcode_var_len,high,abs,10.0,0.4,50,3.1622999999999997,0.012196815714822323,0.19109842344450986,0.18372210353439455,-0.5753178418378493,0.00010297014784080749,32.83952941176469,1.2883358106960778e-06,0.6408784313725486,3,53.50866518417074,0.2399740959086895,0.02394055937298774,1.7469879403322394e-05,False,False
barcode_var_len,high,abs,15.0,0.4,50,3.873,0.014937946198496935,0.23715804345421224,0.09725742551785523,-0.48814847186241767,0.001396025368667751,31.74023529411764,2.161790430127983e-06,0.6164496732026142,2,54.21987691453391,0.14319899436488956,0.06491517964305042,2.136304301614057e-05,False,False
barcode_var_len,high,abs,20.0,0.4,50,4.472100000000001,0.017248641671649405,0.27831770388841437,0.05033731584020644,-0.41647587877150705,0.007513971306698402,30.964705882352916,3.112567370305059e-06,0.5992156862745093,2,51.99785458963039,0.08329840521599999,0.15191289815716336,2.5171196994640913e-05,False,False
barcode_var_len,high,abs,25.0,0.4,50,5.0,0.019284722693644375,0.2773377119733143,0.05118674179661746,-0.4203500729926374,0.006921396320156292,31.541647058823514,2.3734099308780892e-06,0.6120366013071892,2,51.16680700850543,0.08440366998378411,0.14629314949421254,2.1960810927345984e-05,False,False
barcode_var_len,high,abs,30.0,0.4,50,5.477199999999999,0.021125256627525797,0.26753779282231377,0.06033616472509426,-0.4222871701032026,0.0066405282451389835,28.076235294117623,1.2036949754673006e-05,0.5350274509803916,2,62.24495498821351,0.0964134590968001,0.14362072716230825,5.2310108746943436e-05,False,False
barcode_var_len,high,abs,35.0,0.4,50,5.916100000000001,0.022818069585573898,0.2587178655864133,0.06965216572511257,-0.4571549180933752,0.00302094795178137,32.03200000000001,1.8845039614816274e-06,0.6229333333333336,3,51.27979806546467,0.10814109202730333,0.10033862839845263,2.014469751928636e-05,False,False
barcode_var_len,high,abs,40.0,0.4,50,6.324599999999999,0.024393631429644645,0.28321766346391464,0.04626012428551452,-0.4087274903292465,0.008831049175302344,30.670117647058817,3.574285802109789e-06,0.5926692810457515,2,53.79574949036238,0.07793825287233426,0.16103677907904274,2.6807143515823418e-05,False,False
barcode_var_len,high,abs,45.0,0.4,50,6.708199999999998,0.02587315535470104,0.271457760482714,0.056530370481083184,-0.4222871701032026,0.0066405282451389835,28.563764705882363,9.585927827988932e-06,0.545861437908497,2,52.615239168059226,0.09159101837527416,0.14362072716230825,4.548424938790786e-05,False,False
barcode_var_len,high,abs,50.0,0.4,50,7.0711,0.027272840527805754,0.3057574775112158,0.030822647751635096,-0.3448032856805966,0.029340220111206933,27.13129411764706,1.870010827896156e-05,0.5140287581699347,2,58.20275188169535,0.056538584633176805,0.28947216023840944,6.996632928239788e-05,False,False
barcode_var_len,high,abs,55.0,0.4,50,7.416200000000001,0.028603872088121086,0.3175173804924164,0.02464685965297283,-0.3389919943489011,0.03237108028472536,28.76235294117646,8.736228214048756e-06,0.5502745098039213,2,55.61884104631014,0.04835776261026315,0.28947216023840944,4.2761538100343905e-05,False,False
barcode_var_len,high,abs,60.0,0.4,50,7.746,0.02987589239699387,0.30379749368101566,0.031967502081964125,-0.311872634800989,0.05010350092789561,26.729411764705873,2.2546478580214504e-05,0.5050980392156861,2,53.82689071253542,0.0579527815520987,0.342619528403992,7.922937552692781e-05,False,False
barcode_var_len,high,abs,65.0,0.4,50,8.0623,0.031095843954593815,0.3028175017659156,0.03255303205357664,-0.36417425678624804,0.02087891880510034,30.581647058823506,3.7258276094236563e-06,0.5907032679738558,2,53.68472297844991,0.05878508700937141,0.2554920327466226,2.7070466224718754e-05,False,False
barcode_var_len,high,abs,70.0,0.4,50,8.3666,0.032269512177729005,0.33123726730381703,0.018787547811128846,-0.2886274694742072,0.07088505559627353,26.634352941176445,2.356574219725251e-05,0.5029856209150321,2,54.07296584629928,0.03944112745902896,0.35442527798136764,8.023136675207035e-05,False,False
barcode_var_len,high,abs,75.0,0.4,50,8.6603,0.03340229678875367,0.28419765537901465,0.04547791678099263,-0.39129361633416015,0.012534499464241467,28.030117647058802,1.2298844975196071e-05,0.5340026143790845,2,45.553394621229515,0.07732077258925621,0.198464507455139,5.319965500898766e-05,False,False
barcode_var_len,high,abs,80.0,0.4,50,8.9443,0.034497669037752685,0.3126174209169161,0.027080639628473676,-0.35061457701229204,0.02654757780827596,28.6070588235294,9.393938383997891e-06,0.5468235294117645,2,54.34826045129437,0.05192782444222788,0.2774072737269285,4.526612796434217e-05,False,False
barcode_var_len,high,abs,85.0,0.4,50,9.219499999999998,0.03555910017481087,0.3047774855961157,0.031390739977712516,-0.3544887712334223,0.024811134115082394,29.563294117647075,6.0057130155628824e-06,0.5680732026143794,2,51.69145137456978,0.057241937606416944,0.2714629967885485,3.478496510056215e-05,False,False
barcode_var_len,high,abs,90.0,0.4,50,9.486800000000002,0.036590061450013096,0.33319725113401716,0.018055729846333492,-0.30025005213759814,0.05977837772711625,29.654588235294085,5.7543285665267924e-06,0.570101960784313,2,43.101644499920326,0.03851336870892236,0.3431721684334451,3.4110167064185874e-05,False,False
barcode_var_len,high,abs,95.0,0.4,50,9.7468,0.037592867030082605,0.2900776068696149,0.041008294340209764,-0.38548232500246465,0.014031223327734788,30.53458823529411,3.8090241836996505e-06,0.5896575163398691,2,45.48436193222942,0.07101995109198339,0.20712758245703733,2.7345621467361886e-05,False,False
barcode_var_len,high,abs,100.0,0.4,50,10.0,0.03856944538728875,0.3459371460303178,0.013863651710464903,-0.2556968185945997,0.11127480407928694,27.95576470588233,1.2733073336825145e-05,0.5323503267973851,2,44.445942792727394,0.0322329902268309,0.4348133100577179,5.3826173651124475e-05,False,False
barcode_var_len,high,abs,0.0,0.5,50,0.0,0.0,0.3241339982524221,0.021653803965218266,-0.30995007602744856,0.05161057009083631,27.028119388497927,1.9620377164757175e-05,0.5117359864110651,3,62.80701612075278,0.043969514601862415,0.3429182599545524,7.24085347746991e-05,False,False
barcode_var_len,high,abs,5.0,0.5,50,2.2361,0.008603157194750924,0.26655780090721376,0.061319049132896056,-0.42809846143489794,0.005856111478138783,28.152470588235275,1.161613344822435e-05,0.5367215686274506,3,64.54822745421225,0.09764848577670092,0.14332062301760704,5.095756654173889e-05,False,False
barcode_var_len,high,abs,10.0,0.5,50,3.1622999999999997,0.012166613298582733,0.2753777281431142,0.052920451582697474,-0.4222871701032026,0.0066405282451389835,30.77270588235291,3.406231224926473e-06,0.5949490196078424,3,61.25575989891296,0.08695409889029797,0.14362072716230825,2.618012429075719e-05,False,False
barcode_var_len,high,abs,15.0,0.5,50,3.873,0.014900956046362117,0.2587178655864133,0.06965216572511257,-0.44940652965111455,0.0036243683630482046,29.939764705882368,5.034593562498204e-06,0.5764392156862749,3,61.58719238928251,0.10814109202730333,0.10873105089144613,3.197821384805815e-05,False,False
barcode_var_len,high,abs,20.0,0.5,50,4.472100000000001,0.01720592965012549,0.33515723496421723,0.01734822820791361,-0.3060613434692936,0.05477015244556999,29.531294117647036,6.096390259645099e-06,0.5673620915032674,2,67.34438068264954,0.03752058658920851,0.3431721684334451,3.478496510056215e-05,False,False
barcode_var_len,high,abs,25.0,0.5,50,5.0,0.019236968817921654,0.3733769196531193,0.007568379508994339,-0.22470326482555728,0.1633224168338587,31.176470588235276,2.8178353695053884e-06,0.6039215686274506,2,57.07770113406347,0.020342754171574377,0.5096974753539886,2.449146629570104e-05,False,False
barcode_var_len,high,abs,30.0,0.5,50,5.477199999999999,0.0210729451219041,0.3380972107095174,0.016331176707279068,-0.2808790810319466,0.0791498582946271,27.635764705882337,1.4782779019419214e-05,0.5252392156862742,2,62.43493677714605,0.03599050790940648,0.3736516152995087,6.056380831744436e-05,False,False
barcode_var_len,high,abs,35.0,0.5,50,5.916100000000001,0.02276156624474126,0.349857113690718,0.012754398302747142,-0.25957101281573,0.10577593019137192,30.244705882352918,4.363891945802605e-06,0.5832156862745093,2,61.609611946914605,0.030650104448462123,0.4312136318977506,2.9197262658967067e-05,False,False
barcode_var_len,high,abs,40.0,0.5,50,6.324599999999999,0.024333226597165466,0.33221725921891715,0.018418559024447886,-0.3021871492481633,0.05807000907066657,27.99999999999997,1.247293078655367e-05,0.5333333333333327,1,63.71052170154804,0.038930136119855754,0.3431721684334451,5.366975615692595e-05,False,False
barcode_var_len,high,abs,45.0,0.5,50,6.708199999999998,0.025809086844876414,0.3439771622001177,0.014448531935078552,-0.2711935954791209,0.09051702671299842,27.587764705882336,1.5117332690147462e-05,0.5241725490196074,2,60.43802260882463,0.03326023440500756,0.4008611183004216,6.139353450583903e-05,False,False
barcode_var_len,high,abs,50.0,0.5,50,7.0711,0.027205306041681174,0.3380972107095174,0.016331176707279068,-0.30025005213759814,0.05977837772711625,29.527529411764675,6.107147369922335e-06,0.5672784313725483,2,56.37049713654816,0.03599050790940648,0.3431721684334451,3.478496510056215e-05,False,False
barcode_var_len,high,abs,55.0,0.5,50,7.416200000000001,0.028533041629494122,0.33613722687931735,0.01700339631733913,-0.2944387608059027,0.06514453415194907,28.925176470588212,8.095802899068224e-06,0.5538928104575158,2,46.62465467812366,0.03694663218487241,0.35416525393901205,4.1457142740248915e-05,False,False
barcode_var_len,high,abs,60.0,0.5,50,7.746,0.029801912092724234,0.33711721879441736,0.016664405178358047,-0.3021871492481633,0.05807000907066657,30.339764705882317,4.1735984566951935e-06,0.5853281045751626,2,57.875123381758485,0.036380039473880244,0.3431721684334451,2.8540048270048014e-05,False,False
barcode_var_len,high,abs,65.0,0.5,50,8.0623,0.031018842740145956,0.3782768792286195,0.006756259992919999,-0.21501777927273155,0.18272353817081075,27.760941176470567,1.3944562177212176e-05,0.5280209150326792,2,56.64059352932328,0.01869573856890788,0.5284657153424824,5.78948340393184e-05,False,False
barcode_var_len,high,abs,70.0,0.5,50,8.3666,0.03218960466240467,0.34299717028501764,0.014748787378676227,-0.2828161781425118,0.07701639306227905,31.00423529411765,3.0553117273267214e-06,0.6000941176470589,2,54.39985168974118,0.03370116034930932,0.3692022966387604,2.5171196994640913e-05,False,False
barcode_var_len,high,abs,75.0,0.5,50,8.6603,0.03331958421076939,0.2900776068696149,0.041008294340209764,-0.38935651922359504,0.013017564467487612,32.67199999999997,1.3941652125343231e-06,0.6371555555555548,2,53.98909695272938,0.07101995109198339,0.198464507455139,1.7469879403322394e-05,False,False
barcode_var_len,high,abs,80.0,0.5,50,8.9443,0.03441224403962734,0.3420171783699176,0.015054350788892591,-0.2808790810319466,0.0791498582946271,28.35294117647058,1.0578104066353312e-05,0.5411764705882351,2,55.41486136384373,0.03423116438550149,0.3736516152995087,4.775516987074635e-05,False,False
barcode_var_len,high,abs,85.0,0.5,50,9.219499999999998,0.03547104680336575,0.4017966851910207,0.003825016697240252,-0.17433873995086344,0.28196431134337446,31.531294117647036,2.384991294260155e-06,0.611806535947712,2,55.75923128000729,0.01239465340917573,0.6258396409292082,2.1960810927345984e-05,False,False
barcode_var_len,high,abs,90.0,0.5,50,9.486800000000002,0.036499455156371846,0.3478971298605179,0.01329913025610875,-0.25957101281573,0.10577593019137192,27.207529411764682,1.8047825455181044e-05,0.5157228758169929,2,48.29878093459402,0.031551508005564124,0.4312136318977506,6.881900408293061e-05,False,False
barcode_var_len,high,abs,95.0,0.5,50,9.7468,0.037499777534903765,0.38317683880411973,0.006021047729728627,-0.20920648794103608,0.19512267052484822,29.029647058823485,7.709728340013879e-06,0.5562143790849663,2,56.60266658655128,0.017124080699228206,0.5368759869470675,4.0508742125496654e-05,False,False
barcode_var_len,high,abs,100.0,0.5,50,10.0,0.03847393763584331,0.3008575179357155,0.033750790141251104,-0.36417425678624804,0.02087891880510034,29.815529411764714,5.336410246246086e-06,0.5736784313725493,1,47.28444732172931,0.06036199006031448,0.2554920327466226,3.286663264244279e-05,False,False
barcode_var_len,high,abs,0.0,0.6,50,0.0,0.0,0.3020987405554153,0.0329881113415865,-0.3719226452285086,0.01812141074580242,29.736110443022724,5.538719401937485e-06,0.571913565400505,3,78.53528804781871,0.0594553169528594,0.23406822213328127,3.344811067403806e-05,False,False
barcode_var_len,high,abs,5.0,0.6,50,2.2361,0.00865947226469705,0.33711721879441736,0.016664405178358047,-0.3021871492481633,0.05807000907066657,30.436705882352925,3.988044918236802e-06,0.5874823529411761,2,79.10348400420052,0.036380039473880244,0.3431721684334451,2.798501325447788e-05,False,False
barcode_var_len,high,abs,10.0,0.6,50,3.1622999999999997,0.012246254256362188,0.3939567498702203,0.004644617073847666,-0.18983551683538463,0.24069181478268264,31.732705882352917,2.1694600330979584e-06,0.616282352941176,2,75.96228146785698,0.014255755375176005,0.5782477995046473,2.136304301614057e-05,False,False
barcode_var_len,high,abs,15.0,0.6,50,3.873,0.014998495631309726,0.39003678220982013,0.0051093480754661235,-0.1859613226142543,0.25060407596896045,28.563764705882306,9.585927827989183e-06,0.5458614379084957,2,77.03238555594949,0.015132782516507945,0.5870574071816957,4.548424938790786e-05,False,False
barcode_var_len,high,abs,20.0,0.6,50,4.472100000000001,0.01731855727156732,0.38905679029472007,0.005231701381454484,-0.1859613226142543,0.25060407596896045,29.776941176470558,5.433772780342065e-06,0.5728209150326791,2,72.62567104614266,0.015397095837824906,0.5870574071816957,3.324610977446132e-05,False,False
barcode_var_len,high,abs,25.0,0.6,50,5.0,0.01936289133915534,0.41943653966282163,0.0024292431212794797,-0.13947099196069074,0.39071182423817086,30.795294117647046,3.3702986197990116e-06,0.5954509803921566,2,74.76889899411862,0.00879064631435765,0.7069299543608928,2.618012429075719e-05,False,False
barcode_var_len,high,abs,30.0,0.6,50,5.477199999999999,0.02121088568856432,0.4057166528514209,0.003465142682140886,-0.15884196306634224,0.3275885753826937,27.892705882352914,1.311327317143859e-05,0.5309490196078426,2,70.94750872557955,0.01159202408054325,0.6551771507653874,5.4687641477299956e-05,False,False
barcode_var_len,high,abs,35.0,0.6,50,5.916100000000001,0.02291056029031538,0.44393633754032286,0.0012406456501398776,-0.08135807864373626,0.6177329839184934,30.784941176470596,3.3867206342394687e-06,0.5952209150326799,2,70.69453636260066,0.00579799223432204,0.8436001101970614,2.618012429075719e-05,False,False
barcode_var_len,high,abs,40.0,0.6,50,6.324599999999999,0.024492508512724376,0.47137611116312433,0.0005496835349912938,-0.02130806821621664,0.8961665966991449,29.88517647058822,5.165058126650184e-06,0.5752261437908494,2,67.73376474719541,0.003235479035075337,0.9635085952950344,3.245610849854507e-05,False,False
barcode_var_len,high,abs,45.0,0.6,50,6.708199999999998,0.025978029536264362,0.47529607882352454,0.00048658952852224854,-0.02905645665847724,0.8587392363951517,31.140705882352933,2.8655856596730455e-06,0.6031267973856207,2,74.48773885184913,0.0029771596153005996,0.9496165158709763,2.4675876513851223e-05,False,False
barcode_var_len,high,abs,50.0,0.6,50,7.0711,0.027383388189660268,0.4370763941346225,0.0015050223273195592,-0.09104356419656201,0.5763571733802473,29.40894117647059,6.455841580902069e-06,0.564643137254902,2,64.27371989734645,0.006304823263095451,0.8158480536432724,3.584809179305986e-05,False,False
barcode_var_len,high,abs,55.0,0.6,50,7.416200000000001,0.028719814949888765,0.4605962000970237,0.0007629839871124458,-0.05811291331695448,0.7217020569882291,30.85929411764704,3.2705263964168964e-06,0.5968732026143786,2,71.2244578426817,0.004008898915336579,0.8973033596244024,2.599649186895482e-05,False,False
barcode_var_len,high,abs,60.0,0.6,50,7.746,0.02999699126261945,0.46647615158762407,0.0006388796406339731,-0.04455323354299843,0.7848688299882403,30.8065882352941,3.3524741175795384e-06,0.5957019607843134,2,64.22002904860723,0.0035157281999384318,0.9276813525483059,2.618012429075719e-05,False,False
barcode_var_len,high,abs,65.0,0.6,50,8.0623,0.03122188776873442,0.47235610307822434,0.0005332543042032629,-0.034867747990172684,0.8308628592268479,32.13176470588235,1.7980621317054613e-06,0.6251503267973855,2,60.37497384809654,0.0031587675344524487,0.9459136410697896,1.999846243919417e-05,False,False
barcode_var_len,high,abs,70.0,0.6,50,8.3666,0.032400313335635415,0.5017558605312258,0.00020543668068776524,0.03293065087960753,0.8401340511006948,31.483294117647034,2.439426449449542e-06,0.6107398692810452,2,67.53471884196641,0.0017855711499030064,0.9459136410697896,2.224182939203994e-05,False,False
barcode_var_len,high,abs,75.0,0.6,50,8.6603,0.03353768957289739,0.47333609499332446,0.0005172692669593778,-0.017433873995086342,0.9149689777413625,29.762823529411747,5.4698333357498385e-06,0.5725071895424833,2,63.87742783235337,0.0030837206299501366,0.9724813134851052,3.324800655063627e-05,False,False
barcode_var_len,high,abs,80.0,0.6,50,8.9443,0.034637501800961416,0.42335650732322183,0.0021888466001493776,-0.13172260351843013,0.41782006766944396,29.93129411764704,5.05462089856403e-06,0.5762509803921565,2,63.05019035170939,0.008208174750560166,0.7208508762465887,3.197821384805815e-05,False,False
barcode_var_len,high,abs,85.0,0.6,50,9.219499999999998,0.03570323534026853,0.5674153188429293,1.7319979570551943e-05,0.1530306717346468,0.34581948798335815,31.249882352941142,2.722289977971921e-06,0.6055529411764698,2,72.40623153747325,0.0003403912947822634,0.6756557223204266,2.4111711233465586e-05,False,False
barcode_var_len,high,abs,90.0,0.6,50,9.486800000000002,0.036738375511259774,0.45765622435172354,0.000832820560833048,-0.050364524874693874,0.757604165263162,29.677176470588222,5.693764214456576e-06,0.5706039215686272,2,59.91287731230389,0.004232366784561392,0.9210089852218831,3.4110167064185874e-05,False,False
barcode_var_len,high,abs,95.0,0.6,50,9.7468,0.03774524586089585,0.47529607882352454,0.00048658952852224854,-0.011622582663390894,0.9432552438855252,28.11105882352939,1.1842875613082952e-05,0.535801307189542,2,68.91553121223363,0.0029771596153005996,0.9790484116222526,5.170833014162979e-05,False,False
barcode_var_len,high,abs,100.0,0.6,50,10.0,0.03872578267831068,0.41943653966282163,0.0024292431212794797,-0.12203711796560442,0.45315449386729667,26.392470588235284,2.6370661178170756e-05,0.49761045751633964,2,62.901685411422896,0.00879064631435765,0.7432692756553544,8.727656546512031e-05,False,False
barcode_var_len,high,abs,0.0,0.7,50,0.0,0.0,0.2995021824661087,0.03460020224119685,-0.37579683944963893,0.016861730678308012,32.12203847451905,1.8063127364433442e-06,0.6249341883226456,2,89.74767539097029,0.06152617224534048,0.23060896368862427,1.999846243919417e-05,False,False
barcode_var_len,high,abs,5.0,0.7,50,2.2361,0.008624497516051533,0.42335650732322183,0.0021888466001493776,-0.129785506407865,0.4247594410571297,32.73223529411763,1.355152449804545e-06,0.6384941176470584,2,91.84493210359452,0.008208174750560166,0.7208508762465887,1.7469879403322394e-05,False,False
barcode_var_len,high,abs,10.0,0.7,50,3.1622999999999997,0.012196792851397418,0.41453658008732136,0.002762446997935634,-0.1336597006289953,0.4109452602089041,32.61270588235291,1.4336609431680372e-06,0.6358379084967314,2,86.4481408606555,0.00969462531350996,0.7208508762465887,1.7469879403322394e-05,False,False
barcode_var_len,high,abs,15.0,0.7,50,3.873,0.01493791819671195,0.4400163698799227,0.001386118619822625,-0.08910646708599686,0.5845312774959552,32.6070588235294,1.4374800842180339e-06,0.6357124183006533,2,88.85190761808212,0.005995768913651355,0.8186959157699373,1.7469879403322394e-05,False,False
barcode_var_len,high,abs,20.0,0.7,50,4.472100000000001,0.017248609338372193,0.4743160869084245,0.0005017178082387765,-0.030993553769042385,0.8494265810970129,33.59058823529409,9.040690735170512e-07,0.6575686274509798,2,87.31932564858641,0.0030298542965068974,0.948339400264372,1.7469879403322394e-05,False,False
barcode_var_len,high,abs,25.0,0.7,50,5.0,0.019284686543650852,0.485095997974525,0.00035644101637273226,-0.009685485552825746,0.9527009964925695,33.841882352941155,8.029517200366411e-07,0.6631529411764702,2,91.26479989034722,0.0024554825572343777,0.9801016888695682,1.7469879403322394e-05,False,False
barcode_var_len,high,abs,30.0,0.7,50,5.477199999999999,0.02112521702737689,0.5076358120218262,0.00016797471632076522,0.03680484510073784,0.8216142102155399,34.34447058823531,6.332880910879784e-07,0.6743215686274513,2,89.64799528328987,0.0015315341782187418,0.945669821163926,1.7469879403322394e-05,False,False
barcode_var_len,high,abs,35.0,0.7,50,5.916100000000001,0.02281802681217856,0.5037158443614259,0.00019218057094325637,0.02711935954791209,0.8680707965439062,33.30635294117644,1.0338087778137932e-06,0.6512522875816987,2,86.2073414039865,0.0017021707712116993,0.9542622231511025,1.7469879403322394e-05,False,False
barcode_var_len,high,abs,40.0,0.7,50,6.324599999999999,0.024393585702794835,0.46647615158762407,0.0006388796406339731,-0.04261613643243328,0.7940154372348941,32.73411764705881,1.3539509871573474e-06,0.638535947712418,2,83.96965275184073,0.0035157281999384318,0.9276813525483059,1.7469879403322394e-05,False,False
barcode_var_len,high,abs,45.0,0.7,50,6.708199999999998,0.025873106854423726,0.4782360545688247,0.0004436429291300268,-0.013559679773956045,0.933817144982964,32.948705882352925,1.2237156885782901e-06,0.6433045751633983,2,78.71169762999415,0.002845433959247758,0.9757864548698387,1.7469879403322394e-05,False,False
barcode_var_len,high,abs,50.0,0.7,50,7.0711,0.02727278940376191,0.49587590904062556,0.0002503464616265222,0.013559679773956045,0.933817144982964,33.96047058823527,7.592291621357067e-07,0.665788235294117,2,81.12061380140207,0.0019730695704463187,0.9757864548698387,1.7469879403322394e-05,False,False
barcode_var_len,high,abs,55.0,0.7,50,7.416200000000001,0.028603818469004685,0.47529607882352454,0.00048658952852224854,-0.02905645665847724,0.8587392363951517,33.86070588235293,7.958477252339067e-07,0.6635712418300651,2,74.7174699267236,0.0029771596153005996,0.9496165158709763,1.7469879403322394e-05,False,False
barcode_var_len,high,abs,60.0,0.7,50,7.746,0.0298758363934239,0.49979587670102577,0.0002195189404492559,0.019370971105651492,0.9055614351251217,33.569882352941164,9.129460230233313e-07,0.6571084967320259,2,81.60953062440359,0.0018392127443045763,0.9657937324155541,1.7469879403322394e-05,False,False
barcode_var_len,high,abs,65.0,0.7,50,8.0623,0.031095785664175257,0.4909759494651253,0.00029438691303080086,0.011622582663390894,0.9432552438855252,32.7105882352941,1.3690458490198302e-06,0.6380130718954243,1,71.83820747279842,0.0021902386329491585,0.9790484116222526,1.7469879403322394e-05,False,False
barcode_var_len,high,abs,70.0,0.7,50,8.3666,0.032269451687221846,0.5135157635124264,0.0001368374333707826,0.048427427764128735,0.7666620524502553,34.02258823529411,7.372822065226707e-07,0.6671686274509802,2,79.28350194677772,0.0013256126357794563,0.9211830862774385,1.7469879403322394e-05,False,False
barcode_var_len,high,abs,75.0,0.7,50,8.6603,0.033402234174795896,0.5438955128805281,4.458550844859216e-05,0.1104145353022135,0.4976084758363196,32.73882352941175,1.3509519713796023e-06,0.6386405228758166,2,84.08371384138796,0.0006009351138723292,0.7843659025894529,1.7469879403322394e-05,False,False
barcode_var_len,high,abs,80.0,0.7,50,8.9443,0.03449760437047526,0.48019603839902475,0.000416946488710432,-0.019370971105651492,0.9055614351251217,34.00752941176469,7.425439177541917e-07,0.6668339869281042,2,71.85112087825823,0.00275007258511136,0.9657937324155541,1.7469879403322394e-05,False,False
barcode_var_len,high,abs,85.0,0.7,50,9.219499999999998,0.03555903351783781,0.5154757473426266,0.00012769164762705358,0.05617581620638932,0.7306259674857049,34.207058823529394,6.757636194818173e-07,0.6712679738562087,2,75.55717902306716,0.0012769164762705357,0.9035666885129062,1.7469879403322394e-05,False,False
barcode_var_len,high,abs,90.0,0.7,50,9.486800000000002,0.03658999286046138,0.5203757069181267,0.00010721365217109089,0.07748388442260597,0.6346250730313773,33.08047058823527,1.15001233156382e-06,0.6462326797385616,1,73.88285107193087,0.0011078744057679392,0.8541263645718971,1.7469879403322394e-05,False,False
barcode_var_len,high,abs,95.0,0.7,50,9.7468,0.03759279656073122,0.5115557796822263,0.00014657674734630066,0.04261613643243328,0.7940154372348941,34.88847058823529,4.896948364350207e-07,0.6864104575163399,2,73.49108718531662,0.0013769330811319153,0.9276813525483059,1.7469879403322394e-05,False,False
barcode_var_len,high,abs,100.0,0.7,50,10.0,0.038569373087301705,0.5536954320315285,3.0328574439021054e-05,0.1375338948501256,0.39739079979220154,35.5830588235294,3.525324343216693e-07,0.7018457516339867,2,74.57615431456522,0.00047009290380482636,0.712087560321286,1.7469879403322394e-05,False,False
barcode_var_len,high,abs,0.0,0.8,50,0.0,0.0,0.24717169681806705,0.08353637973128632,-0.480400083420157,0.0017046712377337587,31.595324450430514,2.314255543212413e-06,0.6132294322317892,3,114.2049651112486,0.12611823563327318,0.06938825005542819,2.17399763150257e-05,False,False
barcode_var_len,high,abs,5.0,0.8,50,2.2361,0.008604741578661663,0.27929769580351443,0.04949936376188985,-0.41647587877150705,0.007513971306698402,32.64282352941174,1.4134622679461537e-06,0.6365071895424832,2,110.53159052959691,0.08249893960314975,0.15191289815716336,1.7469879403322394e-05,False,False
barcode_var_len,high,abs,10.0,0.8,50,3.1622999999999997,0.012168853939538381,0.32535731581321675,0.021135432107395442,-0.32543231457494504,0.04045220140101082,32.86023529411764,1.2758243517800333e-06,0.6413385620915032,2,106.79826349325477,0.043010835579601225,0.33288463757892645,1.7469879403322394e-05,False,False
barcode_var_len,high,abs,15.0,0.8,50,3.873,0.014903700252294897,0.3567170570964183,0.010995708315164467,-0.26344520703686025,0.10048641259754532,31.40799999999996,2.5273182736016107e-06,0.6090666666666658,2,104.45705353524531,0.027124691599742585,0.41719805230230866,2.2710309517642732e-05,False,False
barcode_var_len,high,abs,20.0,0.8,50,4.472100000000001,0.017209098347092177,0.42433649923832184,0.0021321494243182067,-0.129785506407865,0.4247594410571297,32.38494117647059,1.5960175595750366e-06,0.6307764705882354,2,104.94651427775361,0.008093465161697682,0.7208508762465887,1.8553704130059797e-05,False,False
barcode_var_len,high,abs,25.0,0.8,50,5.0,0.019240511557313315,0.41453658008732136,0.002762446997935634,-0.14915647751351652,0.35831121336829763,31.951999999999998,1.9568012795228422e-06,0.6211555555555555,2,102.7472453648319,0.00969462531350996,0.6870709864587975,2.067983170404822e-05,False,False
barcode_var_len,high,abs,30.0,0.8,50,5.477199999999999,0.0210768259803433,0.3694569519927191,0.00827781226677293,-0.23826294459951336,0.13872920665971303,30.436705882352925,3.988044918236802e-06,0.5874823529411761,2,102.33034729425628,0.021932664980338534,0.4857335246972735,2.798501325447788e-05,False,False
barcode_var_len,high,abs,35.0,0.8,50,5.916100000000001,0.022765758084844264,0.42041653157792164,0.002367048379546727,-0.1375338948501256,0.39739079979220154,31.012705882352947,3.0431797839665903e-06,0.6002823529411766,2,108.39807245818729,0.008701007877385203,0.712087560321286,2.5171196994640913e-05,False,False
barcode_var_len,high,abs,40.0,0.8,50,6.324599999999999,0.024337707879076763,0.45961620818192367,0.0007856547621625983,-0.060050010427519625,0.7128143594572259,33.65552941176469,8.767818257532697e-07,0.659011764705882,2,96.26388776613982,0.004104825442759643,0.8970464875442762,1.7469879403322394e-05,False,False
barcode_var_len,high,abs,45.0,0.8,50,6.708199999999998,0.02581383992575384,0.4311964426440222,0.0017704524863552714,-0.11622582663390896,0.47510759568232697,32.05929411764703,1.8604516278583006e-06,0.6235398692810451,2,95.37891294574187,0.007158786140480011,0.7644464774819448,2.011883737102581e-05,False,False
barcode_var_len,high,abs,50.0,0.8,50,7.0711,0.027210316254583637,0.4419763537101227,0.0013115815162940653,-0.09298066130712715,0.5682352325021965,30.301176470588217,4.249829204335177e-06,0.5844705882352937,2,96.12311113703635,0.005864282741122503,0.8142662037396653,2.884920554767675e-05,False,False
barcode_var_len,high,abs,55.0,0.8,50,7.416200000000001,0.028538296362269403,0.4400163698799227,0.001386118619822625,-0.09879195263882261,0.5441901490163065,30.692705882352925,3.5365880247695272e-06,0.593171241830065,2,93.98205798837222,0.005995768913651355,0.8071719913638995,2.6740055797037887e-05,False,False
barcode_var_len,high,abs,60.0,0.8,50,7.746,0.029807400504589795,0.4782360545688247,0.0004436429291300268,-0.023245165326781787,0.8867857141673682,33.2141176470588,1.0797738548910387e-06,0.6492026143790844,2,93.12565058746787,0.002845433959247758,0.9612012985730214,1.7469879403322394e-05,False,False
barcode_var_len,high,abs,65.0,0.8,50,8.0623,0.031024555265705432,0.42335650732322183,0.0021888466001493776,-0.13172260351843013,0.41782006766944396,27.48423529411764,1.586477835172354e-05,0.5218718954248364,2,102.20714921865667,0.008208174750560166,0.7208508762465887,6.332293505194374e-05,False,False
barcode_var_len,high,abs,70.0,0.8,50,8.3666,0.032195532799083514,0.49979587670102577,0.0002195189404492559,0.019370971105651492,0.9055614351251217,29.952941176470574,5.003596837720113e-06,0.5767320261437905,2,90.29318387584428,0.0018392127443045763,0.9657937324155541,3.197821384805815e-05,False,False
barcode_var_len,high,abs,75.0,0.8,50,8.6603,0.0333257204479601,0.4419763537101227,0.0013115815162940653,-0.09491775841769232,0.5601662401231016,29.359999999999985,6.6054599546096985e-06,0.5635555555555553,2,91.50759746388495,0.005864282741122503,0.8142662037396653,3.6349572531284135e-05,False,False
barcode_var_len,high,abs,80.0,0.8,50,8.9443,0.0344185815044155,0.5282156422389273,8.060259518955443e-05,0.07748388442260597,0.6346250730313773,33.97458823529411,7.541847357242419e-07,0.6661019607843135,2,89.00171756752812,0.0008818872179563014,0.8541263645718971,1.7469879403322394e-05,False,False
barcode_var_len,high,abs,85.0,0.8,50,9.219499999999998,0.03547757926053002,0.47333609499332446,0.0005172692669593778,-0.03293065087960753,0.8401340511006948,30.216470588235268,4.4220611636569285e-06,0.5825882352941171,2,77.34217079140856,0.0030837206299501366,0.9459136410697896,2.9375120587149596e-05,False,False
barcode_var_len,high,abs,90.0,0.8,50,9.486800000000002,0.036506177008383996,0.48411600605942495,0.0003678644728109138,-0.011622582663390894,0.9432552438855252,32.69364705882353,1.3800178533637824e-06,0.6376366013071896,2,86.8734966724295,0.0024971821876945246,0.9790484116222526,1.7469879403322394e-05,False,False
barcode_var_len,high,abs,95.0,0.8,50,9.7468,0.03750668360936429,0.45765622435172354,0.000832820560833048,-0.06392420464864992,0.6951518346023172,30.527058823529387,3.8225062266204785e-06,0.5894901960784308,2,90.8317059210045,0.004232366784561392,0.8843928949112928,2.7345621467361886e-05,False,False
barcode_var_len,high,abs,100.0,0.8,50,10.0,0.03848102311462663,0.4488362971158231,0.0010780775166309505,-0.08135807864373626,0.6177329839184934,29.109647058823526,7.426523240579792e-06,0.5579921568627451,2,88.02651506144065,0.005221937971181166,0.8436001101970614,3.9922928403116797e-05,False,False
barcode_var_len,high,abs,0.0,0.9,50,0.0,0.0,0.24042149259537157,0.0926064658665162,-0.4939597631941131,0.0011980997610938904,31.88149646107177,2.0228030238986964e-06,0.6195888102460393,2,132.97186414617676,0.13846304381971072,0.05864383041143779,2.1137155193548175e-05,False,False
barcode_var_len,high,abs,5.0,0.9,50,2.2361,0.008638840059632764,0.4037566690212208,0.003641167432932486,-0.17046454572973313,0.2929615964374106,30.018823529411748,4.851440047311601e-06,0.5781960784313722,1,126.31592681429775,0.011923541241645113,0.6365754315111959,3.133221697222076e-05,False,False
barcode_var_len,high,abs,10.0,0.9,50,3.1622999999999997,0.012217076123865968,0.4919559413802254,0.00028505430756506,0.003874194221130298,0.981071453424745,31.077647058823516,2.9517481462984046e-06,0.6017254901960781,1,128.66827833109832,0.0021729549675041458,0.9885118653142068,2.4955688873250148e-05,False,False
barcode_var_len,high,abs,15.0,0.9,50,3.873,0.014962759961968471,0.49783589287082564,0.00023447294876445903,0.015496776884521193,0.9243879679995202,32.816,1.3027018171588928e-06,0.6403555555555556,1,122.36672795315417,0.0019297331181499725,0.9735909515736736,1.7469879403322394e-05,False,False
barcode_var_len,high,abs,20.0,0.9,50,4.472100000000001,0.017277293784125795,0.5468354886258282,3.9768516179306515e-05,0.11235163241277864,0.49004823867874037,32.648470588235284,1.4097067007232539e-06,0.6366326797385619,1,119.920719095919,0.000568995693027001,0.7777216074594343,1.7469879403322394e-05,False,False
barcode_var_len,high,abs,25.0,0.9,50,5.0,0.01931675698679121,0.5409555371352279,4.993284192220729e-05,0.10072904974938775,0.5362845273506927,31.71576470588232,2.1868158758481473e-06,0.6159058823529405,1,115.02495440354693,0.0006540499012345462,0.8018402097044118,2.136304301614057e-05,False,False
barcode_var_len,high,abs,30.0,0.9,50,5.477199999999999,0.02116034827361056,0.5507554562862284,3.408832409185254e-05,0.12010002085503925,0.46041044333444936,32.50070588235292,1.5113302456775035e-06,0.6333490196078426,1,120.70409277167975,0.0005032085937368708,0.7498804068319402,1.8019706775385618e-05,False,False
barcode_var_len,high,abs,35.0,0.9,50,5.916100000000001,0.0228559732019111,0.5742752622486297,1.296502107106302e-05,0.16659035150860282,0.30423147795262523,31.77035294117644,2.1313811407682523e-06,0.6171189542483654,1,124.8260155150788,0.0002923670882400094,0.6430347147635033,2.136304301614057e-05,False,False
barcode_var_len,high,abs,40.0,0.9,50,6.324599999999999,0.024434152247731936,0.542915520965428,4.6306534524945614e-05,0.10460324397051804,0.5206416815555198,31.853176470588238,2.049934777252162e-06,0.6189594771241831,1,107.51077267358308,0.0006152153872599917,0.7924660619421169,2.118265936493901e-05,False,False
barcode_var_len,high,abs,45.0,0.9,50,6.708199999999998,0.025916133843758554,0.5860351652298302,7.770699956227097e-06,0.18983551683538463,0.24069181478268264,33.85317647058821,7.986817760854704e-07,0.6634039215686269,1,111.82497440642321,0.00020647859883689144,0.5782477995046473,1.7469879403322394e-05,False,False
barcode_var_len,high,abs,50.0,0.9,50,7.0711,0.027318144065859862,0.5605553754372289,2.299041759455073e-05,0.13947099196069074,0.39071182423817086,33.0531764705882,1.1649071430681131e-06,0.6456261437908488,1,107.07870983562321,0.0004034167615647581,0.7069299543608928,1.7469879403322394e-05,False,False
barcode_var_len,high,abs,55.0,0.9,50,7.416200000000001,0.028651386633088194,0.5781952299090298,1.095529950463161e-05,0.17433873995086344,0.28196431134337446,35.97929411764704,2.9222168725308877e-07,0.7106509803921566,1,104.9169888050359,0.0002681165405080894,0.6258396409292082,1.7469879403322394e-05,False,False
barcode_var_len,high,abs,60.0,0.9,50,7.746,0.029925519923936942,0.5909351248053305,6.240836369617178e-06,0.19952100238821038,0.2170824204980929,34.44047058823526,6.052026427446883e-07,0.6764549019607835,2,109.54963973202621,0.0001956735674526438,0.5663579759683925,1.7469879403322394e-05,False,False
barcode_var_len,high,abs,65.0,0.9,50,8.0623,0.031147497970921346,0.6085749792771313,2.749026683559734e-06,0.23438875037838308,0.14545751027560785,34.30494117647058,6.452268244064793e-07,0.6734431372549017,1,113.3489307713548,0.00012760333396359493,0.4919108529320556,1.7469879403322394e-05,False,False
barcode_var_len,high,abs,70.0,0.9,50,8.3666,0.03232311580113746,0.5860351652298302,7.770699956227097e-06,0.18983551683538463,0.24069181478268264,33.90117647058824,7.807855176366806e-07,0.6644705882352943,1,107.7711496981866,0.00020647859883689144,0.5782477995046473,1.7469879403322394e-05,False,False
barcode_var_len,high,abs,75.0,0.9,50,8.6603,0.03345778210654158,0.5144957554275265,0.0001321924259760067,0.048427427764128735,0.7666620524502553,33.82117647058823,8.108391192594525e-07,0.6626928104575162,1,102.1105923694838,0.0013078612357200663,0.9211830862774385,1.7469879403322394e-05,False,False
barcode_var_len,high,abs,80.0,0.9,50,8.9443,0.03455497390339132,0.6095549711922315,2.622800095219794e-06,0.2363258474889482,0.14206399862113805,32.76235294117646,1.3360558738451944e-06,0.6391633986928102,1,104.57755012362072,0.00012760333396359493,0.4857335246972735,1.7469879403322394e-05,False,False
barcode_var_len,high,abs,85.0,0.9,50,9.219499999999998,0.035618168207944306,0.6164149145979319,1.8790023240180228e-06,0.24988552726290425,0.11992549693631241,34.18635294117644,6.824056276384702e-07,0.6708078431372542,1,105.79741476273352,0.00011649814408911742,0.44972061351117154,1.7469879403322394e-05,False,False
barcode_var_len,high,abs,90.0,0.9,50,9.486800000000002,0.03665084203645817,0.5566354077768287,2.6953649534406564e-05,0.13172260351843013,0.41782006766944396,33.666823529411744,8.721207032479921e-07,0.6592627450980387,1,93.68778975346962,0.0004476231083392518,0.7208508762465887,1.7469879403322394e-05,False,False
barcode_var_len,high,abs,95.0,0.9,50,9.7468,0.03765531339977131,0.5791752218241298,1.0499998953181279e-05,0.17627583706142858,0.27656782450681333,34.08470588235289,7.159675401959167e-07,0.6685490196078421,1,97.36650780949837,0.0002639188926069889,0.6182886461330201,1.7469879403322394e-05,False,False
barcode_var_len,high,abs,100.0,0.9,50,10.0,0.03863351397358242,0.5282156422389273,8.060259518955443e-05,0.07554678731204083,0.6431408205008708,34.16564705882351,6.891126937555589e-07,0.6703477124183002,1,95.00279529515221,0.0008818872179563014,0.8593691998071981,1.7469879403322394e-05,False,False
barcode_var_len,high,abs,0.0,1.0,50,0.0,0.0,0.2952257596454773,0.03739696619463233,-0.38548232500246465,0.014031223327734788,29.492390572390562,6.20846720587631e-06,0.5664975682753458,3,150.0182818015989,0.06586965636554558,0.20712758245703733,3.499317879675738e-05,False,False
barcode_var_len,high,abs,5.0,1.0,50,2.2361,0.008640407025474134,0.4899959575500253,0.0003039956903767903,0.0,1.0,30.644705882352923,3.617174265032048e-06,0.5921045751633983,1,147.47605138246672,0.002208718687893867,1.0,2.6911776531838438e-05,False,False
barcode_var_len,high,abs,10.0,1.0,50,3.1622999999999997,0.012219292132130428,0.5448755047956281,4.292337466812561e-05,0.10847743819164836,0.5052278735468407,30.964705882352916,3.112567370305059e-06,0.5992156862745093,1,141.79870307229066,0.0005870402711964238,0.784410554922474,2.5171196994640913e-05,False,False
barcode_var_len,high,abs,15.0,1.0,50,3.873,0.01496547399922245,0.5772152379939298,1.1428780583088116e-05,0.1724016428402983,0.2874288883942323,34.10164705882352,7.102617870066645e-07,0.6689254901960782,1,138.04172039467124,0.0002725324600582551,0.6289620381332613,1.7469879403322394e-05,False,False
barcode_var_len,high,abs,20.0,1.0,50,4.472100000000001,0.017280427645732694,0.6007350439563309,3.981578482415054e-06,0.21889197349386189,0.17477538712368895,34.463058823529394,5.987767988250776e-07,0.6769568627450977,1,133.80586524762137,0.00014811471954584,0.5176468472134736,1.7469879403322394e-05,False,False
barcode_var_len,high,abs,25.0,1.0,50,5.0,0.019320260778753484,0.5919151167204305,5.970515067258866e-06,0.2014580994987755,0.21255956229611764,33.331764705882335,1.0214911114866053e-06,0.6518169934640519,1,129.71945168205173,0.0001956735674526438,0.5663579759683925,1.7469879403322394e-05,False,False
barcode_var_len,high,abs,30.0,1.0,50,5.477199999999999,0.021164186467477718,0.5987750601261308,4.3612384921574585e-06,0.21501777927273155,0.18272353817081075,32.59388235294114,1.4464308753288435e-06,0.6354196078431363,1,125.05324340730574,0.00015599814606563216,0.5284657153424824,1.7469879403322394e-05,False,False
barcode_var_len,high,abs,35.0,1.0,50,5.916100000000001,0.022860118958636697,0.6066149954469313,3.018573491611923e-06,0.23051455615725275,0.15242261252860864,34.73976470588232,5.253664288829814e-07,0.6831058823529405,1,122.85026415598328,0.00012760333396359493,0.4921980196236321,1.7469879403322394e-05,False,False
barcode_var_len,high,abs,40.0,1.0,50,6.324599999999999,0.024438584264260856,0.6075949873620313,2.880874693449374e-06,0.23245165326781791,0.14891022386666583,33.77599999999998,8.28317002121119e-07,0.6616888888888884,1,127.71291455933157,0.00012760333396359493,0.4921980196236321,1.7469879403322394e-05,False,False
barcode_var_len,high,abs,45.0,1.0,50,6.708199999999998,0.025920834671206826,0.6262148337489323,1.1506620985899462e-06,0.26925649836855575,0.09293462462559046,34.79999999999998,5.106153165723022e-07,0.6844444444444441,1,119.71547174693485,0.00010279275740133254,0.40387477056915483,1.7469879403322394e-05,False,False
barcode_var_len,high,abs,50.0,1.0,50,7.0711,0.027323099198528756,0.639934720560333,5.62536494665061e-07,0.2963758579164678,0.06331503171672757,35.14258823529411,4.342362673792836e-07,0.6920575163398692,1,124.52457389139443,9.678716175231015e-05,0.35416525393901205,1.7469879403322394e-05,False,False
barcode_var_len,high,abs,55.0,1.0,50,7.416200000000001,0.028656583597478316,0.6066149954469313,3.018573491611923e-06,0.23051455615725275,0.15242261252860864,35.803294117647056,3.1762385678095746e-07,0.7067398692810457,1,115.19494147216486,0.00012760333396359493,0.4921980196236321,1.7469879403322394e-05,False,False
barcode_var_len,high,abs,60.0,1.0,50,7.746,0.0299309479984449,0.6654145103529342,1.3499957475084483e-07,0.34674038279116176,0.02838358014377457,36.879999999999995,1.9068038243621556e-07,0.7306666666666666,1,122.410501572319,6.277480225914285e-05,0.28947216023840944,1.7469879403322394e-05,False,False
barcode_var_len,high,abs,65.0,1.0,50,8.0623,0.031153147695308848,0.620334882258332,1.5474178533533932e-06,0.25763391570516486,0.10849891383233723,33.54447058823527,9.239592485902319e-07,0.6565437908496727,1,109.94087088620569,0.00010279275740133254,0.4312136318977506,1.7469879403322394e-05,False,False
barcode_var_len,high,abs,70.0,1.0,50,8.3666,0.03232897876630378,0.620334882258332,1.5474178533533932e-06,0.25763391570516486,0.10849891383233723,35.6602352941176,3.398844749759076e-07,0.7035607843137244,1,111.79463741977642,0.00010279275740133254,0.4312136318977506,1.7469879403322394e-05,False,False
barcode_var_len,high,abs,75.0,1.0,50,8.6603,0.03346385088444776,0.640914712475433,5.337808825841086e-07,0.29831295502703303,0.06152651587728948,37.52282352941174,1.4055307951767173e-07,0.7449516339869275,1,115.88024117644161,9.678716175231015e-05,0.3467858167629043,1.7469879403322394e-05,False,False
barcode_var_len,high,abs,80.0,1.0,50,8.9443,0.03456124169668096,0.6115149550224316,2.386334399916675e-06,0.2402000417100785,0.13545264336345728,34.989176470588205,4.6691898507370994e-07,0.6886483660130712,1,99.88080022444423,0.00012760333396359493,0.4826473499157673,1.7469879403322394e-05,False,False
barcode_var_len,high,abs,85.0,1.0,50,9.219499999999998,0.035624628849943545,0.6379747367301328,6.244333016278074e-07,0.29250166369533753,0.06701563255598558,37.59152941176467,1.3604274558720154e-07,0.7464784313725482,1,107.00807155272832,9.678716175231015e-05,0.35416525393901205,1.7469879403322394e-05,False,False
barcode_var_len,high,abs,90.0,1.0,50,9.486800000000002,0.03665748999117571,0.6840343567398351,4.34879470754017e-08,0.38354522789189954,0.014562623340033316,36.726588235294116,2.0506990835649836e-07,0.7272575163398692,1,108.45694467947858,4.044379078012358e-05,0.20835753394201514,1.7469879403322394e-05,False,False
barcode_var_len,high,abs,95.0,1.0,50,9.7468,0.0376621435516709,0.6232748580036321,1.3353912114675822e-06,0.26344520703686025,0.10048641259754532,37.317647058823525,1.5492925287225387e-07,0.740392156862745,1,106.2513347701428,0.00010279275740133254,0.41719805230230866,1.7469879403322394e-05,False,False
barcode_var_len,high,abs,100.0,1.0,50,10.0,0.03864052155750697,0.6497346397113335,3.30063045669888e-07,0.3157468290221193,0.047174143731525855,34.92799999999997,4.806256666332043e-07,0.6872888888888882,1,103.21418480292472,9.678716175231015e-05,0.342619528403992,1.7469879403322394e-05,False,False
barcode_var_len,low,abs,0.0,0.1,50,0.0,0.0,0.18214285714285716,0.20551669019000943,0.13361980022491332,0.41108621400797496,2.0874999999999804,0.7196691803219772,-0.04250000000000043,0,0.025,0.26545905816209553,0.7208508762465887,0.738733264568917,False,True
barcode_var_len,low,abs,5.0,0.1,50,2.2361,0.13612211402106486,0.2111733569114801,0.14099064445791404,0.14178098729769717,0.38283332335293474,2.6808169823262826,0.6125755433078088,-0.02931517817052705,2,0.08434984152307423,0.1948310540057356,0.7045598730077266,0.6408270588034446,False,False
barcode_var_len,low,abs,10.0,0.1,50,3.1622999999999997,0.19250434290452728,0.24728764000412753,0.08338691130114587,0.18961552388620087,0.24124746904064853,6.76987139043921,0.14856083605621775,0.06155269756531578,1,0.08294961904526843,0.1260972805041718,0.5782477995046473,0.18848782746559686,False,False
barcode_var_len,low,abs,15.0,0.1,50,3.873,0.235768054918646,0.06444528360474813,0.6565844174136619,0.042728516719853935,0.7934840423053662,3.999215876089028,0.40611197974278956,-1.7424975799378787e-05,2,-1.2409411022334045,0.7059231308609314,0.9276813525483059,0.45123553304754394,False,False
barcode_var_len,low,abs,20.0,0.1,50,4.472100000000001,0.27223814056330403,0.25163180379638983,0.07793622330121826,0.19447746039610345,0.2291687391745005,4.320035055260719,0.3644230163284665,0.007111890116904876,2,0.6541855420157718,0.11901590750432346,0.5776202284004767,0.4108041274975441,False,False
barcode_var_len,low,abs,25.0,0.1,50,5.0,0.30437394128407685,0.2041129406523971,0.15508155002019508,0.1979090700296477,0.22089637523897948,4.516616110549361,0.34058178338721734,0.011480358012208017,2,0.21158119422181332,0.20781821544493,0.5663579759683925,0.3872140080074721,False,False
barcode_var_len,low,abs,30.0,0.1,50,5.477199999999999,0.3334233902402291,0.28919145159432474,0.04165786482903164,0.42462278704539097,0.00631499918964304,7.98160647991899,0.09225430105752293,0.08848014399819978,2,1.3806221148386255,0.07201080723234093,0.14362072716230825,0.12204338546727785,False,False
barcode_var_len,low,abs,35.0,0.1,50,5.916100000000001,0.3601413348061454,-0.20189772537940076,0.1597090549538922,0.02324952774876385,0.8867646047257947,4.374487296479523,0.35769050950291836,0.008321939921767177,2,-3.056329436926818,0.21315280210564092,0.9612012985730214,0.40370409446324523,False,False
barcode_var_len,low,abs,40.0,0.1,50,6.324599999999999,0.38500868580905456,0.3117122788717562,0.0275514999221123,0.3022438607339301,0.05802058696929153,5.190963247657949,0.26825864484672535,0.026465849947954426,0,3.7826981321437865,0.052688684922950126,0.3431721684334451,0.31420722885069846,False,True
barcode_var_len,low,abs,45.0,0.1,50,6.708199999999998,0.4083602545843688,-0.14504228588443846,0.31490150287549323,-0.013560315826200875,0.933814047347901,1.7546724932769782,0.7807639897587899,-0.04989616681606715,3,-5.008804629027577,0.38233592618391676,0.9757864548698387,0.7941461508473724,False,False
barcode_var_len,low,abs,50.0,0.1,50,7.0711,0.43045171524276715,0.11573634431284494,0.4234933890538138,-0.06393620130910059,0.6950973818263472,2.3948484848484535,0.6635584292754213,-0.035670033670034365,1,0.604487361568558,0.485633602737419,0.8843928949112928,0.6864397544228497,False,False
barcode_var_len,low,abs,55.0,0.1,50,7.416200000000001,0.4514596046701942,0.213638237491811,0.13630291717497636,0.10072904974938775,0.5362845273506927,3.7929411764705776,0.43475282361150946,-0.00460130718954272,1,0.8531322667622101,0.1900475456862489,0.8018402097044118,0.4784853561641465,False,False
barcode_var_len,low,abs,60.0,0.1,50,7.746,0.471536109837292,0.30676693225122537,0.030246438056809717,0.013559679773956045,0.933817144982964,8.414792757312306,0.07751247536058038,0.09810650571805124,2,3.1345223768003905,0.05595369579345202,0.9757864548698387,0.10417139029673374,False,False
barcode_var_len,low,abs,65.0,0.1,50,8.0623,0.4907908053629227,0.19551308131044237,0.17361087694793634,0.21793364720679978,0.17671798466940208,6.759618709181699,0.1491497927595696,0.061324860204037754,2,-0.01376279473492037,0.22934391414997274,0.521738811881092,0.18897725785613043,False,False
barcode_var_len,low,abs,70.0,0.1,50,8.3666,0.5093150034294714,0.12249898938750632,0.396722960997447,0.1142887295233438,0.4825477544896945,1.039999999999992,0.9036712329146966,-0.06577777777777795,2,2.135858916687938,0.46176765172418743,0.7697588536456533,0.9085559422818031,False,False
barcode_var_len,low,abs,75.0,0.1,50,8.6603,0.5271939287404982,-0.007839935320800403,0.9569069973634546,-0.08135807864373626,0.6177329839184934,1.7515294117646647,0.7813373419627374,-0.04996601307189634,2,0.8221370798611627,0.963120679164516,0.8436001101970614,0.7941461508473724,False,False
barcode_var_len,low,abs,80.0,0.1,50,8.9443,0.5444823686054339,0.23833840396628234,0.09555478492349587,0.17049653682426824,0.2928696705015465,5.332962962962947,0.2548069692847701,0.029621399176954374,2,0.33219915664441846,0.14215824477174863,0.6365754315111959,0.30072396121172107,False,False
barcode_var_len,low,abs,85.0,0.1,50,9.219499999999998,0.5612351103337093,-0.11863600348038385,0.4118917138420843,-0.11043525680662829,0.49752728839467636,1.7833597692861949,0.7755253390031827,-0.049258671793640116,2,-1.6365043059825135,0.47493143979114305,0.7843659025894529,0.7908317601677192,False,False
barcode_var_len,low,abs,90.0,0.1,50,9.486800000000002,0.5775069412347561,-0.05146193283260126,0.7226478017972449,-0.208247707330942,0.19722391461439756,5.385409560413151,0.24998719363212735,0.030786879120292238,2,-1.8502205202584472,0.7637073359902701,0.5410567569067544,0.2961631720737305,False,False
barcode_var_len,low,abs,95.0,0.1,50,9.7468,0.5933343861815281,0.10878955105394893,0.45202834584022245,-0.05812381937190963,0.7216519159720916,5.996445895970391,0.19941385337175785,0.04436546435489757,2,0.1561946898549209,0.5114683682544625,0.8973033596244024,0.24274199428761098,False,False
barcode_var_len,low,abs,100.0,0.1,50,10.0,0.6087478825681537,0.13327890045360688,0.3561567261170763,0.06392420464864992,0.6951518346023172,5.119999999999976,0.27520487597814935,0.024888888888888357,2,1.0599509756628658,0.42464840421651406,0.8843928949112928,0.32072748704220416,False,False
barcode_var_len,low,abs,0.0,0.2,50,0.0,0.0,0.4090978165232025,0.0031790515210184914,0.24192408278927746,0.1325850300646057,8.66473887136344,0.07004805662599799,0.10366086380807644,1,0.1376388888888889,0.010829735950722334,0.4797824045139428,0.09496310883699435,False,False
barcode_var_len,low,abs,5.0,0.2,50,2.2361,0.13553591570291915,0.1528787387556079,0.28918102272640694,-0.001937097110565149,0.9905350874780009,5.263058823529406,0.2613550302930449,0.028067973856209013,2,0.34982577742412835,0.3557385597031197,0.9948138567543637,0.3078810071223501,False,False
barcode_var_len,low,abs,10.0,0.2,50,3.1622999999999997,0.19167533930832306,-0.12543896513280645,0.385400574071609,-0.30025005213759814,0.05977837772711625,5.365647058823498,0.2517940448422858,0.03034771241829996,2,-0.17940030838109133,0.4519830187725049,0.3431721684334451,0.2979242515309488,False,False
barcode_var_len,low,abs,15.0,0.2,50,3.873,0.23475273982264028,0.19403839918981003,0.17694263427729667,-0.02905645665847724,0.8587392363951517,6.351058823529399,0.1744201463202,0.052245751633986655,2,0.3784045525167956,0.2330830734814248,0.9496165158709763,0.2171495797560723,False,False
barcode_var_len,low,abs,20.0,0.2,50,4.472100000000001,0.27106577014222294,-0.047039611924802424,0.7456450561322706,0.06586130175921506,0.6863790881687026,15.68941176470588,0.0034655400229199936,0.2597647058823529,2,-0.6151452411933822,0.7817924489323694,0.8843928949112928,0.006129843539327826,False,False
barcode_var_len,low,abs,25.0,0.2,50,5.0,0.3030631807676739,0.010779911066100555,0.9407719716543167,-0.1840242255036892,0.255661342055195,3.4211764705882217,0.4899643905022153,-0.012862745098039518,2,0.18723081657911678,0.9499651831037074,0.5914553435605256,0.530462029298091,False,False
barcode_var_len,low,abs,30.0,0.2,50,5.477199999999999,0.3319875307401407,0.12543896513280645,0.385400574071609,-0.007748388442260596,0.9621531316641155,6.112941176470571,0.19087103165595307,0.04695424836601268,1,0.4782189372853538,0.4519830187725049,0.985384568715733,0.2341821364644279,False,False
barcode_var_len,low,abs,35.0,0.2,50,5.916100000000001,0.35859041674792713,0.047039611924802424,0.7456450561322706,0.1375338948501256,0.39739079979220154,1.4832941176470342,0.8295965275264343,-0.05592679738562146,2,0.04205252485974409,0.7817924489323694,0.712087560321286,0.8395264097928008,False,False
barcode_var_len,low,abs,40.0,0.2,50,6.324599999999999,0.3833506786166461,-0.14601879534990753,0.3116194218243676,-0.220829070604427,0.17089556312621176,5.393882352941148,0.24921597031280962,0.030975163398692176,2,-0.4315801659084393,0.3803229163998187,0.5160158237252498,0.29562608723330736,False,False
barcode_var_len,low,abs,45.0,0.2,50,6.708199999999998,0.406601685845142,0.13229890853850682,0.3597361975286544,-0.04067903932186813,0.803189316671649,4.528941176470568,0.33912958560957557,0.011754248366012613,1,1.1459586996764592,0.42781926304558643,0.9360476998804932,0.3865079835991486,False,False
barcode_var_len,low,abs,50.0,0.2,50,7.0711,0.42859801150525983,0.24009801919951237,0.09305959986311856,0.14721938040295135,0.364657907893048,3.741176470588215,0.4421653965806567,-0.005751633986928558,2,0.84494805673702,0.13891721969935836,0.6949423244683086,0.4843507877738642,False,False
barcode_var_len,low,abs,55.0,0.2,50,7.416200000000001,0.44951543224184454,0.06467946639660332,0.6554145662494176,-0.1724016428402983,0.2874288883942323,8.701176470588223,0.06901842852941022,0.10447058823529384,2,0.02711527175586248,0.7054809567268037,0.6289620381332613,0.0939782408965615,False,False
barcode_var_len,low,abs,60.0,0.2,50,7.746,0.46950547964528055,-0.12543896513280645,0.385400574071609,-0.07167259309091052,0.6603070945489715,5.474823529411765,0.2419513915478779,0.03277385620915033,2,0.4259577865590174,0.4519830187725049,0.8722806788786129,0.2881111320608533,False,False
barcode_var_len,low,abs,65.0,0.2,50,8.0623,0.4886772564606436,0.1411188357744073,0.32830916819071093,0.26344520703686025,0.10048641259754532,2.7247058823529358,0.6048983752529147,-0.02833986928104587,1,0.2101737517510891,0.3955019772245611,0.41719805230230866,0.6345669283862524,False,False
barcode_var_len,low,abs,70.0,0.2,50,8.3666,0.5071216816421642,-0.15777869833110814,0.2738157939423484,0.050364524874693874,0.757604165263162,3.6574117647058983,0.4543504053569297,-0.007613071895424481,3,-2.4766975162941307,0.34043942294971125,0.9210089852218831,0.4958167050105573,False,False
barcode_var_len,low,abs,75.0,0.2,50,8.6603,0.5249236128804573,0.10779911066100555,0.4561806537458018,0.1375338948501256,0.39739079979220154,2.506352941176459,0.6434985628582996,-0.033192156862745355,1,2.124533931896906,0.5154896816325586,0.712087560321286,0.6664294693298649,False,False
barcode_var_len,low,abs,80.0,0.2,50,8.9443,0.5421376015480612,-0.2214781728126114,0.12216661498840359,-0.038741942211302983,0.8123893002810373,5.007999999999981,0.2864776297791687,0.022399999999999587,3,-4.082802466678494,0.1734579418919318,0.9420474429692827,0.33219974525514573,False,False
barcode_var_len,low,abs,85.0,0.2,50,9.219499999999998,0.558818199017514,0.11857902172710612,0.41211792678650805,0.14915647751351652,0.35831121336829763,2.3557647058823363,0.6706356091105776,-0.036538562091503635,3,0.45094054887285573,0.47493143979114305,0.6870709864587975,0.6929901294142635,False,False
barcode_var_len,low,abs,90.0,0.2,50,9.486800000000002,0.5750199566613537,0.252837914095813,0.07647383870871899,0.13172260351843013,0.41782006766944396,9.05694117647056,0.059691874267149635,0.11237647058823465,2,0.9865815860615701,0.11736084158268756,0.7208508762465887,0.08199917735369153,False,False
barcode_var_len,low,abs,95.0,0.2,50,9.7468,0.5907792420612729,0.09211924001940475,0.5246062030557346,-0.129785506407865,0.4247594410571297,4.202352941176457,0.3793124813893618,0.004496732026143491,1,2.263753812487133,0.5794344048002769,0.7208508762465887,0.42450133296282366,False,False
barcode_var_len,low,abs,100.0,0.2,50,10.0,0.6061263615353478,-0.26851778473741383,0.0593659656624261,-0.33124360590664054,0.03680807650903482,5.213176470588223,0.266115195807351,0.02695947712418274,3,-3.1273694648097665,0.0950264166369299,0.3111955559400217,0.31208970000105474,False,False
barcode_var_len,low,abs,0.0,0.3,50,0.0,0.0,0.5588551876735699,2.4638356207588277e-05,0.22240991851241187,0.16777546205249144,18.526208405413627,0.0009735621875090032,0.32280463123141395,2,0.45605281463889524,0.00042102853518392473,0.511577638389564,0.0019513207637572693,False,False
barcode_var_len,low,abs,5.0,0.3,50,2.2361,0.13490829241970365,0.1763985447180091,0.22041919557043052,-0.24794843015233908,0.12291856702518365,14.811294117647009,0.005109042296029277,0.24025098039215576,1,0.32949904111237593,0.2805001211458924,0.4590934431061076,0.008782642024597463,False,False
barcode_var_len,low,abs,10.0,0.3,50,3.1622999999999997,0.1907877523897987,0.17247857705760888,0.2310097705491027,0.025182262437346937,0.8774200339160868,3.158588235294104,0.5316455059419825,-0.018698039215686576,2,0.20571917766619663,0.29110987345618633,0.9611314859151481,0.5689646956571274,False,False
barcode_var_len,low,abs,15.0,0.3,50,3.873,0.2336656753014231,0.2949775664451152,0.03756484154542411,-0.005811291331695447,0.9716103758197066,11.180235294117608,0.02461137741684335,0.1595607843137246,2,0.656748512288515,0.06591566535329135,0.985384568715733,0.03739964215304627,False,False
barcode_var_len,low,abs,20.0,0.3,50,4.472100000000001,0.2698105516435565,0.28321766346391464,0.04626012428551452,-0.015496776884521193,0.9243879679995202,9.206588235294106,0.056138161472838996,0.11570196078431347,1,0.8780840883755991,0.07793825287233426,0.9735909515736736,0.07803959666627842,False,False
barcode_var_len,low,abs,25.0,0.3,50,5.0,0.3016597925399214,0.10387914300060536,0.4728166959871841,-0.19758390527764522,0.22167129381988698,6.460235294117638,0.16731318863584657,0.05467189542483639,3,0.47862126529289517,0.5310622310000981,0.5663579759683925,0.2091414857948082,False,False
barcode_var_len,low,abs,30.0,0.3,50,5.477199999999999,0.3304502031399315,-0.39199676604002026,0.004872131721089426,-0.47846298630959183,0.0017906645175594371,11.245176470588206,0.023942456590190578,0.16100392156862678,2,-0.8303993984601812,0.014711306820172618,0.06938825005542819,0.03656237213280335,False,False
barcode_var_len,low,abs,35.0,0.3,50,5.916100000000001,0.3569298997290858,0.34005719453971756,0.015681698711744723,0.05811291331695448,0.7217020569882291,10.728470588235268,0.029791230370536638,0.14952156862745042,2,1.011641199696959,0.03514212000463275,0.8973033596244024,0.04411758637675012,False,False
barcode_var_len,low,abs,40.0,0.3,50,6.324599999999999,0.3815755047795974,0.08917926427410458,0.5379788789127127,-0.10847743819164836,0.5052278735468407,3.9425882352941244,0.41383144328400223,-0.0012758169934639024,2,0.34770499666539756,0.5913952214997905,0.784410554922474,0.4576257339525827,False,False
barcode_var_len,low,abs,45.0,0.3,50,6.708199999999998,0.40471884406326003,0.1028991510855053,0.47702563901755385,-0.12784840929729985,0.4317629906820725,11.993411764705854,0.01740032434715488,0.17763137254901898,2,0.07439075200311951,0.5344986075738857,0.7248006883291109,0.02719714561824208,False,False
barcode_var_len,low,abs,50.0,0.3,50,7.0711,0.4266133118058077,0.3616170166719186,0.009871039876256952,0.22276616771499216,0.16707804359403583,13.2141176470588,0.01027560936534787,0.20475816993464,2,1.116031020496079,0.025150868725805388,0.5111269096791228,0.01673610632184504,False,False
barcode_var_len,low,abs,55.0,0.3,50,7.416200000000001,0.447433870686913,0.1528787387556079,0.28918102272640694,0.04455323354299843,0.7848688299882403,1.6178823529411375,0.8055745835911424,-0.05293594771241917,2,1.317636982721286,0.3557385597031197,0.9276813525483059,0.8178868588862035,False,False
barcode_var_len,low,abs,60.0,0.3,50,7.746,0.4673313506028462,0.15581871450090803,0.27989574499966025,0.10460324397051804,0.5206416815555198,3.9896470588235218,0.4074087811440541,-0.0002300653594772939,2,0.46478193033884185,0.34614766336394154,0.7924660619421169,0.45213623683051346,False,False
barcode_var_len,low,abs,65.0,0.3,50,8.0623,0.4864143490789216,-0.1489587710952077,0.3018704424592802,-0.20726939083047097,0.19938430873187035,4.388705882352923,0.35594879377697597,0.008637908496731623,1,-0.4098160659775658,0.3689086878937327,0.5437753874505555,0.4026166944315237,False,False
barcode_var_len,low,abs,70.0,0.3,50,8.3666,0.5047733640529012,0.14503880343480746,0.3149132467278282,0.017433873995086342,0.9149689777413625,4.747294117647016,0.3142228955925982,0.016606535947711464,1,1.1500899740698465,0.38233592618391676,0.9724813134851052,0.3612203867751747,False,False
barcode_var_len,low,abs,75.0,0.3,50,8.6603,0.5224928602666962,0.036259700858701865,0.8025935285061513,-0.048427427764128735,0.7666620524502553,0.549647058823524,0.9684913101242136,-0.07667450980392168,3,0.4013992545548666,0.8349127309963319,0.9211830862774385,0.9705785758787917,False,False
barcode_var_len,low,abs,80.0,0.3,50,8.9443,0.5396271364829638,-0.06369947448150327,0.6603155028480303,-0.3021871492481633,0.05807000907066657,6.020705882352928,0.1976072728400233,0.0449045751633984,2,-0.009156142331885775,0.7091148009799864,0.3431721684334451,0.24111350990383687,False,False
barcode_var_len,low,abs,85.0,0.3,50,9.219499999999998,0.556230491464361,0.3135974128320162,0.026578443210682916,0.19758390527764522,0.22167129381988698,5.781647058823495,0.2160592312868277,0.03959215686274433,1,2.8726900933787,0.05117588444292983,0.5663579759683925,0.25994189533861545,False,False
barcode_var_len,low,abs,90.0,0.3,50,9.486800000000002,0.5723572239735453,0.20481831025591055,0.1536289591414536,-0.023245165326781787,0.8867857141673682,6.017882352941172,0.19781678285658874,0.04484183006535937,1,2.3475422877497207,0.2061687330469724,0.9612012985730214,0.24111350990383687,False,False
barcode_var_len,low,abs,95.0,0.3,50,9.7468,0.5880435331856212,-0.1430788196046074,0.3215671043699492,-0.20339519660934066,0.20810244941379488,2.972235294117638,0.5624824579519663,-0.022839215686274707,2,-0.6334223566180697,0.3883862429403282,0.5593505143203157,0.5964751264484933,False,False
barcode_var_len,low,abs,100.0,0.3,50,10.0,0.6033195850798428,0.059779506821103084,0.6800589551866979,-0.18208712839312402,0.2607862304209762,5.143529411764689,0.27288497301604386,0.025411764705881978,2,1.7883353590065898,0.726124946410596,0.5973674736244036,0.31842286688195837,False,False
barcode_var_len,low,abs,0.0,0.4,50,0.0,0.0,0.621093170963991,1.4899219170864153e-06,0.32263435437343957,0.042308591029377146,25.021026307892356,4.982244266983804e-05,0.46713391795316345,1,0.4712166792234849,0.00010279275740133254,0.33288463757892645,0.00014345161511749034,False,False
barcode_var_len,low,abs,5.0,0.4,50,2.2361,0.13726821827259283,0.29987752602061546,0.034363216800099024,-0.14334518618182104,0.3775519234135407,18.713411764705853,0.0008946556510919005,0.32696470588235227,1,0.4454655624923751,0.06122182303465918,0.6994487824195077,0.001800930206743436,False,False
barcode_var_len,low,abs,10.0,0.4,50,3.1622999999999997,0.19412516731962806,0.3233973319830166,0.0219710990669019,0.048427427764128735,0.7666620524502553,10.986352941176449,0.026717817371707694,0.15525228758169887,1,0.7239578983309116,0.044132013244532975,0.9211830862774385,0.04001219026680863,False,False
barcode_var_len,low,abs,15.0,0.4,50,3.873,0.23775314582073792,0.06761944214190349,0.6407984318885869,-0.17627583706142858,0.27656782450681333,7.701647058823511,0.10313927300596717,0.08225882352941136,2,0.17731528776737981,0.6921516163256514,0.6182886461330201,0.13490790983902878,False,False
barcode_var_len,low,abs,20.0,0.4,50,4.472100000000001,0.2745302978117537,0.0989791834251051,0.4940581832363764,-0.1646532543980377,0.30996864174106353,12.417882352941177,0.014499819312844177,0.18706405228758172,2,0.1572210159413454,0.5515895683191236,0.6449012009377831,0.022972456492240348,False,False
barcode_var_len,low,abs,25.0,0.4,50,5.0,0.3069366715991969,0.1587586902462082,0.2708088464066925,-0.19177261394594977,0.23583648068140362,11.301647058823505,0.023375125299808907,0.16225882352941123,2,0.5436043564219806,0.33715157584768946,0.5782477995046473,0.035813618663628144,False,False
barcode_var_len,low,abs,30.0,0.4,50,5.477199999999999,0.33623070753662426,0.19697837493511014,0.1703455254775327,-0.1065403410810832,0.5129058194910657,7.434352941176428,0.11463913333535279,0.07631895424836507,2,1.053617037235715,0.2253504106601784,0.7858359343108585,0.14828149374391947,False,False
barcode_var_len,low,abs,35.0,0.4,50,5.916100000000001,0.3631736085696018,0.29987752602061546,0.034363216800099024,-0.09104356419656201,0.5763571733802473,14.048941176470578,0.007140482758302321,0.2233098039215684,2,1.5436160838002335,0.06122182303465918,0.8158480536432724,0.012030161168878912,False,False
barcode_var_len,low,abs,40.0,0.4,50,6.324599999999999,0.3882503346392561,0.12445897321770641,0.3891532737137011,-0.12784840929729985,0.4317629906820725,8.689882352941169,0.06933602702429154,0.10421960784313708,1,1.206416760147797,0.4558092500676852,0.7248006883291109,0.09427266832250165,False,False
barcode_var_len,low,abs,45.0,0.4,50,6.708199999999998,0.41179851608434653,0.1842384800388095,0.2002607691382789,-0.20920648794103608,0.19512267052484822,11.183999999999969,0.024572110286451388,0.15964444444444376,2,1.4070729077402877,0.25975246206220276,0.5368759869470675,0.03739964215304627,False,False
barcode_var_len,low,abs,50.0,0.4,50,7.0711,0.4340759797090162,0.05683953107580294,0.6950081158836751,-0.14528228329238618,0.3710715537154117,3.7251764705882238,0.44447474498146444,-0.006107189542483916,2,0.31290936716196516,0.7386943403106488,0.6985760019338723,0.48630766215619053,False,False
barcode_var_len,low,abs,55.0,0.4,50,7.416200000000001,0.45526074878279277,0.03723969277380192,0.7973693106928347,-0.41066458743981166,0.008484500076457055,17.56611764705883,0.0014998253286205507,0.3014692810457518,1,1.2381876792420492,0.8313379584577761,0.1578117014221012,0.0028878624339898798,False,False
barcode_var_len,low,abs,60.0,0.4,50,7.746,0.47550629164147584,0.25577788984111316,0.07299988975011486,0.1414080890712559,0.38409876947840577,5.785411764705884,0.21575724545009992,0.03967581699346409,1,2.0241522941524934,0.11240049249603778,0.7045598730077266,0.25991481641009445,False,False
barcode_var_len,low,abs,65.0,0.4,50,8.0623,0.49492310548684115,0.4390363779648226,0.0014247865920672188,0.12397421507616954,0.44596095780510414,13.754352941176478,0.008121771798347697,0.2167633986928106,1,3.019207654657074,0.006106228251716652,0.7379780974354927,0.013487942450827425,False,False
barcode_var_len,low,abs,70.0,0.4,50,8.3666,0.5136032713203682,0.20677829408611065,0.14964531476762818,0.06392420464864992,0.6951518346023172,3.9294117647058613,0.4156432115238069,-0.0015686274509808603,1,1.4505840163764336,0.20316809158232732,0.8843928949112928,0.45908335714624754,False,False
barcode_var_len,low,abs,75.0,0.4,50,8.6603,0.531632731410105,0.39199676604002026,0.004872131721089426,0.04261613643243328,0.7940154372348941,16.572235294117633,0.0023400169916548983,0.2793830065359474,1,3.6698895966220233,0.014711306820172618,0.9276813525483059,0.004275473088878301,False,False
barcode_var_len,low,abs,80.0,0.4,50,8.9443,0.5490667343569394,0.3175173804924164,0.02464685965297283,-0.07167259309091052,0.6603070945489715,13.295999999999992,0.00991649423129235,0.2065777777777776,1,3.1559706341105587,0.04835776261026315,0.8722806788786129,0.016207978269071853,False,False
barcode_var_len,low,abs,85.0,0.4,50,9.219499999999998,0.5659605287617592,0.26459781707701363,0.06332331898986743,-0.06586130175921506,0.6863790881687026,9.518117647058801,0.04937629832753083,0.1226248366013067,1,2.697015355157914,0.10015422901458625,0.8843928949112928,0.06936549462931069,False,False
barcode_var_len,low,abs,90.0,0.4,50,9.486800000000002,0.5823693632254523,0.19403839918981003,0.17694263427729667,0.1065403410810832,0.5129058194910657,2.687058823529412,0.6114810442526692,-0.029176470588235286,1,2.099793538528399,0.2330830734814248,0.7858359343108585,0.6404024449943495,False,False
barcode_var_len,low,abs,95.0,0.4,50,9.7468,0.5983300701486105,0.23715804345421224,0.09725742551785523,-0.11622582663390896,0.47510759568232697,9.004235294117649,0.06099370589472156,0.11120522875816997,2,3.4746522322649263,0.14319899436488956,0.7644464774819448,0.08354071646846989,False,False
barcode_var_len,low,abs,100.0,0.4,50,10.0,0.6138733431983938,0.21853819706731126,0.12733156550484603,-0.14528228329238618,0.3710715537154117,9.666823529411744,0.046429988382916225,0.12592941176470543,2,3.273970127809336,0.17969401505236238,0.6985760019338723,0.06582300182334161,False,False
barcode_var_len,low,abs,0.0,0.5,50,0.0,0.0,0.3323140931498125,0.018382434601604346,-0.23576681839784283,0.14303728687321474,19.71554882589484,0.0005682818464389334,0.34923441835321867,2,0.3055276085089777,0.038930136119855754,0.48726987835930297,0.0011823313583628815,False,False
barcode_var_len,low,abs,5.0,0.5,50,2.2361,0.13544072004431557,0.4645161677574239,0.0006780640966012769,0.05811291331695448,0.7217020569882291,18.993882352941142,0.0007881222990769897,0.3331973856209143,2,0.48005132153449603,0.0036241356887309626,0.8973033596244024,0.0015933776916121749,False,False
barcode_var_len,low,abs,10.0,0.5,50,3.1622999999999997,0.19154071329374317,0.2440179868599126,0.08768315090726428,0.08523227286486657,0.6010327429300519,4.511058823529396,0.34123820280132733,0.011356862745097689,1,0.5588750309358348,0.13173720572496894,0.8317863853049826,0.38748660391359513,False,False
barcode_var_len,low,abs,15.0,0.5,50,3.873,0.2345878577575396,0.2077582860012107,0.1476823488427511,-0.2363258474889482,0.14206399862113805,11.876705882352951,0.0182920539614978,0.17503790849673223,2,0.5625745035183185,0.201977330034939,0.4857335246972735,0.028495159437509136,False,False
barcode_var_len,low,abs,20.0,0.5,50,4.472100000000001,0.27087538308223413,0.22637813238811166,0.1139128925794549,0.02130806821621664,0.8961665966991449,9.14729411764705,0.05752144461043762,0.11438431372549,2,0.5201590681424761,0.1629830616906047,0.9635085952950344,0.07960557066623064,False,False
barcode_var_len,low,abs,25.0,0.5,50,5.0,0.3028503198522328,0.14503880343480746,0.3149132467278282,-0.25763391570516486,0.10849891383233723,10.600470588235282,0.031440817396428775,0.14667712418300627,1,0.8005884230294011,0.38233592618391676,0.4312136318977506,0.04633908110725636,False,False
barcode_var_len,low,abs,30.0,0.5,50,5.477199999999999,0.33175435437893,0.2822376715488146,0.04705326508003719,-0.10847743819164836,0.5052278735468407,14.466823529411784,0.00594496115033423,0.23259607843137298,2,0.9183507937678006,0.07898833307659672,0.784410554922474,0.010163260790093444,False,False
barcode_var_len,low,abs,35.0,0.5,50,5.916100000000001,0.358338555455559,0.12053900555730622,0.4043780012040117,-0.14528228329238618,0.3710715537154117,5.112470588235283,0.27595076676710073,0.02472156862745073,3,0.9508250124164435,0.46891713356574927,0.6985760019338723,0.321194259190743,False,False
barcode_var_len,low,abs,40.0,0.5,50,6.324599999999999,0.38308142658748634,0.22637813238811166,0.1139128925794549,0.03293065087960753,0.8401340511006948,10.079999999999984,0.039101439842468264,0.13511111111111077,2,0.6182974490227444,0.1629830616906047,0.9459136410697896,0.05629154652243883,False,False
barcode_var_len,low,abs,45.0,0.5,50,6.708199999999998,0.4063161031265497,0.03723969277380192,0.7973693106928347,-0.005811291331695447,0.9716103758197066,0.3425882352941301,0.9869016433538818,-0.08127581699346377,2,0.5951311436190538,0.8313379584577761,0.985384568715733,0.9869016433538818,False,False
barcode_var_len,low,abs,50.0,0.5,50,7.0711,0.4282969793414248,0.3086974532565159,0.029169418370604223,0.05230162198525902,0.7485781156590099,7.0428235294117485,0.13364242948890193,0.06761830065359441,1,1.7206235489655457,0.05458261385243848,0.9160232204774725,0.17119484769239504,False,False
barcode_var_len,low,abs,55.0,0.5,50,7.416200000000001,0.44919970841762596,0.28321766346391464,0.04626012428551452,0.04455323354299843,0.7848688299882403,6.575999999999993,0.16006431492550735,0.0572444444444443,1,1.3620676980987332,0.07793825287233426,0.9276813525483059,0.20089043573646673,False,False
barcode_var_len,low,abs,60.0,0.5,50,7.746,0.4691757155150792,0.3028175017659156,0.03255303205357664,-0.06392420464864992,0.6951518346023172,10.884705882352932,0.027890780180399054,0.1529934640522874,2,2.661826341381553,0.05878508700937141,0.8843928949112928,0.041501480908433794,False,False
barcode_var_len,low,abs,65.0,0.5,50,8.0623,0.48833402674893145,0.1999183506804103,0.16392873592367804,0.06392420464864992,0.6951518346023172,5.771294117647045,0.2168916116381497,0.03936209150326767,1,1.3133460186338057,0.2174803486576613,0.8843928949112928,0.26026993396577963,False,False
barcode_var_len,low,abs,70.0,0.5,50,8.3666,0.5067654972151383,0.10191915917040525,0.4812543610830574,-0.07360969020147567,0.6517018082558034,2.659764705882367,0.6162734023451863,-0.029783006535947405,1,1.3439789665905293,0.5385879131254433,0.8670710753617985,0.6425272019966629,False,False
barcode_var_len,low,abs,75.0,0.5,50,8.6603,0.5245549250032584,0.09407922384960485,0.5157836424450423,-0.06392420464864992,0.6951518346023172,5.439999999999998,0.2450540864662193,0.03199999999999995,1,1.3748455578091479,0.570367167031973,0.8843928949112928,0.2914326092245319,False,False
barcode_var_len,low,abs,80.0,0.5,50,8.9443,0.5417568231708654,0.14503880343480746,0.3149132467278282,-0.1259113121867347,0.438830306437729,5.074823529411759,0.27970593918133196,0.023884967320261314,2,1.2625189353389112,0.38233592618391676,0.7326969209822047,0.3251581542982984,False,False
barcode_var_len,low,abs,85.0,0.5,50,9.219499999999998,0.5584257047755322,-0.007839935320800403,0.9569069973634546,-0.19370971105651494,0.2310480913601907,3.369411764705859,0.4980102093746689,-0.014013071895425356,2,0.6113281851906667,0.963120679164516,0.5776202284004767,0.5385459240912117,False,False
barcode_var_len,low,abs,90.0,0.5,50,9.486800000000002,0.5746160828748327,0.024499797877501266,0.8658884573248384,-0.10072904974938775,0.5362845273506927,3.1218823529411566,0.5376398652100569,-0.01951372549019652,2,1.116774072051406,0.8907923288850661,0.8018402097044118,0.5740586390876612,False,False
barcode_var_len,low,abs,95.0,0.5,50,9.7468,0.5903642995071486,0.12543896513280645,0.385400574071609,-0.034867747990172684,0.8308628592268479,3.247999999999962,0.5172131904058026,-0.016711111111111954,1,1.3423378151202048,0.4519830187725049,0.9459136410697896,0.556190091354345,False,False
barcode_var_len,low,abs,100.0,0.5,50,10.0,0.6057006397044656,-0.019599838302001012,0.8925333610973893,-0.08910646708599686,0.5845312774959552,2.1101176470588143,0.7155138297349808,-0.041997385620915234,1,0.5262302845659388,0.913152943696999,0.8186959157699373,0.7360927673158542,False,False
barcode_var_len,low,abs,0.0,0.6,50,0.0,0.0,0.48133361297531024,0.0004021264145782908,0.028115615373015844,0.8632692570903786,20.950014804579528,0.00032397765802463915,0.37666699565732287,2,0.44075649271927003,0.002704028754949683,0.9534921723207269,0.0007242769758723904,False,False
barcode_var_len,low,abs,5.0,0.6,50,2.2361,0.13662712386213294,0.6320947852395326,8.503573767590204e-07,0.3021871492481633,0.05807000907066657,24.110117647058814,7.591599821786521e-05,0.44689150326797367,0,0.5536589081586845,9.885404504823612e-05,0.3431721684334451,0.00020758414565885973,False,True
barcode_var_len,low,abs,10.0,0.6,50,3.1622999999999997,0.19321852948849472,0.3439771622001177,0.014448531935078552,0.09879195263882261,0.5441901490163065,11.577411764705886,0.02078662452824538,0.16838692810457523,2,0.38620819174345566,0.03326023440500756,0.8071719913638995,0.03211222726124286,False,False
barcode_var_len,low,abs,15.0,0.6,50,3.873,0.23664274885650952,0.27439773622801417,0.05380495418217212,0.12203711796560442,0.45315449386729667,5.240470588235269,0.2635014858763416,0.02756601307189486,1,0.40134638735340666,0.08809613977010576,0.7432692756553544,0.3098057924968365,False,False
barcode_var_len,low,abs,20.0,0.6,50,4.472100000000001,0.27324813766103695,0.33613722687931735,0.01700339631733913,-0.12397421507616954,0.44596095780510414,16.40376470588231,0.002522576986619727,0.27563921568627353,2,1.0531636859099731,0.03694663218487241,0.7379780974354927,0.004590991384650384,False,False
barcode_var_len,low,abs,25.0,0.6,50,5.0,0.30550316144656536,0.33319725113401716,0.018055729846333492,0.10266614685995291,0.5284348079525036,8.33694117647056,0.07998679121079483,0.09637647058823468,1,0.7902489540235615,0.03851336870892236,0.7990965388550055,0.10718691041216022,False,False
barcode_var_len,low,abs,30.0,0.6,50,5.477199999999999,0.3346603831750255,0.2773377119733143,0.05118674179661746,-0.13947099196069074,0.39071182423817086,12.456470588235277,0.014260805644615822,0.1879215686274506,2,1.2066030167358033,0.08440366998378411,0.7069299543608928,0.022671024358107205,False,False
barcode_var_len,low,abs,35.0,0.6,50,5.916100000000001,0.361477450686805,0.3175173804924164,0.02464685965297283,-0.023245165326781787,0.8867857141673682,9.6310588235294,0.04712283445392084,0.12513464052287557,2,1.3287544336438932,0.04835776261026315,0.9612012985730214,0.0667035556197053,False,False
barcode_var_len,low,abs,40.0,0.6,50,6.324599999999999,0.38643705897698943,0.28321766346391464,0.04626012428551452,0.10847743819164836,0.5052278735468407,5.964235294117628,0.20183517154277947,0.04364967320261397,1,1.14625743915848,0.07793825287233426,0.784410554922474,0.24536824775788876,False,False
barcode_var_len,low,abs,45.0,0.6,50,6.708199999999998,0.40987526152316983,0.08133932895330419,0.5744292020310515,-0.14334518618182104,0.3775519234135407,3.5134117647058645,0.47584198872346284,-0.010813071895425234,2,0.8136555376026351,0.6226330511525383,0.6994487824195077,0.5169778615803977,False,False
barcode_var_len,low,abs,50.0,0.6,50,7.0711,0.4320486809809616,0.4370763941346225,0.0015050223273195592,0.22276616771499216,0.16707804359403583,11.437176470588241,0.02206615732629969,0.16527058823529425,1,2.0313312568513995,0.006304823263095451,0.5111269096791228,0.03391987820406399,False,False
barcode_var_len,low,abs,55.0,0.6,50,7.416200000000001,0.4531345091840035,0.3047774855961157,0.031390739977712516,-0.011622582663390894,0.9432552438855252,9.158588235294133,0.05725548395835623,0.11463529411764739,1,1.710360068988991,0.057241937606416944,0.9790484116222526,0.07935558879474297,False,False
barcode_var_len,low,abs,60.0,0.6,50,7.746,0.47328549771301903,0.21167825366161092,0.14002078795271242,-0.07942098153317112,0.6261554912472203,6.609882352941156,0.15799724186053574,0.05799738562091458,1,1.4890634199820285,0.19377876904170024,0.8501089151239632,0.19910221535270764,False,False
barcode_var_len,low,abs,65.0,0.6,50,8.0623,0.49261162770612876,0.2312780919636119,0.1060913014368591,-0.08910646708599686,0.5845312774959552,8.057411764705847,0.08949762313599212,0.09016470588235216,1,1.8986696080880439,0.15440518049495924,0.8186959157699373,0.11873436450281408,False,False
barcode_var_len,low,abs,70.0,0.6,50,8.3666,0.5112045501117668,0.1999183506804103,0.16392873592367804,-0.20533229371990583,0.2037107976582085,11.112470588235283,0.025328659343360104,0.15805490196078406,1,2.4098187683491465,0.2174803486576613,0.5523353988983495,0.038300745490801764,False,False
barcode_var_len,low,abs,75.0,0.6,50,8.6603,0.5291498058151379,0.11955901364220617,0.40823738389791,-0.05811291331695448,0.7217020569882291,4.0602352941176605,0.3979152640033964,0.0013385620915035664,2,1.8290106480332655,0.4728029477273428,0.8973033596244024,0.44279651202808895,False,False
barcode_var_len,low,abs,80.0,0.6,50,8.9443,0.5465023853853028,0.23029810004851184,0.10762167043029564,0.07748388442260597,0.6346250730313773,4.974117647058819,0.28996351142284643,0.021647058823529304,1,1.8268106873116325,0.15590055062332545,0.8541263645718971,0.33582324486083087,False,False
barcode_var_len,low,abs,85.0,0.6,50,9.219499999999998,0.5633172793913218,0.08525929661370439,0.5560629295913269,-0.14334518618182104,0.3775519234135407,4.095058823529371,0.3932938729130369,0.002112418300652684,1,1.5525421684109402,0.6062585281593599,0.6994487824195077,0.4385651100828829,False,False
barcode_var_len,low,abs,90.0,0.6,50,9.486800000000002,0.5796494784022552,0.10485913491570541,0.468627630588127,-0.015496776884521193,0.9243879679995202,1.8719999999999573,0.7592865693298336,-0.04728888888888984,1,1.1297036340806326,0.526993586997531,0.9735909515736736,0.7751224033773274,False,False
barcode_var_len,low,abs,95.0,0.6,50,9.7468,0.5955356427974766,0.01763985447180091,0.9032259910430898,-0.13947099196069074,0.39071182423817086,3.7882352941176407,0.4354229734268271,-0.0047058823529413174,2,1.467521253622075,0.9200439996386347,0.7069299543608928,0.4786564601500582,False,False
barcode_var_len,low,abs,100.0,0.6,50,10.0,0.6110063228931307,-0.059779506821103084,0.6800589551866979,-0.19177261394594977,0.23583648068140362,3.977411764705863,0.4090714663267031,-0.0005019607843141532,2,0.19878331845221897,0.726124946410596,0.5782477995046473,0.4533261552516008,False,False
barcode_var_len,low,abs,0.0,0.7,50,0.0,0.0,0.3279881381449758,0.02005601815654495,-0.28877650143495454,0.07073302600416297,21.82856301242083,0.00021679817656832553,0.39619028916490734,3,0.37290593772525427,0.04126570107430708,0.35442527798136764,0.000499065109427086,False,False
barcode_var_len,low,abs,5.0,0.7,50,2.2361,0.13553240861621668,0.47529607882352454,0.00048658952852224854,0.08910646708599686,0.5845312774959552,21.06635294117646,0.0003072193169100147,0.37925228758169915,2,0.44226497508127827,0.0029771596153005996,0.8186959157699373,0.0006901303495804677,False,False
barcode_var_len,low,abs,10.0,0.7,50,3.1622999999999997,0.19167037957473368,0.23617805153911217,0.09868880283927957,-0.1859613226142543,0.25060407596896045,18.150588235294094,0.0011532078127006733,0.31445751633986874,2,0.42138334553789814,0.14476433224058358,0.5870574071816957,0.002277034534631903,False,False
barcode_var_len,low,abs,15.0,0.7,50,3.873,0.23474666543115574,0.41943653966282163,0.0024292431212794797,0.05423871909582418,0.7395850162781223,20.01411764705881,0.0004962046848432449,0.35586928104575133,1,0.7748919763431317,0.00879064631435765,0.9074064183887253,0.001048796265691404,False,False
barcode_var_len,low,abs,20.0,0.7,50,4.472100000000001,0.2710587561256575,0.5585953916070289,2.4899537027006303e-05,0.21889197349386189,0.17477538712368895,22.134588235294103,0.00018842786749220789,0.4029908496732023,1,1.1658375455115477,0.00042102853518392473,0.5176468472134736,0.00044140533190869857,False,False
barcode_var_len,low,abs,25.0,0.7,50,5.0,0.3030553387957084,0.46549615967252395,0.0006582094552439403,0.10460324397051804,0.5206416815555198,16.654117647058797,0.0022560515464492975,0.2812026143790844,1,1.4348980900024424,0.0035383514068026848,0.7924660619421169,0.004146497901576772,False,False
barcode_var_len,low,abs,30.0,0.7,50,5.477199999999999,0.33197894033037073,0.21167825366161092,0.14002078795271242,-0.2363258474889482,0.14206399862113805,12.747294117647016,0.012578898098534802,0.19438431372548923,2,1.021865750795075,0.19377876904170024,0.4857335246972735,0.020204447723035174,False,False
barcode_var_len,low,abs,35.0,0.7,50,5.916100000000001,0.358581137969858,0.38709680646451994,0.00548411718202647,0.05811291331695448,0.7217020569882291,16.646588235294104,0.002263646873752477,0.2810352941176468,2,1.2435956514421482,0.015888563798394446,0.8973033596244024,0.0041522516619128275,False,False
barcode_var_len,low,abs,40.0,0.7,50,6.324599999999999,0.38334075914946736,0.2577378736713133,0.07075423504745816,-0.030993553769042385,0.8494265810970129,6.820705882352939,0.14567193256047764,0.06268235294117643,2,1.2889840709557117,0.10948658667909499,0.948339400264372,0.18532817685532724,False,False
barcode_var_len,low,abs,45.0,0.7,50,6.708199999999998,0.40659116474187423,0.3763168953984194,0.00707152280278329,0.2363258474889482,0.14206399862113805,7.647999999999968,0.10535743777836633,0.08106666666666595,1,1.6030599740723694,0.019229579551428243,0.4857335246972735,0.1372302760978721,False,False
barcode_var_len,low,abs,50.0,0.7,50,7.0711,0.42858692123166675,0.39003678220982013,0.0051093480754661235,-0.07748388442260597,0.6346250730313773,17.465411764705863,0.001569161422731555,0.29923137254901916,1,2.452148599638698,0.015132782516507945,0.8541263645718971,0.003015124221364352,False,False
barcode_var_len,low,abs,55.0,0.7,50,7.416200000000001,0.4495038007153465,0.22637813238811166,0.1139128925794549,-0.050364524874693874,0.757604165263162,7.338352941176453,0.1190521366051791,0.07418562091503228,1,1.8240204073083088,0.1629830616906047,0.9210089852218831,0.15377567644835635,False,False
barcode_var_len,low,abs,60.0,0.7,50,7.746,0.4694933308623115,0.27243775239781404,0.05560980354266071,0.048427427764128735,0.7666620524502553,7.167058823529402,0.1273189279805033,0.07037908496732004,1,2.095425885486841,0.09057288492937733,0.9211830862774385,0.16354503179816032,False,False
barcode_var_len,low,abs,65.0,0.7,50,8.0623,0.48866461159452795,0.2038383183408105,0.15564981141708864,0.02130806821621664,0.8961665966991449,6.09317647058819,0.19229702055489617,0.04651503267973756,1,1.5158822195088382,0.2082796037667517,0.9635085952950344,0.23531082778428083,False,False
barcode_var_len,low,abs,70.0,0.7,50,8.3666,0.5071085595136346,0.1283789408781066,0.37427165538834034,-0.046490330653563575,0.7757506526956611,2.8244705882353003,0.5876160805581743,-0.026122875816993327,2,1.1644435733172376,0.44284050828391414,0.9273111915256618,0.6188934936796173,False,False
barcode_var_len,low,abs,75.0,0.7,50,8.6603,0.5249100301144947,0.059779506821103084,0.6800589551866979,0.02711935954791209,0.8680707965439062,1.1190588235293717,0.8912366421493114,-0.06402091503268063,2,0.7383976983663603,0.726124946410596,0.9542622231511025,0.8970238930723589,False,False
barcode_var_len,low,abs,80.0,0.7,50,8.9443,0.5421235733580909,0.011759902981200606,0.9353985387754569,-0.07167259309091052,0.6603070945489715,1.9877647058823413,0.7380094248430782,-0.0447163398692813,2,0.5123943361894039,0.9455659141969293,0.8722806788786129,0.7567241070607087,False,False
barcode_var_len,low,abs,85.0,0.7,50,9.219499999999998,0.5588037392054066,0.030379749368101568,0.8341108642278398,-0.06779839886978023,0.6776467157847956,2.6437647058823472,0.6190902995507429,-0.030138562091503396,2,0.9603738704209128,0.8619145597021011,0.8826490835852381,0.6447412974044691,False,False
barcode_var_len,low,abs,90.0,0.7,50,9.486800000000002,0.5750050776174253,-0.047039611924802424,0.7456450561322706,-0.03680484510073784,0.8216142102155399,2.224941176470594,0.6944657522546873,-0.0394457516339868,3,-0.20133058269627835,0.7817924489323694,0.945669821163926,0.7160234474466288,False,False
barcode_var_len,low,abs,95.0,0.7,50,9.7468,0.5907639552348022,-0.055859539160702874,0.7000171406843186,-0.14528228329238618,0.3710715537154117,3.1002352941176525,0.5411936300237978,-0.019994771241829943,2,0.5700903017458714,0.7423214832798362,0.6985760019338723,0.5771904540391422,False,False
barcode_var_len,low,abs,100.0,0.7,50,10.0,0.6061106775914168,-0.1763985447180091,0.22041919557043052,-0.17627583706142858,0.27656782450681333,4.486588235294107,0.34414073174544424,0.010813071895424603,2,-0.46025369652755366,0.2805001211458924,0.6182886461330201,0.390305951857638,False,False
barcode_var_len,low,abs,0.0,0.8,50,0.0,0.0,0.42112246856431274,0.0023231250566324037,-0.10659034828453202,0.5127068781594368,22.048797250859103,0.00019598727563954364,0.4010843833524245,3,0.45099024734214294,0.008573437709000537,0.7858359343108585,0.00045681244697938744,False,False
barcode_var_len,low,abs,5.0,0.8,50,2.2361,0.1363504790620606,0.5762352460788297,1.1921102799683362e-05,0.32155812035381476,0.04304081547222809,22.530823529411776,0.00015709992105414675,0.41179607843137284,2,0.43957239360723654,0.00027716564009263813,0.33288463757892645,0.0003794881209879389,False,False
barcode_var_len,low,abs,10.0,0.8,50,3.1622999999999997,0.192827297499197,0.5448755047956281,4.292337466812561e-05,0.18983551683538463,0.24069181478268264,20.821647058823515,0.0003435213850071289,0.373814379084967,1,0.7322247576883725,0.0005870402711964238,0.5782477995046473,0.0007588477150988833,False,False
barcode_var_len,low,abs,15.0,0.8,50,3.873,0.23616359080871197,0.5115557796822263,0.00014657674734630066,0.24988552726290425,0.11992549693631241,20.288941176470587,0.00043789687316607575,0.3619764705882353,1,1.0569386596083947,0.0013769330811319153,0.44972061351117154,0.0009297810320649554,False,False
barcode_var_len,low,abs,20.0,0.8,50,4.472100000000001,0.27269486043264674,0.27831770388841437,0.05033731584020644,-0.07360969020147567,0.6517018082558034,9.747764705882332,0.044897797054771316,0.12772810457516293,2,0.7561071322725099,0.08329840521599999,0.8670710753617985,0.06384549122467481,False,False
barcode_var_len,low,abs,25.0,0.8,50,5.0,0.3048845737267131,0.3704369439078191,0.008095260136695679,-0.06392420464864992,0.6951518346023172,16.142117647058797,0.002834272957344725,0.2698248366013066,2,1.2267317834514637,0.02151026264893423,0.8843928949112928,0.005128159241888315,False,False
barcode_var_len,low,abs,30.0,0.8,50,5.477199999999999,0.33398275744319056,0.42139652349302176,0.0023062690738341897,-0.013559679773956045,0.933817144982964,16.82070588235291,0.0020942862385461736,0.284904575163398,1,1.1477906027475706,0.008545140393090822,0.9757864548698387,0.003887597209277328,False,False
barcode_var_len,low,abs,35.0,0.8,50,5.916100000000001,0.3607455253249215,0.38709680646451994,0.00548411718202647,0.15496776884521193,0.33967481234405483,10.42541176470587,0.03384008097181868,0.1427869281045749,1,1.2959534071825578,0.015888563798394446,0.6735555980383178,0.04963923549493907,False,False
barcode_var_len,low,abs,40.0,0.8,50,6.324599999999999,0.385654594998394,0.3057574775112158,0.030822647751635096,0.05617581620638932,0.7306259674857049,8.673882352941149,0.06978832819633879,0.1038640522875811,1,1.2360885437035254,0.056538584633176805,0.9035666885129062,0.09474911711327748,False,False
barcode_var_len,low,abs,45.0,0.8,50,6.708199999999998,0.40904533949470734,0.43217643455912225,0.0017235110135427677,0.20339519660934066,0.20810244941379488,13.777882352941162,0.00803876954810186,0.21728627450980362,1,2.120712976507428,0.007092324082277761,0.5593505143203157,0.013373981537986995,False,False
barcode_var_len,low,abs,50.0,0.8,50,7.0711,0.4311738618557922,0.3282972915585169,0.01993228840194183,-0.009685485552825746,0.9527009964925695,11.052235294117622,0.02598319173842874,0.1567163398692805,2,1.768998165213758,0.04110205812373814,0.9801016888695682,0.039037751723325895,False,False
barcode_var_len,low,abs,55.0,0.8,50,7.416200000000001,0.4522169951344099,0.25185792218071296,0.07766039302844353,-0.05423871909582418,0.7395850162781223,10.414117647058816,0.034000785245507606,0.14253594771241815,1,1.789884437747264,0.1187897459152179,0.9074064183887253,0.04979642563515287,False,False
barcode_var_len,low,abs,60.0,0.8,50,7.746,0.47232718161742393,0.2057983021710106,0.1516274890672849,0.03293065087960753,0.8401340511006948,4.703058823529403,0.31914407599094907,0.015623529411764517,1,1.3458066509239952,0.20466409990214074,0.9459136410697896,0.36642467984146004,False,False
barcode_var_len,low,abs,65.0,0.8,50,8.0623,0.49161417975137583,0.0039199676604002014,0.9784458839611128,-0.1259113121867347,0.438830306437729,2.514823529411757,0.6419833921433763,-0.03300392156862762,1,0.8097369713294409,0.9784458839611128,0.7326969209822047,0.6656015102489855,False,False
barcode_var_len,low,abs,70.0,0.8,50,8.3666,0.5101694549083835,0.030379749368101568,0.8341108642278398,-0.001937097110565149,0.9905350874780009,2.3501176470588234,0.6716599360737092,-0.036664052287581704,2,0.8621238511719582,0.8619145597021011,0.9948138567543637,0.6932782913968364,False,False
barcode_var_len,low,abs,75.0,0.8,50,8.6603,0.5280783747690905,0.03429971702850177,0.8130674184719785,-0.050364524874693874,0.757604165263162,2.9430588235294124,0.5673991482803857,-0.02348758169934639,1,0.9776493653161555,0.8439204231907812,0.9210089852218831,0.5996377362508621,False,False
barcode_var_len,low,abs,80.0,0.8,50,8.9443,0.545395818556768,-0.047039611924802424,0.7456450561322706,-0.05617581620638932,0.7306259674857049,1.9717647058823502,0.7409523007098668,-0.04507189542483666,2,-0.02712913732978084,0.7817924489323694,0.9035666885129062,0.7589048894935861,False,False
barcode_var_len,low,abs,85.0,0.8,50,9.219499999999998,0.5621766654946863,-0.057819522990902976,0.6900119507543823,-0.09104356419656201,0.5763571733802473,2.897882352941167,0.5750573993579,-0.024491503267974064,2,0.7760600940576419,0.7342232427935647,0.8158480536432724,0.6063530401392824,False,False
barcode_var_len,low,abs,90.0,0.8,50,9.486800000000002,0.5784757948061163,-0.014699878726500758,0.9192962722021295,-0.12784840929729985,0.4317629906820725,3.9745882352941067,0.4094558821627362,-0.0005647058823531855,2,0.9989555394306526,0.9343667028939677,0.7248006883291109,0.4533261552516008,False,False
barcode_var_len,low,abs,95.0,0.8,50,9.7468,0.5943297926399054,-0.08917926427410458,0.5379788789127127,-0.09104356419656201,0.5763571733802473,2.0922352941176143,0.7187990252334657,-0.04239477124183079,2,-0.26408174102213167,0.5913952214997905,0.8158480536432724,0.7386553518973736,False,False
barcode_var_len,low,abs,100.0,0.8,50,10.0,0.6097691474534263,-0.11269907023650581,0.4358418200122642,-0.13947099196069074,0.39071182423817086,3.2969411764705683,0.5094170473955983,-0.015623529411765149,2,-0.3238799038904636,0.4973409725293321,0.7069299543608928,0.5489662272049901,False,False
barcode_var_len,low,abs,0.0,0.9,50,0.0,0.0,0.3480290212306292,0.013261859377002682,-0.25770645118096885,0.10839600053019338,22.21250305489025,0.00018181342153841926,0.40472229010867217,3,0.4227815133431675,0.031551508005564124,0.4312136318977506,0.0004291535076922079,False,False
barcode_var_len,low,abs,5.0,0.9,50,2.2361,0.13635117794972912,0.37729688731351946,0.006912328425571626,0.050364524874693874,0.757604165263162,11.37129411764704,0.022693333856985787,0.163806535947712,1,0.39884233166006344,0.018907251281710623,0.9210089852218831,0.03482640344388908,False,False
barcode_var_len,low,abs,10.0,0.9,50,3.1622999999999997,0.1928282858684443,0.4008166932759207,0.003919966332926541,-0.10072904974938775,0.5362845273506927,20.855529411764707,0.00033825219184099875,0.3745673202614379,1,0.6095355893252943,0.012570926515936838,0.8018402097044118,0.0007489869962193544,False,False
barcode_var_len,low,abs,15.0,0.9,50,3.873,0.23616480130553236,0.4302164507289222,0.001818528299587231,0.048427427764128735,0.7666620524502553,16.67952941176469,0.002230602287158556,0.2817673202614376,1,0.7957583102833987,0.007227484267590277,0.9211830862774385,0.004107841835757341,False,False
barcode_var_len,low,abs,20.0,0.9,50,4.472100000000001,0.27269625817672893,0.4988158847859257,0.00022688404280629584,0.13559679773956046,0.40413538795481935,17.73835294117646,0.0013881823377723222,0.30529673202614355,1,1.0739959264497032,0.001883947855445135,0.7186346286768298,0.0026874189728701686,False,False
barcode_var_len,low,abs,25.0,0.9,50,5.0,0.30488613646466867,0.4782360545688247,0.0004436429291300268,0.12203711796560442,0.45315449386729667,15.884235294117644,0.003178502158002513,0.26409411764705876,0,1.3515376108302046,0.002845433959247758,0.7432692756553544,0.005695581901623,False,True
barcode_var_len,low,abs,30.0,0.9,50,5.477199999999999,0.33398446932885667,0.3478971298605179,0.01329913025610875,-0.06973549598034537,0.6689557215776891,14.25223529411764,0.006532050506481153,0.22782745098039198,1,1.380330075319077,0.031551508005564124,0.8787130241062866,0.011085414180707067,False,False
barcode_var_len,low,abs,35.0,0.9,50,5.916100000000001,0.3607473743877253,0.4370763941346225,0.0015050223273195592,0.0,1.0,18.161882352941177,0.0011473566500871317,0.31470849673202617,1,1.9855214383677193,0.006304823263095451,1.0,0.0022703014565553883,False,False
barcode_var_len,low,abs,40.0,0.9,50,6.324599999999999,0.3856565717368886,0.4311964426440222,0.0017704524863552714,0.05423871909582418,0.7395850162781223,14.656000000000006,0.005470546993766744,0.23680000000000012,1,1.841903342645364,0.007158786140480011,0.9074064183887253,0.009386731926573934,False,False
barcode_var_len,low,abs,45.0,0.9,50,6.708199999999998,0.409047436126458,0.33319725113401716,0.018055729846333492,0.10847743819164836,0.5052278735468407,7.438117647058789,0.11446920483027,0.0764026143790842,1,1.611040754542711,0.03851336870892236,0.784410554922474,0.14826791154895694,False,False
barcode_var_len,low,abs,50.0,0.9,50,7.0711,0.4311760719110637,0.30379749368101566,0.031967502081964125,0.025182262437346937,0.8774200339160868,10.129882352941166,0.038295750843956984,0.13621960784313702,1,2.065131803531717,0.0579527815520987,0.9611314859151481,0.05530287000757763,False,False
barcode_var_len,low,abs,55.0,0.9,50,7.416200000000001,0.4522193130498551,0.2587178655864133,0.06965216572511257,0.019370971105651492,0.9055614351251217,6.775529411764694,0.14823672540268154,0.061678431372548755,1,1.6494505277865459,0.10814109202730333,0.9657937324155541,0.18833354456898063,False,False
barcode_var_len,low,abs,60.0,0.9,50,7.746,0.4723296026110647,0.24891794643541282,0.08130733148655346,0.005811291331695447,0.9716103758197066,6.301176470588217,0.1777569399659799,0.05113725490196038,1,1.8789575658140052,0.12315279850569173,0.985384568715733,0.2204186055578151,False,False
barcode_var_len,low,abs,65.0,0.9,50,8.0623,0.4916166996038196,0.02841976553790147,0.8446768693344706,-0.038741942211302983,0.8123893002810373,2.6701176470588166,0.6144536741856371,-0.029552941176470744,1,0.5528306459469121,0.8708974373404187,0.9420474429692827,0.6420393523501812,False,False
barcode_var_len,low,abs,70.0,0.9,50,8.3666,0.5101720698690593,0.009799919151000506,0.9461480167062628,-0.14334518618182104,0.3775519234135407,4.385882352941167,0.35629412851305803,0.008575163398692591,2,0.8658825919748336,0.954357543966187,0.6994487824195077,0.4026166944315237,False,False
barcode_var_len,low,abs,75.0,0.9,50,8.6603,0.5280810815249939,-0.11465905406670593,0.4278503905196124,-0.1065403410810832,0.5129058194910657,3.0230588235293965,0.5539740044067718,-0.021709803921568967,3,-0.3375804231201345,0.4900256935754181,0.7858359343108585,0.588123086870203,False,False
barcode_var_len,low,abs,80.0,0.9,50,8.9443,0.5453986140761873,-0.12347898130260636,0.39292742037003203,-0.06973549598034537,0.6689557215776891,3.3072941176470465,0.507777400019304,-0.015393464052287855,2,-0.32806939248503575,0.4590734936484042,0.8787130241062866,0.5484703623901891,False,False
barcode_var_len,low,abs,85.0,0.9,50,9.219499999999998,0.5621795470272025,-0.04899959575500253,0.7354241601028488,-0.09491775841769232,0.5601662401231016,2.545882352941163,0.6364391215606594,-0.03231372549019637,2,0.31529031594858115,0.7745690474469415,0.8142662037396653,0.6620675425631021,False,False
barcode_var_len,low,abs,90.0,0.9,50,9.486800000000002,0.5784787598826037,-0.1087791025761056,0.45207204161846043,-0.129785506407865,0.4247594410571297,3.212235294117619,0.5229570060579882,-0.0175058823529418,2,0.07066246987058289,0.5114683682544625,0.7208508762465887,0.5609573421383265,False,False
barcode_var_len,low,abs,95.0,0.9,50,9.7468,0.5943328389787665,-0.15581871450090803,0.27989574499966025,-0.12203711796560442,0.45315449386729667,2.7614117647058833,0.5985119130004664,-0.027524183006535925,2,-0.6698461996736418,0.34614766336394154,0.7432692756553544,0.6289447221360832,False,False
barcode_var_len,low,abs,100.0,0.9,50,10.0,0.6097722729293373,-0.23029810004851184,0.10762167043029564,-0.2402000417100785,0.13545264336345728,5.907764705882357,0.20614316361427132,0.04239477124183016,3,-2.2339990627494988,0.15590055062332545,0.4826473499157673,0.24995194545146326,False,False
barcode_var_len,low,abs,0.0,1.0,50,0.0,0.0,0.3307264420501291,0.018982354138909124,-0.2916151947574121,0.06788593852979441,22.72096876680188,0.00014395932802647698,0.4160215281511529,3,0.4176680577788369,0.03976033637203938,0.35416525393901205,0.00035047689807493084,False,False
barcode_var_len,low,abs,5.0,1.0,50,2.2361,0.13609915340210135,0.5605553754372289,2.299041759455073e-05,0.20726939083047097,0.19938430873187035,22.79435294117647,0.00013918483946417896,0.4176522875816993,1,0.41306283506098596,0.0004034167615647581,0.5437753874505555,0.00033974252152673605,False,False
barcode_var_len,low,abs,10.0,1.0,50,3.1622999999999997,0.1924718719214101,0.4409963617950227,0.0013483902080002057,0.03293065087960753,0.8401340511006948,17.26870588235292,0.0017138417367599092,0.29486013071895373,1,0.5636750194488791,0.00591510798792543,0.9459136410697896,0.0032594536097887844,False,False
barcode_var_len,low,abs,15.0,1.0,50,3.873,0.23572828635854326,0.3214373481528166,0.022834425142011013,0.08716936997543172,0.5927567412522293,8.258823529411757,0.08254424900530365,0.09464052287581681,1,0.49548005576354415,0.0455708484593782,0.8277233774242841,0.11013795060965909,False,False
barcode_var_len,low,abs,20.0,1.0,50,4.472100000000001,0.27219222035219237,0.5693753026731293,1.5955067380239913e-05,0.3583629654545526,0.023170150789014753,17.735529411764674,0.0013899446515597323,0.3052339869281039,0,1.055924259004041,0.00032256984051354606,0.26278341748516737,0.0026874189728701686,False,True
barcode_var_len,low,abs,25.0,1.0,50,5.0,0.3043226005145149,0.5693753026731293,1.5955067380239913e-05,0.3370548972383359,0.03343681642257852,21.013647058823523,0.0003147023395741738,0.3780810457516338,1,1.3140817986132785,0.00032256984051354606,0.29336074785847194,0.0007052365682023653,False,False
barcode_var_len,low,abs,30.0,1.0,50,5.477199999999999,0.33336714950762014,0.4419763537101227,0.0013115815162940653,0.13559679773956046,0.40413538795481935,13.68376470588231,0.008375843823021001,0.21519477124182912,1,1.2119097344357153,0.005864282741122503,0.7186346286768298,0.013860382127063224,False,False
barcode_var_len,low,abs,35.0,1.0,50,5.916100000000001,0.3600805873807843,0.3067374694263158,0.03026312793989932,-0.02130806821621664,0.8961665966991449,9.448470588235296,0.0508168987742057,0.12107712418300656,1,1.3415486580597804,0.05595369579345202,0.9635085952950344,0.07106724189475383,False,False
barcode_var_len,low,abs,40.0,1.0,50,6.324599999999999,0.3849437438428202,0.38807679837962006,0.005356609631368086,0.1646532543980377,0.30996864174106353,9.889882352941157,0.04232401849310177,0.1308862745098035,1,1.681589949845777,0.015665556469095347,0.6449012009377831,0.06037014907758382,False,False
barcode_var_len,low,abs,45.0,1.0,50,6.708199999999998,0.40829137375429375,0.36455699241721873,0.009245039583418232,0.05230162198525902,0.7485781156590099,12.640941176470562,0.013170234282012507,0.19202091503267915,1,2.027723435048788,0.023883018923830435,0.9160232204774725,0.021081442138161155,False,False
barcode_var_len,low,abs,50.0,1.0,50,7.0711,0.4303791080996372,0.2949775664451152,0.03756484154542411,-0.02905645665847724,0.8587392363951517,10.730352941176477,0.029767606294784706,0.1495633986928106,2,2.0091683347518963,0.06591566535329135,0.9496165158709763,0.04411758637675012,False,False
barcode_var_len,low,abs,55.0,1.0,50,7.416200000000001,0.451383453987149,0.2214781728126114,0.12216661498840359,0.04261613643243328,0.7940154372348941,5.934117647058798,0.20412272887695526,0.04298039215686218,2,1.727170532633914,0.1734579418919318,0.9276813525483059,0.2478252452422564,False,False
barcode_var_len,low,abs,60.0,1.0,50,7.746,0.4714565727170865,0.2018783345106104,0.15975000329852873,0.005811291331695447,0.9716103758197066,5.862588235294112,0.20964797718431433,0.04139084967320249,1,1.9442263102981654,0.21315280210564092,0.985384568715733,0.25387059737163065,False,False
barcode_var_len,low,abs,65.0,1.0,50,8.0623,0.4907080204256347,0.1283789408781066,0.37427165538834034,0.0,1.0,2.917647058823519,0.5717002096852742,-0.024052287581699576,1,1.188917927457239,0.44284050828391414,1.0,0.6034973836632294,False,False
barcode_var_len,low,abs,70.0,1.0,50,8.3666,0.5092290938929481,0.0950592157647049,0.5114004951304778,-0.06779839886978023,0.6776467157847956,3.2969411764705683,0.5094170473955983,-0.015623529411765149,2,1.4419209935078694,0.5668682484759766,0.8826490835852381,0.5489662272049901,False,False
barcode_var_len,low,abs,75.0,1.0,50,8.6603,0.5271050034471706,-0.011759902981200606,0.9353985387754569,-0.023245165326781787,0.8867857141673682,1.510588235294108,0.8247642538697747,-0.05532026143790871,1,0.26486073909729857,0.9455659141969293,0.9612012985730214,0.8355454859465038,False,False
barcode_var_len,low,abs,80.0,1.0,50,8.9443,0.544390527156395,-0.11857902172710612,0.41211792678650805,-0.1530306717346468,0.34581948798335815,2.7228235294117553,0.6052267370737697,-0.02838169934640544,2,-0.22560145647146967,0.47493143979114305,0.6756557223204266,0.6345669283862524,False,False
barcode_var_len,low,abs,85.0,1.0,50,9.219499999999998,0.561140443088714,-0.12935893279320665,0.3706052312334256,-0.1104145353022135,0.4976084758363196,2.9552941176470426,0.5653344841747706,-0.023215686274510164,3,-0.5150768624274518,0.4401824585531109,0.7843659025894529,0.5984712511974966,False,False
barcode_var_len,low,abs,90.0,1.0,50,9.486800000000002,0.57740952931222,-0.1283789408781066,0.37427165538834034,-0.18983551683538463,0.24069181478268264,3.4889411764705756,0.47956185409637797,-0.01135686274509832,2,-0.1985385593220217,0.44284050828391414,0.5782477995046473,0.5204113469190567,False,False
barcode_var_len,low,abs,95.0,1.0,50,9.7468,0.5932343045389747,-0.23813803536931227,0.09584217147514665,-0.1859613226142543,0.25060407596896045,4.6296470588235366,0.3274502508804608,0.013992156862745258,3,-2.170027978789811,0.14215824477174863,0.5870574071816957,0.3736548875077651,False,False
barcode_var_len,low,abs,100.0,1.0,50,10.0,0.6086452010290297,-0.26655780090721376,0.061319049132896056,-0.19564680816708008,0.22632643738490746,6.083764705882345,0.19297939826159277,0.046305882352941,3,-1.9481482891229405,0.09764848577670092,0.5735247595857328,0.23583553269813573,False,False
barcode_var_len,mid,abs,0.0,0.1,50,0.0,0.0,0.32980479094340004,0.01933815831713101,0.1734787869495452,0.28438184323076227,15.022524632531074,0.0046547268379925864,0.24494499183402385,1,0.9805555555555555,0.04023375220342693,0.6289620381332613,0.008106546740324167,False,False
barcode_var_len,mid,abs,5.0,0.1,50,2.2361,0.02983787430320628,0.29416855754112153,0.038116362509256166,0.22812849957977357,0.1568317746241026,6.587280176489112,0.15937343070679236,0.057495115033091376,1,3.105019590800405,0.06675747106140911,0.4994984602753953,0.20056466922505667,False,False
barcode_var_len,mid,abs,10.0,0.1,50,3.1622999999999997,0.04219682031618856,0.31663790149264653,0.025069654297987097,0.2781783197341113,0.08220106614739495,5.426200734003487,0.2462930576214086,0.03169334964452193,1,3.9067590909351866,0.04897290113724518,0.37778208803601027,0.2925319841480332,False,False
barcode_var_len,mid,abs,15.0,0.1,50,3.873,0.05168019640280753,0.25062869727268117,0.07916918728051861,0.16862570998853144,0.2982767072771365,8.918568161267997,0.06316743243389145,0.10930151469484438,2,1.6546431563631436,0.12070056421456117,0.640967913267977,0.08639075318164566,False,False
barcode_var_len,mid,abs,20.0,0.1,50,4.472100000000001,0.05967441423521704,0.21105183755614282,0.14122481585264646,0.3144624483950823,0.04812956220326421,6.265540044085205,0.18017581904039917,0.050345334313004565,2,2.321651683041921,0.19486510199252405,0.342619528403992,0.2231205215813199,False,False
barcode_var_len,mid,abs,25.0,0.1,50,5.0,0.06671855977641043,0.10501365703643029,0.4679689321801353,0.2305905793216665,0.15228363480388243,7.669397501836874,0.1044674300975092,0.0815421667074861,1,0.7872895268842814,0.526889959960685,0.4921980196236321,0.1362618653445772,False,False
barcode_var_len,mid,abs,30.0,0.1,50,5.477199999999999,0.07308617912147106,0.308565811028289,0.029241830833368697,0.3343324959105563,0.034983137542321345,10.992667876587985,0.026646541011095613,0.155392619479733,3,0.625943215793733,0.05460823830327889,0.30124368439221155,0.03996981151664342,False,False
barcode_var_len,mid,abs,35.0,0.1,50,5.916100000000001,0.07894273429864436,0.17877141917236306,0.2141747852249841,0.018808194029873253,0.9082933171765515,5.048797127468569,0.2823271533370796,0.023306602832634856,1,1.1236725417734188,0.2743561298336573,0.9675976918375634,0.3277955712902422,False,False
barcode_var_len,mid,abs,40.0,0.1,50,6.324599999999999,0.08439364063237711,0.02165927013467615,0.8813185764886627,0.06354380478103604,0.6968792490133006,0.7995957661825901,0.9385022494396156,-0.07112009408483133,2,2.130541961340376,0.90422209849884,0.8853793737464064,0.942556254836763,False,False
barcode_var_len,mid,abs,45.0,0.1,50,6.708199999999998,0.0895122885384233,0.2585643967799976,0.06982384521828859,0.33901910703374066,0.0323563642456017,6.680977910151372,0.15373853397489287,0.05957728689225272,2,5.685006796833355,0.10822696008834731,0.28947216023840944,0.19424722019996427,False,False
barcode_var_len,mid,abs,50.0,0.1,50,7.0711,0.09435472160699518,0.023415272926126947,0.8717742186838188,-0.045333950359162996,0.781190405793355,1.3436386200049348,0.853929305248036,-0.05903025288877923,2,1.3511776628676255,0.8958563794209408,0.9276813525483059,0.8622738912928051,False,False
barcode_var_len,mid,abs,55.0,0.1,50,7.416200000000001,0.09895963660276302,0.2437555935689904,0.08803528526207878,0.36799133756254754,0.019479572758235444,6.228797250859067,0.1827007073352804,0.04952882779686815,2,3.824984584824885,0.13205292789311818,0.24481084682647244,0.22564629192803556,False,False
barcode_var_len,mid,abs,60.0,0.1,50,7.746,0.10336039280561506,0.3517433418121749,0.012248330491015197,0.45836045208570586,0.00293544493062638,9.668368828654378,0.04640027314093393,0.12596375174787508,1,5.924055386835775,0.029663925407927432,0.10033862839845263,0.06582300182334161,False,False
barcode_var_len,mid,abs,65.0,0.1,50,8.0623,0.10758100889707078,0.17637599859870037,0.22047912748134124,0.2779509039036263,0.08246211168958074,3.039828178694148,0.5511825158544075,-0.02133715158457449,2,1.9223175224632314,0.2805001211458924,0.37778208803601027,0.5858282739938273,False,False
barcode_var_len,mid,abs,70.0,0.1,50,8.3666,0.11164150044506313,0.0711842750652706,0.6232555329494808,0.115486643171225,0.47793955775321717,1.4100581594252442,0.8424449892276766,-0.05755426312388347,3,-1.3039829929543982,0.6739856344686246,0.7676749373238203,0.8516019999801514,False,False
barcode_var_len,mid,abs,75.0,0.1,50,8.6603,0.11556054864632946,0.2502432691675235,0.07964699917619508,0.15460958101490227,0.3408059269924117,9.361009463722375,0.052682884850230115,0.11913354363827501,1,6.807028646569001,0.12123029334510872,0.6743606640488147,0.07334593250106887,False,False
barcode_var_len,mid,abs,80.0,0.1,50,8.9443,0.1193501628416296,-0.019125921305936242,0.895117139651975,0.19583060041819403,0.2258819039773363,10.65390572390572,0.030741734361483416,0.1478645716423493,2,-6.918730514594364,0.9147900438201503,0.5735247595857328,0.0454528027920184,False,False
barcode_var_len,mid,abs,85.0,0.1,50,9.219499999999998,0.12302235237172322,-0.09016975209259401,0.5334551361560719,0.2109014212361061,0.19144673675825752,7.56096219931269,0.10905096799539674,0.07913249331805977,3,-5.816474114161141,0.587864652674899,0.5314790005527746,0.14184251781219437,False,False
barcode_var_len,mid,abs,90.0,0.1,50,9.486800000000002,0.12658912657737012,0.26100900857265885,0.06712883629944896,0.36116902985676913,0.022038925934053252,12.387820732124522,0.014688719211071235,0.18639601626943383,2,0.8483208040991332,0.10527793888446464,0.25700378146873165,0.023192714543796688,False,False
barcode_var_len,mid,abs,95.0,0.1,50,9.7468,0.13005849168574346,0.16748565259243697,0.24499900616309156,0.16887092477086776,0.29756437063491664,5.655035185634554,0.22643414025259911,0.03677855968076786,1,7.723031004016941,0.30790415639415564,0.640967913267977,0.2710215578312962,False,False
barcode_var_len,mid,abs,100.0,0.1,50,10.0,0.13343711955282087,0.11105952812673224,0.44259024045164175,0.04559669750683059,0.7799534985742331,1.5619415600096398,0.8156155438035434,-0.05417907644423023,2,3.0676012236783823,0.5038052920685763,0.9276813525483059,0.8271782505314017,False,False
barcode_var_len,mid,abs,0.0,0.2,50,0.0,0.0,0.4351375077052341,0.0015883344913282624,-0.04265817504871369,0.7938166451059777,19.546802210817205,0.0006135057817092271,0.3454844935737157,3,3.327904195011338,0.006594424450603946,0.9276813525483059,0.001259515180992453,False,False
barcode_var_len,mid,abs,5.0,0.2,50,2.2361,0.02910758528512501,0.3106648961173445,0.028104868438050337,-0.27700488681081636,0.08355495202491313,24.29787264694583,6.961047799361122e-05,0.45106383659879623,3,3.1865557851272124,0.0533494354130639,0.3790541726008254,0.00019267185873231678,False,False
barcode_var_len,mid,abs,10.0,0.2,50,3.1622999999999997,0.04116404317658013,0.21853819706731126,0.12733156550484603,-0.2789419839213815,0.08132917669144848,17.029647058823485,0.0019074794361214973,0.2895477124182997,3,1.7728308738782204,0.17969401505236238,0.3762991757365527,0.0035910037967469485,False,False
barcode_var_len,mid,abs,15.0,0.2,50,3.873,0.05041531139452134,0.1587586902462082,0.2708088464066925,-0.3622371596756829,0.021620618591378916,17.881411764705888,0.001301721252518111,0.30847581699346416,3,3.12250299841729,0.33715157584768946,0.25700378146873165,0.002543278917734965,False,False
barcode_var_len,mid,abs,20.0,0.2,50,4.472100000000001,0.05821386885810453,0.28321766346391464,0.04626012428551452,-0.030993553769042385,0.8494265810970129,8.594823529411713,0.07206452291236193,0.1021071895424825,3,4.367419128638566,0.07793825287233426,0.948339400264372,0.09713044392535738,False,False
barcode_var_len,mid,abs,25.0,0.2,50,5.0,0.06508560727410448,0.20677829408611065,0.14964531476762818,-0.2111435850516013,0.1909255574106153,13.731764705882341,0.00820224291867792,0.21626143790849647,2,5.839798689540547,0.20316809158232732,0.5314790005527746,0.01359730109513452,False,False
barcode_var_len,mid,abs,30.0,0.2,50,5.477199999999999,0.071297377632345,0.14405881151970742,0.31822914395373836,-0.2537597214840346,0.11410416199096901,11.739294117647034,0.019398988990347223,0.17198431372548967,3,2.2288748166559245,0.3858580233076619,0.43849946550248425,0.03011863065279285,False,False
barcode_var_len,mid,abs,35.0,0.2,50,5.916100000000001,0.07701059223886592,0.16659862556700858,0.24754323402700928,-0.2285774590466876,0.15599513996197656,10.515764705882333,0.032580526773042184,0.14479477124182963,3,2.1774190339727113,0.3106817916938173,0.4985411689506467,0.04786712464285819,False,False
barcode_var_len,mid,abs,40.0,0.2,50,6.324599999999999,0.08232808635316026,0.26361782516191357,0.0643449272372913,-0.18208712839312402,0.2607862304209762,12.890352941176474,0.011824163329334234,0.19756339869281053,3,4.550978929800084,0.10125343879979848,0.5973674736244036,0.01902503788283882,False,False
barcode_var_len,mid,abs,45.0,0.2,50,6.708199999999998,0.08732145414322952,0.17541855280290905,0.22303465340635006,-0.30025005213759814,0.05977837772711625,14.347294117647067,0.006265280913273195,0.22993986928104593,3,3.202734226753125,0.2829771182372518,0.3431721684334451,0.010691213301548754,False,False
barcode_var_len,mid,abs,50.0,0.2,50,7.0711,0.09204536751918402,0.37925687114371953,0.006603266633286669,0.13172260351843013,0.41782006766944396,10.958117647058799,0.027038768648362452,0.15462483660130666,2,8.166603458982998,0.018497102316134342,0.7208508762465887,0.04036284886513175,False,False
barcode_var_len,mid,abs,55.0,0.2,50,7.416200000000001,0.09653757613324272,-0.09701919959490501,0.5026910555000248,-0.3428661885700314,0.030323325365610023,8.221176470588233,0.08380406844876044,0.09380392156862741,2,0.43484473008145486,0.559213733989262,0.28947216023840944,0.11165871584147165,False,False
barcode_var_len,mid,abs,60.0,0.2,50,7.746,0.10083062278904267,0.15581871450090803,0.27989574499966025,-0.19758390527764522,0.22167129381988698,9.068235294117642,0.059416369666731375,0.11262745098039204,3,4.27253475971003,0.34614766336394154,0.5663579759683925,0.08174145531073991,False,False
barcode_var_len,mid,abs,65.0,0.2,50,8.0623,0.10494793830520253,0.09407922384960485,0.5157836424450423,-0.29056456658477237,0.06892893651931309,10.231529411764711,0.036703069476692836,0.13847843137254914,3,2.596554339908762,0.570367167031973,0.35416525393901205,0.05325094323451535,False,False
barcode_var_len,mid,abs,70.0,0.2,50,8.3666,0.10890904836390451,-0.03723969277380192,0.7973693106928347,-0.2518226243734694,0.11698754306825601,4.224941176470594,0.3764184798940038,0.004998692810457644,3,1.3002847586041142,0.8313379584577761,0.4458951436617954,0.4217701039776187,False,False
barcode_var_len,mid,abs,75.0,0.2,50,8.6603,0.11273217693518539,0.03527970894360182,0.807826303905031,-0.1646532543980377,0.30996864174106353,3.771294117647045,0.43784167778688965,-0.005082352941176775,2,2.692879938313064,0.83941727668344,0.6449012009377831,0.48074706061606537,False,False
barcode_var_len,mid,abs,80.0,0.2,50,8.9443,0.11642903942835453,-0.11759902981200607,0.41601956601006723,-0.5404500938476766,0.0003182418954863637,13.91529411764705,0.00757036725416053,0.22033986928104557,3,-2.77730737946853,0.47883440147198336,0.03228798423750118,0.012662664651743332,False,False
barcode_var_len,mid,abs,85.0,0.2,50,9.219499999999998,0.12001135125272126,-0.07447938554760385,0.6072217614750923,-0.2944387608059027,0.06514453415194907,10.89129411764705,0.027813270100084147,0.15313986928104556,3,-3.168728256189075,0.6574112202233247,0.35416525393901205,0.041452469860702335,False,False
barcode_var_len,mid,abs,90.0,0.2,50,9.486800000000002,0.12349082781759486,-0.027439773622801412,0.8499701583868735,-0.23051455615725275,0.15242261252860864,4.148705882352914,0.38625462076572625,0.0033045751633980873,3,0.2547828442888971,0.8753845485047534,0.4921980196236321,0.4312326498344843,False,False
barcode_var_len,mid,abs,95.0,0.2,50,9.7468,0.1268752793958483,-0.11269907023650581,0.4358418200122642,-0.23438875037838308,0.14545751027560785,4.962823529411736,0.29113334874208824,0.02139607843137191,3,-4.17387307497855,0.4973409725293321,0.4919108529320556,0.3367587242912215,False,False
barcode_var_len,mid,abs,100.0,0.2,50,10.0,0.13017121454820896,-0.29203759069981505,0.03960107036135734,-0.5288275111842857,0.0004513374140725971,11.061647058823496,0.02587985326181662,0.15692549019607768,3,-5.884228840940354,0.06883924380572397,0.03228798423750118,0.038945410248364815,False,False
barcode_var_len,mid,abs,0.0,0.3,50,0.0,0.0,0.4882878653815582,0.00032142529279126505,0.031993631286535276,0.844626477465085,31.602630280299984,2.3063186223473545e-06,0.6133917840066663,2,5.393701910506766,0.0022994270945836657,0.948339400264372,2.17399763150257e-05,False,False
barcode_var_len,mid,abs,5.0,0.3,50,2.2361,0.029285464731252788,0.35965703284171857,0.010308397339914,-0.24988552726290425,0.11992549693631241,27.279999999999973,1.74487509361712e-05,0.5173333333333328,3,5.85010404337296,0.025910296016540595,0.44972061351117154,6.811974632592955e-05,False,False
barcode_var_len,mid,abs,10.0,0.3,50,3.1622999999999997,0.041415600876365415,0.3606370247568185,0.010087675352567911,-0.23245165326781791,0.14891022386666583,27.936941176470555,1.284540291883725e-05,0.5319320261437901,3,5.161960259172549,0.025493309994261297,0.4921980196236321,5.40553154503106e-05,False,False
barcode_var_len,mid,abs,15.0,0.3,50,3.873,0.05072340454547742,0.29203759069981505,0.03960107036135734,-0.35255167412285715,0.02566716932605455,28.726588235294116,8.883517610079817e-06,0.5494797385620914,2,6.391332435759959,0.06883924380572397,0.2774072737269285,4.32548239653101e-05,False,False
barcode_var_len,mid,abs,20.0,0.3,50,4.472100000000001,0.05856961979546336,0.3008575179357155,0.033750790141251104,-0.2731306925896861,0.08814827865954035,24.442352941176466,6.511493307120107e-05,0.4542745098039215,3,5.263586636385642,0.06036199006031448,0.3960284983254711,0.0001807668291230358,False,False
barcode_var_len,mid,abs,25.0,0.3,50,5.0,0.06548335211138319,0.23519805962401213,0.10013641133611366,-0.31962102324324965,0.04438461834385686,24.048941176470578,7.809061715168347e-05,0.4455320261437906,3,3.108042690626929,0.14665647644501686,0.33288463757892645,0.0002117325771168094,False,False
barcode_var_len,mid,abs,30.0,0.3,50,5.477199999999999,0.07173308323689359,0.17443856088780899,0.22567153762282602,-0.34867747990172687,0.02745287460715712,18.22588235294117,0.001114749828622965,0.3161307189542482,3,2.6918925975420276,0.28593260216516103,0.2836797042739569,0.002210484734796071,False,False
barcode_var_len,mid,abs,35.0,0.3,50,5.916100000000001,0.07748121188523081,0.33907720262461744,0.01600363347569121,-0.15496776884521193,0.33967481234405483,19.170823529411734,0.0007274720636766437,0.33712941176470523,3,5.343324668122054,0.03543661698188768,0.6735555980383178,0.001477181264670914,False,False
barcode_var_len,mid,abs,40.0,0.3,50,6.324599999999999,0.08283120175273083,0.27047776856761396,0.057463179390576866,-0.3079984405798587,0.0531774537748335,23.781647058823495,8.834085922641079e-05,0.43959215686274433,3,5.1935828724677355,0.09277909172436889,0.3431721684334451,0.00023273937416589812,False,False
barcode_var_len,mid,abs,45.0,0.3,50,6.708199999999998,0.08785508452671613,0.2861576392092148,0.043945873333085674,-0.3041242463587284,0.056400802663156245,23.081411764705877,0.00012197114491769728,0.42403137254901946,3,5.816346828878135,0.07554466210678314,0.3431721684334451,0.0003032972320145948,False,False
barcode_var_len,mid,abs,50.0,0.3,50,7.0711,0.09260786622296034,0.3126174209169161,0.027080639628473676,-0.02130806821621664,0.8961665966991449,13.230117647058819,0.010204452722568227,0.20511372549019596,3,4.3170322755210115,0.05192782444222788,0.9635085952950344,0.016649370231558686,False,False
barcode_var_len,mid,abs,55.0,0.3,50,7.416200000000001,0.097127527185688,0.32535731581321675,0.021135432107395442,-0.17821293417199371,0.27123936921658165,20.694588235294106,0.0003640152462604237,0.37099084967320234,3,6.571994605215973,0.043010835579601225,0.6152502765156608,0.0007984296675051746,False,False
barcode_var_len,mid,abs,60.0,0.3,50,7.746,0.10144680909095484,0.28811762303941485,0.042456281616688143,-0.06198710753808477,0.7039639361606933,12.976941176470575,0.011389014763642033,0.1994875816993461,2,3.3379311535109775,0.07325480872638214,0.8895196475943543,0.018356644246424764,False,False
barcode_var_len,mid,abs,65.0,0.3,50,8.0623,0.10558928594552093,0.24205800302971248,0.09034021797692271,-0.18983551683538463,0.24069181478268264,14.156235294117664,0.006812754471067672,0.2256941176470592,2,4.672693766077241,0.13529211387848328,0.5782477995046473,0.01151974846925988,False,False
barcode_var_len,mid,abs,70.0,0.3,50,8.3666,0.10957460275501972,0.3086974532565159,0.029169418370604223,-0.13559679773956046,0.40413538795481935,14.340705882352921,0.006283420170687074,0.22979346405228715,1,5.7988282715100095,0.05458261385243848,0.7186346286768298,0.010702528862159303,False,False
barcode_var_len,mid,abs,75.0,0.3,50,8.6603,0.11342109485804235,0.2077582860012107,0.1476823488427511,-0.23826294459951336,0.13872920665971303,14.234352941176468,0.006583464830943145,0.22743006535947707,3,5.3583199490861055,0.201977330034939,0.4857335246972735,0.011152317473182377,False,False
barcode_var_len,mid,abs,80.0,0.3,50,8.9443,0.11714054925796895,0.036259700858701865,0.8025935285061513,-0.20920648794103608,0.19512267052484822,6.67764705882351,0.15393570030900394,0.05950326797385578,3,0.17287390878295028,0.8349127309963319,0.5368759869470675,0.19424722019996427,False,False
barcode_var_len,mid,abs,85.0,0.3,50,9.219499999999998,0.12074475295817946,0.252837914095813,0.07647383870871899,-0.17627583706142858,0.27656782450681333,13.936941176470555,0.007499056923133526,0.220820915032679,2,4.876895444630703,0.11736084158268756,0.6182886461330201,0.012565987276602124,False,False
barcode_var_len,mid,abs,90.0,0.3,50,9.486800000000002,0.12424549296205402,0.1587586902462082,0.2708088464066925,-0.3041242463587284,0.056400802663156245,16.385882352941167,0.002542759805164572,0.27524183006535924,3,3.9955779203668484,0.33715157584768946,0.3431721684334451,0.004618684802349711,False,False
barcode_var_len,mid,abs,95.0,0.3,50,9.7468,0.12765062727184595,0.1901184315294098,0.18602278997469257,-0.11622582663390896,0.47510759568232697,7.88517647058822,0.09587604621910206,0.08633725490196045,3,4.523383289175117,0.24263842170612074,0.7644464774819448,0.12629564162006363,False,False
barcode_var_len,mid,abs,100.0,0.3,50,10.0,0.13096670422276638,0.01763985447180091,0.9032259910430898,-0.3176839261326845,0.045762198194659424,8.361411764705878,0.07920114171746893,0.0969202614379084,1,1.6371810985822783,0.9200439996386347,0.34047075456826614,0.1062872464606726,False,False
barcode_var_len,mid,abs,0.0,0.4,50,0.0,0.0,0.3532713167023826,0.011851102467647227,-0.25570881272264506,0.11125745237793114,25.479332002531766,4.029113762427299e-05,0.4773184889451504,3,6.461429640657633,0.02892788791315465,0.4348133100577179,0.00012126458896625852,False,False
barcode_var_len,mid,abs,5.0,0.4,50,2.2361,0.02924666626494548,0.33123726730381703,0.018787547811128846,-0.30993553769042387,0.0516221036490724,26.85270588235295,2.1289504742760045e-05,0.5078379084967323,3,6.234336249833969,0.03944112745902896,0.3429182599545524,7.674123802622807e-05,False,False
barcode_var_len,mid,abs,10.0,0.4,50,3.1622999999999997,0.04136073195726357,0.33221725921891715,0.018418559024447886,-0.311872634800989,0.05010350092789561,27.206588235294106,1.805573870562911e-05,0.5157019607843135,3,7.1891343312909015,0.038930136119855754,0.342619528403992,6.881900408293061e-05,False,False
barcode_var_len,mid,abs,15.0,0.4,50,3.873,0.050656204303981864,0.34887712177561797,0.01302432575739976,-0.26344520703686025,0.10048641259754532,25.38917647058824,4.2010645823041495e-05,0.4753150326797387,3,6.4942820150887695,0.03121810039789118,0.41719805230230866,0.0001248239636275674,False,False
barcode_var_len,mid,abs,20.0,0.4,50,4.472100000000001,0.05849202459794405,0.3214373481528166,0.022834425142011013,-0.2944387608059027,0.06514453415194907,23.958588235294116,8.14159962481176e-05,0.4435241830065359,3,5.518524430445194,0.0455708484593782,0.35416525393901205,0.0002188349032102583,False,False
barcode_var_len,mid,abs,25.0,0.4,50,5.0,0.06539659734570341,0.33711721879441736,0.016664405178358047,-0.21889197349386189,0.17477538712368895,22.311529411764667,0.00017373816564625845,0.4069228758169926,3,4.792725373737921,0.036380039473880244,0.5176468472134736,0.00041429870269492396,False,False
barcode_var_len,mid,abs,30.0,0.4,50,5.477199999999999,0.07163804859637735,0.2930175826149151,0.03891248350941913,-0.36030006256511776,0.022384200321470177,27.688470588235248,1.4423904400130202e-05,0.5264104575163389,3,5.282040876808371,0.06789607816840486,0.25700378146873165,5.935500483239419e-05,False,False
barcode_var_len,mid,abs,35.0,0.4,50,5.916100000000001,0.07737856191138319,0.34005719453971756,0.015681698711744723,-0.18015003128255888,0.26597886912485613,20.458352941176457,0.0004053899812447003,0.36574117647058796,3,5.809079748447828,0.03514212000463275,0.6047930275944162,0.0008747394026857803,False,False
barcode_var_len,mid,abs,40.0,0.4,50,6.324599999999999,0.08272146391452714,0.3233973319830166,0.0219710990669019,-0.2518226243734694,0.11698754306825601,25.18776470588236,4.612006337686139e-05,0.4708392156862746,3,4.165977411736392,0.044132013244532975,0.4458951436617954,0.0001344566110986868,False,False
barcode_var_len,mid,abs,45.0,0.4,50,6.708199999999998,0.08773869086288952,0.34495715411521777,0.014153510983438288,-0.12784840929729985,0.4317629906820725,16.82070588235294,0.0020942862385461476,0.2849045751633987,3,4.814087003515206,0.032743197051237835,0.7248006883291109,0.003887597209277328,False,False
barcode_var_len,mid,abs,50.0,0.4,50,7.0711,0.09248517589824068,0.3635770005021188,0.009449782636089026,-0.16077906017690738,0.3216472515203678,19.38729411764706,0.0006595206817838685,0.34193986928104575,3,6.294857041493653,0.024344315378290286,0.6488762340866422,0.0013510005155484533,False,False
barcode_var_len,mid,abs,55.0,0.4,50,7.416200000000001,0.09699884904704113,0.23617805153911217,0.09868880283927957,-0.26344520703686025,0.10048641259754532,13.666823529411744,0.008437969163567942,0.2148183006535943,3,3.7386347154475033,0.14476433224058358,0.41719805230230866,0.013938386007314719,False,False
barcode_var_len,mid,abs,60.0,0.4,50,7.746,0.10131240860796373,0.2930175826149151,0.03891248350941913,-0.19758390527764522,0.22167129381988698,22.244705882352918,0.00017914736147971045,0.4054379084967315,3,3.857789666620942,0.06789607816840486,0.5663579759683925,0.00042393650426496364,False,False
barcode_var_len,mid,abs,65.0,0.4,50,8.0623,0.10544939735605294,0.4899959575500253,0.0003039956903767903,0.06973549598034537,0.6689557215776891,23.667764705882348,9.31039804079418e-05,0.4370614379084966,2,8.205836757950077,0.002208718687893867,0.8787130241062866,0.0002418622954731449,False,False
barcode_var_len,mid,abs,70.0,0.4,50,8.3666,0.10942943427051244,0.30379749368101566,0.031967502081964125,-0.14334518618182104,0.3775519234135407,16.844235294117652,0.0020723795715953453,0.2854274509803923,3,5.666800022876274,0.0579527815520987,0.6994487824195077,0.0038701064288828736,False,False
barcode_var_len,mid,abs,75.0,0.4,50,8.6603,0.11327083039859903,0.1607186740764083,0.264860918457947,-0.37773393656020415,0.01626007693656015,19.361882352941166,0.0006671602929311201,0.34137516339869256,2,5.534453482914239,0.33107614807243374,0.22569957538807375,0.0013636463130240477,False,False
barcode_var_len,mid,abs,80.0,0.4,50,8.9443,0.11698535712783502,0.1979583668502102,0.1681866636815923,-0.39710490766585554,0.011175660022985518,23.42776470588234,0.00010399290754644856,0.4317281045751631,3,3.274014564977991,0.2228113920568103,0.18233971616450056,0.000265696164885157,False,False
barcode_var_len,mid,abs,85.0,0.4,50,9.219499999999998,0.12058478584574252,0.18227849620860936,0.20517359162494336,-0.3060613434692936,0.05477015244556999,16.821647058823515,0.0020934056046861835,0.2849254901960781,2,4.213058530759085,0.26538447873601856,0.3431721684334451,0.003887597209277328,False,False
barcode_var_len,mid,abs,90.0,0.4,50,9.486800000000002,0.12408088793984381,0.16463864173680848,0.2532283191622771,-0.220829070604427,0.17089556312621176,12.200470588235277,0.01592114195012507,0.1822326797385617,3,3.8068520276195024,0.31738859409827186,0.5160158237252498,0.02496907590829058,False,False
barcode_var_len,mid,abs,95.0,0.4,50,9.7468,0.12748151100182042,0.2057983021710106,0.1516274890672849,-0.32155812035381476,0.04304081547222809,20.886588235294113,0.0003334924852661614,0.37525751633986915,2,4.14630517618388,0.20466409990214074,0.33288463757892645,0.0007402100508294274,False,False
barcode_var_len,mid,abs,100.0,0.4,50,10.0,0.13079319469140682,0.20873827791631078,0.14573850293984658,-0.39904200477642077,0.010751563400175348,23.880470588235283,8.440416394492597e-05,0.4417882352941174,3,5.608834566864722,0.19990679606793116,0.18179916294841952,0.0002242739213393747,False,False
barcode_var_len,mid,abs,0.0,0.5,50,0.0,0.0,0.3398973537905339,0.015733828015602927,-0.29056456658477237,0.06892893651931309,27.26973064790098,1.753242374009874e-05,0.5171051255089106,3,6.307146828833689,0.03517418282334308,0.35416525393901205,6.811974632592955e-05,False,False
barcode_var_len,mid,abs,5.0,0.5,50,2.2361,0.029131844329241752,0.37925687114371953,0.006603266633286669,-0.21889197349386189,0.17477538712368895,28.386823529411743,1.0412017736701337e-05,0.5419294117647054,2,7.279516416534336,0.018497102316134342,0.5176468472134736,4.7466551446726684e-05,False,False
barcode_var_len,mid,abs,10.0,0.5,50,3.1622999999999997,0.04119835039683431,0.33907720262461744,0.01600363347569121,-0.2711935954791209,0.09051702671299842,26.158117647058788,2.9404279883274483e-05,0.49240261437908417,2,5.9083561289124535,0.03543661698188768,0.4008611183004216,9.495132045640718e-05,False,False
barcode_var_len,mid,abs,15.0,0.5,50,3.873,0.05045732887042321,0.3616170166719186,0.009871039876256952,-0.23245165326781791,0.14891022386666583,25.561411764705866,3.8786574356855104e-05,0.47914248366013035,2,5.82231471030604,0.025150868725805388,0.4921980196236321,0.00011826725951434507,False,False
barcode_var_len,mid,abs,20.0,0.5,50,4.472100000000001,0.05826238586145613,0.3273172996434168,0.020326735415768484,-0.2828161781425118,0.07701639306227905,26.013176470588235,3.145160860429669e-05,0.4891816993464052,2,5.047820139454308,0.041638466820847334,0.3692022966387604,9.915252882032515e-05,False,False
barcode_var_len,mid,abs,25.0,0.5,50,5.0,0.06513985136899457,0.3047774855961157,0.031390739977712516,-0.33318070301720565,0.035654757484319746,26.06682352941175,3.0677817431807814e-05,0.49037385620914997,3,4.74247923076436,0.057241937606416944,0.304210316150618,9.770674729993586e-05,False,False
barcode_var_len,mid,abs,30.0,0.5,50,5.477199999999999,0.0713567987836514,0.28419765537901465,0.04547791678099263,-0.3389919943489011,0.03237108028472536,25.404235294117626,4.1718442806692005e-05,0.4756496732026139,2,5.034258639513455,0.07732077258925621,0.28947216023840944,0.0001247528997113298,False,False
barcode_var_len,mid,abs,35.0,0.5,50,5.916100000000001,0.07707477493682176,0.3508371056058181,0.012489278388244611,-0.23826294459951336,0.13872920665971303,27.160470588235285,1.844774477207546e-05,0.5146771241830064,2,5.700845517207224,0.03009074844836137,0.4857335246972735,6.974147413833406e-05,False,False
barcode_var_len,mid,abs,40.0,0.5,50,6.324599999999999,0.08239670079366862,0.43217643455912225,0.0017235110135427677,-0.09298066130712715,0.5682352325021965,22.85929411764704,0.00013509091685575962,0.4190954248366009,3,5.8691869311394065,0.007092324082277761,0.8142662037396653,0.0003323665414705197,False,False
barcode_var_len,mid,abs,45.0,0.5,50,6.708199999999998,0.08739423019069789,0.37729688731351946,0.006912328425571626,-0.1859613226142543,0.25060407596896045,24.878117647058815,5.322972809556923e-05,0.46395816993464034,2,7.682499285344409,0.018907251281710623,0.5870574071816957,0.00015278903434839315,False,False
barcode_var_len,mid,abs,50.0,0.5,50,7.0711,0.09212208060305951,0.23421806770891204,0.10160035852815104,-0.3157468290221193,0.047174143731525855,20.2945882352941,0.0004367728337671828,0.36210196078431334,3,5.191322805748044,0.14856656199871143,0.342619528403992,0.0009295165569873684,False,False
barcode_var_len,mid,abs,55.0,0.5,50,7.416200000000001,0.09661803314454753,0.27831770388841437,0.05033731584020644,-0.311872634800989,0.05010350092789561,23.706352941176448,9.146213525869681e-05,0.4379189542483655,3,4.597332330250388,0.08329840521599999,0.342619528403992,0.00023893198255783154,False,False
barcode_var_len,mid,abs,60.0,0.5,50,7.746,0.10091465774084642,0.22539814047301163,0.11552865514129602,-0.32155812035381476,0.04304081547222809,19.753411764705874,0.0005585968995096011,0.35007581699346385,3,5.25974391300328,0.1650409359161372,0.33288463757892645,0.001164787256824953,False,False
barcode_var_len,mid,abs,65.0,0.5,50,8.0623,0.10503540473844901,0.32535731581321675,0.021135432107395442,-0.1840242255036892,0.255661342055195,23.151058823529382,0.00011812388677450579,0.4255790849673196,2,5.3865448571156485,0.043010835579601225,0.5914553435605256,0.0002945180018774541,False,False
barcode_var_len,mid,abs,70.0,0.5,50,8.3666,0.10899981609276597,0.26851778473741383,0.0593659656624261,-0.3370548972383359,0.03343681642257852,26.644705882352923,2.3452546373596975e-05,0.5032156862745094,2,5.813478281442443,0.0950264166369299,0.29336074785847194,8.018701517443083e-05,False,False
barcode_var_len,mid,abs,75.0,0.5,50,8.6603,0.11282613096218073,0.22637813238811166,0.1139128925794549,-0.38354522789189954,0.014562623340033316,23.906823529411724,8.33841299959533e-05,0.44237385620914943,3,5.218370357116459,0.1629830616906047,0.20835753394201514,0.00022283689912711658,False,False
barcode_var_len,mid,abs,80.0,0.5,50,8.9443,0.11652607451993965,0.4155165720024214,0.002692744857973016,-0.046490330653563575,0.7757506526956611,20.343529411764678,0.000427150085126496,0.3631895424836595,2,6.931750370811653,0.009594837999673965,0.9273111915256618,0.0009111228879991773,False,False
barcode_var_len,mid,abs,85.0,0.5,50,9.219499999999998,0.12011137193928909,0.23715804345421224,0.09725742551785523,-0.284753275253077,0.0749281755754842,21.900235294117635,0.00020979566520218018,0.39778300653594745,2,5.405880010736681,0.14319899436488956,0.36675370150105424,0.00048435265452806555,False,False
barcode_var_len,mid,abs,90.0,0.5,50,9.486800000000002,0.12359374839347556,0.2969375502753153,0.03625588892818323,-0.24601133304177394,0.12596729024899417,19.84658823529412,0.000535453485481521,0.35214640522875823,3,5.849964832825561,0.06410261730648366,0.46673139414965964,0.0011266328993163224,False,False
barcode_var_len,mid,abs,95.0,0.5,50,9.7468,0.12698102066466327,0.34005719453971756,0.015681698711744723,-0.09685485552825747,0.5521509629648069,17.324235294117642,0.0016717157165924302,0.29609411764705873,2,5.415065198514258,0.03514212000463275,0.8112170545928443,0.0031858516730142623,False,False
barcode_var_len,mid,abs,100.0,0.5,50,10.0,0.13027970273798914,0.1430788196046074,0.3215671043699492,-0.41453878166094194,0.00782628127009066,23.26211764705883,0.00011223675243846139,0.42804705882352956,2,4.962044993934947,0.3883862429403282,0.15486045917413435,0.0002821085939669435,False,False
barcode_var_len,mid,abs,0.0,0.6,50,0.0,0.0,0.3345251362689216,0.017573781573185718,-0.30993553769042387,0.0516221036490724,29.07080348499513,7.562714740966605e-06,0.5571289663332251,3,8.534054679563736,0.037832446442274806,0.3429182599545524,4.019042690913682e-05,False,False
barcode_var_len,mid,abs,5.0,0.6,50,2.2361,0.028892968220140952,0.3939567498702203,0.004644617073847666,-0.18789841972481947,0.2456142873315258,29.453176470588232,6.32351434470641e-06,0.5656261437908496,2,7.441074596367902,0.014255755375176005,0.5841976655199974,3.5426917714319044e-05,False,False
barcode_var_len,mid,abs,10.0,0.6,50,3.1622999999999997,0.040860531014959865,0.38807679837962006,0.005356609631368086,-0.19177261394594977,0.23583648068140362,28.868705882352913,8.312441366747135e-06,0.5526379084967314,2,6.377522501665238,0.015665556469095347,0.5782477995046473,4.156220683373567e-05,False,False
barcode_var_len,mid,abs,15.0,0.6,50,3.873,0.05004358745879252,0.3743569115682193,0.0073994959380623525,-0.21889197349386189,0.17477538712368895,32.813176470588246,1.3044364278431646e-06,0.6402928104575166,2,5.37885929134613,0.019946467311298514,0.5176468472134736,1.7469879403322394e-05,False,False
barcode_var_len,mid,abs,20.0,0.6,50,4.472100000000001,0.05778464432596591,0.33907720262461744,0.01600363347569121,-0.29056456658477237,0.06892893651931309,30.385882352941167,4.0842773073958456e-06,0.5863529411764704,2,6.148138814137079,0.03543661698188768,0.35416525393901205,2.8136132562060266e-05,False,False
barcode_var_len,mid,abs,25.0,0.6,50,5.0,0.06460571580014524,0.368476960077619,0.008463919570256506,-0.2363258474889482,0.14206399862113805,29.6395294117647,5.795060641012224e-06,0.5697673202614377,2,6.4518090191748545,0.022298711615689942,0.4857335246972735,3.4110167064185874e-05,False,False
barcode_var_len,mid,abs,30.0,0.6,50,5.477199999999999,0.0707716853161111,0.39297675795512027,0.004757182800992321,-0.1724016428402983,0.2874288883942323,25.359999999999985,4.2582589398053665e-05,0.47466666666666635,2,5.906426293605693,0.014505508212861831,0.6289620381332613,0.00012612040808977678,False,False
barcode_var_len,mid,abs,35.0,0.6,50,5.916100000000001,0.07644277504904784,0.3478971298605179,0.01329913025610875,-0.24213713882064367,0.1322338092452734,26.468705882352907,2.545254863979577e-05,0.49930457516339793,2,5.707702504351795,0.031551508005564124,0.4797824045139428,8.45388222678931e-05,False,False
barcode_var_len,mid,abs,40.0,0.6,50,6.324599999999999,0.08172106202991973,0.407676636681621,0.003296658999689581,-0.13172260351843013,0.41782006766944396,28.434823529411744,1.0181161250241244e-05,0.5429960784313721,2,5.0615264604307075,0.011148701344404766,0.7208508762465887,4.7018144904841716e-05,False,False
barcode_var_len,mid,abs,45.0,0.6,50,6.708199999999998,0.08667761254610686,0.27831770388841437,0.05033731584020644,-0.35061457701229204,0.02654757780827596,27.61317647058823,1.493928851017836e-05,0.5247372549019607,2,5.310155628903624,0.08329840521599999,0.2774072737269285,6.0936571554674886e-05,False,False
barcode_var_len,mid,abs,50.0,0.6,50,7.0711,0.09136669539888141,0.3606370247568185,0.010087675352567911,-0.22470326482555728,0.1633224168338587,27.508705882352928,1.5684857722783018e-05,0.5224156862745095,2,6.013688467528553,0.025493309994261297,0.5096974753539886,6.287464518184571e-05,False,False
barcode_var_len,mid,abs,55.0,0.6,50,7.416200000000001,0.09582578190340742,0.30771746134141587,0.02971208361067516,-0.30025005213759814,0.05977837772711625,27.285647058823514,1.7402909110783548e-05,0.5174588235294114,2,4.415862019001271,0.0552644755158558,0.3431721684334451,6.811974632592955e-05,False,False
barcode_var_len,mid,abs,60.0,0.6,50,7.746,0.10008717491758504,0.3527970894360182,0.011973186471213476,-0.16852744861916796,0.2985624581580232,20.447058823529403,0.0004074806965614447,0.3654901960784312,2,4.897062036590222,0.029149380675990922,0.640967913267977,0.0008772153884308878,False,False
barcode_var_len,mid,abs,65.0,0.6,50,8.0623,0.10417413249910218,0.33711721879441736,0.016664405178358047,-0.21501777927273155,0.18272353817081075,23.33741176470585,0.00010841208027244222,0.42972026143790776,2,5.277304928510208,0.036380039473880244,0.5284657153424824,0.00027472271022716964,False,False
barcode_var_len,mid,abs,70.0,0.6,50,8.3666,0.10810603636269905,0.5115557796822263,0.00014657674734630066,0.09104356419656201,0.5763571733802473,28.824470588235272,8.4861630231958e-06,0.5516549019607838,2,6.138937895599378,0.0013769330811319153,0.8158480536432724,4.2071890902999964e-05,False,False
barcode_var_len,mid,abs,75.0,0.6,50,8.6603,0.11190097610879957,0.2606778494166135,0.06748898405405523,-0.26150810992629514,0.1031052868558436,22.636235294117625,0.0001496746695386201,0.4141385620915028,2,3.9942217218894314,0.10566457099372285,0.42616851900415353,0.0003624933402888456,False,False
barcode_var_len,mid,abs,80.0,0.6,50,8.9443,0.1155705807662478,0.3469171379454179,0.013578881964576316,-0.1859613226142543,0.25060407596896045,25.050352941176442,4.915049706448753e-05,0.46778562091503206,2,6.133115461356294,0.03176517070929757,0.5870574071816957,0.00014195640456513478,False,False
barcode_var_len,mid,abs,85.0,0.6,50,9.219499999999998,0.1191264793638878,0.3576970490115184,0.01076235057356804,-0.2130806821621664,0.1867926305454003,25.597176470588238,3.814858275685381e-05,0.4799372549019608,2,5.191270104191329,0.026690629422448743,0.5314790005527746,0.00011747742372143724,False,False
barcode_var_len,mid,abs,90.0,0.6,50,9.486800000000002,0.12258030093056357,0.367496968162519,0.008653638523150655,-0.16077906017690738,0.3216472515203678,25.5181176470588,3.957308300892725e-05,0.47818039215686226,2,6.186804727197655,0.022670095286000308,0.6488762340866422,0.00012003641522457582,False,False
barcode_var_len,mid,abs,95.0,0.6,50,9.7468,0.12593979815217113,0.3537770813511182,0.011722078766689155,-0.20339519660934066,0.20810244941379488,23.589647058823516,9.651782496175606e-05,0.43532549019607814,2,6.445035235423736,0.028688245402686614,0.5593505143203157,0.0002493377144845365,False,False
barcode_var_len,mid,abs,100.0,0.6,50,10.0,0.12921143160029047,0.46647615158762407,0.0006388796406339731,0.08329517575430141,0.6093584429124496,19.646117647058816,0.0005864753679207979,0.34769150326797366,2,5.721255528056982,0.0035157281999384318,0.8370802834690962,0.0012147485348916304,False,False
barcode_var_len,mid,abs,0.0,0.7,50,0.0,0.0,0.20760236397865428,0.14799338601817028,-0.5598210649533282,0.00017267801386927455,31.675914811229422,2.2281883575974574e-06,0.6150203291384316,3,10.514456736681812,0.20210550513494618,0.026765092149737556,2.136304301614057e-05,False,False
barcode_var_len,mid,abs,5.0,0.7,50,2.2361,0.02900960591408364,0.3057574775112158,0.030822647751635096,-0.36030006256511776,0.022384200321470177,27.232941176470575,1.7835466681393594e-05,0.5162875816993461,2,9.32642107711538,0.056538584633176805,0.25700378146873165,6.854125625494233e-05,False,False
barcode_var_len,mid,abs,10.0,0.7,50,3.1622999999999997,0.04102548042668337,0.34495715411521777,0.014153510983438288,-0.284753275253077,0.0749281755754842,26.991058823529386,1.9961819651977995e-05,0.510912418300653,2,8.643414448419046,0.032743197051237835,0.36675370150105424,7.337743982742899e-05,False,False
barcode_var_len,mid,abs,15.0,0.7,50,3.873,0.05024560784636016,0.2851776472941147,0.04470653540337289,-0.4048532961081162,0.009560674500892,28.9195294117647,8.117211432782407e-06,0.5537673202614377,3,7.8784917249803295,0.07656920428201987,0.16465606084869555,4.1457142740248915e-05,False,False
barcode_var_len,mid,abs,20.0,0.7,50,4.472100000000001,0.05801791449772973,0.4008166932759207,0.003919966332926541,-0.17627583706142858,0.27656782450681333,26.020705882352928,3.134184698271404e-05,0.48934901960784283,3,7.86634525598978,0.012570926515936838,0.6182886461330201,9.915252882032515e-05,False,False
barcode_var_len,mid,abs,25.0,0.7,50,5.0,0.0648665218775628,0.3988567094457206,0.004116101768331226,-0.16271615728747252,0.3157739167860114,25.333647058823516,4.3105831271680825e-05,0.4740810457516337,2,7.340689481358421,0.01302032192023143,0.645428005738441,0.00012719451991782045,False,False
barcode_var_len,mid,abs,30.0,0.7,50,5.477199999999999,0.0710573827255574,0.32927728347361696,0.019544330198285706,-0.311872634800989,0.05010350092789561,28.88564705882351,8.246850975210805e-06,0.5530143790849669,2,5.739171717477836,0.040481574798230974,0.342619528403992,4.1457142740248915e-05,False,False
barcode_var_len,mid,abs,35.0,0.7,50,5.916100000000001,0.07675136601596987,0.3978767175306205,0.00421736360571065,-0.1646532543980377,0.30996864174106353,26.726588235294116,2.2576112381328895e-05,0.505035294117647,2,6.207576721051849,0.013250500517942245,0.6449012009377831,7.922937552692781e-05,False,False
barcode_var_len,mid,abs,40.0,0.7,50,6.324599999999999,0.08205096085336674,0.4037566690212208,0.003641167432932486,-0.16271615728747252,0.3157739167860114,26.562823529411787,2.436280559352371e-05,0.501396078431373,2,7.162131593239643,0.011923541241645113,0.645428005738441,8.179570109016986e-05,False,False
barcode_var_len,mid,abs,45.0,0.7,50,6.708199999999998,0.08702752041181334,0.38415683071921986,0.005882687853609089,-0.2014580994987755,0.21255956229611764,26.770823529411757,2.2116267294818664e-05,0.5060183006535947,2,6.666111589236237,0.01693776998097973,0.5663579759683925,7.850430757321128e-05,False,False
barcode_var_len,mid,abs,50.0,0.7,50,7.0711,0.09173553256968688,0.38317683880411973,0.006021047729728627,-0.15496776884521193,0.33967481234405483,23.478588235294097,0.00010158619827310543,0.43285751633986885,2,6.411974564236979,0.017124080699228206,0.6735555980383178,0.0002602621608649808,False,False
barcode_var_len,mid,abs,55.0,0.7,50,7.416200000000001,0.09621261990967625,0.3282972915585169,0.01993228840194183,-0.29056456658477237,0.06892893651931309,26.941176470588232,2.0430737653110377e-05,0.5098039215686274,2,6.082764512857449,0.04110205812373814,0.35416525393901205,7.480545676138838e-05,False,False
barcode_var_len,mid,abs,60.0,0.7,50,7.746,0.10049121569272032,0.31163742900181607,0.02759074145965238,-0.29056456658477237,0.06892893651931309,26.771764705882333,2.210658523449019e-05,0.5060392156862741,3,5.214346186177842,0.052688684922950126,0.35416525393901205,7.850430757321128e-05,False,False
barcode_var_len,mid,abs,65.0,0.7,50,8.0623,0.10459467186669492,0.4409963617950227,0.0013483902080002057,-0.08523227286486657,0.6010327429300519,23.31482352941177,0.00010954569269540285,0.42921830065359484,2,8.410252292066351,0.00591510798792543,0.8317863853049826,0.00027609077020792586,False,False
barcode_var_len,mid,abs,70.0,0.7,50,8.3666,0.10854244838816339,0.44589632137052293,0.0011731591115246476,-0.06586130175921506,0.6863790881687026,23.71576470588232,9.106606580672125e-05,0.4381281045751627,2,6.587662201692208,0.005538263825979301,0.8843928949112928,0.0002388424722445811,False,False
barcode_var_len,mid,abs,75.0,0.7,50,8.6603,0.11235270788325145,0.3508371056058181,0.012489278388244611,-0.25763391570516486,0.10849891383233723,25.297882352941173,4.382617890043928e-05,0.4732862745098038,2,7.59720774960733,0.03009074844836137,0.4312136318977506,0.00012817090055788848,False,False
barcode_var_len,mid,abs,80.0,0.7,50,8.9443,0.11603712632589704,0.38905679029472007,0.005231701381454484,-0.1724016428402983,0.2874288883942323,24.002823529411756,7.977073773118491e-05,0.44450718954248347,2,7.6401347136912,0.015397095837824906,0.6289620381332613,0.00021565926188954062,False,False
barcode_var_len,mid,abs,85.0,0.7,50,9.219499999999998,0.11960737969003805,0.28419765537901465,0.04547791678099263,-0.311872634800989,0.05010350092789561,22.19011764705877,0.000183689850804376,0.404224836601306,2,6.179670954381299,0.07732077258925621,0.342619528403992,0.0004324849651849865,False,False
barcode_var_len,mid,abs,90.0,0.7,50,9.486800000000002,0.12307514394961258,0.4311964426440222,0.0017704524863552714,-0.11622582663390896,0.47510759568232697,27.55294117647057,1.5364752082875422e-05,0.523398692810457,2,7.760980686837248,0.007158786140480011,0.7644464774819448,6.185809280118677e-05,False,False
barcode_var_len,mid,abs,95.0,0.7,50,9.7468,0.12644820308724586,0.3135974128320162,0.026578443210682916,-0.16659035150860282,0.30423147795262523,16.007529411764693,0.0030090769290122854,0.2668339869281043,2,6.436463894081809,0.05117588444292983,0.6430347147635033,0.005423336325545398,False,False
barcode_var_len,mid,abs,100.0,0.7,50,10.0,0.1297330437551256,0.41453658008732136,0.002762446997935634,-0.12203711796560442,0.45315449386729667,22.34258823529413,0.00017127949199840974,0.4076130718954251,2,8.353151081814923,0.00969462531350996,0.7432692756553544,0.0004105410504085595,False,False
barcode_var_len,mid,abs,0.0,0.8,50,0.0,0.0,0.19284390208443716,0.17967499138899287,-0.5888775216118054,6.408905558526742e-05,33.00882865440463,1.1895193609237796e-06,0.6446406367645474,3,11.022653062294413,0.23601375987537201,0.021287609773181494,1.7469879403322394e-05,False,False
barcode_var_len,mid,abs,5.0,0.8,50,2.2361,0.029049122225129474,0.3537770813511182,0.011722078766689155,-0.26925649836855575,0.09293462462559046,27.974588235294107,1.2621721062900474e-05,0.5327686274509802,2,9.870493978892137,0.028688245402686614,0.40387477056915483,5.366975615692595e-05,False,False
barcode_var_len,mid,abs,10.0,0.8,50,3.1622999999999997,0.041081364524183595,0.4115966043420212,0.002981221165114495,-0.15496776884521193,0.33967481234405483,26.487529411764683,2.5230790616762302e-05,0.499722875816993,2,9.302239969019908,0.010230758979913213,0.6735555980383178,8.440516285463648e-05,False,False
barcode_var_len,mid,abs,15.0,0.8,50,3.873,0.050314051418955535,0.3743569115682193,0.0073994959380623525,-0.2285774590466876,0.15599513996197656,26.926117647058817,2.0574438703725084e-05,0.5094692810457515,2,8.733141863067369,0.019946467311298514,0.4985411689506467,7.50361882135856e-05,False,False
barcode_var_len,mid,abs,20.0,0.8,50,4.472100000000001,0.05809694535262356,0.35965703284171857,0.010308397339914,-0.25763391570516486,0.10849891383233723,28.88941176470587,8.232345424972991e-06,0.553098039215686,2,7.082508669570624,0.025910296016540595,0.4312136318977506,4.1457142740248915e-05,False,False
barcode_var_len,mid,abs,25.0,0.8,50,5.0,0.06495488176988837,0.3518170975209181,0.012228897171496625,-0.25763391570516486,0.10849891383233723,27.148235294117626,1.8553159583749054e-05,0.5144052287581695,2,6.446379039703891,0.029663925407927432,0.4312136318977506,6.985602596310373e-05,False,False
barcode_var_len,mid,abs,30.0,0.8,50,5.477199999999999,0.07115417568600652,0.39003678220982013,0.0051093480754661235,-0.19758390527764522,0.22167129381988698,28.515764705882333,9.803352805196557e-06,0.5447947712418296,2,6.286217148190779,0.015132782516507945,0.5663579759683925,4.6046051054711104e-05,False,False
barcode_var_len,mid,abs,35.0,0.8,50,5.916100000000001,0.07685591520776733,0.4037566690212208,0.003641167432932486,-0.16271615728747252,0.3157739167860114,25.39576470588233,4.1882557569463185e-05,0.4754614379084962,2,8.725049916927706,0.011923541241645113,0.645428005738441,0.0001248239636275674,False,False
barcode_var_len,mid,abs,40.0,0.8,50,6.324599999999999,0.08216272904836719,0.3665169762474189,0.008847026236905342,-0.24407423593120883,0.1290721966839409,30.27199999999999,4.3083860111722944e-06,0.583822222222222,2,7.058727136092968,0.022982498324921698,0.47445511034017807,2.9034775292682857e-05,False,False
barcode_var_len,mid,abs,45.0,0.8,50,6.708199999999998,0.08714606757775303,0.41257659625712123,0.0029066541130199075,-0.1375338948501256,0.39739079979220154,26.129882352941166,2.9792439139374663e-05,0.4917751633986926,2,7.454152911806379,0.01004902723088667,0.712087560321286,9.554127034351184e-05,False,False
barcode_var_len,mid,abs,50.0,0.8,50,7.0711,0.09186049289661154,0.4037566690212208,0.003641167432932486,-0.15109357462408166,0.3520316775609681,28.343529411764678,1.0624705187258626e-05,0.5409673202614372,2,7.483925112166921,0.011923541241645113,0.6849151885600424,4.775516987074635e-05,False,False
barcode_var_len,mid,abs,55.0,0.8,50,7.416200000000001,0.09634367883636923,0.37925687114371953,0.006603266633286669,-0.19952100238821038,0.2170824204980929,27.328000000000003,1.7062892366194068e-05,0.5184000000000001,2,6.490638956685924,0.018497102316134342,0.5663579759683925,6.752548893855525e-05,False,False
barcode_var_len,mid,abs,60.0,0.8,50,7.746,0.10062810283791107,0.4625561839272238,0.0007193979711864259,0.015496776884521193,0.9243879679995202,22.416941176470573,0.00016553290404823493,0.40926535947712384,2,6.912884251443611,0.003823086361162149,0.9735909515736736,0.00039882279990895983,False,False
barcode_var_len,mid,abs,65.0,0.8,50,8.0623,0.10473714865867421,0.3714169358229192,0.00791620733713429,-0.2111435850516013,0.1909255574106153,26.615529411764697,2.377294640367034e-05,0.5025673202614377,2,5.608560671462696,0.021094764537349257,0.5314790005527746,8.03957823833215e-05,False,False
barcode_var_len,mid,abs,70.0,0.8,50,8.3666,0.1086903027631896,0.4684361354178241,0.0006017458440800744,-0.019370971105651492,0.9055614351251217,24.639999999999986,5.942869693415517e-05,0.4586666666666664,2,7.565671834115978,0.003433273834321897,0.9657937324155541,0.00016748087317807364,False,False
barcode_var_len,mid,abs,75.0,0.8,50,8.6603,0.11250575251835285,0.42433649923832184,0.0021321494243182067,-0.09685485552825747,0.5521509629648069,30.696470588235286,3.5303436669510987e-06,0.5932549019607841,2,6.335085876666012,0.008093465161697682,0.8112170545928443,2.6740055797037887e-05,False,False
barcode_var_len,mid,abs,80.0,0.8,50,8.9443,0.11619518980288251,0.4047366609363209,0.0035521948989146418,-0.16077906017690738,0.3216472515203678,27.116235294117644,1.8831700805514433e-05,0.5136941176470587,2,8.15538197293136,0.011840649663048807,0.6488762340866422,7.005392699651369e-05,False,False
barcode_var_len,mid,abs,85.0,0.8,50,9.219499999999998,0.11977030649549718,0.3214373481528166,0.022834425142011013,-0.29831295502703303,0.06152651587728948,23.536941176470577,9.88910626107346e-05,0.43415424836601285,3,7.844499410421506,0.0455708484593782,0.3467858167629043,0.00025476090921878997,False,False
barcode_var_len,mid,abs,90.0,0.8,50,9.486800000000002,0.12324279447491542,0.30967744517161594,0.028635036371089835,-0.2886274694742072,0.07088505559627353,26.105411764705877,3.0132961599056372e-05,0.4912313725490195,2,5.358451033283947,0.05390806442330678,0.35442527798136764,9.630121748152035e-05,False,False
barcode_var_len,mid,abs,95.0,0.8,50,9.7468,0.12662044832694963,0.38611681454941993,0.005614268965271389,-0.1646532543980377,0.30996864174106353,24.140235294117645,7.486761644395387e-05,0.4475607843137254,2,7.084495988947456,0.016215124651249663,0.6449012009377831,0.00020538903626217433,False,False
barcode_var_len,mid,abs,100.0,0.8,50,10.0,0.12990976353977673,0.5389955533050278,5.3817991182788125e-05,0.11622582663390896,0.47510759568232697,23.405176470588202,0.00010508064399610523,0.43122614379084895,2,8.625073172195926,0.0006763612405404453,0.7644464774819448,0.00026773972305856947,False,False
barcode_var_len,mid,abs,0.0,0.9,50,0.0,0.0,0.23711928776708854,0.09731372520280666,-0.5017081516363737,0.0009730311578895444,30.58302032913841,3.723427133869376e-06,0.5907337850919647,3,11.312235839859461,0.14319899436488956,0.053230528049251546,2.7070466224718754e-05,False,False
barcode_var_len,mid,abs,5.0,0.9,50,2.2361,0.02908309342790185,0.4429563456252228,0.0012756730488826524,-0.09298066130712715,0.5682352325021965,26.773647058823514,2.208723375691297e-05,0.5060810457516336,2,10.219478712241251,0.00581556831108268,0.8142662037396653,7.850430757321128e-05,False,False
barcode_var_len,mid,abs,10.0,0.9,50,3.1622999999999997,0.04112940671126248,0.4311964426440222,0.0017704524863552714,-0.1142887295233438,0.4825477544896945,26.359529411764697,2.6777494564498656e-05,0.49687843137254883,2,9.266043934919674,0.007158786140480011,0.7697588536456533,8.830875867015514e-05,False,False
barcode_var_len,mid,abs,15.0,0.9,50,3.873,0.05037289067853132,0.44393633754032286,0.0012406456501398776,-0.08910646708599686,0.5845312774959552,26.269176470588235,2.7925693597927588e-05,0.4948705882352941,2,8.29516031188253,0.00579799223432204,0.8186959157699373,9.176994715926734e-05,False,False
barcode_var_len,mid,abs,20.0,0.9,50,4.472100000000001,0.05816488623895169,0.45177627286112326,0.0009899551564513083,-0.06198710753808477,0.7039639361606933,26.658823529411762,2.329905926905533e-05,0.5035294117647058,2,8.382093612837044,0.004845569976314299,0.8895196475943543,8.016645944322186e-05,False,False
barcode_var_len,mid,abs,25.0,0.9,50,5.0,0.06503084260073756,0.4860759898896251,0.00034533961248525626,-0.007748388442260596,0.9621531316641155,28.52799999999999,9.74746910822899e-06,0.5450666666666665,2,6.654158276265935,0.0024147807489570553,0.985384568715733,4.601597091702011e-05,False,False
barcode_var_len,mid,abs,30.0,0.9,50,5.477199999999999,0.07123738621855194,0.48411600605942495,0.0003678644728109138,-0.003874194221130298,0.981071453424745,28.342588235294073,1.0629376519617736e-05,0.5409464052287571,2,7.354752667639329,0.0024971821876945246,0.9885118653142068,4.775516987074635e-05,False,False
barcode_var_len,mid,abs,35.0,0.9,50,5.916100000000001,0.0769457935820447,0.46549615967252395,0.0006582094552439403,-0.038741942211302983,0.8123893002810373,23.849411764705877,8.562226376388277e-05,0.44109803921568613,2,9.095058054676496,0.0035383514068026848,0.9420474429692827,0.00022686240826327912,False,False
barcode_var_len,mid,abs,40.0,0.9,50,6.324599999999999,0.08225881342252496,0.4302164507289222,0.001818528299587231,-0.10847743819164836,0.5052278735468407,27.38729411764706,1.6597942246802142e-05,0.5197176470588235,2,7.768699745193016,0.007227484267590277,0.784410554922474,6.596618072447006e-05,False,False
barcode_var_len,mid,abs,45.0,0.9,50,6.708199999999998,0.08724797966685355,0.39199676604002026,0.004872131721089426,-0.19177261394594977,0.23583648068140362,28.440470588235257,1.0154338734663658e-05,0.5431215686274502,2,6.581728274134648,0.014711306820172618,0.5782477995046473,4.7018144904841716e-05,False,False
barcode_var_len,mid,abs,50.0,0.9,50,7.0711,0.09196791822281508,0.4409963617950227,0.0013483902080002057,-0.09298066130712715,0.5682352325021965,27.26399999999998,1.757928937443343e-05,0.5169777777777773,2,7.507757396455623,0.00591510798792543,0.8142662037396653,6.811974632592955e-05,False,False
barcode_var_len,mid,abs,55.0,0.9,50,7.416200000000001,0.096456346979118,0.46647615158762407,0.0006388796406339731,-0.02905645665847724,0.8587392363951517,25.062588235294072,4.88728254840712e-05,0.46805751633986825,2,7.281642475739686,0.0035157281999384318,0.9496165158709763,0.00014159416729029974,False,False
barcode_var_len,mid,abs,60.0,0.9,50,7.746,0.10074578135706264,0.5086158039369262,0.00016237399709079418,0.06779839886978023,0.6776467157847956,24.281411764705894,7.014183507094831e-05,0.4506980392156865,2,8.25587698929394,0.0014951269039053326,0.8826490835852381,0.00019356648847472383,False,False
barcode_var_len,mid,abs,65.0,0.9,50,8.0623,0.10485963245998528,0.4017966851910207,0.003825016697240252,-0.16659035150860282,0.30423147795262523,25.5651764705882,3.871892103202728e-05,0.4792261437908489,2,7.911089867195095,0.01239465340917573,0.6430347147635033,0.00011826725951434507,False,False
barcode_var_len,mid,abs,70.0,0.9,50,8.3666,0.10881740954066618,0.4586362162668237,0.0008089289504823532,-0.05811291331695448,0.7217020569882291,30.429176470588203,4.002157809511352e-06,0.5873150326797378,2,6.585597941118305,0.004179466244158825,0.8973033596244024,2.798501325447788e-05,False,False
barcode_var_len,mid,abs,75.0,0.9,50,8.6603,0.1126373212350335,0.406696644766521,0.0033799756066883757,-0.08523227286486657,0.6010327429300519,23.325176470588218,0.00010902466711756255,0.4294483660130715,2,6.330334439277763,0.011347932542311152,0.8317863853049826,0.0002755242946177532,False,False
barcode_var_len,mid,abs,80.0,0.9,50,8.9443,0.1163310730947554,0.5399755452201279,5.184204618376445e-05,0.10847743819164836,0.5052278735468407,35.05599999999998,4.5239194468031177e-07,0.6901333333333329,2,8.548774160925491,0.0006604534650808348,0.784410554922474,1.7469879403322394e-05,False,False
barcode_var_len,mid,abs,85.0,0.9,50,9.219499999999998,0.1199103706715,0.4419763537101227,0.0013115815162940653,-0.09298066130712715,0.5682352325021965,24.808470588235252,5.497321065605456e-05,0.4624104575163389,2,8.596458707327184,0.005864282741122503,0.8142662037396653,0.00015682541690224155,False,False
barcode_var_len,mid,abs,90.0,0.9,50,9.486800000000002,0.12338691951693544,0.5282156422389273,8.060259518955443e-05,0.09879195263882261,0.5441901490163065,26.70023529411762,2.2854568951796156e-05,0.5044496732026137,2,8.286600211678842,0.0008818872179563014,0.8071719913638995,7.960580196693043e-05,False,False
barcode_var_len,mid,abs,95.0,0.9,50,9.7468,0.12676852333217378,0.4292364588138221,0.001867761977620251,-0.11235163241277864,0.49004823867874037,28.819764705882335,8.504855365337627e-06,0.5515503267973852,2,7.340865702316982,0.007298397643642157,0.7777216074594343,4.2071890902999964e-05,False,False
barcode_var_len,mid,abs,100.0,0.9,50,10.0,0.13006168520147512,0.4429563456252228,0.0012756730488826524,-0.048427427764128735,0.7666620524502553,27.98776470588234,1.2544351440002487e-05,0.5330614379084965,2,6.9804458966345475,0.00581556831108268,0.9211830862774385,5.366975615692595e-05,False,False
barcode_var_len,mid,abs,0.0,1.0,50,0.0,0.0,0.2223608258728714,0.12064734934166965,-0.5307646082948508,0.000426176610569673,32.28971926427876,1.6692081037673205e-06,0.6286604280950835,3,12.30416985980654,0.17182547456011146,0.03228798423750118,1.8931262640287904e-05,False,False
barcode_var_len,mid,abs,5.0,1.0,50,2.2361,0.029080711073262978,0.5086158039369262,0.00016237399709079418,0.03680484510073784,0.8216142102155399,30.941176470588232,3.147154092539242e-06,0.5986928104575162,2,11.026779613448339,0.0014951269039053326,0.945669821163926,2.523149401777151e-05,False,False
barcode_var_len,mid,abs,10.0,1.0,50,3.1622999999999997,0.04112603757746948,0.4743160869084245,0.0005017178082387765,-0.030993553769042385,0.8494265810970129,28.575999999999993,9.531277555784888e-06,0.5461333333333331,2,9.252196869423152,0.0030298542965068974,0.948339400264372,4.548424938790786e-05,False,False
barcode_var_len,mid,abs,15.0,1.0,50,3.873,0.05036876436060442,0.5899551328902304,6.522452248421459e-06,0.19758390527764522,0.22167129381988698,30.14494117647058,4.5729013712477485e-06,0.5809986928104574,2,9.394984236522541,0.0001956735674526438,0.5663579759683925,3.0161689895463875e-05,False,False
barcode_var_len,mid,abs,20.0,1.0,50,4.472100000000001,0.05816012163621455,0.5282156422389273,8.060259518955443e-05,0.08135807864373626,0.6177329839184934,30.019764705882352,4.849300092235345e-06,0.5782169934640523,2,8.394128444850216,0.0008818872179563014,0.8436001101970614,3.133221697222076e-05,False,False
barcode_var_len,mid,abs,25.0,1.0,50,5.0,0.06502551557010638,0.5370355694748277,5.797856574902045e-05,0.09298066130712715,0.5682352325021965,29.18588235294115,7.166287260419321e-06,0.5596862745098033,2,8.229123663368686,0.0007002605993063509,0.8142662037396653,3.878209338883488e-05,False,False
barcode_var_len,mid,abs,30.0,1.0,50,5.477199999999999,0.07123155077611731,0.4429563456252228,0.0012756730488826524,-0.09298066130712715,0.5682352325021965,32.33129411764705,1.6368499322156195e-06,0.62958431372549,2,6.956172532296547,0.00581556831108268,0.8142662037396653,1.8793462184697853e-05,False,False
barcode_var_len,mid,abs,35.0,1.0,50,5.916100000000001,0.07693949053286127,0.5262556584087271,8.661834479543256e-05,0.08523227286486657,0.6010327429300519,30.998588235294136,3.063426435147335e-06,0.5999686274509808,2,7.869864577835292,0.0009366867518575847,0.8317863853049826,2.5171196994640913e-05,False,False
barcode_var_len,mid,abs,40.0,1.0,50,6.324599999999999,0.08225207515493896,0.5027358524463259,0.00019870812490022696,0.02905645665847724,0.8587392363951517,29.5651764705882,6.000421067118035e-06,0.5681150326797377,2,8.469052707287526,0.0017433826052567082,0.9496165158709763,3.478496510056215e-05,False,False
barcode_var_len,mid,abs,45.0,1.0,50,6.708199999999998,0.0872408327094775,0.4360964022195225,0.0015466315321937794,-0.1065403410810832,0.5129058194910657,30.122352941176445,4.621591137782554e-06,0.5804967320261432,2,6.7241787037053875,0.006450077690314865,0.7858359343108585,3.02681673108294e-05,False,False
barcode_var_len,mid,abs,50.0,1.0,50,7.0711,0.09196038462955584,0.49391592521042543,0.00026718947468207005,0.011622582663390894,0.9432552438855252,28.2945882352941,1.0870344031069918e-05,0.5398797385620911,2,7.881221019413473,0.0020881194239859256,0.9790484116222526,4.816125819297381e-05,False,False
barcode_var_len,mid,abs,55.0,1.0,50,7.416200000000001,0.09644844571420458,0.5399755452201279,5.184204618376445e-05,0.09879195263882261,0.5441901490163065,29.5181176470588,6.134122877948593e-06,0.5670692810457512,2,8.622912532268082,0.0006604534650808348,0.8071719913638995,3.478496510056215e-05,False,False
barcode_var_len,mid,abs,60.0,1.0,50,7.746,0.10073752872120884,0.5037158443614259,0.00019218057094325637,0.034867747990172684,0.8308628592268479,34.42541176470587,6.09524674024089e-07,0.6761202614379083,2,6.717958848525389,0.0017021707712116993,0.9459136410697896,1.7469879403322394e-05,False,False
barcode_var_len,mid,abs,65.0,1.0,50,8.0623,0.10485104283617373,0.45569624052152347,0.0008825134392055796,-0.05423871909582418,0.7395850162781223,28.332235294117623,1.068089624886377e-05,0.5407163398692805,2,6.812338283574546,0.004388970580006358,0.9074064183887253,4.7755930343477434e-05,False,False
barcode_var_len,mid,abs,70.0,1.0,50,8.3666,0.10880849571377044,0.5517354482013285,3.2789955118387836e-05,0.129785506407865,0.4247594410571297,31.712941176470565,2.1897219317982214e-06,0.6158431372549015,2,8.339090771149559,0.0004918493267758176,0.7208508762465887,2.136304301614057e-05,False,False
barcode_var_len,mid,abs,75.0,1.0,50,8.6603,0.11262809449835844,0.5517354482013285,3.2789955118387836e-05,0.13172260351843013,0.41782006766944396,26.242823529411737,2.8269712550860665e-05,0.49428496732026084,2,8.28466726356306,0.0004918493267758176,0.7208508762465887,9.224853569228217e-05,False,False
barcode_var_len,mid,abs,80.0,1.0,50,8.9443,0.1163215437827405,0.4782360545688247,0.0004436429291300268,-0.005811291331695447,0.9716103758197066,25.976470588235287,3.19921929924046e-05,0.48836601307189526,2,8.394969710038342,0.002845433959247758,0.985384568715733,0.0001005160117666766,False,False
barcode_var_len,mid,abs,85.0,1.0,50,9.219499999999998,0.11990054815971916,0.49979587670102577,0.0002195189404492559,0.04455323354299843,0.7848688299882403,26.67576470588233,2.3116192712000678e-05,0.5039058823529406,2,8.476075894248646,0.0018392127443045763,0.9276813525483059,7.991843577011387e-05,False,False
barcode_var_len,mid,abs,90.0,1.0,50,9.486800000000002,0.12337681222209702,0.524295674578527,9.304207385662288e-05,0.07554678731204083,0.6431408205008708,25.31105882352938,4.355940640547487e-05,0.47357908496731954,2,9.17763483439585,0.0009945876860535548,0.8593691998071981,0.00012779258030628274,False,False
barcode_var_len,mid,abs,95.0,1.0,50,9.7468,0.12675813903174257,0.4909759494651253,0.00029438691303080086,0.001937097110565149,0.9905350874780009,32.8065882352941,1.3084928068518877e-06,0.6401464052287578,2,8.354870355678301,0.0021902386329491585,0.9948138567543637,1.7469879403322394e-05,False,False
barcode_var_len,mid,abs,100.0,1.0,50,10.0,0.13005103114021277,0.5536954320315285,3.0328574439021054e-05,0.129785506407865,0.4247594410571297,25.515294117647045,3.9624924165532016e-05,0.4781176470588232,2,9.08621092588282,0.00047009290380482636,0.7208508762465887,0.00012003641522457582,False,False
barcode_var_len,high,rel,0.02,0.1,50,5.24491,0.02000001094197877,0.33501917903329465,0.01739728011986079,0.14925557853149837,0.35798832344269116,6.420352681851593,0.16987849922453485,0.053785615152257625,2,23.411821598213077,0.03753937473659057,0.6870709864587975,0.2117788261110153,False,False
barcode_var_len,high,rel,0.04,0.1,50,10.48981,0.03999998632188451,0.30807792974541576,0.02951150707088712,0.18545221315607416,0.2519266878626397,5.358920377867729,0.25241161395158396,0.030198230619282857,3,5.616759509645444,0.0550014059637776,0.5886729138498867,0.2982754777318591,False,False
barcode_var_len,high,rel,0.06,0.1,50,15.734722000000001,0.06000000471306657,0.3108751128915578,0.027993065892846412,0.32884332292823387,0.038279287758782914,7.266205013651009,0.12247164131477559,0.07258233363668908,2,24.898213317119453,0.05334744114825238,0.3178548001398938,0.15797312957384368,False,False
barcode_var_len,high,rel,0.08,0.1,50,20.979622,0.07999998166749556,0.3633305164342959,0.009501890902586161,0.21118321038460502,0.19084037220803957,7.020553493081309,0.1348060457085926,0.06712341095736242,2,58.40320275434222,0.02441093519172688,0.5314790005527746,0.17221101992993282,False,False
barcode_var_len,high,rel,0.1,0.1,50,26.224538,0.10000001527708703,0.3173069307256683,0.024747481544983203,0.20081949753008366,0.21404333304974638,6.74354791868345,0.15007725378193865,0.060967731526298884,1,29.933130583665594,0.04845296386701974,0.5663579759683925,0.18989366805061625,False,False
barcode_var_len,high,rel,0.12,0.1,50,31.469438000000004,0.11999999223151603,0.21523926247570233,0.13332110771583344,-0.14929659635842513,0.357854731017645,8.842482492151662,0.06515954717839838,0.10761072204781472,2,82.57880664838353,0.18729400328659382,0.6870709864587975,0.08885392797054324,False,False
barcode_var_len,high,rel,0.14,0.1,50,36.714349999999996,0.14000001062269807,0.35871149266437224,0.010525291688117597,0.216965053219214,0.1786970387118118,12.444743288026507,0.014333035052028889,0.1876609619561446,2,91.74776917275636,0.026262307808521977,0.5243143905524906,0.022746966891445165,False,False
barcode_var_len,high,rel,0.16,0.1,50,41.95924999999999,0.15999998600260382,0.10588998657753267,0.4642427181963303,-0.013562224520112248,0.9338047518323843,3.19082912761356,0.5264134727810992,-0.01798157494192089,2,32.94310178980169,0.5235714442547569,0.9757864548698387,0.5640144351226063,False,False
barcode_var_len,high,rel,0.18,0.1,50,47.20416000000001,0.17999999694458257,0.27266698066924483,0.05539623004829811,0.32186019474673466,0.042834266782624274,8.112222222222206,0.08755277904152109,0.09138271604938236,2,-0.18182542738338725,0.09054216862024121,0.33288463757892645,0.11648653005524265,False,False
barcode_var_len,high,rel,0.2,0.1,50,52.44907,0.20000000788656133,-0.11079230077093696,0.4436956161596793,-0.1472470090755044,0.36456691429208116,3.2473540014419435,0.517316590345708,-0.016725466634623477,3,-219.0883860146924,0.5044461161717625,0.6949423244683086,0.556190091354345,False,False
barcode_var_len,high,rel,0.02,0.2,50,5.302714000000001,0.020000001302790005,0.2567578817562132,0.07187010578488735,-0.43390975276659344,0.005153151851571849,25.692235294117637,3.6503121955263595e-05,0.48204967320261416,3,33.38536134416733,0.11084444175778646,0.1369266063417663,0.00011391913898790317,False,False
barcode_var_len,high,rel,0.04,0.2,50,10.605428,0.04000000376243535,0.02155982213220111,0.8818596164929547,-0.5365758996265463,0.00035805494243580947,20.511058823529424,0.0003957729377840983,0.36691241830065385,3,12.277781607937964,0.90422209849884,0.03228798423750118,0.0008579693056858074,False,False
barcode_var_len,high,rel,0.06,0.2,50,15.908140000000001,0.05999999779971629,0.13229890853850682,0.3597361975286544,-0.39710490766585554,0.011175660022985518,15.339294117647029,0.004046839887270398,0.2519843137254895,3,37.446854195998625,0.42781926304558643,0.18233971616450056,0.0071010586701159804,False,False
barcode_var_len,high,rel,0.08,0.2,50,21.210853999999998,0.07999999862342455,0.1861984638690096,0.19543169665716198,-0.24213713882064367,0.1322338092452734,13.997176470588215,0.00730407271835927,0.22215947712418255,3,39.01875035215165,0.25384284621670483,0.4797824045139428,0.012261349509159063,False,False
barcode_var_len,high,rel,0.1,0.2,50,26.51357,0.10000000768830564,-0.06565945831170339,0.6505279584381405,-0.26344520703686025,0.10048641259754532,5.589647058823488,0.2319610938133874,0.0353254901960775,3,11.769061862648186,0.7010324465208234,0.41719805230230866,0.2772799707537921,False,False
barcode_var_len,high,rel,0.12,0.2,50,31.816284000000007,0.12000000793989427,-0.006859943405700353,0.9622894592636425,-0.3389919943489011,0.03237108028472536,13.557647058823505,0.008849286718808427,0.21239215686274457,3,-1.458711794856498,0.9654036646334277,0.28947216023840944,0.014540347435497945,False,False
barcode_var_len,high,rel,0.14,0.2,50,37.118998,0.14000000944686333,-0.029399757453001517,0.839390362903108,-0.23051455615725275,0.15242261252860864,4.237176470588224,0.374858062536184,0.005270588235293872,2,-2.5070423813555465,0.8664073668145287,0.4921980196236321,0.42052834518534515,False,False
barcode_var_len,high,rel,0.16,0.2,50,42.421702,0.1599999737805948,-0.1509187549254078,0.29548156249060725,-0.284753275253077,0.0749281755754842,8.067764705882354,0.08912719011818195,0.09039477124183008,2,-80.04667412056003,0.3620525073995583,0.36675370150105424,0.1184118382998703,False,False
barcode_var_len,high,rel,0.18,0.2,50,47.72442399999999,0.18000000280262918,-0.006859943405700353,0.9622894592636425,-0.24213713882064367,0.1322338092452734,4.280470588235261,0.36937696812730186,0.00623267973856135,2,45.54051945579607,0.9654036646334277,0.4797824045139428,0.41501300933805496,False,False
barcode_var_len,high,rel,0.2,0.2,50,53.027136,0.20000000034632529,-0.22833811621831177,0.1107331232896953,-0.3448032856805966,0.029340220111206933,6.428235294117627,0.16936867792946092,0.053960784313725044,2,-188.89671262291677,0.15990963456431154,0.28947216023840944,0.21142667177771632,False,False
barcode_var_len,high,rel,0.02,0.3,50,5.272410000000001,0.020000003328420498,0.367496968162519,0.008653638523150655,-0.23245165326781791,0.14891022386666583,25.87105882352938,3.359653033934292e-05,0.486023529411764,3,43.560646662736644,0.022670095286000308,0.4921980196236321,0.0001052012566181445,False,False
barcode_var_len,high,rel,0.04,0.3,50,10.544816,0.03999999717976213,0.3988567094457206,0.004116101768331226,-0.09685485552825747,0.5521509629648069,22.297411764705856,0.00017486728730803198,0.4066091503267968,3,40.08323687877168,0.01302032192023143,0.8112170545928443,0.000415924749863094,False,False
barcode_var_len,high,rel,0.06,0.3,50,15.817228,0.06000000899605464,0.34005719453971756,0.015681698711744723,-0.14334518618182104,0.3775519234135407,20.13929411764704,0.0004687503681548229,0.3586509803921564,2,39.33543298666883,0.03514212000463275,0.6994487824195077,0.0009930246979134062,False,False
barcode_var_len,high,rel,0.08,0.3,50,21.089634,0.08000000238399511,0.2596978575015134,0.06856378599794749,-0.16077906017690738,0.3216472515203678,13.568941176470588,0.008805843098789866,0.21264313725490197,3,29.291174567840812,0.1071669260135986,0.6488762340866422,0.014494573596238186,False,False
barcode_var_len,high,rel,0.1,0.3,50,26.362048,0.10000002768859789,0.2057983021710106,0.1516274890672849,-0.2789419839213815,0.08132917669144848,18.045176470588217,0.0012092597710018377,0.31211503267973817,3,41.22569999855614,0.20466409990214074,0.3762991757365527,0.0023776143489042476,False,False
barcode_var_len,high,rel,0.12,0.3,50,31.634455999999997,0.12000002827060614,-0.004899959575500253,0.9730591400927193,-0.21889197349386189,0.17477538712368895,5.226352941176458,0.2648506554001031,0.027252287581699067,3,-9.711652665568892,0.9741065665083197,0.5176468472134736,0.310998875659212,False,False
barcode_var_len,high,rel,0.14,0.3,50,36.90686,0.14000001059696435,0.11661903789690602,0.4199422355379405,-0.009685485552825746,0.9527009964925695,6.5317647058823525,0.1627999209285403,0.05626143790849672,2,-13.89124495943625,0.48215590006207987,0.9801016888695682,0.2040484184144777,False,False
barcode_var_len,high,rel,0.16,0.3,50,42.179262,0.15999998789727873,-0.06565945831170339,0.6505279584381405,-0.2886274694742072,0.07088505559627353,5.760941176470595,0.21772681236706976,0.03913202614379101,2,-33.808246588057614,0.7010324465208234,0.35442527798136764,0.26093548389352433,False,False
barcode_var_len,high,rel,0.18,0.3,50,47.451674000000004,0.1800000012660623,0.08525929661370439,0.5560629295913269,-0.19177261394594977,0.23583648068140362,4.663529411764699,0.32359498205289045,0.014745098039215539,2,61.37960581652135,0.6062585281593599,0.5782477995046473,0.3701640016103175,False,False
barcode_var_len,high,rel,0.2,0.3,50,52.724078,0.19999998012695017,0.08819927235900454,0.5424729575881624,-0.14334518618182104,0.3775519234135407,4.9195294117646995,0.2956543855597442,0.020433986928104435,2,49.824908170804235,0.5956314646481594,0.6994487824195077,0.3415634516404498,False,False
barcode_var_len,high,rel,0.02,0.4,50,5.260459999999999,0.020000003642205003,0.2440179868599126,0.08768315090726428,-0.48621137475185244,0.0014681478545691567,32.77458823529409,1.3283746891078024e-06,0.6394352941176464,2,53.733216018139096,0.13173720572496894,0.06501797641663408,1.7469879403322394e-05,False,False
barcode_var_len,high,rel,0.04,0.4,50,10.520914,0.03999998386224466,0.2969375502753153,0.03625588892818323,-0.3389919943489011,0.03237108028472536,28.69552941176468,9.013430058077354e-06,0.5487895424836596,2,42.14259894627537,0.06410261730648366,0.28947216023840944,4.365880184381218e-05,False,False
barcode_var_len,high,rel,0.06,0.4,50,15.781372000000001,0.05999997575990749,0.30967744517161594,0.028635036371089835,-0.2789419839213815,0.08132917669144848,26.68611764705878,2.300514424944818e-05,0.5041359477124173,2,45.57154166153558,0.05390806442330678,0.3762991757365527,7.983128414920451e-05,False,False
barcode_var_len,high,rel,0.08,0.4,50,21.041839999999997,0.08000001237328405,0.14013884385930722,0.3317132432468945,-0.29250166369533753,0.06701563255598558,14.545882352941163,0.005741980538634098,0.2343529411764703,3,18.429083159320342,0.3980558918962734,0.35416525393901205,0.00983433130926282,False,False
barcode_var_len,high,rel,0.1,0.4,50,26.302296000000002,0.09999999984514604,0.21461822940691105,0.13447188510617875,-0.1840242255036892,0.255661342055195,16.69552941176471,0.0022147240623713945,0.2821228758169936,1,20.406988369658848,0.18834164630835276,0.5914553435605256,0.004086693210328168,False,False
barcode_var_len,high,rel,0.12,0.4,50,31.562756000000004,0.12000000066931714,0.09603920767980496,0.5070362609173761,-0.29056456658477237,0.06892893651931309,11.138823529411752,0.025047344382440488,0.1586405228758167,3,44.9862386484879,0.563373623241529,0.35416525393901205,0.0379381600580939,False,False
barcode_var_len,high,rel,0.14,0.4,50,36.823212,0.13999998793584717,0.1264189570479065,0.3816693723336293,-0.22276616771499216,0.16707804359403583,10.146823529411733,0.03802576785677525,0.13659607843137186,2,20.25604411024233,0.45044735567293814,0.5111269096791228,0.05499838896858628,False,False
barcode_var_len,high,rel,0.16,0.4,50,42.083676,0.16000000305187093,0.04213965234930217,0.7713841539338651,-0.23051455615725275,0.15242261252860864,5.1651764705882215,0.27076534322929235,0.025892810457516034,3,16.081768370025202,0.8078685395928992,0.4921980196236321,0.3163464437226657,False,False
barcode_var_len,high,rel,0.18,0.4,50,47.344123999999994,0.1799999591024381,0.12739894896300655,0.3779597172405056,-0.09685485552825747,0.5521509629648069,6.172235294117627,0.18664957355467243,0.048271895424836155,2,50.83290756928977,0.44663600639602313,0.8112170545928443,0.2302176437743307,False,False
barcode_var_len,high,rel,0.2,0.4,50,52.604596,0.20000000997874917,-0.08133932895330419,0.5744292020310515,-0.31962102324324965,0.04438461834385686,6.3087058823529105,0.17724962040385386,0.05130457516339801,2,-38.508515037337304,0.6226330511525383,0.33288463757892645,0.2200829732651323,False,False
barcode_var_len,high,rel,0.02,0.5,50,5.281862,0.0200000418058471,0.3782768792286195,0.006756259992919999,-0.2130806821621664,0.1867926305454003,28.457411764705853,1.007429235144908e-05,0.5434980392156856,2,59.25736198468927,0.01869573856890788,0.5314790005527746,4.7018144904841716e-05,False,False
barcode_var_len,high,rel,0.04,0.5,50,10.563702000000001,0.039999992145183065,0.3763168953984194,0.00707152280278329,-0.21501777927273155,0.18272353817081075,28.895999999999987,8.207021785041952e-06,0.5532444444444441,2,53.32998764275643,0.019229579551428243,0.5284657153424824,4.1457142740248915e-05,False,False
barcode_var_len,high,rel,0.06,0.5,50,15.845560000000003,0.06000001528993842,0.368476960077619,0.008463919570256506,-0.22276616771499216,0.16707804359403583,28.983529411764692,7.877845285207028e-06,0.5551895424836598,2,51.02599284839927,0.022298711615689942,0.5111269096791228,4.103783551450547e-05,False,False
barcode_var_len,high,rel,0.08,0.5,50,21.127406,0.07999999325972298,0.30967744517161594,0.028635036371089835,-0.220829070604427,0.17089556312621176,22.101647058823517,0.00019129562930356997,0.4022588235294115,2,57.62353668002183,0.05390806442330678,0.5160158237252498,0.00044699732475457304,False,False
barcode_var_len,high,rel,0.1,0.5,50,26.409263999999997,0.10000001503023988,0.271457760482714,0.056530370481083184,-0.1259113121867347,0.438830306437729,14.916705882352915,0.004877129378467565,0.242593464052287,2,42.53891723785907,0.09159101837527416,0.7326969209822047,0.008446425180586286,False,False
barcode_var_len,high,rel,0.12,0.5,50,31.691108,0.11999998331358926,0.3802368630588196,0.006453298083725409,-0.011622582663390894,0.9432552438855252,15.106823529411741,0.004484709645690508,0.24681830065359425,2,68.65279259612086,0.018241845647004956,0.9790484116222526,0.007839811974609347,False,False
barcode_var_len,high,rel,0.14,0.5,50,36.972968,0.14000001554721184,-0.040179668519102076,0.7817501707917163,-0.4048532961081162,0.009560674500892,12.061176470588208,0.016902092334087133,0.17913725490196017,2,1.8665478813643972,0.8178038907044951,0.16465606084869555,0.026462871836197027,False,False
barcode_var_len,high,rel,0.16,0.5,50,42.25482,0.1600000158540054,0.05389955533050277,0.710073004255524,-0.10072904974938775,0.5362845273506927,3.628235294117644,0.4586495438974817,-0.008261437908496797,2,30.36550409586104,0.7512717792464588,0.8018402097044118,0.4988819600288398,False,False
barcode_var_len,high,rel,0.18,0.5,50,47.53667,0.18000000905068814,0.09015925618920463,0.5335029751157148,-0.30025005213759814,0.05977837772711625,10.967529411764673,0.026931372955236788,0.15483398692810385,2,8.269906750494158,0.587864652674899,0.3431721684334451,0.040267165351077515,False,False
barcode_var_len,high,rel,0.2,0.5,50,52.818516,0.19999998776582514,0.13719886811400708,0.3420574281063163,-0.129785506407865,0.4247594410571297,5.841882352941155,0.21127187761168434,0.0409307189542479,2,77.85829506197678,0.4094123656870967,0.7208508762465887,0.25550435133792776,False,False
barcode_var_len,high,rel,0.02,0.6,50,5.260162,0.020000014300156344,0.4429563456252228,0.0012756730488826524,-0.09298066130712715,0.5682352325021965,31.178352941176456,2.815344263586207e-06,0.6039633986928101,2,72.79035380971526,0.00581556831108268,0.8142662037396653,2.449146629570104e-05,False,False
barcode_var_len,high,rel,0.04,0.6,50,10.520314,0.03999999100529718,0.4890159656349252,0.0003138878720425848,0.003874194221130298,0.981071453424745,28.293647058823495,1.087512281776828e-05,0.5398588235294111,2,65.9982804343011,0.0022629125658884023,0.9885118653142068,4.816125819297381e-05,False,False
barcode_var_len,high,rel,0.06,0.6,50,15.780476,0.06000000568504653,0.5184157230879267,0.000115014907745181,0.06779839886978023,0.6776467157847956,31.114352941176435,2.9012849318567054e-06,0.6025411764705875,2,51.77323318059641,0.0011629348703930025,0.8826490835852381,2.4754082446116846e-05,False,False
barcode_var_len,high,rel,0.08,0.6,50,21.040632000000002,0.07999999706795836,0.26459781707701363,0.06332331898986743,-0.13947099196069074,0.39071182423817086,20.755764705882342,0.00035400092687684636,0.3723503267973854,2,36.66069645614482,0.10015422901458625,0.7069299543608928,0.0007801442227380738,False,False
barcode_var_len,high,rel,0.1,0.6,50,26.300794,0.10000000955668459,0.3184973724075164,0.024182806403531768,-0.009685485552825746,0.9527009964925695,19.637647058823518,0.000588734056642504,0.34750326797385594,1,35.47251305778488,0.04785108501124371,0.9801016888695682,0.0012167170503945082,False,False
barcode_var_len,high,rel,0.12,0.6,50,31.560948,0.11999999556879565,0.2822376715488146,0.04705326508003719,-0.034867747990172684,0.8308628592268479,11.458823529411745,0.021863777000143313,0.16575163398692766,1,53.102150699930604,0.07898833307659672,0.9459136410697896,0.03366442485121404,False,False
barcode_var_len,high,rel,0.14,0.6,50,36.82110600000001,0.1399999944969212,0.3233973319830166,0.0219710990669019,-0.02711935954791209,0.8680707965439062,16.59294117647056,0.0023184978841018153,0.27984313725490134,2,67.68844714108141,0.044132013244532975,0.9542622231511025,0.004244494157902929,False,False
barcode_var_len,high,rel,0.16,0.6,50,42.081266,0.15999999634007886,0.14209882768950732,0.32492711683554465,-0.1840242255036892,0.255661342055195,12.28235294117647,0.015370596143352103,0.18405228758169934,2,43.453487248736906,0.3919354327588282,0.5914553435605256,0.02418723250984341,False,False
barcode_var_len,high,rel,0.18,0.6,50,47.341426,0.18000000830520804,0.11367906215160588,0.4318357330440013,-0.22664036193612244,0.15962826010966372,11.688470588235305,0.01982466203425669,0.17085490196078454,1,57.15841742169994,0.49398183484738156,0.5032348539050415,0.030728226153097872,False,False
barcode_var_len,high,rel,0.2,0.6,50,52.601586,0.20000001034581572,0.08525929661370439,0.5560629295913269,0.04261613643243328,0.7940154372348941,10.205176470588214,0.037109760666228876,0.13789281045751586,2,-18.003740271773893,0.6062585281593599,0.9276813525483059,0.05375712993706052,False,False
barcode_var_len,high,rel,0.02,0.7,50,5.270146,0.020000031344298518,0.46647615158762407,0.0006388796406339731,-0.034867747990172684,0.8308628592268479,32.067764705882354,1.85304947170768e-06,0.6237281045751634,2,87.35487906539798,0.0035157281999384318,0.9459136410697896,2.011883737102581e-05,False,False
barcode_var_len,high,rel,0.04,0.7,50,10.540282,0.04000002151150338,0.4929359332953254,0.0002759908005372743,0.005811291331695447,0.9716103758197066,33.29599999999999,1.038869414591227e-06,0.6510222222222221,2,63.73327654217535,0.002138928704163876,0.985384568715733,1.7469879403322394e-05,False,False
barcode_var_len,high,rel,0.06,0.7,50,15.81041,0.059999984524406275,0.49587590904062556,0.0002503464616265222,0.03680484510073784,0.8216142102155399,31.39764705882351,2.5396475159514453e-06,0.6088366013071891,2,56.85959041199759,0.0019730695704463187,0.945669821163926,2.2710309517642732e-05,False,False
barcode_var_len,high,rel,0.08,0.7,50,21.080548,0.07999997939184897,0.4870559818047251,0.00033455219023635765,0.025182262437346937,0.8774200339160868,27.97176470588235,1.2638361933727724e-05,0.5327058823529411,2,65.68173213766637,0.002375065167326814,0.9611314859151481,5.366975615692595e-05,False,False
barcode_var_len,high,rel,0.1,0.7,50,26.350694000000004,0.10000001474613654,0.3165373885773163,0.0251183589703935,-0.13559679773956046,0.40413538795481935,26.709647058823492,2.2754730292563496e-05,0.5046588235294109,2,48.84837233257599,0.04897290113724518,0.7186346286768298,7.955601192512801e-05,False,False
barcode_var_len,high,rel,0.12,0.7,50,31.620832000000004,0.12000001125632251,0.4115966043420212,0.002981221165114495,0.015496776884521193,0.9243879679995202,26.823529411764696,2.158051271970966e-05,0.5071895424836599,2,63.470268525393635,0.010230758979913213,0.9735909515736736,7.748987192791499e-05,False,False
barcode_var_len,high,rel,0.14,0.7,50,36.890968,0.14000000767036208,0.39101677412492014,0.004989505927945669,0.19177261394594977,0.23583648068140362,13.60282352941175,0.008676760346807066,0.21339607843137223,1,73.71915195009285,0.014959139041220584,0.5782477995046473,0.014307423976118035,False,False
barcode_var_len,high,rel,0.16,0.7,50,42.16110600000001,0.160000000737281,0.34103718645481756,0.015365296301292386,0.005811291331695447,0.9716103758197066,15.688470588235305,0.0034669867760069206,0.2597437908496734,2,88.26706092893357,0.034852989171224195,0.985384568715733,0.006129843539327826,False,False
barcode_var_len,high,rel,0.18,0.7,50,47.431248000000004,0.18000002050119626,0.20971826983141081,0.14381368777274423,0.003874194221130298,0.981071453424745,7.936941176470555,0.093915623307144,0.08748758169934566,2,59.621360280412375,0.19802970788161753,0.9885118653142068,0.12388869457538144,False,False
barcode_var_len,high,rel,0.2,0.7,50,52.701386,0.20000001378807106,0.42629648306852197,0.002022651360071371,0.15109357462408166,0.3520316775609681,20.40752941176467,0.00041488264966691503,0.3646117647058816,2,107.64971649177255,0.007805252136375,0.6849151885600424,0.0008873707243893272,False,False
barcode_var_len,high,rel,0.02,0.8,50,5.28168,0.019999987715500926,0.4292364588138221,0.001867761977620251,-0.12010002085503925,0.46041044333444936,30.625882352941147,3.649273517606179e-06,0.5916862745098033,2,102.09874519274572,0.007298397643642157,0.7498804068319402,2.6935114058521795e-05,False,False
barcode_var_len,high,rel,0.04,0.8,50,10.563366,0.039999996783758915,0.4919559413802254,0.00028505430756506,0.003874194221130298,0.981071453424745,33.56235294117644,9.161954932249804e-07,0.6569411764705876,1,86.5072599178915,0.0021729549675041458,0.9885118653142068,1.7469879403322394e-05,False,False
barcode_var_len,high,rel,0.06,0.8,50,15.845054,0.06000001257470615,0.4380563860497226,0.0014644143138300791,-0.10266614685995291,0.5284348079525036,28.40941176470588,1.030273766947087e-05,0.5424313725490195,2,72.45734447450766,0.006247272072761347,0.7990965388550055,4.7199734150777876e-05,False,False
barcode_var_len,high,rel,0.08,0.8,50,21.126732,0.07999999147081308,0.5360555775597277,6.016757339660561e-05,0.14915647751351652,0.35831121336829763,29.839999999999975,5.275570042120563e-06,0.5742222222222216,1,70.35966046079675,0.0007083018134030787,0.6870709864587975,3.286663264244279e-05,False,False
barcode_var_len,high,rel,0.1,0.8,50,26.408419999999996,0.1000000089065439,0.4684361354178241,0.0006017458440800744,0.08329517575430141,0.6093584429124496,21.261176470588225,0.0002810579475331463,0.383581699346405,2,63.9839892561256,0.003433273834321897,0.8370802834690962,0.0006359705382136887,False,False
barcode_var_len,high,rel,0.12,0.8,50,31.690094000000002,0.11999997063341102,0.45667623243662353,0.0008573438725021687,0.14915647751351652,0.35831121336829763,20.406588235294123,0.00041506050011758854,0.3645908496732027,2,76.09716080101907,0.004309890818524416,0.6870709864587975,0.0008873707243893272,False,False
barcode_var_len,high,rel,0.14,0.8,50,36.971786,0.1400000017640275,0.4605962000970237,0.0007629839871124458,0.16271615728747252,0.3157739167860114,15.367529411764679,0.0039966069139349605,0.25261176470588176,2,91.09097157713629,0.004008898915336579,0.645428005738441,0.00702617094510305,False,False
barcode_var_len,high,rel,0.16,0.8,50,42.253474000000004,0.16000001680253095,0.34299717028501764,0.014748787378676227,0.1065403410810832,0.5129058194910657,9.052235294117622,0.05980702613373495,0.11227189542483605,1,81.1837598988536,0.03370116034930932,0.7858359343108585,0.08203618628963644,False,False
barcode_var_len,high,rel,0.18,0.8,50,47.535148,0.17999998326333105,0.2567578817562132,0.07187010578488735,0.003874194221130298,0.981071453424745,10.399058823529373,0.03421620133215417,0.14220130718954163,1,83.81111400184813,0.11084444175778646,0.9885118653142068,0.05003312458947072,False,False
barcode_var_len,high,rel,0.2,0.8,50,52.816835999999995,0.19999999963536477,0.20873827791631078,0.14573850293984658,-0.09491775841769232,0.5601662401231016,12.38305882352941,0.01471886096286281,0.18629019607843134,2,77.86317130328126,0.19990679606793116,0.8142662037396653,0.02320091643298714,False,False
barcode_var_len,high,rel,0.02,0.9,50,5.268086,0.020000012356933373,0.5615353673523289,2.208728305651359e-05,0.1414080890712559,0.38409876947840577,33.32047058823528,1.026947471885216e-06,0.6515660130718951,1,123.99710955313688,0.0004027681027952478,0.7045598730077266,1.7469879403322394e-05,False,False
barcode_var_len,high,rel,0.04,0.9,50,10.536164,0.03999999912448386,0.5732952703335296,1.3518048165935917e-05,0.1646532543980377,0.30996864174106353,36.24188235294116,2.580384981946307e-07,0.7164862745098036,1,89.75448063099805,0.0002923670882400094,0.6449012009377831,1.7469879403322394e-05,False,False
barcode_var_len,high,rel,0.06,0.9,50,15.804252000000002,0.06000001885058685,0.6056350035318312,3.162360902369426e-06,0.2402000417100785,0.13545264336345728,33.34682352941172,1.0142608729946705e-06,0.6521516339869271,1,86.05158276168933,0.00012786937561754636,0.4826473499157673,1.7469879403322394e-05,False,False
barcode_var_len,high,rel,0.08,0.9,50,21.072328000000002,0.07999998882586123,0.4899959575500253,0.0003039956903767903,0.09298066130712715,0.5682352325021965,27.253647058823532,1.7664272550113066e-05,0.5167477124183008,2,62.253467140789425,0.002208718687893867,0.8142662037396653,6.816503515188858e-05,False,False
barcode_var_len,high,rel,0.1,0.9,50,26.340412,0.0999999948491345,0.485095997974525,0.00035644101637273226,0.14528228329238618,0.3710715537154117,30.385882352941167,4.0842773073958456e-06,0.5863529411764704,2,53.99530450406503,0.0024554825572343777,0.6985760019338723,2.8136132562060266e-05,False,False
barcode_var_len,high,rel,0.12,0.9,50,31.608494,0.11999999501404116,0.42531649115342196,0.0020767596598630657,0.08910646708599686,0.5845312774959552,24.263529411764694,7.072364327824486e-05,0.45030065359477095,1,66.3759341640681,0.007948092525401856,0.8186959157699373,0.00019459463978925359,False,False
barcode_var_len,high,rel,0.14,0.9,50,36.87658,0.14000000983168762,0.48019603839902475,0.000416946488710432,0.038741942211302983,0.8123893002810373,21.372235294117615,0.00026714578545716707,0.3860496732026137,1,99.17252000302167,0.00275007258511136,0.9420474429692827,0.0006059648304272326,False,False
barcode_var_len,high,rel,0.16,0.9,50,42.144670000000005,0.16000003634362042,0.3988567094457206,0.004116101768331226,0.09104356419656201,0.5763571733802473,17.956705882352935,0.001258373958679261,0.310149019607843,1,89.22191227436937,0.01302032192023143,0.8158480536432724,0.00246376375067729,False,False
barcode_var_len,high,rel,0.18,0.9,50,47.412743999999996,0.18000000402452657,0.4302164507289222,0.001818528299587231,0.129785506407865,0.4247594410571297,17.849411764705877,0.0013205873354607263,0.30776470588235283,1,125.81153697842228,0.007227484267590277,0.7208508762465887,0.0025747300251121076,False,False
barcode_var_len,high,rel,0.2,0.9,50,52.680829999999986,0.20000002414608606,0.4390363779648226,0.0014247865920672188,0.15884196306634224,0.3275885753826937,21.226352941176458,0.00028556636201691813,0.38280784313725463,2,120.93252054280862,0.006106228251716652,0.6551771507653874,0.0006446036812517812,False,False
barcode_var_len,high,rel,0.02,1.0,50,5.262698,0.020000005614585974,0.5879951490600303,7.12130536482483e-06,0.19370971105651494,0.2310480913601907,33.005176470588225,1.1915691974979697e-06,0.6445594771241828,1,132.40510952352588,0.0002034960615265032,0.5776202284004767,1.7469879403322394e-05,False,False
barcode_var_len,high,rel,0.04,1.0,50,10.525396,0.04000001240557207,0.6026950277865311,3.6327657714858147e-06,0.22276616771499216,0.16707804359403583,35.739294117647034,3.2739697764261137e-07,0.7053176470588229,1,93.37739636662825,0.00014076967364507533,0.5111269096791228,1.7469879403322394e-05,False,False
barcode_var_len,high,rel,0.06,1.0,50,15.788097999999998,0.060000029699603566,0.5713352865033294,1.4689989996149911e-05,0.16852744861916796,0.2985624581580232,31.68188235294116,2.221943532737749e-06,0.6151529411764702,1,83.116194212882,0.0003104929703731686,0.640967913267977,2.136304301614057e-05,False,False
barcode_var_len,high,rel,0.08,1.0,50,21.050784,0.07999999392108935,0.49587590904062556,0.0002503464616265222,0.05811291331695448,0.7217020569882291,32.98635294117645,1.2021900995381127e-06,0.6441411764705878,2,65.2196578140788,0.0019730695704463187,0.8973033596244024,1.7469879403322394e-05,False,False
barcode_var_len,high,rel,0.1,1.0,50,26.313477999999996,0.09999998651575812,0.5732952703335296,1.3518048165935917e-05,0.24407423593120883,0.1290721966839409,25.132235294117635,4.732166600001176e-05,0.4696052287581697,2,83.81822664190133,0.0002923670882400094,0.47445511034017807,0.00013752859181253416,False,False
barcode_var_len,high,rel,0.12,1.0,50,31.576177999999995,0.11999999892472119,0.521355698833227,0.00010349705793397403,0.16077906017690738,0.3216472515203678,29.241411764705845,6.982465025417525e-06,0.5609202614379076,1,85.90258842314759,0.001081486110995459,0.6488762340866422,3.819819102140175e-05,False,False
barcode_var_len,high,rel,0.14,1.0,50,36.838879999999996,0.14000001942062693,0.4909759494651253,0.00029438691303080086,0.17433873995086344,0.28196431134337446,22.143999999999977,0.00018761636747406825,0.4031999999999995,1,95.57813105186486,0.0021902386329491585,0.6258396409292082,0.00044061419634061486,False,False
barcode_var_len,high,rel,0.16,1.0,50,42.101574,0.1600000145703443,0.523315682663427,9.64146053127236e-05,0.1724016428402983,0.2874288883942323,21.906823529411724,0.00020916335179292157,0.397929411764705,1,114.60345018216736,0.0010189270788731016,0.6289620381332613,0.00048435265452806555,False,False
barcode_var_len,high,rel,0.18,1.0,50,47.364274,0.18000002604045356,0.45765622435172354,0.000832820560833048,0.2111435850516013,0.1909255574106153,21.730823529411737,0.00022672240568171554,0.39401830065359417,1,110.77011187856323,0.004232366784561392,0.5314790005527746,0.0005206218204543097,False,False
barcode_var_len,high,rel,0.2,1.0,50,52.62697,0.20000002378353593,0.41061661242692116,0.0030574727163760205,0.15884196306634224,0.3275885753826937,16.145882352941157,0.0028295299128317493,0.2699084967320257,1,141.90705106070652,0.010453858919962129,0.6551771507653874,0.005128159241888315,False,False
barcode_var_len,low,rel,0.02,0.1,50,0.34948599999999996,0.01999951151785347,0.34686423191646765,0.013594126819677884,0.3082369079716315,0.052983977820169136,7.203067237065123,0.12553835177413145,0.0711792719347805,2,0.14271826961027614,0.03176517070929757,0.3431721684334451,0.16170452513842415,False,False
barcode_var_len,low,rel,0.04,0.1,50,0.698984,0.039999760467823636,0.37816011840393554,0.006774692363141887,0.24104143351825133,0.1340474578972229,9.503494046457146,0.04967550202328398,0.12229986769904767,1,0.18847490205830833,0.01869573856890788,0.4826473499157673,0.06957562783381642,False,False
barcode_var_len,low,rel,0.06,0.1,50,1.0484740000000001,0.05999947052285351,0.44765189925055965,0.0011155189590093065,0.3518372829650242,0.025988995210296136,11.273600734843827,0.023655245479887375,0.16163557188541838,1,0.22256173698338239,0.005293023632033954,0.2774072737269285,0.036183187987327725,False,False
barcode_var_len,low,rel,0.08,0.1,50,1.3979679999999999,0.07999944630637018,0.13408839702500455,0.3532164584626063,0.15373501156702268,0.34357742854765466,2.5348257887517214,0.638410741752103,-0.032559426916628414,2,-0.3552202331999479,0.4222253295247093,0.6756557223204266,0.6633765249491126,False,False
barcode_var_len,low,rel,0.1,0.1,50,1.747472,0.10000046141135817,0.24902793421439168,0.08116851486385299,0.07557567560953118,0.6430134889122482,7.958079331941551,0.09312592851620002,0.08795731848759003,1,0.259947680417437,0.12314309759116358,0.8593691998071981,0.1230214680682756,False,False
barcode_var_len,low,rel,0.12,0.1,50,2.096966,0.12000043719487488,0.28626327024841974,0.043864518850170606,0.2838299500747596,0.07591792765712974,4.678709677419351,0.3218797622150917,0.015082437275985584,1,0.05931476841411076,0.07554444913084937,0.3692022966387604,0.3686553926847725,False,False
barcode_var_len,low,rel,0.14,0.1,50,2.4464559999999995,0.14000014724990473,0.12255653488994106,0.3964994951209017,-0.019522650262528064,0.9048253229750837,2.132941176470605,0.7113231398394902,-0.041490196078431,2,-0.06075500563399383,0.46176765172418743,0.9657937324155541,0.732591938040671,False,False
barcode_var_len,low,rel,0.16,0.1,50,2.7959540000000005,0.1600003961998749,0.2056421042868275,0.15194520230046307,0.19620263513840705,0.22498390540559968,3.0959585492227744,0.5418973585108483,-0.02008981001727168,2,-0.3350882728154143,0.20479570744845021,0.5732466630882403,0.5772789729840652,False,False
barcode_var_len,low,rel,0.18,0.1,50,3.1454400000000002,0.17999990771772836,0.1783229595248888,0.21534537050649818,0.21489759373769435,0.18297415090352617,3.242727493326855,0.5180574941485183,-0.016828277926069894,2,-0.11983891617102693,0.2754761961087253,0.5284657153424824,0.556343498335014,False,False
barcode_var_len,low,rel,0.2,0.1,50,3.4949260000000004,0.1999994192355818,0.006873820581189381,0.9622132287315649,-0.15317443003007253,0.3453611503284184,4.882517718528495,0.2995657037486323,0.019611504856188785,3,-1.8407058573772397,0.9654036646334277,0.6756557223204266,0.3456527350945757,False,False
barcode_var_len,low,rel,0.02,0.2,50,0.34821799999999997,0.019999650230264877,0.6256081729188087,1.1867114569951617e-06,0.45447604147481013,0.003218790508502795,26.24716330987621,2.821277137913487e-05,0.494381406886138,2,0.3654510798661566,0.00010279275740133254,0.10322328182439998,9.224853569228217e-05,False,False
barcode_var_len,low,rel,0.04,0.2,50,0.6964500000000001,0.04000032838129813,0.38367604678214634,0.005950216583059952,0.14915647751351652,0.35831121336829763,9.503750480215121,0.049670240408871566,0.1223055662270027,1,0.31203804381009503,0.017079325377301714,0.6870709864587975,0.06957562783381642,False,False
barcode_var_len,low,rel,0.06,0.2,50,1.044666,0.05999988613937316,0.3469171379454179,0.013578881964576316,0.20533229371990583,0.2037107976582085,6.141176470588221,0.18885028574857832,0.0475816993464049,1,0.36330381480205337,0.03176517070929757,0.5523353988983495,0.23200893757751365,False,False
barcode_var_len,low,rel,0.08,0.2,50,1.3928900000000002,0.0799998731740887,0.4184967414417676,0.002490242553950857,0.2324952774876385,0.14883181228020034,9.620671437490971,0.047325909370553046,0.12490380972202159,2,0.5064602392564653,0.008976455717729833,0.4921980196236321,0.0668892032136996,False,False
barcode_var_len,low,rel,0.1,0.2,50,1.7411139999999998,0.09999981130577548,0.42825646689872204,0.0019181774374421048,0.27700488681081636,0.08355495202491313,12.5327058823529,0.01379983788689944,0.1896156862745089,2,0.9404651697558604,0.007432937570088156,0.3790541726008254,0.02201346352455657,False,False
barcode_var_len,low,rel,0.12,0.2,50,2.0893420000000003,0.1200001887811838,0.1489587710952077,0.3018704424592802,0.03680484510073784,0.8216142102155399,13.206588235294106,0.010309262379132395,0.20459084967320235,1,0.3514309342211619,0.3689086878937327,0.945669821163926,0.016761562959078893,False,False
barcode_var_len,low,rel,0.14,0.2,50,2.437562,0.13999999361432208,0.15189874684050783,0.292320252152833,0.009685485552825746,0.9527009964925695,10.096000000000004,0.03884125355933254,0.13546666666666674,1,0.5039299860251284,0.3591252767531502,0.9801016888695682,0.056003667922758536,False,False
barcode_var_len,low,rel,0.16,0.2,50,2.7857819999999998,0.15999978241685578,0.10975909449120565,0.4479837676657831,-0.19758390527764522,0.22167129381988698,6.829176470588209,0.14519557234811287,0.06287058823529353,2,0.30999512123975226,0.5080791511331442,0.5663579759683925,0.18497518121060955,False,False
barcode_var_len,low,rel,0.18,0.2,50,3.134004,0.17999967281245485,-0.060759498736203135,0.6751024986120052,-0.2556968185945997,0.11127480407928694,9.095529411764659,0.05875555278418279,0.11323398692810353,2,0.40015447089955014,0.7233241056557199,0.4348133100577179,0.08101457459137051,False,False
barcode_var_len,low,rel,0.2,0.2,50,3.482236,0.20000032505898585,0.030379749368101568,0.8341108642278398,-0.08523227286486657,0.6010327429300519,3.138823529411752,0.5348682750159575,-0.019137254901961064,2,0.12422133137278246,0.8619145597021011,0.8317863853049826,0.5717557422584373,False,False
barcode_var_len,low,rel,0.02,0.3,50,0.34697,0.019999678077898674,0.4959235390387222,0.0002499494290998902,0.048427427764128735,0.7666620524502553,19.82686710532635,0.0005402713275176867,0.3517081578961411,2,0.5585094768735367,0.0019730695704463187,0.9211830862774385,0.0011342039155563177,False,False
barcode_var_len,low,rel,0.04,0.3,50,0.6939479999999999,0.04000001608974855,0.44785630520072306,0.0011089752975108618,-0.04261613643243328,0.7940154372348941,20.63529411764705,0.0003739891152255977,0.36967320261437886,2,0.5029866100360878,0.005288959111205648,0.9276813525483059,0.0008183761815524844,False,False
barcode_var_len,low,rel,0.06,0.3,50,1.040922,0.06000001305903325,0.4527562647762233,0.0009620494058055544,0.14721938040295135,0.364657907893048,13.001411764705892,0.011268897874243277,0.20003137254901984,2,0.477268692257077,0.004733893901582887,0.6949423244683086,0.018226217431384778,False,False
barcode_var_len,low,rel,0.08,0.3,50,1.3878899999999998,0.07999979073969082,0.2312780919636119,0.1060913014368591,-0.2111435850516013,0.1909255574106153,11.679058823529402,0.01990447930361955,0.1706457516339867,3,0.31601725665441316,0.15440518049495924,0.5314790005527746,0.030800608572988653,False,False
barcode_var_len,low,rel,0.1,0.3,50,1.734866,0.09999978129175333,0.1430788196046074,0.3215671043699492,-0.1414080890712559,0.38409876947840577,7.156705882352952,0.1278351638281633,0.07014901960784338,2,0.17513837893009276,0.3883862429403282,0.7045598730077266,0.16398165842785084,False,False
barcode_var_len,low,rel,0.12,0.3,50,2.0818380000000003,0.11999973415598354,0.049979587670102577,0.7303305468966316,-0.07554678731204083,0.6431408205008708,2.5176470588235134,0.6414786262510324,-0.03294117647058859,2,0.08896515710633479,0.7709505205605759,0.8593691998071981,0.6656015102489855,False,False
barcode_var_len,low,rel,0.14,0.3,50,2.428812,0.13999968326732404,0.08525929661370439,0.5560629295913269,-0.1142887295233438,0.4825477544896945,3.9087058823529617,0.41850213599576636,-0.002028758169934185,2,0.0671626126169349,0.6062585281593599,0.7697588536456533,0.46169274789568526,False,False
barcode_var_len,low,rel,0.16,0.3,50,2.775798,0.16000045124727236,-0.05389955533050277,0.710073004255524,0.023245165326781787,0.8867857141673682,1.9077647058823572,0.7527184620663904,-0.04649411764705873,2,-0.22173243075171034,0.7512717792464588,0.9612012985730214,0.7692617249689484,False,False
barcode_var_len,low,rel,0.18,0.3,50,3.12277,0.18000035837441378,-0.09701919959490501,0.5026910555000248,-0.04067903932186813,0.803189316671649,4.292705882352919,0.3678393608463065,0.0065045751633982084,2,-0.26299587771492083,0.559213733989262,0.9360476998804932,0.4141532755291344,False,False
barcode_var_len,low,rel,0.2,0.3,50,3.469734,0.1999997219658628,0.11171907832140575,0.43986857452078154,-0.030993553769042385,0.8494265810970129,3.0531764705882267,0.5489662217513342,-0.021040522875817185,2,0.4592584812021274,0.5013208018435378,0.948339400264372,0.584140258842953,False,False
barcode_var_len,low,rel,0.02,0.4,50,0.343576,0.01999994106771199,0.4772560626537246,0.0004575619650433387,0.02130806821621664,0.8961665966991449,20.415058823529392,0.00041346256054069456,0.3647790849673198,3,0.6047135561543864,0.0029146070376048286,0.9635085952950344,0.0008873707243893272,False,False
barcode_var_len,low,rel,0.04,0.4,50,0.68716,0.040000447129971785,0.49587590904062556,0.0002503464616265222,0.023245165326781787,0.8867857141673682,23.950117647058818,8.173486843771047e-05,0.4433359477124182,2,0.6120993373681364,0.0019730695704463187,0.9612012985730214,0.00021905886929991566,False,False
barcode_var_len,low,rel,0.06,0.4,50,1.030734,0.0600001882668543,0.42825646689872204,0.0019181774374421048,-0.03293065087960753,0.8401340511006948,18.495058823529405,0.0009873432892309416,0.32211241830065346,2,0.4991452567062967,0.007432937570088156,0.9459136410697896,0.001970449053615425,False,False
barcode_var_len,low,rel,0.08,0.4,50,1.374298,0.07999934675915547,0.505675828191626,0.00017970709006356664,0.19177261394594977,0.23583648068140362,19.55294117647057,0.0006117997835427506,0.3456209150326793,2,0.5536218534576314,0.0016225979976613298,0.5782477995046473,0.0012587915900326508,False,False
barcode_var_len,low,rel,0.1,0.4,50,1.717888,0.10000013082979377,0.3273172996434168,0.020326735415768484,0.007748388442260596,0.9621531316641155,9.413647058823528,0.051552170734015475,0.12030326797385618,2,0.463960314614422,0.041638466820847334,0.985384568715733,0.07198726543939098,False,False
barcode_var_len,low,rel,0.12,0.4,50,2.061462,0.12000001478490636,0.27047776856761396,0.057463179390576866,0.18208712839312402,0.2607862304209762,3.853176470588238,0.42624076532373734,-0.0032627450980391537,0,0.3033431067767438,0.09277909172436889,0.5973674736244036,0.46967288122165374,False,True
barcode_var_len,low,rel,0.14,0.4,50,2.40504,0.14000005479975935,0.17933852046330923,0.21270088978382606,0.07167259309091052,0.6603070945489715,7.783529411764704,0.09983748280697302,0.08407843137254897,2,0.20774358622790412,0.2728438999985631,0.8722806788786129,0.13114245622949847,False,False
barcode_var_len,low,rel,0.16,0.4,50,2.748616,0.16000005699902115,0.21853819706731126,0.12733156550484603,0.03293065087960753,0.8401340511006948,5.7985882352940905,0.21470322003660228,0.03996862745097979,1,0.4461251543185303,0.17969401505236238,0.9459136410697896,0.25898053778734126,False,False
barcode_var_len,low,rel,0.18,0.4,50,3.092194,0.18000002564447024,0.22637813238811166,0.1139128925794549,0.06198710753808477,0.7039639361606933,4.632470588235293,0.32712755681332795,0.014054901960784289,1,0.6854951040418678,0.1629830616906047,0.8895196475943543,0.3736548875077651,False,False
barcode_var_len,low,rel,0.2,0.4,50,3.4357639999999994,0.19999977215068362,0.08427930469860434,0.5606283842644944,-0.1336597006289953,0.4109452602089041,6.8630588235294,0.1433043415592116,0.06362352941176444,1,0.06313719699999831,0.610520371622927,0.7208508762465887,0.18281623820310947,False,False
barcode_var_len,low,rel,0.02,0.5,50,0.3466560000000001,0.01999985706008775,0.31555739666221627,0.02559739504754544,-0.3351178001277708,0.03453119053857223,25.68188235294116,3.667885142277511e-05,0.4818196078431369,2,0.4732659324220862,0.04969849142842852,0.3001309084193661,0.00011408472181665835,False,False
barcode_var_len,low,rel,0.04,0.5,50,0.693324,0.04000045222695113,0.41257659625712123,0.0029066541130199075,-0.14528228329238618,0.3710715537154117,24.684235294117627,5.8225225167069166e-05,0.45964967320261396,2,0.44886337116390496,0.01004902723088667,0.6985760019338723,0.00016523361036016511,False,False
barcode_var_len,low,rel,0.06,0.5,50,1.039972,0.05999988244777699,0.46941612733292426,0.0005839181355385723,0.009685485552825746,0.9527009964925695,19.204705882352926,0.0007163963454158124,0.33788235294117613,2,0.4915871553288557,0.003372943267396722,0.9801016888695682,0.001457874400955592,False,False
barcode_var_len,low,rel,0.08,0.5,50,1.3866260000000004,0.0799995111719844,0.39297675795512027,0.004757182800992321,-0.07942098153317112,0.6261554912472203,18.015058823529387,0.001225763135845695,0.31144575163398636,2,0.4574566129117362,0.014505508212861831,0.8501089151239632,0.0024049783045073767,False,False
barcode_var_len,low,rel,0.1,0.5,50,1.733288,0.09999987782989958,0.19305840727470996,0.17918209706110072,-0.009685485552825746,0.9527009964925695,8.848000000000013,0.0650131027025425,0.10773333333333363,2,0.16965602282206893,0.23569922244246627,0.9801016888695682,0.08878441338232676,False,False
barcode_var_len,low,rel,0.12,0.5,50,2.079952,0.12000010432403807,0.24989793835051288,0.08007702803407138,-0.07748388442260597,0.6346250730313773,7.725176470588224,0.10218019768183001,0.08278169934640497,2,0.3233034959392602,0.1216856798556967,0.8541263645718971,0.13384166738605902,False,False
barcode_var_len,low,rel,0.14,0.5,50,2.426612,0.1400002652060609,0.23029810004851184,0.10762167043029564,0.129785506407865,0.4247594410571297,3.654588235294085,0.454765214380651,-0.007675816993464777,1,0.33126003263336967,0.15590055062332545,0.7208508762465887,0.4958167050105573,False,False
barcode_var_len,low,rel,0.16,0.5,50,2.773266,0.15999992069280303,0.23911802728441234,0.09444293245566375,0.10847743819164836,0.5052278735468407,4.45364705882352,0.34807917751710016,0.010081045751633787,1,0.3953955049901672,0.14075629356372962,0.784410554922474,0.39429188196212317,False,False
barcode_var_len,low,rel,0.18,0.5,50,3.1199199999999996,0.17999984363421903,0.08623928852880444,0.5515151163052984,0.034867747990172684,0.8308628592268479,1.9312941176470417,0.748394094322067,-0.04597124183006574,1,0.12445714741243052,0.6041331662708215,0.9459136410697896,0.765683726864161,False,False
barcode_var_len,low,rel,0.2,0.5,50,3.46659,0.20000047717251668,0.12151899747240627,0.4005398403957046,-0.05423871909582418,0.7395850162781223,4.863999999999976,0.3015387284860235,0.019199999999999464,1,0.496903273585785,0.4656275644600066,0.9074064183887253,0.34749816293928354,False,False
barcode_var_len,low,rel,0.02,0.6,50,0.34437799999999996,0.020000419509512795,0.5899551328902304,6.522452248421459e-06,0.2111435850516013,0.1909255574106153,27.12752941176467,1.873292042077105e-05,0.5139450980392148,2,0.5124638272488434,0.0001956735674526438,0.5314790005527746,6.996632928239788e-05,False,False
barcode_var_len,low,rel,0.04,0.6,50,0.6887540000000001,0.04000038870295751,0.5556554158617286,2.8038159400334564e-05,0.15884196306634224,0.3275885753826937,23.502117647058782,0.00010049078658987041,0.4333803921568618,1,0.43738137868427057,0.0004574647060054587,0.6551771507653874,0.00025816693792425274,False,False
barcode_var_len,low,rel,0.06,0.6,50,1.033128,0.060000510660346326,0.5497754643711283,3.5433798272027525e-05,0.22470326482555728,0.1633224168338587,21.66305882352941,0.0002338661862877121,0.3925124183006536,1,0.3988766935372139,0.0005148973811404,0.5096974753539886,0.0005357033331220991,False,False
barcode_var_len,low,rel,0.08,0.6,50,1.377494,0.07999990091881805,0.44785630520072306,0.0011089752975108618,0.06392420464864992,0.6951518346023172,15.711058823529385,0.003432428140560285,0.26024575163398633,1,0.5124509134130577,0.005288959111205648,0.8843928949112928,0.006091904905956231,False,False
barcode_var_len,low,rel,0.1,0.6,50,1.721868,0.10000006446440138,0.3782768792286195,0.006756259992919999,0.07360969020147567,0.6517018082558034,11.487058823529395,0.021602505572316365,0.1663790849673199,1,0.4474699553673495,0.01869573856890788,0.8670710753617985,0.0333172971513337,False,False
barcode_var_len,low,rel,0.12,0.6,50,2.0662439999999997,0.12000026123924672,0.37533690348331933,0.007233894607708923,0.12397421507616954,0.44596095780510414,9.158588235294076,0.05725548395835756,0.11463529411764613,1,0.4811738321535326,0.0196137667206102,0.7379780974354927,0.07935558879474297,False,False
barcode_var_len,low,rel,0.14,0.6,50,2.410616,0.14000006303300386,0.23323807579381203,0.10308075154007736,0.05423871909582418,0.7395850162781223,7.743999999999971,0.1014189349964914,0.08319999999999936,2,0.2847981663589261,0.15049466080419457,0.9074064183887253,0.13303188934659663,False,False
barcode_var_len,low,rel,0.16,0.6,50,2.754994,0.16000035724700623,0.2979175421904154,0.035615665442820035,0.10266614685995291,0.5284348079525036,8.04047058823528,0.09010690410434989,0.08978823529411734,1,0.5416359019347704,0.06321100927828746,0.7990965388550055,0.11937239432627549,False,False
barcode_var_len,low,rel,0.18,0.6,50,3.0993580000000005,0.17999981124067407,0.21265824557671098,0.13815252023801447,0.05617581620638932,0.7306259674857049,6.093176470588247,0.1922970205548921,0.046515032679738826,1,0.4671472248280715,0.19176394600202007,0.9035666885129062,0.23531082778428083,False,False
barcode_var_len,low,rel,0.2,0.6,50,3.443738,0.20000009950559214,0.004899959575500253,0.9730591400927193,-0.18015003128255888,0.26597886912485613,4.525176470588207,0.3395726316639668,0.011670588235293482,1,0.21935843149703782,0.9741065665083197,0.6047930275944162,0.38653922576192057,False,False
barcode_var_len,low,rel,0.02,0.7,50,0.346794,0.01999988363234768,0.41649656391752143,0.0026246030544110777,-0.129785506407865,0.4247594410571297,22.848941176470532,0.00013573547191612258,0.41886535947712294,3,0.5287418468040127,0.009388003233085779,0.7208508762465887,0.00033307121077043273,False,False
barcode_var_len,low,rel,0.04,0.7,50,0.6935919999999999,0.040000181628170574,0.46549615967252395,0.0006582094552439403,-0.02905645665847724,0.8587392363951517,22.713411764705853,0.00014446013364350144,0.4158535947712412,3,0.46121605897685625,0.0035383514068026848,0.9496165158709763,0.00035077787020484685,False,False
barcode_var_len,low,rel,0.06,0.7,50,1.040382,0.05999990653652082,0.4586362162668237,0.0008089289504823532,-0.03293065087960753,0.8401340511006948,20.73788235294117,0.000356899618153862,0.37195294117647043,2,0.4604355796905571,0.004179466244158825,0.9459136410697896,0.0007846729193453704,False,False
barcode_var_len,low,rel,0.08,0.7,50,1.3871719999999998,0.07999954326855317,0.44785630520072306,0.0011089752975108618,0.06973549598034537,0.6689557215776891,16.02823529411762,0.0029815091774245328,0.26729411764705824,1,0.3895531631674408,0.005288959111205648,0.8787130241062866,0.005384084533989934,False,False
barcode_var_len,low,rel,0.1,0.7,50,1.7339700000000002,0.09999984207870546,0.4008166932759207,0.003919966332926541,-0.04455323354299843,0.7848688299882403,15.762823529411747,0.0033545044049145146,0.26139607843137214,2,0.4635073842917513,0.012570926515936838,0.9276813525483059,0.00596498871237189,False,False
barcode_var_len,low,rel,0.12,0.7,50,2.080768,0.12000003829034372,0.17345856897270895,0.22832989495127143,-0.13172260351843013,0.41782006766944396,7.484235294117639,0.11240646221750188,0.07742745098039197,2,0.3398100207255762,0.2885146770444055,0.7208508762465887,0.14600280707021893,False,False
barcode_var_len,low,rel,0.14,0.7,50,2.427558,0.13999972383212317,0.17345856897270895,0.22832989495127143,0.06392420464864992,0.6951518346023172,4.148705882352914,0.38625462076572625,0.0033045751633980873,1,0.35030930909194735,0.2885146770444055,0.8843928949112928,0.4312326498344843,False,False
barcode_var_len,low,rel,0.16,0.7,50,2.774358,0.16000001252400697,0.10975909449120565,0.4479837676657831,-0.09685485552825747,0.5521509629648069,3.719529411764711,0.44529185622722256,-0.006232679738561981,2,0.4033762329650523,0.5080791511331442,0.8112170545928443,0.4866291730802785,False,False
barcode_var_len,low,rel,0.18,0.7,50,3.12115,0.18000000834153554,0.057819522990902976,0.6900119507543823,-0.16271615728747252,0.3157739167860114,3.632000000000005,0.4580932276761359,-0.008177777777777666,1,0.2150020465359921,0.7342232427935647,0.645428005738441,0.49886030648572177,False,False
barcode_var_len,low,rel,0.2,0.7,50,3.4679540000000006,0.200000567733464,0.08721928044390449,0.5469850808378756,-0.129785506407865,0.4247594410571297,3.7618823529411713,0.43918956932724307,-0.00529150326797397,1,0.4147635081463983,0.5998775061075757,0.7208508762465887,0.4816583720216227,False,False
barcode_var_len,low,rel,0.02,0.8,50,0.343552,0.020000053598647777,0.3655369843323189,0.009044140460662969,-0.23051455615725275,0.15242261252860864,23.599999999999994,9.60583413129841e-05,0.4355555555555554,2,0.5470935823130224,0.02342911038556145,0.4921980196236321,0.0002488419426770897,False,False
barcode_var_len,low,rel,0.04,0.8,50,0.687098,0.03999980878283194,0.5340955937295275,6.477442984126669e-05,0.09104356419656201,0.5763571733802473,24.531764705882324,6.247857561227426e-05,0.4562614379084961,1,0.5802525092342512,0.0007530027469047253,0.8158480536432724,0.00017448971567391908,False,False
barcode_var_len,low,rel,0.06,0.8,50,1.0306579999999999,0.06000035501546781,0.46941612733292426,0.0005839181355385723,-0.013559679773956045,0.933817144982964,21.08894117647057,0.0003040665388087446,0.3797542483660127,2,0.5849273802595614,0.003372943267396722,0.9757864548698387,0.0006847018912642433,False,False
barcode_var_len,low,rel,0.08,0.8,50,1.3742,0.07999989144525081,0.4037566690212208,0.003641167432932486,-0.06198710753808477,0.7039639361606933,17.35529411764705,0.0016486009505296687,0.29678431372548997,1,0.48951583840599605,0.011923541241645113,0.8895196475943543,0.0031482523285268826,False,False
barcode_var_len,low,rel,0.1,0.8,50,1.7177580000000003,0.10000019895262204,0.408656628596721,0.003215158687044143,0.09685485552825747,0.5521509629648069,13.295999999999992,0.00991649423129235,0.2065777777777776,1,0.5090664395401168,0.010912764886682675,0.8112170545928443,0.016207978269071853,False,False
barcode_var_len,low,rel,0.12,0.8,50,2.0613,0.11999986380103554,0.38317683880411973,0.006021047729728627,0.04261613643243328,0.7940154372348941,14.278588235294137,0.006456998748705919,0.22841307189542526,2,0.48143557691529093,0.017124080699228206,0.9276813525483059,0.010978078311328162,False,False
barcode_var_len,low,rel,0.14,0.8,50,2.404852,0.14000001381622562,0.3086974532565159,0.029169418370604223,-0.005811291331695447,0.9716103758197066,9.546352941176451,0.048803461966022615,0.12325228758169891,2,0.4057476755117905,0.05458261385243848,0.985384568715733,0.06876851458848642,False,False
barcode_var_len,low,rel,0.16,0.8,50,2.748406,0.16000016489728697,0.20677829408611065,0.14964531476762818,-0.019370971105651492,0.9055614351251217,6.259764705882333,0.1805706017342272,0.05021699346405184,1,0.40080726725993554,0.20316809158232732,0.9657937324155541,0.22331204735748844,False,False
barcode_var_len,low,rel,0.18,0.8,50,3.091956,0.18000012871667606,0.26459781707701363,0.06332331898986743,0.09879195263882261,0.5441901490163065,4.760470588235279,0.31276912719697586,0.01689934640522842,1,0.5185026273662316,0.10015422901458625,0.8071719913638995,0.3599941686796876,False,False
barcode_var_len,low,rel,0.2,0.8,50,3.435506,0.20000014268992597,0.17247857705760888,0.2310097705491027,-0.08329517575430141,0.6093584429124496,5.183058823529393,0.2690249157684436,0.026290196078430958,1,0.580076615911784,0.29110987345618633,0.8370802834690962,0.31470839203100953,False,False
barcode_var_len,low,rel,0.02,0.9,50,0.343986,0.020000029915274414,0.47627607073862455,0.0004718742403719265,-0.023245165326781787,0.8867857141673682,24.682352941176447,5.8275939997993716e-05,0.4596078431372544,2,0.5244917724220673,0.0029771596153005996,0.9612012985730214,0.00016523361036016511,False,False
barcode_var_len,low,rel,0.04,0.9,50,0.687972,0.04000041149111416,0.5380155613899278,5.586277795451768e-05,0.10072904974938775,0.5362845273506927,23.95952941176469,8.138064234986115e-05,0.4435450980392154,1,0.48890496430566355,0.0006926984466360192,0.8018402097044118,0.0002188349032102583,False,False
barcode_var_len,low,rel,0.06,0.9,50,1.0319539999999998,0.06000008645250174,0.5360555775597277,6.016757339660561e-05,0.11622582663390896,0.47510759568232697,23.069176470588218,0.00012265974294714392,0.4237594771241826,2,0.4629267699724459,0.0007083018134030787,0.7644464774819448,0.00030338713016181873,False,False
barcode_var_len,low,rel,0.08,0.9,50,1.37593,0.07999971008446566,0.47529607882352454,0.00048658952852224854,0.02130806821621664,0.8961665966991449,19.946352941176457,0.0005117252600286052,0.35436339869281014,2,0.46287411089715735,0.0029771596153005996,0.9635085952950344,0.001079148507543317,False,False
barcode_var_len,low,rel,0.1,0.9,50,1.7199179999999998,0.10000004532400028,0.4027766771061208,0.003732095967438466,-0.015496776884521193,0.9243879679995202,15.946352941176457,0.0030920012758674717,0.2654745098039213,1,0.4482880015891037,0.012178418420062363,0.9735909515736736,0.005551276421924225,False,False
barcode_var_len,low,rel,0.12,0.9,50,2.063898,0.11999976036065502,0.35867704092661845,0.01053326810666322,0.12784840929729985,0.4317629906820725,10.34447058823531,0.0350081552493062,0.14098823529411803,1,0.42714525717734997,0.026262307808521977,0.7248006883291109,0.051110807506836366,False,False
barcode_var_len,low,rel,0.14,0.9,50,2.407886,0.14000003103383402,0.26851778473741383,0.0593659656624261,0.046490330653563575,0.7757506526956611,6.157176470588183,0.18771370407770913,0.04793725490195963,1,0.4369654826459519,0.0950264166369299,0.9273111915256618,0.23122350303611855,False,False
barcode_var_len,low,rel,0.16,0.9,50,2.7518640000000003,0.15999962590373987,0.3057574775112158,0.030822647751635096,0.04261613643243328,0.7940154372348941,8.646588235294104,0.07056635466673394,0.10325751633986897,1,0.5756408856491075,0.056538584633176805,0.9276813525483059,0.09552650631741276,False,False
barcode_var_len,low,rel,0.18,0.9,50,3.095852,0.17999999402747413,0.21265824557671098,0.13815252023801447,-0.023245165326781787,0.8867857141673682,5.491764705882332,0.24045431751020072,0.03315032679738516,1,0.472035744353847,0.19176394600202007,0.9612012985730214,0.28669553241600854,False,False
barcode_var_len,low,rel,0.2,0.9,50,3.4398440000000003,0.20000042394727907,0.11661903789690602,0.4199422355379405,-0.13172260351843013,0.41782006766944396,5.261176470588225,0.2615333286308135,0.02802614379084945,1,0.3469666637104576,0.48215590006207987,0.7208508762465887,0.3078810071223501,False,False
barcode_var_len,low,rel,0.02,1.0,50,0.344906,0.019999719465896272,0.46549615967252395,0.0006582094552439403,-0.03680484510073784,0.8216142102155399,24.078117647058804,7.70458818224408e-05,0.4461803921568623,2,0.5275563143750085,0.0035383514068026848,0.945669821163926,0.00020951073127154954,False,False
barcode_var_len,low,rel,0.04,1.0,50,0.689822,0.04000027631300289,0.5370355694748277,5.797856574902045e-05,0.10847743819164836,0.5052278735468407,23.351529411764716,0.00010770949389361675,0.4300339869281048,2,0.5626473400289219,0.0007002605993063509,0.784410554922474,0.0002736880582542721,False,False
barcode_var_len,low,rel,0.06,1.0,50,1.034732,0.06000018230040816,0.5644753430976291,1.9570252262872304e-05,0.18015003128255888,0.26597886912485613,22.372705882352903,0.00016892829433942018,0.40828235294117565,1,0.4815894655069201,0.0003714354000912499,0.6047930275944162,0.0004059517150792268,False,False
barcode_var_len,low,rel,0.08,1.0,50,1.379634,0.07999957588946251,0.5458554967107281,4.131830359672669e-05,0.19952100238821038,0.2170824204980929,20.569411764705876,0.0003853889264046443,0.36820915032679724,1,0.45699990215688446,0.0005822124597720579,0.5663579759683925,0.0008374105176549515,False,False
barcode_var_len,low,rel,0.1,1.0,50,1.7245420000000002,0.09999956851345095,0.41747655583262155,0.0025579917061237965,0.1530306717346468,0.34581948798335815,12.563764705882363,0.013616228042144147,0.1903058823529414,1,0.42998193732329154,0.009185066743996644,0.6756557223204266,0.02175789017043652,False,False
barcode_var_len,low,rel,0.12,1.0,50,2.069458,0.11999996675464525,0.3959167337004204,0.004426469600578261,0.17046454572973313,0.2929615964374106,10.023529411764684,0.04003319187161056,0.1338562091503263,1,0.49769321830582436,0.013767948924875527,0.6365754315111959,0.05745504388981145,False,False
barcode_var_len,low,rel,0.14,1.0,50,2.414368,0.13999996237940768,0.39493674178532034,0.004534393002103696,0.1065403410810832,0.5129058194910657,13.462588235294106,0.009223341816518158,0.21027973856209126,1,0.6577440801073238,0.014009918577928363,0.7858359343108585,0.015128232609103858,False,False
barcode_var_len,low,rel,0.16,1.0,50,2.7592839999999996,0.1600003083813452,0.26851778473741383,0.0593659656624261,0.030993553769042385,0.8494265810970129,6.577882352941145,0.15994883662091694,0.05728627450980323,1,0.5561765685057476,0.0950264166369299,0.948339400264372,0.20089043573646673,False,False
barcode_var_len,low,rel,0.18,1.0,50,3.10419,0.18000006477768743,0.18227849620860936,0.20517359162494336,-0.09491775841769232,0.5601662401231016,5.772235294117621,0.21681582425563095,0.03938300653594714,1,0.46247905320598104,0.26538447873601856,0.8142662037396653,0.26026993396577963,False,False
barcode_var_len,low,rel,0.2,1.0,50,3.449098,0.20000003349120563,0.1763985447180091,0.22041919557043052,0.02905645665847724,0.8587392363951517,2.953411764705862,0.5656518600027951,-0.02325751633986973,1,0.25235396296199664,0.2805001211458924,0.9496165158709763,0.5984712511974966,False,False
barcode_var_len,mid,rel,0.02,0.1,50,1.580984,0.02000008837148248,0.2141276066783187,0.13538625672195218,-0.015918343668810866,0.9223372200862624,14.86101876675601,0.004998326172396283,0.241355972594578,1,1.769043249932252,0.18933717105476017,0.9735909515736736,0.008640229257116251,False,False
barcode_var_len,mid,rel,0.04,0.1,50,3.1619539999999997,0.03999997626341149,0.20524736937145494,0.15275029721325667,0.16760989245848004,0.3012392403303473,12.20452103611509,0.015893462753827133,0.18232268969144644,1,4.281439975488392,0.2055828891582181,0.6430347147635033,0.024967770880167623,False,False
barcode_var_len,mid,rel,0.06,0.1,50,4.742934,0.06000001383082357,0.3585557075751645,0.01056140120471744,0.3623052113122953,0.021594194103991098,8.421867145421889,0.07729124851297575,0.09826371434270863,1,3.9273690573449542,0.026262307808521977,0.25700378146873165,0.10402440103772423,False,False
barcode_var_len,mid,rel,0.08,0.1,50,6.323913999999999,0.08000005453526723,-0.012914721525259699,0.9290701807688176,-0.05913123959890826,0.7170252381374782,0.5116407599309291,0.9723579006707677,-0.07751909422375713,2,-0.8064560287644782,0.9421851823142302,0.8973033596244024,0.9734045722538364,False,False
barcode_var_len,mid,rel,0.1,0.1,50,7.904885999999999,0.09999995455394398,0.3408825635116658,0.015414853717173636,0.3068684382607692,0.05410197437161911,6.32564911429264,0.1761127730468199,0.051681091428725325,1,5.900459318254456,0.034880325929371,0.3431721684334451,0.21896374188976273,False,False
barcode_var_len,mid,rel,0.12,0.1,50,9.485866,0.11999999525838763,0.41979404263692294,0.0024063885996195513,0.33043007968204924,0.03730144470393505,9.821970975362806,0.04353574644539478,0.12937713278584012,2,8.961127315717114,0.00879064631435765,0.3125256177897261,0.0620034367445898,False,False
barcode_var_len,mid,rel,0.14,0.1,50,11.066846,0.1400000328257997,0.21399769746614838,0.1356291449477709,0.37436911126249917,0.01731708586362928,7.6713697967086,0.10438574810885277,0.08158599548241333,2,4.056711503528696,0.18939204925139178,0.2322612182244317,0.1362618653445772,False,False
barcode_var_len,mid,rel,0.16,0.1,50,12.647816000000002,0.15999992071772873,0.20965152772627613,0.14394417476126178,0.18839391462844693,0.2443487553558178,4.694465069186601,0.3201074240876783,0.015432557093035568,2,-0.5843817327112202,0.19802970788161753,0.5841756876115952,0.36707756399696767,False,False
barcode_var_len,mid,rel,0.18,0.1,50,14.228800000000001,0.1800000090892112,-0.0628039817391991,0.6648062371663644,0.0,1.0,0.5766093697337149,0.9656271150202977,-0.07607534733925078,4,-32.631421780427914,0.7131139568220518,1.0,0.9687521218650236,False,False
barcode_var_len,mid,rel,0.2,0.1,50,15.809784,0.20000009746069367,0.013721204637435001,0.9246532378539104,0.06586439115583281,0.6863651288536604,2.800537918447704,0.5917398626888175,-0.026654712923384356,3,-13.07077726162899,0.9387854925809352,0.8843928949112928,0.6225317559961542,False,False
barcode_var_len,mid,rel,0.02,0.2,50,1.5930039999999996,0.019999987415101075,0.32930891129844003,0.019531916553637875,-0.22664036193612244,0.15962826010966372,20.48016906008355,0.0004013815185500795,0.3662259791129678,3,4.280978958615936,0.040481574798230974,0.5032348539050415,0.000868104214538544,False,False
barcode_var_len,mid,rel,0.04,0.2,50,3.1860119999999994,0.04000003716003392,0.3184973724075164,0.024182806403531768,-0.12784840929729985,0.4317629906820725,17.376941176470552,0.0016326774427905934,0.2972653594771234,3,3.9463069945226943,0.04785108501124371,0.7248006883291109,0.003130701075866499,False,False
barcode_var_len,mid,rel,0.06,0.2,50,4.779016,0.06000002209138734,0.330257275388717,0.019162777542256672,-0.12010002085503925,0.46041044333444936,14.814117647058822,0.005102691494549652,0.24031372549019606,3,5.6264852473902245,0.04004805194224428,0.7498804068319402,0.008782642024597463,False,False
barcode_var_len,mid,rel,0.08,0.2,50,6.3720159999999995,0.07999999341368266,0.1567987064160081,0.27684475482783855,-0.06779839886978023,0.6776467157847956,6.148705882352914,0.18831465949700443,0.04774901960784253,3,1.7305543415305937,0.3437458237515218,0.8826490835852381,0.23165692239710864,False,False
barcode_var_len,mid,rel,0.1,0.2,50,7.965020000000001,0.09999996704225443,-0.019599838302001012,0.8925333610973893,-0.08716936997543172,0.5927567412522293,2.6663529411764557,0.6151151214451736,-0.029636601307189873,3,-3.404138741883793,0.913152943696999,0.8277233774242841,0.6420393523501812,False,False
barcode_var_len,mid,rel,0.12,0.2,50,9.558026,0.1200000228655261,0.12249898938750632,0.396722960997447,-0.1065403410810832,0.5129058194910657,5.828705882352921,0.21231104159418593,0.04063790849673157,3,3.0677899119337173,0.46176765172418743,0.7858359343108585,0.2564276216657051,False,False
barcode_var_len,mid,rel,0.14,0.2,50,11.15103,0.1400000037767448,0.08231932086840424,0.5698116619482892,-0.03293065087960753,0.8401340511006948,1.7656470588235322,0.7787610637544744,-0.04965228758169928,1,0.933069062004698,0.6190710813223236,0.9459136410697896,0.7932615435834186,False,False
barcode_var_len,mid,rel,0.16,0.2,50,12.744044,0.1600001208050148,0.10583912683080546,0.46445853925825203,0.060050010427519625,0.7128143594572259,1.3317647058823354,0.8559635990902432,-0.05929411764705921,2,0.8785912758441974,0.5235714442547569,0.8970464875442762,0.8633906151344102,False,False
barcode_var_len,mid,rel,0.18,0.2,50,14.337038,0.17999999248089715,0.18129850429350935,0.2076615584974618,-0.07554678731204083,0.6431408205008708,4.279529411764656,0.36949545347517154,0.006211764705881251,3,8.135303712598883,0.2671165275278554,0.8593691998071981,0.41501300933805496,False,False
barcode_var_len,mid,rel,0.2,0.2,50,15.930042,0.20000000877801777,0.03233973319830166,0.8235737862666068,0.10072904974938775,0.5362845273506927,4.059294117647028,0.3980407355435294,0.0013176470588228363,2,-21.09805280273959,0.8538724874336058,0.8018402097044118,0.44279651202808895,False,False
barcode_var_len,mid,rel,0.02,0.3,50,1.5741900000000002,0.01999996839525248,0.310657437086716,0.028108842314410014,-0.3234952174643799,0.041730203948495206,27.05035294117647,1.9418331439550853e-05,0.5122300653594771,3,4.808840983103018,0.0533494354130639,0.33288463757892645,7.194839935769838e-05,False,False
barcode_var_len,mid,rel,0.04,0.3,50,3.1483879999999997,0.04000006776043248,0.29595755836021526,0.03690558031872982,-0.3389919943489011,0.03237108028472536,24.81505882352937,5.480588571539012e-05,0.4625568627450971,3,5.128421650947912,0.06512749468011145,0.28947216023840944,0.00015682541690224155,False,False
barcode_var_len,mid,rel,0.06,0.3,50,4.72257,0.05999994855132188,0.22833811621831177,0.1107331232896953,-0.2711935954791209,0.09051702671299842,20.616470588235273,0.00037721167846604427,0.36925490196078387,3,3.357485315176075,0.15990963456431154,0.4008611183004216,0.0008215617353007521,False,False
barcode_var_len,mid,rel,0.08,0.3,50,6.296769999999999,0.08000006572737542,0.18129850429350935,0.2076615584974618,-0.08910646708599686,0.5845312774959552,8.299294117647065,0.08120983822368633,0.0955398692810459,3,2.276503060201943,0.2671165275278554,0.8186959157699373,0.10866927992522055,False,False
barcode_var_len,mid,rel,0.1,0.3,50,7.8709620000000005,0.10000006151412762,0.20481831025591055,0.1536289591414536,-0.2673194012579906,0.09540166363141812,19.279999999999973,0.0006923773025138659,0.33955555555555494,3,3.3768162166358078,0.2061687330469724,0.4107571628574947,0.0014120852880217004,False,False
barcode_var_len,mid,rel,0.12,0.3,50,9.445152,0.12000005448318901,0.16855860939720868,0.24194530274349016,-0.2130806821621664,0.1867926305454003,11.917176470588231,0.01797790776503858,0.1759372549019607,2,4.144653273033882,0.30447785054322846,0.5314790005527746,0.028052775539405835,False,False
barcode_var_len,mid,rel,0.14,0.3,50,11.019336000000001,0.13999995459970363,0.09701919959490501,0.5026910555000248,-0.26925649836855575,0.09293462462559046,12.469647058823483,0.014180073693892143,0.1882143790849663,2,2.2505116924074144,0.559213733989262,0.40387477056915483,0.02258128173856112,False,False
barcode_var_len,mid,rel,0.16,0.3,50,12.593520000000003,0.15999985598889643,0.1009391672553052,0.4855027614330074,-0.29831295502703303,0.06152651587728948,11.235764705882332,0.024038299203379403,0.1607947712418296,2,8.19176946409194,0.542689384774876,0.3467858167629043,0.036648554523184995,False,False
barcode_var_len,mid,rel,0.18,0.3,50,14.16772,0.17999999632955113,-0.012739894896300657,0.9300279541553369,-0.17627583706142858,0.27656782450681333,3.481411764705882,0.48071034970128546,-0.011524183006535951,1,-0.7639253216597695,0.9421851823142302,0.6182886461330201,0.5210496797461486,False,False
barcode_var_len,mid,rel,0.2,0.3,50,15.741908,0.1999999519586785,0.1636586498217084,0.256103623258189,-0.09104356419656201,0.5763571733802473,8.63529411764705,0.07089069214736482,0.10300653594771221,2,3.269660416629648,0.32056038981173046,0.8158480536432724,0.09582608095501349,False,False
barcode_var_len,mid,rel,0.02,0.4,50,1.590744,0.020000021060124044,0.3420171783699176,0.015054350788892591,-0.26925649836855575,0.09293462462559046,23.81458823529408,8.700877950058613e-05,0.44032418300653514,3,7.267375200374115,0.03423116438550149,0.40387477056915483,0.00022988115038507132,False,False
barcode_var_len,mid,rel,0.04,0.4,50,3.18147,0.03999985135627517,0.3018375098508156,0.03314742840026243,-0.34092909145946626,0.031333431812001294,26.597647058823526,2.397146804726579e-05,0.5021699346405228,2,5.500603720188904,0.05951179230162945,0.28947216023840944,8.077342494187385e-05,False,False
barcode_var_len,mid,rel,0.06,0.4,50,4.772232,0.060000104055242136,0.19109842344450986,0.18372210353439455,-0.4765258891990267,0.0018804605022060316,26.741647058823503,2.241851177153521e-05,0.5053699346405223,3,3.304043092813337,0.2399740959086895,0.06995313068206438,7.922937552692781e-05,False,False
barcode_var_len,mid,rel,0.08,0.4,50,6.362972000000001,0.08000008486253679,0.21265824557671098,0.13815252023801447,-0.31962102324324965,0.04438461834385686,17.585882352941155,0.00148657667131364,0.3019084967320257,3,4.507472913340488,0.19176394600202007,0.33288463757892645,0.002868291087804326,False,False
barcode_var_len,mid,rel,0.1,0.4,50,7.95371,0.10000004142351507,0.1509187549254078,0.29548156249060725,-0.19952100238821038,0.2170824204980929,9.960470588235268,0.041098840067228824,0.13245490196078372,3,3.6605302051214963,0.3620525073995583,0.5663579759683925,0.05880295578849662,False,False
barcode_var_len,mid,rel,0.12,0.4,50,9.544442,0.11999992433846263,0.12543896513280645,0.385400574071609,-0.2808790810319466,0.0791498582946271,14.056470588235271,0.007116988870689773,0.22347712418300603,2,4.959433239142605,0.4519830187725049,0.3736516152995087,0.012012340562144262,False,False
barcode_var_len,mid,rel,0.14,0.4,50,11.135193999999998,0.14000004969427135,0.14013884385930722,0.3317132432468945,-0.10266614685995291,0.5284348079525036,7.183058823529393,0.1265248891472865,0.0707346405228754,2,4.098538705718305,0.3980558918962734,0.7990965388550055,0.16274985740937264,False,False
barcode_var_len,mid,rel,0.16,0.4,50,12.725934000000002,0.1600000213124223,0.04899959575500253,0.7354241601028488,-0.18983551683538463,0.24069181478268264,9.910588235294114,0.04196104773026647,0.1313464052287581,2,0.1607975599270972,0.7745690474469415,0.5782477995046473,0.05994435390038067,False,False
barcode_var_len,mid,rel,0.18,0.4,50,14.316679999999998,0.18000009106671705,-0.01861984638690096,0.897877431515807,-0.2111435850516013,0.1909255574106153,5.555764705882325,0.23487102990973283,0.03457254901960722,1,2.5905549567766784,0.9166037445770587,0.5314790005527746,0.28039802030301864,False,False
barcode_var_len,mid,rel,0.2,0.4,50,15.90741,0.19999996068185028,0.055859539160702874,0.7000171406843186,-0.1646532543980377,0.30996864174106353,7.026823529411757,0.13447749621352456,0.06726274509803905,2,2.2437131105145056,0.7423214832798362,0.6449012009377831,0.17202760863628314,False,False
barcode_var_len,mid,rel,0.02,0.5,50,1.588412,0.02000000382340684,0.3233973319830166,0.0219710990669019,-0.31962102324324965,0.04438461834385686,28.783058823529416,8.652068852930974e-06,0.5507346405228759,3,6.309072284018475,0.044132013244532975,0.33288463757892645,4.2573672133469874e-05,False,False
barcode_var_len,mid,rel,0.04,0.5,50,3.176824,0.039999973238958014,0.33907720262461744,0.01600363347569121,-0.2673194012579906,0.09540166363141812,25.61694117647056,3.780049449162804e-05,0.4803764705882347,2,6.982253165873073,0.03543661698188768,0.4107571628574947,0.0001167922255056946,False,False
barcode_var_len,mid,rel,0.06,0.5,50,4.76524,0.06000003224075205,0.3175173804924164,0.02464685965297283,-0.2653823041474254,0.09791873157264135,23.881411764705888,8.436752170413152e-05,0.4418091503267975,2,6.132879600386972,0.04835776261026315,0.41719805230230866,0.0002242739213393747,False,False
barcode_var_len,mid,rel,0.08,0.5,50,6.353648,0.07999993168113952,0.27929769580351443,0.04949936376188985,-0.13947099196069074,0.39071182423817086,14.035764705882343,0.007181780029347706,0.22301699346405207,2,4.766175732054655,0.08249893960314975,0.7069299543608928,0.012077857915539543,False,False
barcode_var_len,mid,rel,0.1,0.5,50,7.94207,0.10000009144367147,0.17541855280290905,0.22303465340635006,-0.29250166369533753,0.06701563255598558,17.12564705882349,0.0018272548913966526,0.2916810457516331,2,4.153231155326258,0.2829771182372518,0.35416525393901205,0.003468055202038545,False,False
barcode_var_len,mid,rel,0.12,0.5,50,9.530479999999999,0.12000003495267726,0.19109842344450986,0.18372210353439455,-0.2014580994987755,0.21255956229611764,18.265411764705874,0.0010950694598959127,0.3170091503267972,2,3.5679479922054895,0.2399740959086895,0.5663579759683925,0.002176099567741878,False,False
barcode_var_len,mid,rel,0.14,0.5,50,11.118888000000002,0.13999999555635637,0.13915885194420718,0.33513932477724667,-0.2363258474889482,0.14206399862113805,12.41317647058824,0.014529232929536458,0.18695947712418312,2,3.8289046704211973,0.4016489330448962,0.4857335246972735,0.022979909225287257,False,False
barcode_var_len,mid,rel,0.16,0.5,50,12.707298000000002,0.159999948882467,0.12053900555730622,0.4043780012040117,-0.16271615728747252,0.3157739167860114,8.61929411764703,0.0713525859146795,0.10265098039215623,2,5.028770730819346,0.46891713356574927,0.645428005738441,0.09631045704013343,False,False
barcode_var_len,mid,rel,0.18,0.5,50,14.29572,0.18000007689879038,0.1999183506804103,0.16392873592367804,-0.24601133304177394,0.12596729024899417,15.615999999999985,0.003580189308208966,0.258133333333333,2,8.471664325143006,0.2174803486576613,0.46673139414965964,0.006317981132133469,False,False
barcode_var_len,mid,rel,0.2,0.5,50,15.884124,0.19999998447495912,0.13327890045360688,0.3561567261170763,-0.2653823041474254,0.09791873157264135,15.085176470588209,0.004527776941358261,0.2463372549019602,2,6.029380614222674,0.42464840421651406,0.41719805230230866,0.007900248696929048,False,False
barcode_var_len,mid,rel,0.02,0.6,50,1.5975219999999999,0.020000033885099567,0.3469171379454179,0.013578881964576316,-0.2789419839213815,0.08132917669144848,29.525647058823523,6.112533008151373e-06,0.5672366013071894,2,7.5360362538129415,0.03176517070929757,0.3762991757365527,3.478496510056215e-05,False,False
barcode_var_len,mid,rel,0.04,0.6,50,3.195036,0.03999996336488958,0.3606370247568185,0.010087675352567911,-0.2363258474889482,0.14206399862113805,26.627764705882356,2.3638058591470186e-05,0.5028392156862745,2,6.668463267600645,0.025493309994261297,0.4857335246972735,8.023136675207035e-05,False,False
barcode_var_len,mid,rel,0.06,0.6,50,4.792562,0.0600000448034801,0.34299717028501764,0.014748787378676227,-0.21695487638329672,0.17871791591950487,24.472470588235296,6.421478181787728e-05,0.45494379084967324,2,5.2640421401623545,0.03370116034930932,0.5243143905524906,0.00017880163799588583,False,False
barcode_var_len,mid,rel,0.08,0.6,50,6.390082,0.08000004745990326,0.33515723496421723,0.01734822820791361,-0.1181629237444741,0.4677283145791489,20.898823529411743,0.0003316357233405528,0.3755294117647054,2,4.702147300660892,0.03752058658920851,0.7604673646129517,0.0007378498150878328,False,False
barcode_var_len,mid,rel,0.1,0.6,50,7.987595999999999,0.09999997695811504,0.23813803536931227,0.09584217147514665,-0.16852744861916796,0.2985624581580232,14.84894117647059,0.005024999361192244,0.24108758169934644,2,4.319305145127073,0.14215824477174863,0.640967913267977,0.008670221532298307,False,False
barcode_var_len,mid,rel,0.12,0.6,50,9.585107999999998,0.11999986329439587,0.15385873067070793,0.2860638676711572,-0.1104145353022135,0.4976084758363196,7.474823529411765,0.11282460668529994,0.07721830065359478,2,2.703470610181661,0.3528373964644247,0.7843659025894529,0.14634154005206268,False,False
barcode_var_len,mid,rel,0.14,0.6,50,11.182638000000003,0.14000001473499024,0.08329931278350429,0.5652113418715302,-0.2944387608059027,0.06514453415194907,12.99011764705881,0.01132418195658482,0.19978039215686244,2,2.5353324726886406,0.6147912841409627,0.35416525393901205,0.018283835450735905,False,False
barcode_var_len,mid,rel,0.16,0.6,50,12.780154,0.15999994949414786,0.057819522990902976,0.6900119507543823,-0.19952100238821038,0.2170824204980929,9.999058823529367,0.04044353897208472,0.1333124183006526,2,2.535768833349774,0.7342232427935647,0.5663579759683925,0.05795453196307979,False,False
barcode_var_len,mid,rel,0.18,0.6,50,14.377674000000003,0.1799999840103297,0.18129850429350935,0.2076615584974618,-0.18208712839312402,0.2607862304209762,11.108705882352922,0.025369095937993427,0.15797124183006492,3,3.5410107598274188,0.2671165275278554,0.5973674736244036,0.038300745490801764,False,False
barcode_var_len,mid,rel,0.2,0.6,50,15.975189999999998,0.19999991237092454,0.12347898130260636,0.39292742037003203,-0.1142887295233438,0.4825477544896945,7.827764705882345,0.09809508453636046,0.08506143790849655,2,3.0923408753960544,0.4590734936484042,0.7697588536456533,0.12903596692901728,False,False
barcode_var_len,mid,rel,0.02,0.7,50,1.59587,0.0200000422284744,0.2655778089921137,0.06231473010640815,-0.441658141208854,0.004330394809944678,28.428235294117627,1.0212543301911857e-05,0.5428496732026139,3,9.900603074155391,0.09906444273326424,0.1184490345073103,4.7018144904841716e-05,False,False
barcode_var_len,mid,rel,0.04,0.7,50,3.191726,0.03999989920425315,0.33319725113401716,0.018055729846333492,-0.29250166369533753,0.06701563255598558,24.65129411764704,5.911909849399502e-05,0.4589176470588231,3,8.043824254227664,0.03851336870892236,0.35416525393901205,0.00016711477689791904,False,False
barcode_var_len,mid,rel,0.06,0.7,50,4.787596000000001,0.05999997423942807,0.39101677412492014,0.004989505927945669,-0.16271615728747252,0.3157739167860114,22.810352941176433,0.00013816490426179955,0.4180078431372541,2,6.888562062909494,0.014959139041220584,0.645428005738441,0.00033814042358808834,False,False
barcode_var_len,mid,rel,0.08,0.7,50,6.383461999999998,0.08000001135719687,0.3665169762474189,0.008847026236905342,-0.14334518618182104,0.3775519234135407,19.66494117647059,0.000581486717096956,0.3481098039215687,2,6.150491324642313,0.022982498324921698,0.6994487824195077,0.0012071041225450202,False,False
barcode_var_len,mid,rel,0.1,0.7,50,7.979336000000001,0.10000009687351233,0.2812576796337145,0.047857446660504406,-0.22664036193612244,0.15962826010966372,16.699294117647042,0.002211004229983184,0.28220653594771206,3,5.722453267754531,0.08019355926895333,0.5032348539050415,0.004086693210328168,False,False
barcode_var_len,mid,rel,0.12,0.7,50,9.575192000000001,0.11999995936304514,0.19109842344450986,0.18372210353439455,-0.2285774590466876,0.15599513996197656,13.118117647058796,0.010712841302774022,0.20262483660130656,2,4.4972070578552845,0.2399740959086895,0.4985411689506467,0.01738733405162276,False,False
barcode_var_len,mid,rel,0.14,0.7,50,11.171064000000001,0.14000003066271416,0.2155982213220111,0.13265932955899304,-0.23245165326781791,0.14891022386666583,15.479529411764702,0.00380331798948232,0.25510065359477113,2,4.41989861017025,0.1866462579271763,0.4921980196236321,0.006699026004201814,False,False
barcode_var_len,mid,rel,0.16,0.7,50,12.766926000000002,0.15999999495007755,0.01665986255670086,0.9085788067373923,-0.2886274694742072,0.07088505559627353,6.5120000000000005,0.16403585484320313,0.05582222222222223,3,2.9558746363213295,0.9244839061988784,0.35442527798136764,0.20532078735421116,False,False
barcode_var_len,mid,rel,0.18,0.7,50,14.362791999999999,0.17999998450859483,0.2057983021710106,0.1516274890672849,-0.16659035150860282,0.30423147795262523,10.821647058823515,0.028643297968030144,0.1515921568627448,2,8.576478608120244,0.20466409990214074,0.6430347147635033,0.04255314234867098,False,False
barcode_var_len,mid,rel,0.2,0.7,50,15.958658,0.19999997306946898,0.3135974128320162,0.026578443210682916,0.08523227286486657,0.6010327429300519,10.247529411764674,0.03645824483114169,0.13883398692810386,2,7.704804860848434,0.05117588444292983,0.8317863853049826,0.052978387020252767,False,False
barcode_var_len,mid,rel,0.02,0.8,50,1.5881740000000002,0.02000000804057741,0.31555739666221627,0.02559739504754544,-0.3448032856805966,0.029340220111206933,28.97788235294118,7.898680168920945e-06,0.5550640522875818,2,9.775146015142909,0.04969849142842852,0.28947216023840944,4.103783551450547e-05,False,False
barcode_var_len,mid,rel,0.04,0.8,50,3.1763500000000007,0.039999985125498336,0.38709680646451994,0.00548411718202647,-0.18789841972481947,0.2456142873315258,28.896941176470563,8.203410456392632e-06,0.5532653594771236,2,8.160101193600578,0.015888563798394446,0.5841976655199974,4.1457142740248915e-05,False,False
barcode_var_len,mid,rel,0.06,0.8,50,4.764526,0.06000002671124914,0.35867704092661845,0.01053326810666322,-0.23826294459951336,0.13872920665971303,26.01599999999999,3.141040328805735e-05,0.48924444444444426,2,6.640465551640083,0.026262307808521977,0.4857335246972735,9.915252882032515e-05,False,False
barcode_var_len,mid,rel,0.08,0.8,50,6.3526940000000005,0.07999993972264365,0.3567170570964183,0.010995708315164467,-0.19758390527764522,0.22167129381988698,25.49458823529409,4.0007160621096506e-05,0.47765751633986864,2,5.711640340167094,0.027124691599742585,0.5663579759683925,0.00012080084213512907,False,False
barcode_var_len,mid,rel,0.1,0.8,50,7.940880000000001,0.10000009856590551,0.39493674178532034,0.004534393002103696,-0.046490330653563575,0.7757506526956611,18.495058823529376,0.0009873432892309548,0.3221124183006528,2,6.542725754014162,0.014009918577928363,0.9273111915256618,0.001970449053615425,False,False
barcode_var_len,mid,rel,0.12,0.8,50,9.529046,0.11999994873386875,0.3233973319830166,0.0219710990669019,-0.06392420464864992,0.6951518346023172,15.805176470588208,0.003292045457197302,0.2623372549019602,2,5.038617116762181,0.044132013244532975,0.8843928949112928,0.005865138458225078,False,False
barcode_var_len,mid,rel,0.14,0.8,50,11.117212,0.1399998628725916,0.2851776472941147,0.04470653540337289,-0.09491775841769232,0.5601662401231016,16.993882352941142,0.00193824682850194,0.2887529411764698,2,6.706269995377976,0.07656920428201987,0.8142662037396653,0.0036415546474884938,False,False
barcode_var_len,mid,rel,0.16,0.8,50,12.705406,0.16000012150032997,0.30967744517161594,0.028635036371089835,-0.06586130175921506,0.6863790881687026,11.871058823529381,0.018336310186383,0.1749124183006529,2,9.448001318686746,0.05390806442330678,0.8843928949112928,0.028516335239692624,False,False
barcode_var_len,mid,rel,0.18,0.8,50,14.293578,0.1800000909129974,0.271457760482714,0.056530370481083184,-0.048427427764128735,0.7666620524502553,9.093647058823535,0.05880090091309151,0.11319215686274522,1,9.218070428447852,0.09159101837527416,0.9211830862774385,0.08101457459137051,False,False
barcode_var_len,mid,rel,0.2,0.8,50,15.881742000000004,0.19999994197470733,0.27439773622801417,0.05380495418217212,-0.08329517575430141,0.6093584429124496,10.310588235294091,0.035508556833070255,0.14023529411764646,2,10.758773274516887,0.08809613977010576,0.8370802834690962,0.05176012202939708,False,False
barcode_var_len,mid,rel,0.02,0.9,50,1.5894920000000001,0.020000029201616854,0.42237651540812177,0.0022468775533853584,-0.1336597006289953,0.4109452602089041,25.57647058823528,3.851666394896907e-05,0.47947712418300625,2,11.204384750450426,0.008358384498593534,0.7208508762465887,0.00011821946360574665,False,False
barcode_var_len,mid,rel,0.04,0.9,50,3.1789840000000003,0.040000018423891476,0.4811760303141248,0.0004041505343419419,-0.015496776884521193,0.9243879679995202,27.27435294117643,1.749471286493497e-05,0.517207843137254,2,9.283207299719539,0.002704028754949683,0.9735909515736736,6.811974632592955e-05,False,False
barcode_var_len,mid,rel,0.06,0.9,50,4.7684679999999995,0.059999953663259734,0.3714169358229192,0.00791620733713429,-0.2111435850516013,0.1909255574106153,25.328000000000003,4.321878311186157e-05,0.47395555555555563,2,6.4887072855750665,0.021094764537349257,0.5314790005527746,0.00012719451991782045,False,False
barcode_var_len,mid,rel,0.08,0.9,50,6.357954000000001,0.07999986320862539,0.45569624052152347,0.0008825134392055796,-0.02711935954791209,0.8680707965439062,24.56282352941173,6.158782711484628e-05,0.45695163398692734,2,7.030533031708205,0.004388970580006358,0.9542622231511025,0.00017252011812291277,False,False
barcode_var_len,mid,rel,0.1,0.9,50,7.947454000000001,0.09999999759186894,0.3782768792286195,0.006756259992919999,-0.04261613643243328,0.7940154372348941,19.09647058823529,0.0007523742244595595,0.33547712418300646,2,5.7176697957494795,0.01869573856890788,0.9276813525483059,0.001524418363284075,False,False
barcode_var_len,mid,rel,0.12,0.9,50,9.536948,0.12000003642619314,0.35475707326621836,0.011475507197163006,-0.07942098153317112,0.6261554912472203,15.830588235294101,0.0032551208531307295,0.2629019607843134,2,6.865466329706175,0.028233390723178826,0.8501089151239632,0.005810484440329325,False,False
barcode_var_len,mid,rel,0.14,0.9,50,11.126438000000002,0.14000001379081295,0.3135974128320162,0.026578443210682916,-0.03293065087960753,0.8401340511006948,17.075764705882364,0.0018685157727007145,0.2905725490196081,2,7.400121904867033,0.05117588444292983,0.9459136410697896,0.0035391439279259967,False,False
barcode_var_len,mid,rel,0.16,0.9,50,12.71593,0.16000003584446215,0.3959167337004204,0.004426469600578261,-0.07942098153317112,0.6261554912472203,18.664470588235275,0.0009146522260052474,0.32587712418300613,2,10.258259965111137,0.013767948924875527,0.8501089151239632,0.001837206415086134,False,False
barcode_var_len,mid,rel,0.18,0.9,50,14.305416000000001,0.17999996253594258,0.28027768771861444,0.04867277684483834,-0.12010002085503925,0.46041044333444936,13.888941176470553,0.007658076587098296,0.2197542483660123,2,9.916124351696567,0.08141309795989146,0.7498804068319402,0.012786375630164121,False,False
barcode_var_len,mid,rel,0.2,0.9,50,15.894910000000003,0.2000000069397138,0.21853819706731126,0.12733156550484603,-0.060050010427519625,0.7128143594572259,9.530352941176432,0.04912728447075064,0.12289673202614293,2,7.202071583748122,0.17969401505236238,0.8970464875442762,0.06912008253827247,False,False
barcode_var_len,mid,rel,0.02,1.0,50,1.5890660000000003,0.01999996590773708,0.45667623243662353,0.0008573438725021687,-0.06586130175921506,0.6863790881687026,29.644235294117635,5.782301131775086e-06,0.5698718954248363,2,11.248900094697275,0.004309890818524416,0.8843928949112928,3.4110167064185874e-05,False,False
barcode_var_len,mid,rel,0.04,1.0,50,3.1781420000000002,0.04000006714576064,0.5291956341540273,7.774033055467567e-05,0.09298066130712715,0.5682352325021965,29.823058823529408,5.317616160980069e-06,0.5738457516339869,2,9.359691907860919,0.0008818872179563014,0.8142662037396653,3.286663264244279e-05,False,False
barcode_var_len,mid,rel,0.06,1.0,50,4.767208,0.060000014178787225,0.4370763941346225,0.0015050223273195592,-0.08329517575430141,0.6093584429124496,26.220235294117657,2.8567937273109303e-05,0.4937830065359479,2,8.186119200943153,0.006304823263095451,0.8370802834690962,9.289574008388689e-05,False,False
barcode_var_len,mid,rel,0.08,1.0,50,6.3562720000000015,0.0799999797188362,0.46647615158762407,0.0006388796406339731,-0.007748388442260596,0.9621531316641155,23.679058823529402,9.262043462621031e-05,0.43731241830065337,2,7.902579046057708,0.0035157281999384318,0.985384568715733,0.00024128012381617814,False,False
barcode_var_len,mid,rel,0.1,1.0,50,7.9453499999999995,0.10000010295976264,0.5135157635124264,0.0001368374333707826,0.11235163241277864,0.49004823867874037,23.22823529411764,0.00011400126511222489,0.42729411764705866,2,8.243152874009468,0.0013256126357794563,0.7777216074594343,0.0002857713653756581,False,False
barcode_var_len,mid,rel,0.12,1.0,50,9.534414,0.12000006086196077,0.3469171379454179,0.013578881964576316,-0.005811291331695447,0.9716103758197066,17.806117647058812,0.001346542420367114,0.30680261437908474,2,6.279602448074048,0.03176517070929757,0.985384568715733,0.0026198419475761837,False,False
barcode_var_len,mid,rel,0.14,1.0,50,11.123483999999998,0.14000006239536275,0.45079628094602325,0.0010185841855814975,0.07748388442260597,0.6346250730313773,16.801882352941163,0.0021119758094758755,0.2844862745098036,2,10.40436771527241,0.004959598390527711,0.8541263645718971,0.003912624507594749,False,False
barcode_var_len,mid,rel,0.16,1.0,50,12.712548000000002,0.16000000990998622,0.3194773643226165,0.02372610912833979,-0.034867747990172684,0.8308628592268479,12.72188235294118,0.012717791318019547,0.19381960784313731,2,8.973244141595703,0.04724899676521628,0.9459136410697896,0.020392320561652032,False,False
barcode_var_len,mid,rel,0.18,1.0,50,14.301617999999998,0.18000001938561208,0.23715804345421224,0.09725742551785523,-0.10460324397051804,0.5206416815555198,10.535529411764713,0.03231108492681601,0.14523398692810474,2,8.5487902901282,0.14319899436488956,0.7924660619421169,0.04754637497142229,False,False
barcode_var_len,mid,rel,0.2,1.0,50,15.890672,0.1999998248354592,0.2587178655864133,0.06965216572511257,0.03293065087960753,0.8401340511006948,9.132235294117635,0.057877889141804494,0.11404967320261411,2,5.822286589000349,0.10814109202730333,0.9459136410697896,0.07997984680813994,False,False
betti,high,abs,0.0,0.1,50,0.0,0.0,0.7816090496907996,2.098090813627303e-11,0.6598134028528797,3.6340229024199036e-06,30.713892025043613,3.501590119358442e-06,0.5936420450009692,0,2.6999999999999997,8.520630815167649e-11,4.229838922716533e-06,4.84595061161213e-06,True,True
betti,high,abs,5.0,0.1,50,2.2361,0.008792039789480949,0.6488925422254791,3.457957342983256e-07,0.4821400727493387,0.0016305563904916347,21.041635020014333,0.0003107064777643148,0.37870300044476296,0,2.6,7.178348948603634e-07,0.0017840205213614357,0.0003528168795125919,False,True
betti,high,abs,10.0,0.1,50,3.1622999999999997,0.012433731687435985,0.7308061730272835,1.688478526420745e-09,0.6711187345558802,2.1422455991124592e-06,26.420829749557292,2.602534369728288e-05,0.4982406611012732,0,2.8000000000000003,5.323000100241671e-09,2.52828478067841e-06,3.247626141854716e-05,True,True
betti,high,abs,15.0,0.1,50,3.873,0.015228107018764689,0.5941318773354863,5.398553495354286e-06,0.5574670773461226,0.00018637110037271216,18.249217631417462,0.0011030901185195574,0.31664928069816584,0,2.0999999999999996,9.011265401059872e-06,0.00020857415565177172,0.0012212783455037956,False,True
betti,high,abs,20.0,0.1,50,4.472100000000001,0.017583686392620076,0.641931247083993,5.054060897423486e-07,0.5632286154118255,0.00015446133282431192,20.95838376646493,0.00032274246063905315,0.37685297258810957,0,2.3,1.0173758949358964e-06,0.0001730711319597712,0.00036559133787371427,False,True
betti,high,abs,25.0,0.1,50,5.0,0.019659317091098225,0.580910679657263,9.736356370703119e-06,0.47669696441785425,0.0018723734429697536,17.62554601983655,0.0014603369174170744,0.3027899115519233,0,2.0999999999999996,1.5531408961842026e-05,0.002036616727440785,0.001612961203322897,False,True
betti,high,abs,30.0,0.1,50,5.477199999999999,0.02153560231427264,0.5651666324801338,1.9018149223168988e-05,0.5835916287398326,7.729435167127856e-05,17.528554695457302,0.0015253265045920906,0.30063454878794005,1,2.1,2.8573309818331433e-05,8.75563301513874e-05,0.0016807507692780145,False,False
betti,high,abs,35.0,0.1,50,5.916100000000001,0.02326129716852924,0.5271058976824453,8.39600201574212e-05,0.5009092480417098,0.0009943570605788854,14.692562610675429,0.005383238047311406,0.23761250245945398,0,2.1,0.0001116388952274498,0.0010946797687979585,0.005841786912484956,False,True
betti,high,abs,40.0,0.1,50,6.324599999999999,0.02486746337487197,0.5509780703229793,3.378930753538523e-05,0.5886763170139984,6.45515865958481e-05,16.755855855855852,0.002155852391100051,0.2834634634634634,1,2.0,4.804901530261202e-05,7.32109457733399e-05,0.002364319249673405,False,False
betti,high,abs,45.0,0.1,50,6.708199999999998,0.026375726182101017,0.5313146454380592,7.186663039348686e-05,0.46543360218099405,0.002475180409780118,14.516800998388039,0.005815842761755484,0.23370668885306753,0,2.0,9.630542689617116e-05,0.0026797645880040854,0.006296546878268452,False,True
betti,high,abs,50.0,0.1,50,7.0711,0.027802599416572937,0.5118992299069484,0.00014482574196411784,0.4321684342941318,0.0053556730945364065,12.995367033872103,0.01129845364152601,0.19989704519715784,0,1.9000000000000001,0.00018603306633512375,0.005764787011480159,0.012119448542813367,False,True
betti,high,abs,55.0,0.1,50,7.416200000000001,0.029159485482200532,0.6343998853722856,7.539790883461905e-07,0.5711264289691943,0.00011872653960353716,21.464286080492183,0.00025613377358806245,0.3880952462331596,0,2.0,1.470022121932824e-06,0.00013319141354799707,0.00029335518403558877,False,True
betti,high,abs,60.0,0.1,50,7.746,0.030456214037529378,0.5940985652199904,5.406759240635923e-06,0.5738248623162728,0.00010835118982267686,18.25159949302914,0.001101906795591775,0.3167022109562031,0,2.3,9.011265401059872e-06,0.00012184595711619042,0.0012212783455037956,False,True
betti,high,abs,65.0,0.1,50,8.0623,0.031699862436712245,0.6675549131298455,1.1899951397216667e-07,0.6901391331285257,8.350328061260147e-07,23.358454987834563,0.00010736648632716092,0.43018788861854584,0,2.4,2.6861540775270635e-07,1.0046319659730836e-06,0.00012591529922353046,False,True
betti,high,abs,70.0,0.1,50,8.3666,0.03289632847487648,0.48045011437639173,0.0004135942726174168,0.5279188733309711,0.0004635913891479119,14.161975497702889,0.0067956427948250445,0.22582167772673087,1,1.7000000000000002,0.0005047804114622016,0.0005144868638515013,0.007340241346326703,False,False
betti,high,abs,75.0,0.1,50,8.6603,0.03405111676080759,0.7389979891809277,8.914407887007237e-10,0.7069809354315094,3.4108595785144566e-07,27.667940157638416,1.4562653985619366e-05,0.5259542257252982,0,3.2,2.9089120473392034e-09,4.1793141080611916e-07,1.8603390393717046e-05,True,True
betti,high,abs,80.0,0.1,50,8.9443,0.03516776597158197,0.4789557464803759,0.00043366586260332207,0.3393943813292115,0.03215323975265819,12.307417009811404,0.015205811165872891,0.18460926688469786,0,1.9,0.0005278916913888606,0.03348545685327225,0.01625448779800206,False,True
betti,high,abs,85.0,0.1,50,9.219499999999998,0.03624981478427602,0.328650440824818,0.019791740557258995,0.29914961221851927,0.06076655450890031,5.531973454059052,0.23693325044167904,0.03404385453464561,0,1.2,0.020611779079788204,0.06272241475391485,0.24029217329417832,False,True
betti,high,abs,90.0,0.1,50,9.486800000000002,0.03730080187596613,0.6714160782350033,9.453248850777113e-08,0.6955017093704561,6.320307580619428e-07,24.427008247937984,6.557836110527233e-05,0.4539335166208441,1,2.9999999999999996,2.208924982719275e-07,7.623717315144058e-07,7.828995613338031e-05,False,False
betti,high,abs,95.0,0.1,50,9.7468,0.03832308636470324,0.4892691544816904,0.0003113045869666503,0.672740421920393,1.9821580901294775e-06,17.57548949622678,0.001493528734308263,0.30167754436059513,1,1.5000000000000002,0.0003855036829280756,2.3453015570234275e-06,0.0016476651517279767,False,False
betti,high,abs,100.0,0.1,50,10.0,0.03931863418219645,0.6383215798573947,6.130368900385182e-07,0.6233416283050454,1.735932883785055e-05,21.781232549875618,0.00022154900881102984,0.3951385011083471,0,2.5,1.2182143327688503e-06,1.980880468613621e-05,0.00025500071558695267,False,True
betti,high,abs,0.0,0.2,50,0.0,0.0,0.8612195772517104,1.0279860228342667e-15,0.7600808597140044,1.2795735440243578e-08,36.75613612925404,2.0221665795424338e-07,0.7279141362056453,0,7.8999999999999995,7.468960947155219e-15,1.7221467379777898e-08,4.245180404005561e-07,True,True
betti,high,abs,5.0,0.2,50,2.2361,0.008554687994029036,0.8148939104960087,5.945530111890566e-13,0.7438892761790954,3.786956318953174e-08,33.24450886766713,1.0644079018894895e-06,0.6498779748370473,0,7.1,3.005077719596862e-12,4.877935424690376e-08,1.6334972751769393e-06,True,True
betti,high,abs,10.0,0.2,50,3.1622999999999997,0.012098067994954614,0.728107618926461,2.07344944887303e-09,0.6883896835845817,9.133009190585733e-07,26.84485540704738,2.1367419931056817e-05,0.5076634534899418,0,5.999999999999999,6.449190593484675e-09,1.0945487818614345e-06,2.696295866469856e-05,True,True
betti,high,abs,15.0,0.2,50,3.873,0.014817005769363827,0.7884655131457536,1.0612476373982584e-11,0.772712187410507,5.166444556263745e-09,31.51908657123379,2.3987196522353834e-06,0.6115352571385286,0,6.200000000000001,4.5905130361878153e-11,7.192804546894136e-09,3.4214866205197953e-06,True,True
betti,high,abs,20.0,0.2,50,4.472100000000001,0.01710899341625922,0.7202174630903251,3.728717689246747e-09,0.7902533046758574,1.3264672477918666e-09,30.809641310166917,3.3476718594320146e-06,0.5957698068925982,1,5.800000000000001,1.1186153067740242e-08,1.958118318168946e-09,4.646768401898169e-06,True,False
betti,high,abs,25.0,0.2,50,5.0,0.019128589942375193,0.645361567383682,4.1970300547606155e-07,0.6470525611252524,6.4296130105260225e-06,23.052592628657667,0.00012359923842577086,0.4233909473035037,1,5.300000000000001,8.55973234852494e-07,7.418784242914641e-06,0.00014404422523304122,False,False
betti,high,abs,30.0,0.2,50,5.477199999999999,0.020954222566475486,0.6698767567185192,1.0365959421800833e-07,0.6980392156862745,5.528283738961491e-07,26.40637934400625,2.6200734641685867e-05,0.4979195409779167,1,5.1000000000000005,2.386223332246232e-07,6.694406090148681e-07,3.261938850972939e-05,False,False
betti,high,abs,35.0,0.2,50,5.916100000000001,0.022633330191617177,0.7830341914148583,1.8246353986879905e-11,0.747925811646355,2.9115419533965005e-08,30.919499757163663,3.1793560580049836e-06,0.5982111057147481,0,7.5,7.541826314577027e-11,3.776477010681653e-08,4.446317494653586e-06,True,True
betti,high,abs,40.0,0.2,50,6.324599999999999,0.024196135989909228,0.6165688835697744,1.8648202859963663e-06,0.6684726689596181,2.4292081561470842e-06,21.91808152306564,0.00020808722397879192,0.3981795894014587,1,5.000000000000001,3.361013306156242e-06,2.848882200777791e-06,0.0002401006430524522,False,False
betti,high,abs,45.0,0.2,50,6.708199999999998,0.025663681410288252,0.7476421411887193,4.4260462556781547e-10,0.7356118453180075,6.396680738611127e-08,29.344464442066318,6.6536716827201295e-06,0.563210320934807,1,6.1,1.5245270436224753e-09,8.138047998506632e-08,8.890681989841553e-06,True,False
betti,high,abs,50.0,0.2,50,7.0711,0.02705203446830585,0.6344460714365789,7.521564228295128e-07,0.7040352656115527,4.0068172642043806e-07,23.29644093413292,0.00011047691903577346,0.42880979853628715,1,6.2,1.469549313511443e-06,4.871032752562188e-07,0.00012939991776230394,False,False
betti,high,abs,55.0,0.2,50,7.416200000000001,0.02837228974612858,0.6467000809834603,3.9010392749484383e-07,0.7285247726542049,9.869950865704097e-08,24.80881350983063,5.496448878493617e-05,0.46241807799623624,1,5.8,8.026474614385062e-07,1.2404127439330827e-07,6.587238990978176e-05,False,False
betti,high,abs,60.0,0.2,50,7.746,0.029634011538727655,0.6298394682427733,9.556602428045398e-07,0.6506939371679744,5.478316674579211e-06,23.249412221898375,0.00011289522131614481,0.42776471604218613,1,5.800000000000001,1.8175133452110882e-06,6.3368588399983415e-06,0.00013206610795473542,False,False
betti,high,abs,65.0,0.2,50,8.0623,0.03084408613848231,0.6575907174299743,2.1227069038548363e-07,0.7269491299315991,1.084933879117462e-07,26.33307459480568,2.710873270010902e-05,0.49629054655123733,1,4.999999999999999,4.6449821660823477e-07,1.3598227864949323e-07,3.365970815901387e-05,False,False
betti,high,abs,70.0,0.2,50,8.3666,0.032008252122375264,0.5639650072125134,1.9987271691062287e-05,0.66901128721286,2.368076546535139e-06,22.516666666666644,0.0001581245798574614,0.411481481481481,1,5.1,2.9788722231871676e-05,2.7806959447950497e-06,0.0001833614205329665,False,False
betti,high,abs,75.0,0.2,50,8.6603,0.03313186549559038,0.6562182868706157,2.2949992813107373e-07,0.7301123368292334,8.966632050384811e-08,25.610074117417604,3.7921075111257964e-05,0.48022386927594674,1,4.999999999999999,4.940623452821726e-07,1.1299414372436144e-07,4.640342085982882e-05,False,False
betti,high,abs,80.0,0.2,50,8.9443,0.0342183694043173,0.6239335649037663,1.291751654807189e-06,0.688226585119103,9.209325103510539e-07,23.443617227665126,0.00010323621154430189,0.4320803828370028,1,4.8,2.393064652310425e-06,1.1022744332387133e-06,0.00012153123637493766,False,False
betti,high,abs,85.0,0.2,50,9.219499999999998,0.035271206994745626,0.6169549205041049,1.8296988678143797e-06,0.7072248684921782,3.365382342496237e-07,23.40373690621194,0.00010515034779939713,0.43119415347137646,1,4.8999999999999995,3.310121952330187e-06,4.1290311062288924e-07,0.00012362809538993594,False,False
betti,high,abs,90.0,0.2,50,9.486800000000002,0.036293821413065,0.669769190234623,1.0432728288272743e-07,0.7319308636173544,8.026413816564786e-08,25.455744454131526,4.0734140189734136e-05,0.4767943212029228,1,6.999999999999999,2.3897628837669087e-07,1.0155870543408505e-07,4.964973837018709e-05,False,False
betti,high,abs,95.0,0.2,50,9.7468,0.037288508090068506,0.6999406443287614,1.5443539951260174e-08,0.805230931151979,3.737346601763239e-10,31.54629476650954,2.3682289855326114e-06,0.612139883700212,1,5.5,4.1751430682185935e-08,5.901073581731429e-10,3.383184265046588e-06,False,False
betti,high,abs,100.0,0.2,50,10.0,0.038257179884750386,0.5948325132952613,5.228616979275561e-06,0.7966657005739903,7.811703033929869e-10,27.39856468642047,1.651100101885273e-05,0.5199681041426771,1,5.3,8.75552141316673e-06,1.1890153554099474e-09,2.103456294182608e-05,False,False
betti,high,abs,0.0,0.3,50,0.0,0.0,0.9548632122169686,5.940298963106434e-27,0.9312435349854221,3.0084410224635293e-18,44.78495387141959,4.407040489828012e-09,0.9063323082537686,0,15.2,5.524478035688983e-25,6.994625377227705e-17,1.9927010523901639e-07,True,True
betti,high,abs,5.0,0.3,50,2.2361,0.00862968335854591,0.8802009887151293,3.7649993815665213e-17,0.9070229721231827,7.501743540670038e-16,40.37346355176422,3.623078555734638e-08,0.8082991900392048,1,13.799999999999999,3.675967519675424e-16,5.626307655502528e-15,2.0041006899092496e-07,True,False
betti,high,abs,10.0,0.3,50,3.1622999999999997,0.012204126686968266,0.8605695507574164,1.141203827044608e-15,0.8492644570596004,4.316414277518897e-12,37.3865265700483,1.4994658998991783e-07,0.74192281266774,0,12.7,8.22728340427508e-15,1.0010636603722132e-11,3.465936504383567e-07,True,True
betti,high,abs,15.0,0.3,50,3.873,0.014946900249384337,0.771244963189563,5.619697644933898e-11,0.8656198830737593,5.653350658968602e-13,35.663521556103916,3.393560687291318e-07,0.7036338123578648,1,10.599999999999998,2.1507484813944548e-10,1.642437020909315e-12,6.213935653198746e-07,True,False
betti,high,abs,20.0,0.3,50,4.472100000000001,0.017258980791446343,0.7703431920731152,6.107855811152048e-11,0.8965391415353455,5.2003031968836775e-15,35.94793851805306,2.9659411225847885e-07,0.7099541892900679,1,11.100000000000001,2.3279942231030347e-10,2.9310799836980725e-14,5.583654340088772e-07,True,False
betti,high,abs,25.0,0.3,50,5.0,0.01929628227392762,0.7760549080759744,3.5805532154844226e-11,0.9017292810207704,2.0489741032801494e-15,38.051876902265796,1.0932835024462806e-07,0.7567083756059065,1,10.399999999999999,1.405027211139457e-10,1.3051684356510542e-14,2.9133342615330686e-07,True,False
betti,high,abs,30.0,0.3,50,5.477199999999999,0.02113791945415127,0.757038655101972,2.001378979147846e-10,0.8632350926455812,7.727265834681849e-13,34.22045839996122,6.71499697024534e-07,0.6715657422213603,1,10.299999999999999,7.158778656182681e-10,2.158065233109345e-12,1.1014016194582304e-06,True,False
betti,high,abs,35.0,0.3,50,5.916100000000001,0.022831747112156648,0.6957539405326036,2.0411835917741006e-08,0.8177069910374678,1.1938402010508492e-10,30.50908079880081,3.854889866114947e-06,0.5890906844177958,1,12.2,5.332305450421105e-08,2.033464078712985e-10,5.319061684698666e-06,False,False
betti,high,abs,40.0,0.3,50,6.324599999999999,0.024408253373936532,0.7134119911295211,6.089311162922784e-09,0.8366718771587393,1.7654448014917796e-11,32.972219801500806,1.210226464722309e-06,0.6438271067000179,1,10.299999999999999,1.758714093639189e-08,3.577045022630403e-11,1.8360695141790332e-06,True,False
betti,high,abs,45.0,0.3,50,6.708199999999998,0.025888664149992257,0.6894705077175902,3.075384051555036e-08,0.8081860850482844,2.8736023122026787e-10,29.397863889561602,6.48940790220898e-06,0.5643969753235911,1,10.600000000000001,7.922734537247046e-08,4.5997420832159915e-10,8.708729219414648e-06,False,False
betti,high,abs,50.0,0.3,50,7.0711,0.027289188317433922,0.6732303030390174,8.474249141614563e-08,0.7770653447760307,3.729118957804307e-09,29.26732380721724,6.898300370931589e-06,0.5614960846048276,1,9.3,1.9851515621414468e-07,5.278661538444453e-09,9.1387739956786e-06,False,False
betti,high,abs,55.0,0.3,50,7.416200000000001,0.028621017719980407,0.6862789381838347,3.7725133561224325e-08,0.8718035732382767,2.443397813731952e-13,36.241147469669826,2.581283692298585e-07,0.7164699437704406,1,10.5,9.507960491040277e-08,8.074416018191309e-13,5.022162832296409e-07,False,False
betti,high,abs,60.0,0.3,50,7.746,0.029893800498768674,0.6595306059274572,1.8997147483306524e-07,0.8319702940532429,2.8984188703761152e-11,32.14509205426356,1.7868176861321778e-06,0.6254464900947457,1,10.099999999999998,4.196519515314743e-07,5.604011537317645e-11,2.617247865680832e-06,False,False
betti,high,abs,65.0,0.3,50,8.0623,0.031114483315417333,0.6253502909702611,1.202351607082612e-06,0.8664278594252744,5.078508535301547e-13,35.306197128631496,4.018904535109539e-07,0.6956932695251443,1,7.800000000000001,2.2319101688359866e-06,1.494624347414696e-12,7.160117275195156e-07,False,False
betti,high,abs,70.0,0.3,50,8.3666,0.032288855054608566,0.723623340894747,2.9014167373519724e-09,0.857200757812996,1.6610421541683953e-12,33.673112614789744,8.69535886900437e-07,0.6594025025508832,1,11.799999999999999,8.905338500783282e-09,4.314997774794994e-12,1.3729514003691112e-06,True,False
betti,high,abs,75.0,0.3,50,8.6603,0.03342231867537908,0.6679927417058754,1.159534021748968e-07,0.7862225162829106,1.8332454227059718e-09,29.272853346218874,6.880471078280746e-06,0.5616189632493083,1,10.700000000000001,2.636593252387629e-07,2.6556358927049123e-09,9.128157065336795e-06,False,False
betti,high,abs,80.0,0.3,50,8.9443,0.03451834750853816,0.5565232472468311,2.7075785820023165e-05,0.8551722686951689,2.131647381522054e-12,34.91545202278366,4.834862434118376e-07,0.687010044950748,1,9.499999999999998,3.910012548543718e-05,5.357924499501379e-12,8.295981667398689e-07,False,False
betti,high,abs,85.0,0.3,50,9.219499999999998,0.03558041488489514,0.7049575869111319,1.098614358543042e-08,0.7992928632894291,6.254168296665955e-10,29.3396901245294,6.668558132231017e-06,0.5631042249895423,1,12.299999999999999,3.0408075995387774e-08,9.56640874325549e-10,8.89778918647754e-06,True,False
betti,high,abs,90.0,0.3,50,9.486800000000002,0.03661199413525931,0.6739756992972693,8.100238411026527e-08,0.8150241802897148,1.5368744377008506e-10,31.96516891891889,1.944713127489187e-06,0.6214481981981976,1,9.5,1.9071447398113088e-07,2.579951673396735e-10,2.812726607410488e-06,False,False
betti,high,abs,95.0,0.3,50,9.7468,0.03761540081350355,0.712058655998385,6.701956267501283e-09,0.8604375226356253,1.1067041034405534e-12,33.712615310311506,8.534739305803871e-07,0.6602803402291446,1,10.5,1.9237096693753683e-08,2.9832893223180134e-12,1.3498822371424492e-06,True,False
betti,high,abs,100.0,0.3,50,10.0,0.03859256454785524,0.678052863267001,6.313516110177711e-08,0.8522665310185945,3.0274570910238266e-12,34.640925112259175,5.504972102263055e-07,0.6809094469390928,1,11.1,1.521132119809656e-07,7.389855891475483e-12,9.20795693364144e-07,False,False
betti,high,abs,0.0,0.4,50,0.0,0.0,0.9551470617751033,5.1220539927766885e-27,0.9221562693253585,2.935825443069639e-17,44.82014291232134,4.333435799973319e-09,0.9071142869404741,0,23.0,5.292789125869245e-25,4.277711586040444e-16,1.9927010523901639e-07,True,True
betti,high,abs,5.0,0.4,50,2.2361,0.008624513683051638,0.8083441667691452,1.2654375688223875e-12,0.8671849776560576,4.590105948415981e-13,34.72255624608566,5.296581037998199e-07,0.6827234721352369,1,18.400000000000002,6.12946322398344e-12,1.3697753484265502e-12,8.891372500610695e-07,True,False
betti,high,abs,10.0,0.4,50,3.1622999999999997,0.012196815714822323,0.8688286531205168,2.9050149884737286e-16,0.8942609955309131,7.70677052299637e-15,39.0990592435353,6.645827229379745e-08,0.7799790943007845,1,19.0,2.369880648491726e-15,4.0955980493637853e-14,2.3757259462781054e-07,True,False
betti,high,abs,15.0,0.4,50,3.873,0.014937946198496935,0.6840315487343149,4.3495647621481697e-08,0.8209689362798185,8.732584774449942e-11,30.876436781609183,3.244305093967689e-06,0.5972541507024263,1,14.7,1.0815762643844379e-07,1.5236967805325414e-10,4.5235438341678425e-06,False,False
betti,high,abs,20.0,0.4,50,4.472100000000001,0.017248641671649405,0.7469310014914934,4.693428443331219e-10,0.8326958096372273,2.6876337566195562e-11,32.12521974306963,1.8036099760033538e-06,0.6250048831793251,1,16.8,1.6047384015801595e-09,5.229078229406249e-11,2.6373542101935835e-06,True,False
betti,high,abs,25.0,0.4,50,5.0,0.019284722693644375,0.7147567369269465,5.533036971922963e-09,0.7878298623006107,1.6126722192939301e-09,28.754790823211867,8.767167227191868e-06,0.5501064627380414,1,16.3,1.6030294030804848e-08,2.3544508068184536e-09,1.1451496518663535e-05,True,False
betti,high,abs,30.0,0.4,50,5.477199999999999,0.021125256627525797,0.6333276669051863,7.974675780000558e-07,0.8384793706022815,1.4530168000941495e-11,33.12956517547237,1.1236967034662725e-06,0.6473236705660527,1,16.1,1.5450934323751083e-06,2.9764441059197336e-11,1.713304421010528e-06,False,False
betti,high,abs,35.0,0.4,50,5.916100000000001,0.022818069585573898,0.6292131953194444,9.86986489026926e-07,0.8655989090618007,5.669056814106345e-13,34.84447083919135,4.999903504314259e-07,0.6854326853153634,1,14.7,1.8694448773829759e-06,1.642437020909315e-12,8.485237698927483e-07,False,False
betti,high,abs,40.0,0.4,50,6.324599999999999,0.024393631429644645,0.6699973099271066,1.0291604963756604e-07,0.8405588545206846,1.157901029475774e-11,31.476760121604016,2.446931491123228e-06,0.6105946693689781,1,16.299999999999997,2.3749857608669086e-07,2.4529566228074484e-11,3.4849100868983185e-06,False,False
betti,high,abs,45.0,0.4,50,6.708199999999998,0.02587315535470104,0.5966357332707936,4.813777428689921e-06,0.7891309246058276,1.4525470243112582e-09,28.54997347480105,9.647901758591268e-06,0.54555496610669,1,13.8,8.124887493070103e-06,2.140837928065721e-09,1.253149250766743e-05,False,False
betti,high,abs,50.0,0.4,50,7.0711,0.027272840527805754,0.6238943282422725,1.2943134624861761e-06,0.8313338831172359,3.09597474454346e-11,34.41806659920002,6.116439568945427e-07,0.6759570355377782,1,15.400000000000002,2.393064652310425e-06,5.916647098639386e-11,1.0175829694309923e-06,False,False
betti,high,abs,55.0,0.4,50,7.416200000000001,0.028603872088121086,0.5434442144408967,4.537063413842648e-05,0.7615977033493391,1.1509114003964373e-08,28.760664192413337,8.743127982146493e-06,0.5502369820536297,1,12.8,6.288329321719319e-05,1.560273472840651e-08,1.1436158963989084e-05,False,False
betti,high,abs,60.0,0.4,50,7.746,0.02987589239699387,0.6020640329913695,3.741839961911642e-06,0.7970446540307462,7.566619140134587e-10,32.14482111041554,1.7870455857068044e-06,0.6254404691203453,1,14.600000000000001,6.420500303649128e-06,1.1535993115287159e-09,2.617247865680832e-06,False,False
betti,high,abs,65.0,0.4,50,8.0623,0.031095843954593815,0.5998562076694032,4.147854848146383e-06,0.8401434051258574,1.2119418280177587e-11,33.50513734939757,9.412675099094492e-07,0.6556697188755016,1,13.3,7.091001854367897e-06,2.550013348544153e-11,1.471224847421492e-06,False,False
betti,high,abs,70.0,0.4,50,8.3666,0.032269512177729005,0.522183825660739,0.00010044856299919866,0.8306765572149424,3.313222623297875e-11,34.21644106170815,6.727752451665605e-07,0.6714764680379589,1,12.100000000000001,0.00013138841573734846,6.237443400135677e-11,1.1015510176142628e-06,False,False
betti,high,abs,75.0,0.4,50,8.6603,0.03340229678875367,0.538846810109997,5.412386483022838e-05,0.8341505759542692,2.3075290118694958e-11,34.25933021280699,6.592812875035835e-07,0.6724295602845997,1,14.700000000000003,7.391364800603876e-05,4.537002074077445e-11,1.0871127613091005e-06,False,False
betti,high,abs,80.0,0.4,50,8.9443,0.034497669037752685,0.5624244280546461,2.1296336795612074e-05,0.8156877678704428,1.4443455881973735e-10,35.03111036046901,4.5774939233874483e-07,0.6895802302326446,1,13.5,3.1437449555427346e-05,2.437824676993752e-10,7.972039978933197e-07,False,False
betti,high,abs,85.0,0.4,50,9.219499999999998,0.03555910017481087,0.5389090927177923,5.399559418709871e-05,0.8292767366365843,3.824346618636566e-11,31.889896897282718,2.0148240512391503e-06,0.6197754866062826,1,13.099999999999998,7.38469155794144e-05,7.084944930940252e-11,2.905095143647147e-06,False,False
betti,high,abs,90.0,0.4,50,9.486800000000002,0.036590061450013096,0.5317944102992354,7.059448602486167e-05,0.8048396161412472,3.868406624856217e-10,34.59364620938627,5.629383819266567e-07,0.6798588046530283,1,13.599999999999998,9.487409249005975e-05,6.097657900197088e-10,9.399150721576136e-07,False,False
betti,high,abs,95.0,0.4,50,9.7468,0.037592867030082605,0.629172617008522,9.890488536117817e-07,0.8787010363261848,9.094531012676107e-14,37.69027409798157,1.2981206882866489e-07,0.7486727577329239,1,13.699999999999996,1.8695435647539774e-06,3.4242566161088177e-13,3.176979579227851e-07,False,False
betti,high,abs,100.0,0.4,50,10.0,0.03856944538728875,0.6232030547437211,1.3402302329486365e-06,0.8504453565219715,3.75774813881985e-12,32.280723706459206,1.676292868448309e-06,0.6284605268102046,1,16.1,2.4632690052218022e-06,8.825014568440558e-12,2.4706059709301544e-06,False,False
betti,high,abs,0.0,0.5,50,0.0,0.0,0.9421135656572006,2.0150920946624646e-24,0.9257892849924044,1.2226962030737842e-17,43.84820920703783,6.898818693900156e-09,0.8855157601563963,0,33.0,1.1712722800225575e-22,2.1867451324204217e-16,1.9927010523901639e-07,True,True
betti,high,abs,5.0,0.5,50,2.2361,0.008603157194750924,0.9095275502541225,6.267008305801556e-20,0.9489015290725575,1.2489221502808404e-20,42.839014036949465,1.1175124120331074e-08,0.8630892008210992,0,28.6,1.0407710222134728e-18,8.934596921239858e-19,1.9927010523901639e-07,True,True
betti,high,abs,10.0,0.5,50,3.1622999999999997,0.012166613298582733,0.8037140529383576,2.1216786336530293e-12,0.9375984796760866,5.039799649817198e-19,41.93973420647149,1.7168401481634264e-08,0.8431052045882553,1,23.099999999999998,9.96546024897635e-12,1.9529223643041642e-17,1.9927010523901639e-07,True,False
betti,high,abs,15.0,0.5,50,3.873,0.014900956046362117,0.7647184164964657,1.0183710316013888e-10,0.9061983884098156,8.806903658660375e-16,36.9426568372362,1.8509708373635352e-07,0.7320590408274711,1,23.3,3.758274045195601e-10,6.300323386580115e-15,3.948171740247908e-07,True,False
betti,high,abs,20.0,0.5,50,4.472100000000001,0.01720592965012549,0.6958294930409172,2.0310199422345118e-08,0.9227792336099325,2.5341164325149903e-17,38.077029177718835,1.0802983070795793e-07,0.7572673150604186,1,21.2,5.320700130360834e-08,3.8011746487724857e-16,2.9036919814566725e-07,False,False
betti,high,abs,25.0,0.5,50,5.0,0.019236968817921654,0.729888535205126,1.8111144704222404e-09,0.8635893984362144,7.379443312728242e-13,33.56092159227982,9.168145232715042e-07,0.6569093687173293,1,23.1,5.6521357633982664e-09,2.0859824561815395e-12,1.4378372793296778e-06,True,False
betti,high,abs,30.0,0.5,50,5.477199999999999,0.0210729451219041,0.6016457857233466,3.815804225895929e-06,0.8557865105767802,1.977354768142405e-12,36.65016857720835,2.126367911753329e-07,0.725559301715741,1,20.499999999999996,6.535355304020652e-06,5.038191601020375e-12,4.394493684290213e-07,False,False
betti,high,abs,35.0,0.5,50,5.916100000000001,0.02276156624474126,0.6504952967669572,3.164290272632995e-07,0.87552186381134,1.444654530971138e-13,39.21818751506389,6.2796824213229e-08,0.782626389223642,1,20.8,6.642866712299516e-07,5.031942748326435e-13,2.3392116480171696e-07,False,False
betti,high,abs,40.0,0.5,50,6.324599999999999,0.024333226597165466,0.6565923362671557,2.2467895454831687e-07,0.8699439138662912,3.15864575084418e-13,35.33852016206826,3.957901241505507e-07,0.6964115591570723,1,20.700000000000003,4.859335528603133e-07,1.0164500167076428e-12,7.077783019769473e-07,False,False
betti,high,abs,45.0,0.5,50,6.708199999999998,0.025809086844876414,0.5524388794958802,3.1886196239802124e-05,0.8723223249372547,2.2729015332615837e-13,38.75227228962062,7.837414669399532e-08,0.7722727175471249,1,17.900000000000002,4.56920839799938e-05,7.63104124885658e-13,2.4966648855547627e-07,False,False
betti,high,abs,50.0,0.5,50,7.0711,0.027205306041681174,0.5898112405098461,6.564778662119162e-06,0.8741806723310963,1.749509592921711e-13,37.65869209284406,1.3177326476912905e-07,0.7479709353965347,1,16.800000000000004,1.0844128163003236e-05,5.959867844019016e-13,3.2165127620811027e-07,False,False
betti,high,abs,55.0,0.5,50,7.416200000000001,0.028533041629494122,0.5365713878806686,5.900614280192468e-05,0.8500448642197895,3.93912722655887e-12,34.75582493854529,5.213923878461914e-07,0.6834627764121175,1,21.599999999999998,7.987731121657926e-05,9.181424362656014e-12,8.768443412241557e-07,False,False
betti,high,abs,60.0,0.5,50,7.746,0.029801912092724234,0.5510598767100728,3.368003185231042e-05,0.7836170499441231,2.251482249594439e-09,31.55113893570912,2.3628410264876034e-06,0.6122475319046471,1,20.599999999999998,4.79669672628617e-05,3.2513641182031494e-09,3.3806802378976477e-06,False,False
betti,high,abs,65.0,0.5,50,8.0623,0.031018842740145956,0.5535000659693065,3.0566063124012065e-05,0.8209337387328104,8.762393069665533e-11,37.04896465376095,1.7599449076774242e-07,0.7344214367502433,1,18.400000000000002,4.3935763068518114e-05,1.5260347480878176e-10,3.84213324915494e-07,False,False
betti,high,abs,70.0,0.5,50,8.3666,0.03218960466240467,0.5802646000428935,1.0014437605370251e-05,0.8696859421089094,3.272157908803082e-13,36.8636464247907,1.921650654276821e-07,0.7303032538842378,1,22.099999999999998,1.586614475808234e-05,1.0457411873494384e-12,4.0661968938736136e-07,False,False
betti,high,abs,75.0,0.5,50,8.6603,0.03331958421076939,0.5381461156207604,5.558632043967375e-05,0.8635081003048565,7.457928236183337e-13,38.81817875535447,7.59561969810582e-08,0.7737373056745437,1,21.199999999999996,7.568854759721316e-05,2.09542998780982e-12,2.469904307426018e-07,False,False
betti,high,abs,80.0,0.5,50,8.9443,0.03441224403962734,0.542227216175094,4.75515290264422e-05,0.8765338012639987,1.248503768280417e-13,39.181594028413215,6.38995968208708e-08,0.7818132006314048,1,20.099999999999998,6.580791963480841e-05,4.398138274624196e-13,2.342268914382895e-07,False,False
betti,high,abs,85.0,0.5,50,9.219499999999998,0.03547104680336575,0.5474009244698809,3.8898792611623395e-05,0.837808949814503,1.5622974933929593e-11,36.22020017322682,2.6070323922459666e-07,0.7160044482939294,1,20.5,5.464634007373075e-05,3.193267404077917e-11,5.061670406657097e-07,False,False
betti,high,abs,90.0,0.5,50,9.486800000000002,0.036499455156371846,0.6103761975278412,2.521190859946622e-06,0.8435874075507899,8.270579534989436e-12,35.16538591169532,4.295780906182238e-07,0.692564131371007,1,24.1,4.4491603410822746e-06,1.788753248265157e-11,7.566432277934623e-07,False,False
betti,high,abs,95.0,0.5,50,9.7468,0.037499777534903765,0.5459819628731771,4.1115236638347374e-05,0.821401522295578,8.37390357338169e-11,38.16000577533928,1.038541372157573e-07,0.759111239451984,1,21.299999999999997,5.75860995085287e-05,1.463859083316724e-10,2.840716106195714e-07,False,False
betti,high,abs,100.0,0.5,50,10.0,0.03847393763584331,0.547107902840568,3.934729768977907e-05,0.8508550138055672,3.5803484292763583e-12,38.128073385659924,1.0544169407596166e-07,0.7584016307924427,1,20.799999999999997,5.5193042008287384e-05,8.429681111967121e-12,2.8672741371533437e-07,False,False
betti,high,abs,0.0,0.6,50,0.0,0.0,0.9539273377777217,9.618964196739008e-27,0.9611850830489531,7.4872388240129e-23,45.08235973994699,3.822242107097864e-09,0.9129413275543775,0,39.1,8.132397002697525e-25,6.963132106331997e-20,1.9927010523901639e-07,True,True
betti,high,abs,5.0,0.6,50,2.2361,0.00865947226469705,0.8474865847488067,8.41246091016563e-15,0.9390522461299387,3.2617822629866926e-19,41.358998412469305,2.2649407840341245e-08,0.8301999647215401,1,32.400000000000006,5.358622360584956e-14,1.5167287522888118e-17,1.9927010523901639e-07,True,False
betti,high,abs,10.0,0.6,50,3.1622999999999997,0.012246254256362188,0.7418637518077451,7.089430820639953e-10,0.8774835823235351,1.0874329240705839e-13,36.03278854498117,2.8490991085154463e-07,0.7118397454440261,1,28.599999999999998,2.3547038082839844e-09,3.9350685579207895e-13,5.385492217315783e-07,True,False
betti,high,abs,15.0,0.6,50,3.873,0.014998495631309726,0.7794058645135284,2.5983676577268233e-11,0.8948504609152027,6.9669382994412316e-15,37.14896897282711,1.6783951529731115e-07,0.7366437549517136,1,30.0,1.0415870352094594e-10,3.745232727445286e-14,3.7164464101547467e-07,True,False
betti,high,abs,20.0,0.6,50,4.472100000000001,0.01731855727156732,0.6584604960469157,2.019859172824992e-07,0.9025298780788445,1.7666369677938513e-15,38.822750252780565,7.579126588650633e-08,0.7738388945062348,1,24.299999999999997,4.4408251317428905e-07,1.1489317342994975e-14,2.469904307426018e-07,False,False
betti,high,abs,25.0,0.6,50,5.0,0.01936289133915534,0.6544092235534134,2.5421172632835694e-07,0.8673890355871255,4.4662317044341323e-13,36.97699379121142,1.821068003466893e-07,0.7328220842491426,1,25.500000000000004,5.434871390468321e-07,1.348569962702514e-12,3.911300792665613e-07,False,False
betti,high,abs,30.0,0.6,50,5.477199999999999,0.02121088568856432,0.6571470397424246,2.177036135336977e-07,0.9199295831136288,4.918986381077944e-17,41.711279461279446,1.9145833224922116e-08,0.8380284324728766,1,21.700000000000003,4.741554112092245e-07,6.353690742225677e-16,1.9927010523901639e-07,False,False
betti,high,abs,35.0,0.6,50,5.916100000000001,0.02291056029031538,0.6102733626863184,2.5337111280195268e-06,0.8578900748741429,1.5247129171300281e-12,36.51202830188679,2.2702840035881036e-07,0.7224895178197064,1,23.0,4.454350376291417e-06,4.028360832190131e-12,4.6200527862952655e-07,False,False
betti,high,abs,40.0,0.6,50,6.324599999999999,0.024492508512724376,0.573832844608453,1.3212046334862921e-05,0.834939146192493,2.1231663844215513e-11,36.30045222746078,2.509752293161831e-07,0.7177878272769063,1,23.9,2.054716236023832e-05,4.1922393577750374e-11,4.927164243156518e-07,False,False
betti,high,abs,45.0,0.6,50,6.708199999999998,0.025978029536264362,0.5599654112363653,2.3550386601824437e-05,0.8628990952920058,8.071293160405347e-13,38.233477591844576,1.0029133349881374e-07,0.760743946485435,1,24.400000000000002,3.4491117385349175e-05,2.2406873549782006e-12,2.804757100788152e-07,False,False
betti,high,abs,50.0,0.6,50,7.0711,0.027383388189660268,0.5640644427443495,1.9905381498628515e-05,0.8068928039028593,3.2256453258884845e-10,36.61902997642302,2.1579930402571306e-07,0.7248673328094005,2,23.6,2.9714293408867607e-05,5.145540571314392e-10,4.440118423537902e-07,False,False
betti,high,abs,55.0,0.6,50,7.416200000000001,0.028719814949888765,0.5698680787749879,1.562787891061897e-05,0.8324518879521335,2.75684250450105e-11,36.494381644138706,2.2893546088605968e-07,0.722097369869749,1,25.1,2.390448583367704e-05,5.3525334638538135e-11,4.648689489607762e-07,False,False
betti,high,abs,60.0,0.6,50,7.746,0.02999699126261945,0.5794090698843826,1.0393969794855983e-05,0.8721170677930835,2.338979796749097e-13,38.30388003658594,9.699179441206645e-08,0.7623084452574653,1,20.5,1.638371510036621e-05,7.796599322496991e-13,2.741713337483945e-07,False,False
betti,high,abs,65.0,0.6,50,8.0623,0.03122188776873442,0.5523192392390368,3.2038273571280586e-05,0.8608386231133561,1.0516517542543489e-12,37.55629180501418,1.3833766167224965e-07,0.7456953734447597,1,21.5,4.5839376032755294e-05,2.843128289117862e-12,3.3146966362023795e-07,False,False
betti,high,abs,70.0,0.6,50,8.3666,0.032400313335635415,0.6265980196658344,1.1284203487765185e-06,0.8700540631590915,3.1113147197517695e-13,37.41573650503198,1.478821309730345e-07,0.742571922334044,1,25.300000000000004,2.1044479680270297e-06,1.0046953782531754e-12,3.455537231279449e-07,False,False
betti,high,abs,75.0,0.6,50,8.6603,0.03353768957289739,0.533060935398988,6.733457801831858e-05,0.8598288095066269,1.1954471783814508e-12,39.92706940503101,4.4813777250315195e-08,0.7983793201118002,1,22.299999999999997,9.075530080729896e-05,3.2131961731062115e-12,2.1358185226779228e-07,False,False
betti,high,abs,80.0,0.6,50,8.9443,0.034637501800961416,0.5646500325176468,1.9429357697153123e-05,0.865733851557875,5.568718883080458e-13,38.22429245283019,1.0072998620034867e-07,0.7605398322851153,1,23.5,2.9050325817286824e-05,1.6337250981907968e-12,2.804757100788152e-07,False,False
betti,high,abs,85.0,0.6,50,9.219499999999998,0.03570323534026853,0.5217943658850297,0.00010187187173953424,0.8135285459024283,1.7661493785375885e-10,36.54848484848483,2.2313858321605036e-07,0.723299663299663,1,23.9,0.00013306297853618937,2.9435822975626475e-10,4.560854558042348e-07,False,False
betti,high,abs,90.0,0.6,50,9.486800000000002,0.036738375511259774,0.5256670650038652,8.850346050608712e-05,0.8393143744746062,1.3269240881306546e-11,40.79672982591131,2.9613058724383484e-08,0.8177051072424735,2,24.0,0.00011674924577398727,2.754552236521225e-11,2.0041006899092496e-07,False,False
betti,high,abs,95.0,0.6,50,9.7468,0.03774524586089585,0.5408292461590679,5.017520583406846e-05,0.8308258641504566,3.262658010434632e-11,39.25442611915178,6.172345494765629e-08,0.7834316915367062,1,21.799999999999997,6.90280198604788e-05,6.167219409967902e-11,2.3266375283545983e-07,False,False
betti,high,abs,100.0,0.6,50,10.0,0.03872578267831068,0.5167163342146465,0.00012219462314837123,0.8286922586572643,4.058885400807972e-11,38.30992597577388,9.671353960476727e-08,0.7624427994616417,1,23.299999999999997,0.0001584951178911928,7.460006764330859e-11,2.741713337483945e-07,False,False
betti,high,abs,0.0,0.7,50,0.0,0.0,0.9616628192609741,1.2740896954486448e-28,0.9507260205693637,6.359939100907396e-21,45.45133365430909,3.2032197006142456e-09,0.9211407478735353,0,45.199999999999996,1.6927191668103422e-26,5.377039421676253e-19,1.9927010523901639e-07,True,True
betti,high,abs,5.0,0.7,50,2.2361,0.008624497516051533,0.8455451488076691,1.1136552898591119e-14,0.9007962087525101,2.43157764036553e-15,37.376820937169214,1.5063889213014622e-07,0.7417071319370936,1,38.4,6.878982707775533e-14,1.5187494790487678e-14,3.465936504383567e-07,True,False
betti,high,abs,10.0,0.7,50,3.1622999999999997,0.012196792851397418,0.7466527797496597,4.802128502227855e-10,0.9160951563537405,1.1563036093792806e-16,39.729952830188665,4.922302026014903e-08,0.7939989517819703,1,32.199999999999996,1.6358899293303683e-09,1.280193281812775e-15,2.2105536626308446e-07,True,False
betti,high,abs,15.0,0.7,50,3.873,0.01493791819671195,0.7346845508991391,1.251479907288981e-09,0.888742819160755,1.9279130875427465e-14,38.10718237359888,1.064933880752846e-07,0.7579373860799752,1,29.7,4.013366599237077e-09,9.055349350579567e-14,2.879036363663217e-07,True,False
betti,high,abs,20.0,0.7,50,4.472100000000001,0.017248609338372193,0.6744248771943309,7.882384812065132e-08,0.8684715112641805,3.859967217448878e-13,37.199023240148165,1.639003900341814e-07,0.7377560720032925,1,30.0,1.860562912492531e-07,1.196589837409152e-12,3.6729484995611736e-07,False,False
betti,high,abs,25.0,0.7,50,5.0,0.019284686543650852,0.5668165082138554,1.775797561265919e-05,0.8627369114553527,8.24245421869718e-13,37.581824301581904,1.366709943094849e-07,0.7462627622573756,1,24.6,2.6897259478457736e-05,2.281393578389398e-12,3.2992047480860127e-07,False,False
betti,high,abs,30.0,0.7,50,5.477199999999999,0.02112521702737689,0.5487252874849652,3.692967442924231e-05,0.8139495576219334,1.6985674387154503e-10,35.80616689150128,3.17192055975115e-07,0.7068037087000284,2,24.699999999999996,5.211623250257261e-05,2.846248140550214e-10,5.88799624863986e-07,False,False
betti,high,abs,35.0,0.7,50,5.916100000000001,0.02281802681217856,0.5656039561480442,1.8676329740268136e-05,0.8246987474821662,6.05999144499596e-11,36.081196457791854,2.784507090652826e-07,0.712915476839819,2,25.199999999999996,2.810515640525787e-05,1.0755328327950843e-10,5.306540152268705e-07,False,False
betti,high,abs,40.0,0.7,50,6.324599999999999,0.024393585702794835,0.5240573872749187,9.385203985256097e-05,0.844001757780249,7.894109778342557e-12,38.39051670271569,9.307962664995732e-08,0.7642337045047932,1,24.5,0.0001232802218402284,1.7153089004342472e-11,2.6800016341938176e-07,False,False
betti,high,abs,45.0,0.7,50,6.708199999999998,0.025873106854423726,0.56289390262068,2.088928009842521e-05,0.8781642736666825,9.842488636102071e-14,39.495220464490025,5.504145756602035e-08,0.7887826769886672,1,25.099999999999994,3.1033595034401674e-05,3.632346996656716e-13,2.2451120849297776e-07,False,False
betti,high,abs,50.0,0.7,50,7.0711,0.02727278940376191,0.49774042143050595,0.0002352244528957313,0.8055442397970766,3.6354179035998e-10,37.552919392073846,1.3855931028439626e-07,0.7456204309349743,1,21.300000000000004,0.0002932422804196114,5.779382308286861e-10,3.3146966362023795e-07,False,False
betti,high,abs,55.0,0.7,50,7.416200000000001,0.028603818469004685,0.4952051453368345,0.000255998925886228,0.8134520684831381,1.7786925849656107e-10,39.159949997596016,6.456092513605338e-08,0.7813322221688004,2,24.39999999999999,0.0003178624847452497,2.959184443681606e-10,2.342268914382895e-07,False,False
betti,high,abs,60.0,0.7,50,7.746,0.0298758363934239,0.4864147880441983,0.0003415751295889725,0.8334992633350591,2.4710079211009145e-11,41.837555299096,1.8026301462606143e-08,0.8408345622021334,2,25.900000000000006,0.000419636552863599,4.8278095937475854e-11,1.9927010523901639e-07,False,False
betti,high,abs,65.0,0.7,50,8.0623,0.031095785664175257,0.5062717928394538,0.00017606311812365638,0.8456061968407129,6.5826853564445874e-12,38.32264150943396,9.613092235598899e-08,0.7627253668763102,2,22.1,0.00022368674843579293,1.4610733607382973e-11,2.741713337483945e-07,False,False
betti,high,abs,70.0,0.7,50,8.3666,0.032269451687221846,0.40855919501184,0.0032231813254825067,0.7886516300750442,1.5097240432436236e-09,35.64611498676929,3.421642634778657e-07,0.7032469997059843,2,18.700000000000003,0.003589890578082313,2.218077978225229e-09,6.227255675820256e-07,False,False
betti,high,abs,75.0,0.7,50,8.6603,0.033402234174795896,0.5099755108246453,0.0001548846961569144,0.8323737197855727,2.7793724760614826e-11,40.56862556506684,3.3013724425988266e-08,0.812636123668152,2,28.200000000000003,0.00019811438481580766,5.385034172369123e-11,2.0041006899092496e-07,False,False
betti,high,abs,80.0,0.7,50,8.9443,0.03449760437047526,0.5099387271128111,0.0001550830883289333,0.8393932240566745,1.3155630329131675e-11,40.51965668125207,3.379310524724889e-08,0.811547926250046,2,24.5,0.00019811438481580766,2.7493789227174063e-11,2.0041006899092496e-07,False,False
betti,high,abs,85.0,0.7,50,9.219499999999998,0.03555903351783781,0.5063725490196078,0.0001754537425195452,0.7888426505157585,1.4866891516004232e-09,35.68772106881964,3.3549010486679857e-07,0.7041715793071032,2,26.999999999999993,0.00022321748364319705,2.1876913148550532e-09,6.166122480753413e-07,False,False
betti,high,abs,90.0,0.7,50,9.486800000000002,0.03658999286046138,0.49956982889311585,0.00022119824967747185,0.8065515027368383,3.325059516490107e-10,42.07998365620344,1.6056802994439417e-08,0.8462218590267431,2,24.300000000000004,0.0002764978120968398,5.295043408109245e-10,1.9927010523901639e-07,False,False
betti,high,abs,95.0,0.7,50,9.7468,0.03759279656073122,0.5034676676626206,0.0001938149246132093,0.8520338402575889,3.112710412479988e-12,40.35192982456142,3.660437367673673e-08,0.8078206627680314,1,24.60000000000001,0.00024423831963453203,7.519014762613996e-12,2.0041006899092496e-07,False,False
betti,high,abs,100.0,0.7,50,10.0,0.038569373087301705,0.46336892611065256,0.0007019907961213032,0.7870523070831636,1.7160820468891255e-09,37.55158684362374,1.3864698833147588e-07,0.7455908187471942,2,24.099999999999994,0.0008380634664862798,2.497584199697788e-09,3.3146966362023795e-07,False,False
betti,high,abs,0.0,0.8,50,0.0,0.0,0.9674108289529099,2.7548280227740315e-30,0.951918704549614,4.0345364654441756e-21,45.917216981132036,2.5625043488812377e-09,0.9314937106918231,0,55.2,8.539966870599499e-28,4.994249871256548e-19,1.9927010523901639e-07,True,True
betti,high,abs,5.0,0.8,50,2.2361,0.008604741578661663,0.8944400956419404,2.1324424151108313e-18,0.9418710775687739,1.3597819853076163e-19,42.24350021641895,1.4851145808257228e-08,0.8498555603648655,1,44.900000000000006,2.5103436025988267e-17,6.655774980716227e-18,1.9927010523901639e-07,True,False
betti,high,abs,10.0,0.8,50,3.1622999999999997,0.012168853939538381,0.7527389589254245,2.89032812072198e-10,0.906486219785166,8.328759899679527e-16,38.642393450517666,8.257720109456533e-08,0.7698309655670592,1,40.300000000000004,1.0220551909777345e-09,6.051364614610906e-15,2.5540715153563825e-07,True,False
betti,high,abs,15.0,0.8,50,3.873,0.014903700252294897,0.6694877565320067,1.060933026649869e-07,0.8401651904164616,1.2090502686932469e-11,35.201024777483745,4.223957100995188e-07,0.6933561061663055,1,35.800000000000004,2.4183032225107305e-07,2.549697845543582e-11,7.482438293191475e-07,False,False
betti,high,abs,20.0,0.8,50,4.472100000000001,0.017209098347092177,0.6204410344417497,1.5392466703325976e-06,0.8530833202024252,2.745233287795721e-12,36.71829203752702,2.0587821166672685e-07,0.7270731563894893,1,32.5,2.806861575312384e-06,6.7363244265172046e-12,4.292976162557309e-07,False,False
betti,high,abs,25.0,0.8,50,5.0,0.019240511557313315,0.6505003849855773,3.163396235412763e-07,0.8889098289938858,1.876482690498095e-14,38.52287735849053,8.740449091621415e-08,0.7671750524109007,1,34.00000000000001,6.642866712299516e-07,8.903718888587899e-14,2.5574279870171346e-07,False,False
betti,high,abs,30.0,0.8,50,5.477199999999999,0.0210768259803433,0.5152951450755786,0.00012851043781005397,0.8460192062656723,6.279840601200887e-12,37.80915384615385,1.2268727220052901e-07,0.75131452991453,1,29.4,0.00016622351483080696,1.4072895805100783e-11,3.1089690230651766e-07,False,False
betti,high,abs,35.0,0.8,50,5.916100000000001,0.022765758084844264,0.5556058103258751,2.8094108512489185e-05,0.8359481844377665,1.9073646613539515e-11,38.8061994998076,7.639008611611524e-08,0.7734710999957244,2,29.200000000000003,4.050778436684487e-05,3.822950722110291e-11,2.4753581912190655e-07,False,False
betti,high,abs,40.0,0.8,50,6.324599999999999,0.024337707879076763,0.5039578990819611,0.00019059861884200644,0.8160156058301775,1.4005818585957617e-10,38.71294400384521,7.985342213943421e-08,0.7713987556410047,2,27.599999999999994,0.00024051114724975032,2.372570361555662e-10,2.5143374038810354e-07,False,False
betti,high,abs,45.0,0.8,50,6.708199999999998,0.02581383992575384,0.5458900168645593,4.126278333124797e-05,0.860959996201462,1.0355066875006577e-12,38.14833293240315,1.044316832411557e-07,0.7588518429422922,1,31.0,5.770584736550468e-05,2.8158515186421396e-12,2.848136815667883e-07,False,False
betti,high,abs,50.0,0.8,50,7.0711,0.027210316254583637,0.5084922008701375,0.0001630708990017753,0.8136050448960528,1.753685471033948e-10,38.731324837701365,7.915861987735572e-08,0.7718072186155859,2,31.299999999999997,0.00020774785763239868,2.933322820254625e-10,2.508956262997686e-07,False,False
betti,high,abs,55.0,0.8,50,7.416200000000001,0.028538296362269403,0.47368845535310233,0.000511628298325408,0.8052561704203203,3.7290375871266623e-10,37.7014987229531,1.2912206962641667e-07,0.7489221938434022,2,30.300000000000004,0.0006163397894334578,5.897967612292171e-10,3.1768128241419976e-07,False,False
betti,high,abs,60.0,0.8,50,7.746,0.029807400504589795,0.5093504446947058,0.00015828759528462263,0.8586577515030136,1.385281084251381e-12,38.33257870704159,9.56780442896133e-08,0.7629461934898132,1,28.0,0.00020193067711207004,3.70204427687869e-12,2.737864036595088e-07,False,False
betti,high,abs,65.0,0.8,50,8.0623,0.031024555265705432,0.5010044702282561,0.00021073524596974978,0.8693182879212226,3.4405733788936153e-13,40.47645871383255,3.4495859740655083e-08,0.8105879714185011,1,25.900000000000006,0.0002644855313790382,1.0846553363969703e-12,2.0041006899092496e-07,False,False
betti,high,abs,70.0,0.8,50,8.3666,0.032195532799083514,0.44530139029921606,0.0011932881578671799,0.7835802007258879,2.2579900164358947e-09,38.57845495213814,8.512565337082781e-08,0.7684101100475141,2,27.999999999999993,0.001382014927542313,3.2557065353261735e-09,2.5540715153563825e-07,False,False
betti,high,abs,75.0,0.8,50,8.6603,0.0333257204479601,0.48392819648262936,0.00037009116855419883,0.8510245389396768,3.509261771418518e-12,40.31880859656714,3.7186507467557355e-08,0.8070846354792697,1,25.4,0.0004534713922996112,8.325544508722505e-12,2.0088023772894567e-07,False,False
betti,high,abs,80.0,0.8,50,8.9443,0.0344185815044155,0.45404159741006067,0.0009265186368653414,0.792121978487156,1.1389680105332621e-09,38.83009087849207,7.552717673543824e-08,0.7740020195220461,2,32.7,0.0010948695454698443,1.7084520157998932e-09,2.469904307426018e-07,False,False
betti,high,abs,85.0,0.8,50,9.219499999999998,0.03547757926053002,0.45151398843613794,0.0009975458586271404,0.781199953775152,2.7175731015968704e-09,36.19343876177655,2.640300747578628e-07,0.7154097502617011,1,33.099999999999994,0.001171360667327324,3.8882199761309065e-09,5.094356214207726e-07,False,False
betti,high,abs,90.0,0.8,50,9.486800000000002,0.036506177008383996,0.41387469337817856,0.0028104219366372122,0.7998783748493312,5.949117416526975e-10,38.77888231616406,7.738878360483821e-08,0.7728640514703125,2,28.799999999999997,0.0031490269892441056,9.114792746902944e-10,2.490365700778531e-07,False,False
betti,high,abs,95.0,0.8,50,9.7468,0.03750668360936429,0.45643836090963474,0.0008633932779298941,0.8092696335869469,2.606663161161348e-10,37.98760215363905,1.1271776499739466e-07,0.7552800478586457,1,29.0,0.0010215721990773556,4.18686828994828e-10,2.9322320997756244e-07,False,False
betti,high,abs,100.0,0.8,50,10.0,0.03848102311462663,0.43771354543182694,0.001478508084934201,0.7646152963844391,9.299762238695804e-09,37.367473932055134,1.5130862589029337e-07,0.7414994207123363,2,31.10000000000001,0.0016954531676804032,1.2718792473510439e-08,3.465936504383567e-07,False,False
betti,high,abs,0.0,0.9,50,0.0,0.0,0.9701906348899315,3.344442016642677e-31,0.9511728113363401,5.370161151888762e-21,46.180883344571804,2.2583609693597784e-09,0.9373529632127068,0,60.400000000000006,2.794430733854105e-28,4.994249871256548e-19,1.9927010523901639e-07,True,True
betti,high,abs,5.0,0.9,50,2.2361,0.008638840059632764,0.8270800374377594,1.3429142295709407e-13,0.938787786444958,3.533232335128097e-19,40.64889433708296,3.177477821985012e-08,0.814419874157399,1,46.900000000000006,7.43398948512485e-13,1.5647171769853004e-17,2.0041006899092496e-07,True,False
betti,high,abs,10.0,0.9,50,3.1622999999999997,0.012217076123865968,0.711952915161348,6.752189285373427e-09,0.9080412328418499,6.141022908918941e-16,40.02251767081787,4.2822575591257485e-08,0.8005003926848415,1,40.9,1.932164933968396e-08,4.922083249353638e-15,2.1358185226779228e-07,True,False
betti,high,abs,15.0,0.9,50,3.873,0.014962759961968471,0.6481949906015522,3.593553291964442e-07,0.8967911800013676,4.976046777398178e-15,39.94873545533222,4.435383681045503e-08,0.7988607878962716,1,35.699999999999996,7.443217286251517e-07,2.8217826237684793e-14,2.1358185226779228e-07,False,False
betti,high,abs,20.0,0.9,50,4.472100000000001,0.017277293784125795,0.568437834958288,1.6595026303012793e-05,0.8447953656262746,7.2175111109129185e-12,39.4991484653132,5.493866229215682e-08,0.7888699658958488,2,31.5,2.530061387180639e-05,1.5830861634785412e-11,2.2451120849297776e-07,False,False
betti,high,abs,25.0,0.9,50,5.0,0.01931675698679121,0.59870207278424,4.376004349191889e-06,0.8616056338428693,9.53465311735214e-13,36.30679457587996,2.5022203231500143e-07,0.7179287683528881,1,34.89999999999999,7.440007394421311e-06,2.6234400589164173e-12,4.927164243156518e-07,False,False
betti,high,abs,30.0,0.9,50,5.477199999999999,0.02116034827361056,0.43977986154315046,0.0013953638607315474,0.8182613577525992,1.1325487937078964e-10,38.165160328830325,1.0360011639658187e-07,0.7592257850851183,2,23.700000000000003,0.0016040647595554254,1.939724453311867e-10,2.840716106195714e-07,False,False
betti,high,abs,35.0,0.9,50,5.916100000000001,0.0228559732019111,0.4659214441616703,0.0006497572108633606,0.8271035156791076,4.76633728396404e-11,40.31544715447153,3.724610142055121e-08,0.8070099367660339,2,28.200000000000003,0.0007777016809561459,8.607172182692345e-11,2.0088023772894567e-07,False,False
betti,high,abs,40.0,0.9,50,6.324599999999999,0.024434152247731936,0.44422440354387766,0.0012305142529186947,0.8034922601483884,4.35327858386467e-10,38.03755168766226,1.1007485325132466e-07,0.7563900375036058,2,26.799999999999997,0.0014233560388238634,6.781489251246471e-10,2.9162263016489807e-07,False,False
betti,high,abs,45.0,0.9,50,6.708199999999998,0.025916133843758554,0.40397981674494,0.003620737369487429,0.8034545224474,4.3676437406227006e-10,39.33591481588308,5.937617066683999e-08,0.7852425514640684,2,25.5,0.004008673516218225,6.788019581262515e-10,2.2912796149444477e-07,False,False
betti,high,abs,50.0,0.9,50,7.0711,0.027318144065859862,0.4779450756149697,0.0004477352907709194,0.8474130769695137,5.351481124081498e-12,39.70286058271128,4.986194520085154e-08,0.7933969018380285,1,28.500000000000007,0.0005435950658184792,1.2079799624747072e-11,2.2105536626308446e-07,False,False
betti,high,abs,55.0,0.9,50,7.416200000000001,0.028651386633088194,0.4255004206442952,0.0020665074503824123,0.8500153343186208,3.952821195237905e-12,42.33470947277356,1.4218327477062964e-08,0.8518824327283013,2,31.900000000000006,0.0023465835517162926,9.19030927892813e-12,1.9927010523901639e-07,False,False
betti,high,abs,60.0,0.9,50,7.746,0.029925519923936942,0.42114927655024104,0.002321471402867068,0.8133373927839029,1.7976570497535709e-10,40.83129176481895,2.9129217999879605e-08,0.81847315032931,2,26.19999999999999,0.0026137632017752704,2.9853947433407517e-10,2.0041006899092496e-07,False,False
betti,high,abs,65.0,0.9,50,8.0623,0.031147497970921346,0.38594200198620376,0.005637767028697805,0.7715438872391603,5.632015170780264e-09,39.537256505218565,5.39512669599233e-08,0.7897168112270793,2,26.299999999999997,0.0061539006299166175,7.817573296754695e-09,2.2407674479362368e-07,False,False
betti,high,abs,70.0,0.9,50,8.3666,0.03232311580113746,0.37414549496077343,0.007435650215645021,0.7399402142993223,4.8749041942268784e-08,36.2947340579013,2.5165623822573616e-07,0.7176607568422512,2,24.900000000000006,0.00805023830098937,6.244711984340217e-08,4.927164243156518e-07,False,False
betti,high,abs,75.0,0.9,50,8.6603,0.03345778210654158,0.47455541889921987,0.0004979845441790596,0.8034922601483884,4.35327858386467e-10,41.32049125168234,2.3069209185366275e-08,0.8293442500373853,2,30.5,0.0006006817458969201,6.781489251246471e-10,1.9927010523901639e-07,False,False
betti,high,abs,80.0,0.9,50,8.9443,0.03455497390339132,0.4122350910618104,0.0029324498264271318,0.7558224696539543,1.7159171158858756e-08,36.73822681403169,2.03941285216792e-07,0.7275161514229265,2,31.200000000000003,0.0032778585800207123,2.2862505985298918e-08,4.262143713519473e-07,False,False
betti,high,abs,85.0,0.9,50,9.219499999999998,0.035618168207944306,0.3333173150083603,0.0180116973866045,0.720972204924853,1.544346323117947e-07,36.74175876982218,2.0360000876938027e-07,0.7275946393293817,2,27.299999999999997,0.01884238309284835,1.9201097332883563e-07,4.262143713519473e-07,False,False
betti,high,abs,90.0,0.9,50,9.486800000000002,0.03665084203645817,0.4181774507448704,0.0025112733195245688,0.7706470164123657,6.0156367754195406e-09,36.14397711978464,2.702906788156463e-07,0.7143106026618808,2,28.30000000000001,0.002824043757143711,8.312841309272174e-09,5.182893428836104e-07,False,False
betti,high,abs,95.0,0.9,50,9.7468,0.03765531339977131,0.39078958222010624,0.005017067656712331,0.7795178343986211,3.0934605951379903e-09,39.561662739818246,5.3328210033768166e-08,0.7902591719959611,2,33.3,0.005502208632951024,4.412451462390079e-09,2.2407674479362368e-07,False,False
betti,high,abs,100.0,0.9,50,10.0,0.03863351397358242,0.3657302182083066,0.009004975944658596,0.8181075781312912,1.1492488363876023e-10,41.32765947219147,2.299047818486241e-08,0.8295035438264772,2,30.5,0.009659316757246246,1.9647084886773347e-10,1.9927010523901639e-07,False,False
betti,high,abs,0.0,1.0,50,0.0,0.0,0.9694431177743776,6.009528459901301e-31,0.9516504702782248,4.473847025802647e-21,46.12930245992393,2.3148817742623616e-09,0.9362067213316428,0,67.0,2.794430733854105e-28,4.994249871256548e-19,1.9927010523901639e-07,True,True
betti,high,abs,5.0,1.0,50,2.2361,0.008640407025474134,0.7946142451982142,5.6358497009561266e-12,0.921911633536939,3.109422886029349e-17,39.41008083918774,5.7317305080671e-08,0.7868906853152832,1,48.6,2.4840474985256864e-11,4.448866590780454e-16,2.274492949249529e-07,True,False
betti,high,abs,10.0,1.0,50,3.1622999999999997,0.012219292132130428,0.6879931218123041,3.3815248800503695e-08,0.8938406613147271,8.278844691154803e-15,37.30650218823639,1.557508348024448e-07,0.7401444930719197,1,38.0,8.568986753261154e-08,4.2774030904299816e-14,3.5157348632590695e-07,False,False
betti,high,abs,15.0,1.0,50,3.873,0.01496547399922245,0.5745926519721718,1.2790440106937486e-05,0.8053550694119688,3.696645221395146e-10,35.07379578886641,4.4859979676426526e-07,0.6905287953081425,1,37.1,1.9958237079617217e-05,5.856695154850913e-10,7.856832598696172e-07,False,False
betti,high,abs,20.0,1.0,50,4.472100000000001,0.017280427645732694,0.5863872440631703,7.650152988151332e-06,0.7909294120441643,1.2555299922787677e-09,35.60792307692304,3.4840718452628977e-07,0.7023982905982898,2,37.7,1.2438185802413877e-05,1.8652442377304376e-09,6.32848987518456e-07,False,False
betti,high,abs,25.0,1.0,50,5.0,0.019320260778753484,0.4693884220580273,0.0005844155306055151,0.7736278174936575,4.826914797642423e-09,38.938072555812155,7.174677298964604e-08,0.7764016123513813,2,31.5,0.0007022047073167041,6.7707854627563395e-09,2.442608790805756e-07,False,False
betti,high,abs,30.0,1.0,50,5.477199999999999,0.021164186467477718,0.4402489758057096,0.0013770793026405697,0.805392892827249,3.6843266228224e-10,39.896500504734895,4.547081571405346e-08,0.797700011216331,2,28.699999999999996,0.0015850046428907548,5.847139520861488e-10,2.1358185226779228e-07,False,False
betti,high,abs,35.0,1.0,50,5.916100000000001,0.022860118958636697,0.45201509542635215,0.000983088528838959,0.76960533475866,6.491718786938683e-09,37.88684805076187,1.1824293482132828e-07,0.7530410677947083,2,29.299999999999997,0.0011558436559042122,8.95741613034566e-09,3.0210420160394315e-07,False,False
betti,high,abs,40.0,1.0,50,6.324599999999999,0.024438584264260856,0.4672579242633696,0.0006238277434530806,0.8364068189048326,1.8162339124459496e-11,39.82501562575121,4.704504109492177e-08,0.796111458350027,2,31.299999999999997,0.0007476286100661921,3.6719511708146375e-11,2.1875944109138624e-07,False,False
betti,high,abs,45.0,1.0,50,6.708199999999998,0.025920834671206826,0.37309301036759623,0.0076179268186863,0.7463076481474777,3.237015528754235e-08,37.846269589462516,1.205437371774987e-07,0.7521393242102781,2,29.0,0.008227345588851203,4.186960280586146e-08,3.062996600411852e-07,False,False
betti,high,abs,50.0,1.0,50,7.0711,0.027323099198528756,0.3858584958843771,0.00564902208609766,0.7549598063440717,1.819692845491584e-08,37.062610576923056,1.7485885859354114e-07,0.734724679487179,2,28.200000000000003,0.006158957256823944,2.4210505669630518e-08,3.8263232586351356e-07,False,False
betti,high,abs,55.0,1.0,50,7.416200000000001,0.028656583597478316,0.3908835694703698,0.005005649497064371,0.8480370411839266,4.979092642445409e-12,41.299124452783,2.3305487417152932e-08,0.8288694322840666,1,28.200000000000003,0.005496167688630301,1.1321653196758509e-11,1.9927010523901639e-07,False,False
betti,high,abs,60.0,1.0,50,7.746,0.0299309479984449,0.3240974953007761,0.021669434984247168,0.7105462428053637,2.7994617057742855e-07,36.9837147802673,1.8152715474592356e-07,0.7329714395614956,2,28.200000000000003,0.022491712651060116,3.4529169580505113e-07,3.907876248002521e-07,False,False
betti,high,abs,65.0,1.0,50,8.0623,0.031153147695308848,0.3867925898595985,0.005524234765041996,0.7549243547319116,1.824079956242909e-08,38.509218937755314,8.797377544957433e-08,0.766871531950118,2,31.599999999999994,0.006044162742928302,2.4234205132941503e-08,2.5574279870171346e-07,False,False
betti,high,abs,70.0,1.0,50,8.3666,0.03232897876630378,0.40706820910966984,0.0033481701445203754,0.759983975933704,1.2882300990689221e-08,39.369957184778926,5.842214478806915e-08,0.7859990485506428,2,28.599999999999994,0.003715749683059605,1.7312918961475398e-08,2.274492949249529e-07,False,False
betti,high,abs,75.0,1.0,50,8.6603,0.03346385088444776,0.35054916499816335,0.012566681071972228,0.7510479780709004,2.3678056983582566e-08,40.54908417864523,3.332256844246834e-08,0.8122018706365607,2,29.900000000000006,0.013326127020449455,3.105866430850746e-08,2.0041006899092496e-07,False,False
betti,high,abs,80.0,1.0,50,8.9443,0.03456124169668096,0.33439408743589905,0.01762085422559678,0.7500084506566161,2.5373604339052888e-08,39.73433984036924,4.912033105276077e-08,0.7940964408970942,2,30.700000000000003,0.018454273006537167,3.314248881365054e-08,2.2105536626308446e-07,False,False
betti,high,abs,85.0,1.0,50,9.219499999999998,0.035624628849943545,0.38534967956495486,0.005718025965505569,0.7627129237391328,1.064114879590633e-08,40.37824247668492,3.614839319844226e-08,0.8084053883707759,2,28.900000000000006,0.0062268901029510285,1.448941197685635e-08,2.0041006899092496e-07,False,False
betti,high,abs,90.0,1.0,50,9.486800000000002,0.03665748999117571,0.34119286817892985,0.015315536783947778,0.7287930351357407,9.71161235417784e-08,37.7869460732481,1.2398796322702864e-07,0.7508210238499579,2,27.200000000000003,0.016167365731068598,1.222165018861352e-07,3.124899886209665e-07,False,False
betti,high,abs,95.0,1.0,50,9.7468,0.0376621435516709,0.30547291056853976,0.030986721052672164,0.7045645432761748,3.893100358601075e-07,38.595186805789275,8.445127674471223e-08,0.7687819290175395,2,25.60000000000001,0.03198407389454507,4.74519440825557e-07,2.5540715153563825e-07,False,False
betti,high,abs,100.0,1.0,50,10.0,0.03864052155750697,0.3622026850377079,0.00974349831224641,0.7635028079446672,1.006369798177657e-08,39.53076294801575,5.411825777314792e-08,0.7895725099559056,2,29.69999999999999,0.01043946247740687,1.3723224520604416e-08,2.2407674479362368e-07,False,False
betti,low,abs,0.0,0.1,50,0.0,0.0,0.4681435216380524,0.0006071632347056098,0.27446080891847546,0.08654974690089516,12.613082470993989,0.01332955899603154,0.19140183268875532,1,0.9,0.0007285958816467318,0.08874450343752205,0.014265235749492903,False,False
betti,low,abs,5.0,0.1,50,2.2361,0.13612211402106486,0.3541586198266554,0.011625545926722493,0.3746820489397792,0.01721640289492373,8.236078694619385,0.08330323278847553,0.094135082102653,0,1.2,0.012427307714772321,0.01823605318027229,0.08579402712434357,False,True
betti,low,abs,10.0,0.1,50,3.1622999999999997,0.19250434290452728,0.3534562186240376,0.011803792151981147,0.3733548557495836,0.01764681939887275,11.1487856816914,0.024941788962644203,0.15886190403758668,2,1.2999999999999998,0.01260336016227608,0.0186706962923227,0.026388923475835165,False,False
betti,low,abs,15.0,0.1,50,3.873,0.235768054918646,0.3781339056332753,0.006778836433408033,0.3515974358915007,0.026097791649376346,9.769763708423216,0.04448980623371927,0.1282169712982937,2,1.2999999999999998,0.007347689840407309,0.027332146659819822,0.04664658376252415,False,False
betti,low,abs,20.0,0.1,50,4.472100000000001,0.27223814056330403,0.39292142357214277,0.004763609415101157,0.3872616065313866,0.013557678622081307,10.981407437025172,0.02677376570569745,0.15514238748944828,2,1.1999999999999997,0.005242789060407191,0.014459450824008733,0.02826288547820503,False,False
betti,low,abs,25.0,0.1,50,5.0,0.30437394128407685,0.5770975289499136,1.1486905645617886e-05,0.5264870843711974,0.000483505606741925,19.62533125878334,0.0005920334395638653,0.3472295835285187,1,2.1999999999999997,1.8014877319434457e-05,0.0005359478120023722,0.0006609737080364882,False,False
betti,low,abs,30.0,0.1,50,5.477199999999999,0.3334233902402291,0.24750618773204094,0.08310574034958408,0.2818468605674648,0.07807827880695672,4.058627931396549,0.3981295652786651,0.0013028429199233057,1,1.0,0.08437591542042926,0.08023513733753564,0.40071482219605903,False,False
betti,low,abs,35.0,0.1,50,5.916100000000001,0.3601413348061454,0.2327155258631854,0.10387688406406109,0.4502027761826216,0.003557856098399822,11.119086692829123,0.02525774701838996,0.15820192650731385,2,0.3999999999999999,0.10523475182960437,0.003842980454717578,0.02669284628079848,False,False
betti,low,abs,40.0,0.1,50,6.324599999999999,0.38500868580905456,0.4009274263700105,0.003909134760874342,0.37870124656032156,0.015966477007271395,9.4721217740689,0.05032324562847343,0.12160270609041998,1,1.1,0.0043125685974058576,0.0169895007056778,0.05258496453312392,False,False
betti,low,abs,45.0,0.1,50,6.708199999999998,0.4083602545843688,0.23075079307682198,0.10691264854739266,0.16271753924728735,0.31576975093125575,5.386085219707045,0.2499256173366362,0.030801893771267668,1,0.8999999999999999,0.10819234292608833,0.31850961861829485,0.2529171100359866,False,False
betti,low,abs,50.0,0.1,50,7.0711,0.43045171524276715,0.2950463415661765,0.03751826068907342,0.006949795320904368,0.9660514555772373,8.248062832480173,0.08290251321881771,0.09440139627733718,1,1.4,0.03855467673020804,0.9670913387371697,0.0854759836956768,False,False
betti,low,abs,55.0,0.1,50,7.416200000000001,0.4514596046701942,0.45026637971943245,0.0010343714874684342,0.48494283330517,0.0015171450745487833,10.90203492786634,0.027687351372704887,0.15337855395258534,0,1.4,0.0012115434299063523,0.0016658145446639533,0.029161083552225985,False,True
betti,low,abs,60.0,0.1,50,7.746,0.471536109837292,0.3526479744165428,0.012011796693445218,-0.010929729144344036,0.9466329515417145,15.123417211877173,0.004451968895601953,0.24718704915282608,1,1.8999999999999995,0.01276682391417606,0.9486731087648648,0.004842492482935458,False,False
betti,low,abs,65.0,0.1,50,8.0623,0.4907908053629227,0.3387918656682348,0.016098419647641145,0.29568710708930196,0.06396079906848924,8.53172974885037,0.07393126463743693,0.10070510553000823,1,0.7000000000000002,0.016936120217541022,0.06594627841873059,0.07656578631716743,False,False
betti,low,abs,70.0,0.1,50,8.3666,0.5093150034294714,0.15458591550925224,0.2837651027467917,0.005007516917298542,0.9755357403649019,4.565299188640969,0.3348747509341533,0.012562204192021535,1,0.40000000000000036,0.28622727283570093,0.9755357403649019,0.33778038868629345,False,False
betti,low,abs,75.0,0.1,50,8.6603,0.5271939287404982,0.0693122469004583,0.6324429657139883,0.03197762349259357,0.844703267462528,3.2918347496672284,0.5102270092762182,-0.01573700556295048,2,-0.10000000000000009,0.6338059893469926,0.8474369349947691,0.5124310136359427,False,False
betti,low,abs,80.0,0.1,50,8.9443,0.5444823686054339,0.2526550186683993,0.07669419150615012,0.2598616323138972,0.10537193465157756,6.361433396245122,0.17373328381886477,0.052476297694336045,2,1.1999999999999997,0.0779514733341198,0.10721651994088308,0.1773567002761188,False,False
betti,low,abs,85.0,0.1,50,9.219499999999998,0.5612351103337093,0.15488820116030616,0.28281309632159635,0.06817064016792362,0.6759733727898581,5.922813080255815,0.2049872717031104,0.04272917956124033,1,0.20000000000000018,0.28557674221398976,0.6796272829130465,0.20834771878021058,False,False
betti,low,abs,90.0,0.1,50,9.486800000000002,0.5775069412347561,0.3377950835877548,0.016433299779275903,0.26786557916973397,0.0947010259443125,5.9239286436224,0.20490181236209754,0.04275396985827555,0,1.4,0.017268891293476373,0.09688883842487417,0.20834771878021058,False,True
betti,low,abs,95.0,0.1,50,9.7468,0.5933343861815281,0.26338642772215215,0.06458806334733867,0.24289855396197355,0.13098427639530566,7.904375947448183,0.09514450099609904,0.08676390994329296,2,0.5,0.0659351250417398,0.13298621948431688,0.09784084338078103,False,False
betti,low,abs,100.0,0.1,50,10.0,0.6087478825681537,0.4534646383761305,0.0009423194340718871,0.2611781077057822,0.10355658114005077,12.291704745166948,0.015308909926519168,0.1842601054481544,1,1.6,0.00111212826610007,0.1054847978754077,0.016345908417523338,False,False
betti,low,abs,0.0,0.2,50,0.0,0.0,0.811429438853206,8.898050187052676e-13,0.6529875453738402,4.9473489296563675e-06,33.21537804571712,1.0791322198801683e-06,0.6492306232381582,0,4.1,4.401695039339888e-12,5.7298063568872005e-06,1.653365674610472e-06,True,True
betti,low,abs,5.0,0.2,50,2.2361,0.13553591570291915,0.5952243879281458,5.135744205812494e-06,0.6684179030493353,2.4355045888435596e-06,21.26757295719841,0.0002802375318174162,0.383723843493298,1,5.5,8.652612520662356e-06,2.8526691028016504e-06,0.00032017310146215854,False,False
betti,low,abs,10.0,0.2,50,3.1622999999999997,0.19167533930832306,0.6151890673027269,1.9955442338937274e-06,0.5772536986925432,9.635331070003065e-05,19.399660902000644,0.0006558341931195361,0.3422146867111254,0,6.300000000000001,3.5758307081332685e-06,0.00010861645933458001,0.0007304500594025971,False,True
betti,low,abs,15.0,0.2,50,3.873,0.23475273982264028,0.6304730283739437,9.249137790268727e-07,0.5984143979769505,4.532545001382545e-05,21.26455917317675,0.0002806237847189192,0.3836568705150389,1,6.1,1.7626430624897367e-06,5.146845972265894e-05,0.00032022100587557654,False,False
betti,low,abs,20.0,0.2,50,4.472100000000001,0.27106577014222294,0.48887760381026035,0.0003153077707733028,0.5070095223620137,0.000841520202576452,19.837062223733398,0.0005377753424172573,0.3519347160829644,2,2.799999999999999,0.00038994179098294097,0.0009294700574775539,0.0006011190726539054,False,False
betti,low,abs,25.0,0.2,50,5.0,0.3030631807676739,0.6459443151539336,4.0656779078182856e-07,0.6591168872742129,3.7515815522356266e-06,22.30461784210273,0.00017429004266027352,0.40676928538006063,1,6.100000000000001,8.310066932463749e-07,4.355768843419641e-06,0.00020160415382345072,False,False
betti,low,abs,30.0,0.2,50,5.477199999999999,0.3319875307401407,0.6549581422097742,2.4646249044055346e-07,0.7083670780129254,3.1598044250957594e-07,24.08614945033658,7.67607278546555e-05,0.44635887667414625,1,6.200000000000001,5.281339080869002e-07,3.887060999125736e-07,9.093946102526066e-05,False,False
betti,low,abs,35.0,0.2,50,5.916100000000001,0.35859041674792713,0.5392410636399692,5.331659217758118e-05,0.5726578558123337,0.00011273313708018941,15.92956669087387,0.0031151455404362337,0.2651014820194193,1,4.700000000000001,7.302567117106111e-05,0.00012662055251760405,0.0034043306141077526,False,False
betti,low,abs,40.0,0.2,50,6.324599999999999,0.3833506786166461,0.5663191453631244,1.8129507638288588e-05,0.472043508289494,0.00210361674786312,18.120381887085806,0.001169002101761287,0.31378626415746236,1,4.600000000000001,2.7370847570792837e-05,0.002280144027404081,0.0012927133824470831,False,False
betti,low,abs,45.0,0.2,50,6.708199999999998,0.406601685845142,0.6141434271157921,2.1002268618618642e-06,0.39714318068066085,0.011167144713954212,21.312059666682835,0.00027459694088029734,0.3847124370373963,1,6.600000000000001,3.741783489524011e-06,0.0119372926252614,0.00031411458181879035,False,False
betti,low,abs,50.0,0.2,50,7.0711,0.42859801150525983,0.7183894583904326,4.259728024830419e-09,0.582176100048866,8.122654659552016e-05,26.97416827852997,2.0119387897050653e-05,0.5105370728562215,1,6.9,1.2576339882832667e-08,9.189864760807024e-05,2.5491867498987884e-05,True,False
betti,low,abs,55.0,0.2,50,7.416200000000001,0.44951543224184454,0.541123312645071,4.961252636281992e-05,0.5213622670325119,0.0005612086838827339,19.869186384794382,0.0005299850595722025,0.35264858632876406,1,4.699999999999999,6.84564532899444e-05,0.0006205993769452348,0.0005931240738894685,False,False
betti,low,abs,60.0,0.2,50,7.746,0.46950547964528055,0.6358742978499373,6.977793277236804e-07,0.5463783492847312,0.0002649795937700895,20.520794234303942,0.00039402144267697183,0.3671287607623098,0,6.100000000000001,1.3777808381805153e-06,0.00029548084197384084,0.0004436318906653557,False,True
betti,low,abs,65.0,0.2,50,8.0623,0.4886772564606436,0.6573219716527665,2.155461978313736e-07,0.600502615410541,4.195257954527597e-05,21.472024557671833,0.00025522879194869903,0.3882672123927074,0,6.900000000000002,4.705586008994776e-07,4.76966980160228e-05,0.00029304046482998776,False,True
betti,low,abs,70.0,0.2,50,8.3666,0.5071216816421642,0.6886323086652663,3.245722571796496e-08,0.7215900225279274,1.489621863000142e-07,26.41872224120258,2.6050850557243208e-05,0.4981938275822796,1,5.599999999999998,8.269923265125318e-08,1.8545493073495744e-07,3.247626141854716e-05,False,False
betti,low,abs,75.0,0.2,50,8.6603,0.5249236128804573,0.4472030417580511,0.0011300096736818047,0.3388235572928562,0.03246262673976558,19.280971052376767,0.0006920727961329759,0.3395771344972615,2,3.4999999999999982,0.0013119962503421703,0.033769846608480966,0.0007698895937842914,False,False
betti,low,abs,80.0,0.2,50,8.9443,0.5421376015480612,0.45868191217671245,0.000807830087538429,0.40923545084653185,0.008739020972863155,12.673775425991536,0.012984837120743295,0.19275056502203414,1,4.1,0.0009570471100773744,0.00937403633767328,0.013912325486510673,False,False
betti,low,abs,85.0,0.2,50,9.219499999999998,0.558818199017514,0.44872240445761696,0.001081628367638239,0.3282225346498083,0.03866749724703113,13.386627287692415,0.009533321890047951,0.20859171750427588,1,3.8000000000000007,0.0012621259496907932,0.0401796340108815,0.010261561756648836,False,False
betti,low,abs,90.0,0.2,50,9.486800000000002,0.5750199566613537,0.640355241827089,5.500246972052109e-07,0.48432327145599424,0.001541596552240839,21.68298151113698,0.00023174307724176343,0.3929551446919329,0,6.5,1.0976887733923737e-06,0.001690666030169788,0.00026640427915307786,False,True
betti,low,abs,95.0,0.2,50,9.7468,0.5907792420612729,0.5806684177576453,9.839781770709634e-06,0.4396287867774765,0.0045339916268814905,21.08452432930672,0.00030468049291418564,0.379656096206816,1,5.799999999999999,1.5669515491027328e-05,0.0048859932943218845,0.0003463971374207734,False,False
betti,low,abs,100.0,0.2,50,10.0,0.6061263615353478,0.34745824605780556,0.013423799583400458,0.3095962959455135,0.051891819227688575,9.098803009575912,0.058676767166550535,0.11330673354613137,2,2.5999999999999996,0.014202654849331543,0.0537409709150895,0.06110794340973348,False,False
betti,low,abs,0.0,0.3,50,0.0,0.0,0.862756912343169,8.01222866436689e-16,0.7617790343119885,1.1363639402752716e-08,36.86129807692306,1.9237920788219248e-07,0.7302510683760681,0,8.1,6.107682506443612e-15,1.545056234584799e-08,4.0661968938736136e-07,True,True
betti,low,abs,5.0,0.3,50,2.2361,0.13490829241970365,0.4216738093683002,0.0022893248213519367,0.48150801344874966,0.0016571431907628617,13.086628665281857,0.010860176845000164,0.20192508145070795,1,4.699999999999999,0.002583825344487016,0.0018109790451345021,0.011662776519457452,False,False
betti,low,abs,10.0,0.3,50,3.1622999999999997,0.1907877523897987,0.6038123533105385,3.4468285169174916e-06,0.6984368679631388,5.412826878696363e-07,23.20037112010794,0.00011547297717644158,0.4266749137801764,1,10.3,5.936204668024569e-06,6.563140804677468e-07,0.0001349118954448375,False,False
betti,low,abs,15.0,0.3,50,3.873,0.2336656753014231,0.7237652033163982,2.8710274273886298e-09,0.7512085214190529,2.3425794320352282e-08,29.33162240463544,6.693788876585166e-06,0.5629249423252319,1,12.099999999999998,8.841243402223264e-09,3.081469408476326e-08,8.918658531839834e-06,True,False
betti,low,abs,20.0,0.3,50,4.472100000000001,0.2698105516435565,0.6968620233082229,1.896796894864918e-08,0.765694703015278,8.610473564651888e-09,27.71270017364459,1.4261846009131885e-05,0.5269488927476575,1,12.599999999999998,4.997226946811257e-08,1.1828272400481916e-08,1.8244177150608876e-05,False,False
betti,low,abs,25.0,0.3,50,5.0,0.3016597925399214,0.7199138398500403,3.8123683193050675e-09,0.6840148434999144,1.1396072871405225e-06,28.788031018206315,8.631979727720402e-06,0.5508451337379181,1,11.800000000000004,1.1400329700815797e-08,1.3587625346675459e-06,1.1322625030719287e-05,True,False
betti,low,abs,30.0,0.3,50,5.477199999999999,0.3304502031399315,0.748170379616933,4.2368108623002564e-10,0.6648929126395291,2.873854239382947e-06,27.963748250398186,1.2685727105615537e-05,0.5325277388977375,0,15.299999999999997,1.4647710416130998e-09,3.3618672234291075e-06,1.6295201945058632e-05,True,True
betti,low,abs,35.0,0.3,50,5.916100000000001,0.3569298997290858,0.7516851564410393,3.159181334144589e-10,0.670400016578845,2.216932032541215e-06,32.67044152342433,1.3951893074563298e-06,0.6371209227427629,1,14.100000000000001,1.1047022875419373e-09,2.6098060636244683e-06,2.096164872268799e-06,True,False
betti,low,abs,40.0,0.3,50,6.324599999999999,0.3815755047795974,0.75570215062808,2.2454025813054287e-10,0.6608485575516783,3.465552925529143e-06,29.184737425857147,7.170127626568946e-06,0.5596608316857143,0,13.900000000000002,8.00085977246762e-10,4.038802281631708e-06,9.471901552143637e-06,True,True
betti,low,abs,45.0,0.3,50,6.708199999999998,0.40471884406326003,0.7414442719775095,7.33253370075235e-10,0.5813502007820612,8.36037182916836e-05,28.77361847815601,8.690338734711767e-06,0.5505248550701336,0,13.0,2.4096312161482986e-09,9.435856554765261e-05,1.1383119751101328e-05,True,True
betti,low,abs,50.0,0.3,50,7.0711,0.4266133118058077,0.7815197288377052,2.1164615725963807e-11,0.730200337255987,8.91887731326811e-08,31.3365721997301,2.613609813632e-06,0.6074793822162244,0,13.699999999999996,8.557866358759278e-11,1.1254485619184996e-07,3.7052700101795123e-06,True,True
betti,low,abs,55.0,0.3,50,7.416200000000001,0.447433870686913,0.6816709981616382,5.04416958519023e-08,0.504287695725786,0.000906919588042433,31.995132657983582,1.9174849503749553e-06,0.6221140590663018,2,10.5,1.2418347046051774e-07,0.001000516271505887,2.7776651150291408e-06,False,False
betti,low,abs,60.0,0.3,50,7.746,0.4673313506028462,0.7579563199280257,1.8485763834220704e-10,0.6403190587346687,8.597877651624986e-06,28.97112010796219,7.923701710071524e-06,0.5549137801769375,0,16.200000000000003,6.637745314990445e-10,9.896072049518857e-06,1.0452542681370947e-05,True,True
betti,low,abs,65.0,0.3,50,8.0623,0.4864143490789216,0.678855284221873,6.008555087318776e-08,0.6329202268608136,1.1738617778352595e-05,33.27782864302235,1.0478115371232905e-06,0.6506184142893856,2,8.399999999999999,1.455196935210016e-07,1.3461053679245269e-05,1.6133522011997685e-06,False,False
betti,low,abs,70.0,0.3,50,8.3666,0.5047733640529012,0.8037783710629124,2.1066996247349816e-12,0.7061535179532079,3.569387339409197e-07,33.41694023365838,9.81261297992785e-07,0.6537097829701862,0,15.200000000000003,9.945333253825041e-12,4.362063371419912e-07,1.5203482267111675e-06,True,True
betti,low,abs,75.0,0.3,50,8.6603,0.5224928602666962,0.6905610820189826,2.8662978384670973e-08,0.5307478513175189,0.000426388765238684,28.951300236406578,7.997494205629667e-06,0.5544733385868128,1,12.099999999999998,7.404602749373335e-08,0.00047376529470964884,1.05349427921184e-05,False,False
betti,low,abs,80.0,0.3,50,8.9443,0.5396271364829638,0.656735071419943,2.2286438119676907e-07,0.5757281553398058,0.00010153428218486898,25.457381709549942,4.070323483116983e-05,0.4768307046566654,1,10.400000000000002,4.831325746223665e-07,0.00011431825960281858,4.964973837018709e-05,False,False
betti,low,abs,85.0,0.3,50,9.219499999999998,0.556230491464361,0.6999774218372633,1.5405422964383234e-08,0.6291048429870755,1.3739825911211038e-05,30.964443586526375,3.1129508342522784e-06,0.5992098574783639,2,10.599999999999998,4.1751430682185935e-08,1.5736500119983085e-05,4.37317866443296e-06,False,False
betti,low,abs,90.0,0.3,50,9.486800000000002,0.5723572239735453,0.7171766934574452,4.650454355115193e-09,0.5409296840948571,0.00031360069441708994,26.507465060240968,2.499802526125463e-05,0.5001658902275771,0,15.5,1.3643288802072962e-08,0.00034927981533879477,3.124753157656829e-05,True,True
betti,low,abs,95.0,0.3,50,9.7468,0.5880435331856212,0.7034489848167543,1.2179778727119324e-08,0.5542122347354628,0.0002069172244459462,26.140811605378563,2.9641590740134364e-05,0.4920180356750792,0,14.200000000000003,3.339373597898642e-08,0.00023128968597924273,3.675557251776662e-05,True,True
betti,low,abs,100.0,0.3,50,10.0,0.6033195850798428,0.7326554050781203,1.4647235637318049e-09,0.6775421852516845,1.5704771258872356e-06,28.656846313153185,9.177879888601702e-06,0.5479299180700707,1,11.8,4.6333092322128526e-09,1.865317659099782e-06,1.195438136750642e-05,True,False
betti,low,abs,0.0,0.4,50,0.0,0.0,0.8642427164402008,6.279126455457487e-16,0.7534932982361644,2.0096140812794312e-08,38.72716346153843,7.931539153992683e-08,0.7717147435897429,0,10.5,4.9488030538775106e-15,2.658522184338366e-08,2.508956262997686e-07,True,True
betti,low,abs,5.0,0.4,50,2.2361,0.13726821827259283,0.666327035342057,1.2794665599904507e-07,0.8042102883208746,4.0882294438237136e-10,30.570261941448372,3.745788223362192e-06,0.5904502653655194,1,12.699999999999996,2.8672383151593236e-07,6.422387470871712e-10,5.1762006652701915e-06,False,False
betti,low,abs,10.0,0.4,50,3.1622999999999997,0.19412516731962806,0.7299908510380647,1.7970361053043608e-09,0.7904058115154211,1.3101468772042468e-09,29.586801444043303,5.9399577045512674e-06,0.5685955876454067,1,15.5,5.627082753983352e-09,1.9371011062002375e-09,8.006029949612578e-06,True,False
betti,low,abs,15.0,0.4,50,3.873,0.23775314582073792,0.7652761534807533,9.68648222073997e-11,0.7543804633040395,1.892631777926774e-08,33.79837320113584,8.19614827123417e-07,0.662186071136352,1,16.6,3.603371386115269e-10,2.5073326972534183e-08,1.3074473228555366e-06,True,False
betti,low,abs,20.0,0.4,50,4.472100000000001,0.2745302978117537,0.7484709843892889,4.1325593154092146e-10,0.8204703270454554,9.163839844281231e-11,32.607255581216286,1.4373468455039401e-06,0.6357167906936952,1,18.700000000000003,1.4340597624367799e-09,1.5899945998473032e-10,2.1525484159720843e-06,True,False
betti,low,abs,25.0,0.4,50,5.0,0.3069366715991969,0.7869176792446395,1.2404612012040348e-11,0.7800312783348645,2.9738759381265565e-09,36.26575527101182,2.551359139004362e-07,0.7170167838002627,1,19.599999999999994,5.267711950318504e-11,4.248394197323652e-09,4.98479831780264e-07,True,False
betti,low,abs,30.0,0.4,50,5.477199999999999,0.33623070753662426,0.7740317580099468,4.333844765802227e-11,0.802975750248806,4.553782032611274e-10,32.70321447476059,1.3738107652062746e-06,0.6378492105502354,1,20.300000000000004,1.6753231928795477e-10,7.058362150547475e-10,2.070735837344952e-06,True,False
betti,low,abs,35.0,0.4,50,5.916100000000001,0.3631736085696018,0.8034239627958648,2.1905012734793015e-12,0.7548063862494085,1.838749425123182e-08,36.10198720107777,2.7572155399296836e-07,0.7133774933572837,1,22.5,1.0237016001687188e-11,2.439425057581397e-08,5.265319203561818e-07,True,False
betti,low,abs,40.0,0.4,50,6.324599999999999,0.3882503346392561,0.8113719988401441,8.957106887698989e-13,0.7597698255581753,1.3075582008099086e-08,35.7848627601788,3.2040821113844236e-07,0.7063302835595289,2,23.299999999999997,4.407465293947122e-12,1.754731784636674e-08,5.924048436555693e-07,True,False
betti,low,abs,45.0,0.4,50,6.708199999999998,0.41179851608434653,0.7331250542252279,1.4125210628653005e-09,0.6265057107226528,1.527679344968395e-05,34.23472008464792,6.669908926300188e-07,0.6718826685477315,2,18.799999999999997,4.4987828372079775e-09,1.7475298780081274e-05,1.095939099197734e-06,True,False
betti,low,abs,50.0,0.4,50,7.0711,0.4340759797090162,0.8243564235563008,1.891221602087703e-13,0.7400794316503754,4.832066608041128e-08,35.7300995623106,3.288254451173227e-07,0.7051133236069022,0,26.099999999999994,1.0166682600818287e-12,6.198375097211377e-08,6.055597306120993e-07,True,True
betti,low,abs,55.0,0.4,50,7.416200000000001,0.45526074878279277,0.8359975064208197,4.193005583720117e-14,0.771735552690716,5.553047507973561e-09,37.647417320560315,1.324805450893589e-07,0.7477203849013403,0,26.1,2.407095798061549e-13,7.719483082833201e-09,3.2253116998194705e-07,True,True
betti,low,abs,60.0,0.4,50,7.746,0.47550629164147584,0.8056767246183046,1.7071544794534382e-12,0.7350207423307543,6.635771509890598e-08,34.715726117103216,5.313711629484917e-07,0.6825716914911826,0,25.900000000000006,8.141813671239475e-12,8.419191683762968e-08,8.904057325082834e-07,True,True
betti,low,abs,65.0,0.4,50,8.0623,0.49492310548684115,0.8576415081079852,1.8153808828166797e-15,0.8039455277249519,4.184154663692551e-10,38.621491776473945,8.340181308853377e-08,0.7693664839216432,1,24.900000000000006,1.2599285231488898e-14,6.561996352839919e-10,2.5540715153563825e-07,True,False
betti,low,abs,70.0,0.4,50,8.3666,0.5136032713203682,0.8621169497989154,8.891334142072004e-16,0.8270257621169449,4.803763429488071e-11,38.701303448607554,8.02965816078137e-08,0.7711400766357234,0,30.799999999999997,6.562651390576955e-15,8.657945715937804e-11,2.5143374038810354e-07,True,True
betti,low,abs,75.0,0.4,50,8.6603,0.531632731410105,0.8455248102470734,1.1169100955635542e-14,0.7751438576161201,4.310103527647779e-09,36.46064848222445,2.3262553539696248e-07,0.7213477440494322,0,26.4,6.878982707775533e-14,6.082543673311737e-09,4.703081476503807e-07,True,True
betti,low,abs,80.0,0.4,50,8.9443,0.5490667343569394,0.7978558282437765,4.002109381515319e-12,0.704058447681924,4.001772881328365e-07,34.39733070411694,6.176665470617145e-07,0.6754962378692653,0,27.000000000000007,1.8155910852728034e-11,4.871032752562188e-07,1.0257676585132045e-06,True,True
betti,low,abs,85.0,0.4,50,9.219499999999998,0.5659605287617592,0.8623170666198147,8.607022521307831e-16,0.8247765966257389,6.013407961257422e-11,39.16302331170387,6.44666065268428e-08,0.7814005180378637,0,30.5,6.455266890980873e-15,1.0693058133784709e-10,2.342268914382895e-07,True,True
betti,low,abs,90.0,0.4,50,9.486800000000002,0.5823693632254523,0.8216314260010341,2.648405201917539e-13,0.7355757364122972,6.41105364711592e-08,35.04820500481232,4.540630461788807e-07,0.6899601112180515,0,26.199999999999996,1.3759870602141403e-12,8.145191109040718e-08,7.937568288465397e-07,True,True
betti,low,abs,95.0,0.4,50,9.7468,0.5983300701486105,0.8518595979622667,4.407791551576168e-15,0.790480164162358,1.3022582677984848e-09,36.38737313002066,2.40846709789851e-07,0.7197194028893481,0,29.599999999999994,2.866605694381703e-14,1.928503485752533e-09,4.796304927292535e-07,True,True
betti,low,abs,100.0,0.4,50,10.0,0.6138733431983938,0.8419297096374406,1.858835044728163e-14,0.7854458904510966,1.949627118419979e-09,38.508651118057195,8.799752213392291e-08,0.7668589137346044,0,25.199999999999996,1.108151661280251e-13,2.819833934884262e-09,2.5574279870171346e-07,True,True
betti,low,abs,0.0,0.5,50,0.0,0.0,0.9077899254043628,9.697299791781319e-20,0.8326958096372273,2.6876337566195562e-11,41.19136458993999,2.4534417874575286e-08,0.8264747686653331,0,15.5,1.5030814677261044e-18,5.229078229406249e-11,1.9959504215927115e-07,True,True
betti,low,abs,5.0,0.5,50,2.2361,0.13544072004431557,0.6344641713637529,7.514432563449669e-07,0.7787313133451584,3.2853742306857243e-09,27.47997206972933,1.5896333138818874e-05,0.5217771571050963,1,17.9,1.469549313511443e-06,4.671862438131075e-09,2.0279272728534367e-05,False,False
betti,low,abs,10.0,0.5,50,3.1622999999999997,0.19154071329374317,0.7663237980524542,8.813907446678442e-11,0.8432703290176753,8.569975517207455e-12,33.90305288461537,7.800940930519964e-07,0.664512286324786,1,27.4,3.3052152925044155e-10,1.840664487529546e-11,1.254942449798713e-06,True,False
betti,low,abs,15.0,0.5,50,3.873,0.2345878577575396,0.7749754952487583,3.965504881752738e-11,0.7776152851088124,3.5768065822217474e-09,33.82115190299764,8.108485233897643e-07,0.6626922645110587,1,30.199999999999996,1.5430625690502285e-10,5.070777624186319e-09,1.29791588081322e-06,True,False
betti,low,abs,20.0,0.5,50,4.472100000000001,0.27087538308223413,0.7594232234683398,1.626990373173519e-10,0.8045748724808346,3.959498708349983e-10,35.15953754446683,4.3076829762823693e-07,0.6924341676548185,1,26.9,5.864732740509197e-10,6.230683246642105e-10,7.57305324752855e-07,True,False
betti,low,abs,25.0,0.5,50,5.0,0.3028503198522328,0.8462004413856387,1.0134855488445841e-14,0.880782527774982,6.670029317390653e-14,38.76870012498797,7.776435988732351e-08,0.7726377805552883,1,34.99999999999999,6.368524056928805e-14,2.595450738566237e-13,2.4938225756969266e-07,True,False
betti,low,abs,30.0,0.5,50,5.477199999999999,0.33175435437893,0.8231974772425276,2.1839560778252694e-13,0.8015537987246287,5.151271834914493e-10,35.97471634615381,2.9285601219568396e-07,0.7105492521367514,1,35.1,1.1410557035828655e-12,7.931594050447813e-10,5.524464327423653e-07,True,False
betti,low,abs,35.0,0.5,50,5.916100000000001,0.358338555455559,0.8297308306013951,9.56816578617648e-14,0.8253970793891616,5.653932443980386e-11,38.27759715275103,9.821073159909688e-08,0.7617243811722451,1,34.099999999999994,5.36047842237598e-13,1.0131324032566008e-10,2.7677569814290937e-07,True,False
betti,low,abs,40.0,0.5,50,6.324599999999999,0.38308142658748634,0.8538805334478878,3.2467177656709006e-15,0.8372187356166878,1.6648367968803982e-11,39.296775588659294,6.049225171823981e-08,0.7843727908590954,1,32.0,2.172264404369739e-14,3.387961096496215e-11,2.3148203545804297e-07,True,False
betti,low,abs,45.0,0.5,50,6.708199999999998,0.4063161031265497,0.8700980392156862,2.3348863430987734e-16,0.8613225102846138,9.886600696004564e-13,39.386269703960004,5.797042580369923e-08,0.7863615489768889,1,42.1,1.9216321230812915e-15,2.696345644364881e-12,2.274492949249529e-07,True,False
betti,low,abs,50.0,0.5,50,7.0711,0.4282969793414248,0.8873188690061766,9.40539033156194e-18,0.8693999485562176,3.402477080291273e-13,39.896433549627474,4.547226532152997e-08,0.797698523325055,0,45.9,1.0538569889581451e-16,1.076293770296219e-12,2.1358185226779228e-07,True,True
betti,low,abs,55.0,0.5,50,7.416200000000001,0.44919970841762596,0.8379061873778915,3.2389417228879704e-14,0.7880956281047211,1.5786821371524084e-09,37.38864903846152,1.4979561772479356e-07,0.7419699786324783,0,38.8,1.8944753473495678e-13,2.3120856496877793e-09,3.465936504383567e-07,True,True
betti,low,abs,60.0,0.5,50,7.746,0.4691757155150792,0.8529411764705882,3.7446113050170154e-15,0.8111318163165725,2.2013405675417526e-10,37.32105440215301,1.546789326211691e-07,0.7404678756034002,0,42.5,2.4874917954755886e-14,3.585370801775534e-10,3.504699838408617e-07,True,True
betti,low,abs,65.0,0.5,50,8.0623,0.48833402674893145,0.891838124540892,3.711591669572641e-18,0.8532437043587965,2.6928007229217515e-12,40.36940384615386,3.630092516777093e-08,0.8082089743589747,0,47.0,4.261457102101921e-17,6.660384766801141e-12,2.0041006899092496e-07,True,True
betti,low,abs,70.0,0.5,50,8.3666,0.5067654972151383,0.8790694445338558,4.655949884801205e-17,0.850135136344207,3.897540705298627e-12,40.106220854766576,4.1149168590081235e-08,0.8023604634392573,0,42.50000000000001,4.3300333928651207e-16,9.107318733486741e-12,2.1299068806659125e-07,True,True
betti,low,abs,75.0,0.5,50,8.6603,0.5245549250032584,0.8320427045907012,7.085284601219728e-14,0.7582590260973765,1.451779171949755e-08,37.44321842396267,1.4596568704570693e-07,0.7431826316436149,0,40.400000000000006,4.0178748043502117e-13,1.939877341829414e-08,3.4279820442552386e-07,True,True
betti,low,abs,80.0,0.5,50,8.9443,0.5417568231708654,0.8602941176470588,1.1926731399983877e-15,0.810200767783882,2.395987445429332e-10,39.2520424836601,6.179349134447158e-08,0.7833787218591133,0,42.3,8.532200155373082e-15,3.875249259563963e-10,2.3266375283545983e-07,True,True
betti,low,abs,85.0,0.5,50,9.219499999999998,0.5584257047755322,0.8502452041014514,5.608978520639832e-15,0.7737369046344541,4.787880531303406e-09,37.960862665897245,1.1415850360649319e-07,0.7546858370199387,0,39.699999999999996,3.622465294579891e-14,6.726176577208713e-09,2.9490946765010743e-07,True,True
betti,low,abs,90.0,0.5,50,9.486800000000002,0.5746160828748327,0.8903672535273556,5.045694279474746e-18,0.856192736629135,1.8811430934860225e-12,40.38730769230767,3.59926150811426e-08,0.8086068376068372,0,46.89999999999999,5.722555707209164e-17,4.819457512236917e-12,2.0041006899092496e-07,True,True
betti,low,abs,95.0,0.5,50,9.7468,0.5903642995071486,0.838228645033614,3.09968948976338e-14,0.7520374084136265,2.2162652991420688e-08,37.025601424172415,1.7795590979635147e-07,0.7339022538704981,0,43.099999999999994,1.8361217996687536e-13,2.9194429577933767e-08,3.843798826013939e-07,True,True
betti,low,abs,100.0,0.5,50,10.0,0.6057006397044656,0.8499591532713189,5.851954773219422e-15,0.7733734601573418,4.919085822827673e-09,38.18750600672753,1.0250604828417691e-07,0.7597223557050563,0,46.400000000000006,3.7533227166165944e-14,6.8896834566712886e-09,2.8291587936471833e-07,True,True
betti,low,abs,0.0,0.6,50,0.0,0.0,0.9333847488419801,5.31041943483551e-23,0.8897044134601723,1.6489905964192757e-14,43.309223961878814,8.926436853314884e-09,0.8735383102639737,0,17.7,2.5993105654721178e-21,7.904954920979002e-14,1.9927010523901639e-07,True,True
betti,low,abs,5.0,0.6,50,2.2361,0.13662712386213294,0.6333789937878344,7.953336228639972e-07,0.834311726118019,2.2686750082766283e-11,31.39579908675796,2.541854544527877e-06,0.608795535261288,1,21.4,1.5441759274812473e-06,4.470058808680644e-11,3.6090453838334737e-06,False,False
betti,low,abs,10.0,0.6,50,3.1622999999999997,0.19321852948849472,0.7451696660400974,5.422815524218044e-10,0.8128028800519479,1.8885746990122813e-10,31.308748317631206,2.6480123271008247e-06,0.6068610737251379,1,37.5,1.8338976136446475e-09,3.119670461956344e-10,3.7483279516039074e-06,True,False
betti,low,abs,15.0,0.6,50,3.873,0.23664274885650952,0.793818222226863,6.124396292365487e-12,0.8201618215534263,9.440571936343195e-11,34.974992787768045,4.7006175328548035e-07,0.6883331730615121,1,39.9,2.6866455433490106e-11,1.6288927459738723e-10,8.155223515558792e-07,True,False
betti,low,abs,20.0,0.6,50,4.472100000000001,0.27324813766103695,0.8137059377123802,6.833484277061572e-13,0.8731128449425974,2.0344477656475394e-13,37.02421067807196,1.7807335239087989e-07,0.7338713484015991,1,44.8,3.435211014955277e-12,6.855204427725405e-13,3.843798826013939e-07,True,False
betti,low,abs,25.0,0.6,50,5.0,0.30550316144656536,0.8373353878924252,3.5001344448278736e-14,0.827800795881662,4.4427023235938784e-11,36.17106325706594,2.6684414197926756e-07,0.7149125168236875,0,49.800000000000004,2.0344531460562013e-13,8.101398354788837e-11,5.137992795874095e-07,True,True
betti,low,abs,30.0,0.6,50,5.477199999999999,0.3346603831750255,0.8777513718685497,5.947082898877298e-17,0.8448121256759581,7.2038270287836185e-12,38.922481625594486,7.228072012174672e-08,0.776055147235433,0,56.800000000000004,5.422340290152831e-16,1.5830861634785412e-11,2.442608790805756e-07,True,True
betti,low,abs,35.0,0.6,50,5.916100000000001,0.361477450686805,0.8734034976146082,1.307537156351198e-16,0.8575275435432992,1.595044863662847e-12,39.65553473623521,5.099795505080678e-08,0.7923452163607825,1,54.900000000000006,1.1156050967033159e-15,4.190372099453242e-12,2.2334183743511114e-07,True,False
betti,low,abs,40.0,0.6,50,6.324599999999999,0.38643705897698943,0.8633390271646487,7.284991256176407e-16,0.8287311854139223,4.042855327957739e-11,38.01215690044706,1.1141071821152926e-07,0.7558257088988236,0,57.3,5.645868223536716e-15,7.445258326734054e-11,2.91864698413302e-07,True,True
betti,low,abs,45.0,0.6,50,6.708199999999998,0.40987526152316983,0.8750000000000001,9.824247199686095e-17,0.8441999500473416,7.719776458072408e-12,39.532742214532895,5.406730364581738e-08,0.7896164936562866,0,60.3,8.785144130488527e-16,1.684592647330066e-11,2.2407674479362368e-07,True,True
betti,low,abs,50.0,0.6,50,7.0711,0.4320486809809616,0.8819263233934318,2.7121502964021378e-17,0.8481964017117233,4.887960978637821e-12,39.24310021629415,6.205694179115425e-08,0.7831800048065367,0,64.7,2.7121502964021376e-16,1.1141675760130327e-11,2.3271353171682841e-07,True,True
betti,low,abs,55.0,0.6,50,7.416200000000001,0.4531345091840035,0.8725699870355362,1.5156872471370544e-16,0.8277619091736721,4.460194985051595e-11,38.98828759552072,7.005363872508288e-08,0.7775175021226826,0,64.80000000000001,1.2814446725795096e-15,8.117380305475506e-11,2.416672441883495e-07,True,True
betti,low,abs,60.0,0.6,50,7.746,0.47328549771301903,0.8657903020856158,4.856347578342394e-16,0.8085663179688006,2.7771461543035436e-10,37.735865019468314,1.2703216568727767e-07,0.749685889321518,0,66.99999999999999,3.8601737161183136e-15,4.4530102129349923e-10,3.1484366504498156e-07,True,True
betti,low,abs,65.0,0.6,50,8.0623,0.49261162770612876,0.870973793555629,2.005508343702193e-16,0.8168313211378546,1.2970157648994402e-10,38.875342334118095,7.391933962554273e-08,0.7750076074248465,0,68.2,1.6652881782527137e-15,2.2051639147284818e-10,2.447871370824153e-07,True,True
betti,low,abs,70.0,0.6,50,8.3666,0.5112045501117668,0.8829492265323864,2.227451014732272e-17,0.8453677404191345,6.7637212454693085e-12,39.6689660145171,5.0672952175939613e-08,0.7926436892114912,0,69.9,2.2764059820890253e-16,1.497681132925347e-11,2.2334183743511114e-07,True,True
betti,low,abs,75.0,0.6,50,8.6603,0.5291498058151379,0.8950980392156863,1.849369584786619e-18,0.8510245389396768,3.509261771418518e-12,40.381435024990395,3.609345536442487e-08,0.8084763338886755,0,67.7,2.233654173833189e-17,8.325544508722505e-12,2.0041006899092496e-07,True,True
betti,low,abs,80.0,0.6,50,8.9443,0.5465023853853028,0.8738654492504054,1.2042108035415994e-16,0.8107339700579732,2.2826310448964864e-10,38.60800307810694,8.393832346298e-08,0.7690667350690431,0,67.99999999999999,1.0369593030497105e-15,3.704793842502151e-10,2.5540715153563825e-07,True,True
betti,low,abs,85.0,0.6,50,9.219499999999998,0.5633172793913218,0.8924969494111132,3.2299982047082736e-18,0.8516338431273066,3.2645497518650355e-12,39.94341580590919,4.446632764688759e-08,0.7987425734646487,0,70.30000000000001,3.754872912973368e-17,7.84504203936559e-12,2.1358185226779228e-07,True,True
betti,low,abs,90.0,0.6,50,9.486800000000002,0.5796494784022552,0.8613987111903635,9.98716506727695e-16,0.7764267418046971,3.9135700694729655e-09,38.91639265455241,7.249032540455791e-08,0.7759198367678314,0,73.80000000000001,7.313435836667373e-15,5.531337636185195e-09,2.442608790805756e-07,True,True
betti,low,abs,95.0,0.6,50,9.7468,0.5955356427974766,0.863276782849275,7.35964383368887e-16,0.8093456606089182,2.5888325515026125e-10,38.56106411612033,8.583228286284187e-08,0.7680236470248961,0,73.60000000000001,5.656585756471611e-15,4.165422617469602e-10,2.5540715153563825e-07,True,True
betti,low,abs,100.0,0.6,50,10.0,0.6110063228931307,0.8796483501836332,4.177644157014567e-17,0.8186155347364672,1.0949462634626509e-10,39.113626320845306,6.599936383865504e-08,0.7803028071298956,0,74.80000000000001,4.004679956930203e-16,1.8787823339857295e-10,2.3757259462781054e-07,True,True
betti,low,abs,0.0,0.7,50,0.0,0.0,0.9385803780028679,8.024214354895169e-24,0.8990682788900367,3.323962443074388e-15,43.36104685069983,8.708059436975284e-09,0.8746899300155517,0,24.2,4.389717264736769e-22,1.9815929949097313e-14,1.9927010523901639e-07,True,True
betti,low,abs,5.0,0.7,50,2.2361,0.13553240861621668,0.7034144702513647,1.220846261597353e-08,0.8564781767059603,1.8161873789170438e-12,33.81303762794944,8.139605081771961e-07,0.6625119472877654,1,31.299999999999997,3.339373597898642e-08,4.67882067144834e-12,1.3006585439944884e-06,True,False
betti,low,abs,10.0,0.7,50,3.1622999999999997,0.19167037957473368,0.7955500033214247,5.1087579916002105e-12,0.9146101796498037,1.5925758458837856e-16,39.0523642479577,6.795087115161033e-08,0.7789414277323933,1,46.8,2.2732750871713855e-11,1.6641522883954163e-15,2.3757259462781054e-07,True,False
betti,low,abs,15.0,0.7,50,3.873,0.23474666543115574,0.855800100060016,2.418092143242824e-15,0.8942220091730612,7.758222194482565e-15,39.360335383432606,5.869023177612882e-08,0.7857852307429468,1,57.80000000000001,1.6657968097895008e-14,4.0995151368572644e-14,2.274492949249529e-07,True,False
betti,low,abs,20.0,0.7,50,4.472100000000001,0.2710587561256575,0.8519607843137255,4.341300747605156e-15,0.8771125968816612,1.147869216185183e-13,38.35272010765088,9.476663613711738e-08,0.7633937801700196,1,63.599999999999994,2.8432462642766166e-14,4.0901087013495024e-13,2.7201534446765173e-07,True,False
betti,low,abs,25.0,0.7,50,5.0,0.3030553387957084,0.8838235294117646,1.8797139061155453e-17,0.9002884795198278,2.66709325241819e-15,40.87124663590925,2.8579700642203713e-08,0.819361036353539,1,70.9,1.9865158325993833e-16,1.631839950492708e-14,2.0041006899092496e-07,True,False
betti,low,abs,30.0,0.7,50,5.477199999999999,0.33197894033037073,0.8738936230341451,1.1981675515325998e-16,0.8672171203065004,4.570381719175755e-13,40.422998943019095,3.538577233657063e-08,0.8093999765115355,1,74.10000000000001,1.0369593030497105e-15,1.3697753484265502e-12,2.0041006899092496e-07,True,False
betti,low,abs,35.0,0.7,50,5.916100000000001,0.358581137969858,0.8830999419483272,2.163428405833511e-17,0.8641885505767828,6.824506427945928e-13,40.41258465824487,3.556177956631496e-08,0.809168547960997,0,73.69999999999999,2.235542686027961e-16,1.940914672168108e-12,2.0041006899092496e-07,True,True
betti,low,abs,40.0,0.7,50,6.324599999999999,0.38334075914946736,0.8626207383847982,8.192059029568159e-16,0.8283032925439994,4.222365659509778e-11,39.50321898722013,5.483233929213485e-08,0.7889604219382251,1,77.39999999999999,6.1939958516247056e-15,7.714734898514918e-11,2.2451120849297776e-07,True,False
betti,low,abs,45.0,0.7,50,6.708199999999998,0.40659116474187423,0.885614085163579,1.322098462435665e-17,0.8681045772947289,4.056231953622677e-13,40.00011049192926,4.328194872256957e-08,0.8000024553762058,0,81.50000000000001,1.429711127982754e-16,1.2491045420096324e-12,2.1358185226779228e-07,True,True
betti,low,abs,50.0,0.7,50,7.0711,0.42858692123166675,0.9027242849259468,3.3012445971653073e-19,0.8708885602557792,2.7737917216664216e-13,41.00342972427706,2.6834373736416086e-08,0.822298438317268,0,88.3,4.324165458258783e-18,9.05132035491148e-13,2.0041006899092496e-07,True,True
betti,low,abs,55.0,0.7,50,7.416200000000001,0.4495038007153465,0.8979529114031782,9.85839829998118e-19,0.8615247129097166,9.63402474292413e-13,40.352013261579835,3.660291873950966e-08,0.8078225169239963,0,93.69999999999999,1.2389608674300672e-17,2.6429625400942304e-12,2.0041006899092496e-07,True,True
betti,low,abs,60.0,0.7,50,7.746,0.4694933308623115,0.9249111047040377,8.534442687152077e-22,0.9061030445113443,8.970909982586769e-16,42.59152892561984,1.2577356576771187e-08,0.8575895316804409,0,96.30000000000001,2.4803224059535725e-20,6.320413851367951e-15,1.9927010523901639e-07,True,True
betti,low,abs,65.0,0.7,50,8.0623,0.48866461159452795,0.9067973785541769,1.239576357001432e-19,0.8798548749305007,7.663807017981174e-14,41.34261688530105,2.2827058038413965e-08,0.8298359307844677,0,95.39999999999999,1.8298508127163994e-18,2.9574027081836064e-13,1.9927010523901639e-07,True,True
betti,low,abs,70.0,0.7,50,8.3666,0.5071085595136346,0.9301910127339514,1.5755124113487786e-22,0.9310809138172259,3.1420394106024857e-18,43.32064178315797,8.877858446759904e-09,0.8737920396257326,0,94.3,6.465835968793407e-21,7.127065004537346e-17,1.9927010523901639e-07,True,True
betti,low,abs,75.0,0.7,50,8.6603,0.5249100301144947,0.9282306523277682,2.994806379575523e-22,0.9184425402990919,6.88627457963357e-17,42.95767882019503,1.0559234898681703e-08,0.865726196004334,0,100.5,1.1465981050878337e-20,8.426625472446342e-16,1.9927010523901639e-07,True,True
betti,low,abs,80.0,0.7,50,8.9443,0.5421235733580909,0.9041293770024135,2.3663321053460577e-19,0.8670136389643186,4.696604123467109e-13,41.030704577109624,2.6487695082323573e-08,0.8229045461579917,0,106.89999999999999,3.189404141988165e-18,1.3954766245445406e-12,2.0041006899092496e-07,True,True
betti,low,abs,85.0,0.7,50,9.219499999999998,0.5588037392054066,0.9232188847783666,1.4290766487095034e-21,0.9105637790930355,3.70249630419349e-16,42.905945634425095,1.082346047776551e-08,0.864576569653891,0,111.1,3.797260809428109e-20,3.2484165687735338e-15,1.9927010523901639e-07,True,True
betti,low,abs,90.0,0.7,50,9.486800000000002,0.5750050776174253,0.9194090304999436,4.373881489309165e-21,0.9000771789138429,2.771303270093697e-15,42.36686362107892,1.400171359563244e-08,0.8525969693573093,0,109.1,1.0704499434361902e-19,1.673579247524116e-14,1.9927010523901639e-07,True,True
betti,low,abs,95.0,0.7,50,9.7468,0.5907639552348022,0.9074401656843554,1.0576935116569752e-19,0.8695224826690465,3.3460555829724544e-13,41.4029273216689,2.2179798213256697e-08,0.8311761627037533,0,100.3,1.6125491243294867e-18,1.0620585980083218e-12,1.9927010523901639e-07,True,True
betti,low,abs,100.0,0.7,50,10.0,0.6061106775914168,0.910075459884627,5.451128779379341e-20,0.8942639786194584,7.702846896714868e-15,41.51301277740416,2.1045195785279382e-08,0.8336225061645368,0,103.6,9.493414110355229e-19,4.0955980493637853e-14,1.9927010523901639e-07,True,True
betti,low,abs,0.0,0.8,50,0.0,0.0,0.930323618574824,1.50751206697429e-22,0.8754620924770107,1.45710239504159e-13,43.09416553595654,9.89261737517942e-09,0.8687592341323676,0,26.799999999999997,6.465835968793407e-21,5.056362788763726e-13,1.9927010523901639e-07,True,True
betti,low,abs,5.0,0.8,50,2.2361,0.1363504790620606,0.703853919636989,1.1847947626057984e-08,0.865157371821824,6.009369022914951e-13,33.45547280415142,9.635842024546532e-07,0.654566062314476,1,39.2,3.2599382521402144e-08,1.7302517620157599e-12,1.503579376313469e-06,True,False
betti,low,abs,10.0,0.8,50,3.1622999999999997,0.192827297499197,0.7729277866095607,4.8057816421010006e-11,0.8873986151699456,2.3929170175508756e-14,36.24290861919862,2.5791304527504673e-07,0.7165090804266361,1,56.60000000000001,1.8468499698983187e-10,1.0546980219537035e-13,5.022162832296409e-07,True,False
betti,low,abs,15.0,0.8,50,3.873,0.23616359080871197,0.8621306129652614,8.871641577966893e-16,0.9079559667509681,6.24536521248642e-16,40.30858556740656,3.7368044222696345e-08,0.8068574570534791,1,76.2,6.562651390576955e-15,4.922083249353638e-15,2.0088023772894567e-07,True,False
betti,low,abs,20.0,0.8,50,4.472100000000001,0.27269486043264674,0.863600989223872,6.97863492562585e-16,0.8769066970697015,1.182760770876021e-13,39.64917843759008,5.115248534804158e-08,0.7922039652797795,1,81.69999999999999,5.453891160363059e-15,4.198349301201143e-13,2.2334183743511114e-07,True,False
betti,low,abs,25.0,0.8,50,5.0,0.3048845737267131,0.9002306514135566,5.888125598892178e-19,0.9202506278067911,4.570471647096652e-17,42.4193611911623,1.365510573290495e-08,0.8537635820258289,1,96.70000000000002,7.501310694479077e-18,5.986674129295615e-16,1.9927010523901639e-07,True,False
betti,low,abs,30.0,0.8,50,5.477199999999999,0.33398275744319056,0.8835900085087869,1.967154854944172e-17,0.8777108573624134,1.0519000654960802e-13,40.850593208127165,2.8862452850850375e-08,0.8189020712917148,1,97.39999999999999,2.0555663090989662e-16,3.833096870751209e-13,2.0041006899092496e-07,True,False
betti,low,abs,35.0,0.8,50,5.916100000000001,0.3607455253249215,0.9163364434250469,1.0364611088413377e-20,0.9095097543430445,4.582396791592992e-16,42.195111175142834,1.519820372503083e-08,0.8487802483365074,0,107.5,2.1907018891419184e-19,3.8742081965286206e-15,1.9927010523901639e-07,True,True
betti,low,abs,40.0,0.8,50,6.324599999999999,0.385654594998394,0.9183626786875368,5.8899512038919755e-21,0.9125867854695291,2.4407846045142915e-16,42.28709414024973,1.4545255998013464e-08,0.8508243142277717,0,110.6,1.369413654904884e-19,2.3611106705609547e-15,1.9927010523901639e-07,True,True
betti,low,abs,45.0,0.8,50,6.708199999999998,0.40904533949470734,0.9144202804804897,1.7459066954420283e-20,0.9105637790930355,3.70249630419349e-16,42.30647903558906,1.4411263071139616e-08,0.8512550896797568,0,110.8,3.5506721360862535e-19,3.2484165687735338e-15,1.9927010523901639e-07,True,True
betti,low,abs,50.0,0.8,50,7.0711,0.4311738618557922,0.9022125378062542,3.722187611436529e-19,0.8902631667130826,1.504849969236611e-14,41.82969883279696,1.8094008893824674e-08,0.8406599740621546,0,113.8,4.807825664772183e-18,7.289117038489835e-14,1.9927010523901639e-07,True,True
betti,low,abs,55.0,0.8,50,7.416200000000001,0.4522169951344099,0.9032143632565255,2.9409870663531597e-19,0.8845753114621512,3.73437731556849e-14,41.4348688634835,2.1844447564514333e-08,0.8318859747440778,0,122.20000000000002,3.907311388154912e-18,1.5573860553716123e-13,1.9927010523901639e-07,True,True
betti,low,abs,60.0,0.8,50,7.746,0.47232718161742393,0.9042379563513023,2.3057325432431637e-19,0.8672171203065004,4.570381719175755e-13,41.16767390468867,2.481314690736112e-08,0.8259483089930816,0,127.7,3.189404141988165e-18,1.3697753484265502e-12,1.9959504215927115e-07,True,True
betti,low,abs,65.0,0.8,50,8.0623,0.49161417975137583,0.9143983221849428,1.756246432902878e-20,0.9018033058694188,2.0211850654212507e-15,42.329862645279036,1.425126798328695e-08,0.8517747254506453,0,124.29999999999998,3.5506721360862535e-19,1.296346283339147e-14,1.9927010523901639e-07,True,True
betti,low,abs,70.0,0.8,50,8.3666,0.5101694549083835,0.9047932599345475,2.0182598865584685e-19,0.8721847487274973,2.316994331032827e-13,41.24423677509245,2.392357177384183e-08,0.8276497061131656,0,129.10000000000002,2.887664145383655e-18,7.751096143383197e-13,1.9959504215927115e-07,True,True
betti,low,abs,75.0,0.8,50,8.6603,0.5280783747690905,0.9262702919215848,5.591484064471417e-22,0.9049639880968519,1.1166446046607426e-15,42.553994331555934,1.2804840967667743e-08,0.8567554295901318,0,136.3,1.857171492842292e-20,7.5801422068211e-15,1.9927010523901639e-07,True,True
betti,low,abs,80.0,0.8,50,8.9443,0.545395818556768,0.9096946318735214,6.006610393993418e-20,0.8884924808188578,2.0074950249608034e-14,41.36972084754718,2.2533875481157408e-08,0.8304382410566039,0,130.7,1.0156632120752506e-18,9.288409816982822e-14,1.9927010523901639e-07,True,True
betti,low,abs,85.0,0.8,50,9.219499999999998,0.5621766654946863,0.9073093383536397,1.092512675204297e-19,0.8838968932111326,4.1487498341859e-14,40.93984142239304,2.76602964723336e-08,0.8208853649420675,0,127.79999999999998,1.6387690128064454e-18,1.714816598130172e-13,2.0041006899092496e-07,True,True
betti,low,abs,90.0,0.8,50,9.486800000000002,0.5784757948061163,0.9044334977980698,2.200313825578341e-19,0.8917760330341089,1.1717956291512197e-14,41.230931897918964,2.4075842758466973e-08,0.827354042175977,0,140.20000000000002,3.10044220876948e-18,5.858978145756099e-14,1.9959504215927115e-07,True,True
betti,low,abs,95.0,0.8,50,9.7468,0.5943297926399054,0.9110774987736647,4.214056861383814e-20,0.8777520480073601,1.0455782426152815e-13,41.285742422058874,2.345469649531944e-08,0.8285720538235305,0,133.2,7.684456629582249e-19,3.8282982898905977e-13,1.9927010523901639e-07,True,True
betti,low,abs,100.0,0.8,50,10.0,0.6097691474534263,0.858637857908263,1.5519319833387431e-15,0.7925701737293627,1.0978361598486244e-09,37.512763606667605,1.4122588108237881e-07,0.744728080148169,0,132.3,1.085185522184234e-14,1.6494145858791932e-09,3.3508381439652516e-07,True,True
betti,low,abs,0.0,0.9,50,0.0,0.0,0.9508307353600975,4.4254431603895397e-26,0.9205530079118674,4.263628892627573e-17,44.45768152373587,5.154240211652889e-09,0.8990595894163527,0,32.4,3.4297184493018935e-24,5.831139514917122e-16,1.9927010523901639e-07,True,True
betti,low,abs,5.0,0.9,50,2.2361,0.13635117794972912,0.685982145638945,3.8443726551741554e-08,0.8309039602980326,3.236498728043172e-11,29.791368532410047,5.397165640286224e-06,0.5731415229424455,1,43.5,9.610931637935388e-08,6.13023180668055e-11,7.306206761959516e-06,False,False
betti,low,abs,10.0,0.9,50,3.1622999999999997,0.1928282858684443,0.8546760814416663,2.8749473236520185e-15,0.9202938067219025,4.525415616610952e-17,40.767510447187654,3.002835630549835e-08,0.8170557877152812,1,78.30000000000001,1.9516065773696184e-14,5.986674129295615e-16,2.0041006899092496e-07,True,False
betti,low,abs,15.0,0.9,50,3.873,0.23616480130553236,0.8380339452895597,3.183073325271232e-14,0.894180045635218,7.813964275966358e-15,40.11819098856758,4.0915251852132976e-08,0.8026264664126128,1,85.69999999999999,1.8735811344950923e-13,4.105642246694188e-14,2.1299068806659125e-07,True,False
betti,low,abs,20.0,0.9,50,4.472100000000001,0.27269625817672893,0.8820986241395765,2.6240148235427976e-17,0.8862634986409857,2.865838002547717e-14,41.30403458213255,2.3250977482422507e-08,0.8289785462696122,1,99.10000000000001,2.6525367237986975e-16,1.2225822671419158e-13,1.9927010523901639e-07,True,False
betti,low,abs,25.0,0.9,50,5.0,0.30488613646466867,0.9041510897430659,2.3540936730980286e-19,0.90479412155606,1.153430625333763e-15,41.786503362151755,1.8470827633007287e-08,0.8397000747144835,0,118.6,3.189404141988165e-18,7.773119431597099e-15,1.9927010523901639e-07,True,True
betti,low,abs,30.0,0.9,50,5.477199999999999,0.33398446932885667,0.8949045254226529,1.9286724702606414e-18,0.8825961542325662,5.066977801647602e-14,40.52521496853534,3.3703725004146845e-08,0.8116714437452297,0,123.9,2.2995710222338415e-17,2.0265819369181461e-13,2.0041006899092496e-07,True,True
betti,low,abs,35.0,0.9,50,5.916100000000001,0.3607473743877253,0.9208571831573583,2.8779233121841275e-21,0.9164618885925421,1.0674367184300494e-16,42.607498318762566,1.2481798531251776e-08,0.8579444070836126,0,133.8,7.233699136030374e-20,1.2106294489511536e-15,1.9927010523901639e-07,True,True
betti,low,abs,40.0,0.9,50,6.324599999999999,0.3856565717368886,0.9276959989501573,3.5569438055185575e-22,0.9183132580640401,7.088521196115417e-17,42.93213410826646,1.0688889341954197e-08,0.8651585357392547,0,142.39999999999998,1.2722914381277917e-20,8.561460665438101e-16,1.9927010523901639e-07,True,True
betti,low,abs,45.0,0.9,50,6.708199999999998,0.409047436126458,0.9178946677409637,6.719893555127486e-21,0.9145243370310356,1.6220331164891079e-16,42.30654210096546,1.4410829164632704e-08,0.8512564911325657,0,150.5,1.4879764300639435e-19,1.6761008870387447e-15,1.9927010523901639e-07,True,True
betti,low,abs,50.0,0.9,50,7.0711,0.4311760719110637,0.9301463317524556,1.5990777127123478e-22,0.9329310768653467,1.904385804947547e-18,43.367318315000716,8.681996240075528e-09,0.8748292958889048,0,152.5,6.465835968793407e-21,4.774005008204021e-17,1.9927010523901639e-07,True,True
betti,low,abs,55.0,0.9,50,7.416200000000001,0.4522193130498551,0.910478072143421,4.917326496105972e-20,0.8853779724372706,3.29443151027838e-14,41.92886370185379,1.725769959119543e-08,0.8428636378189732,0,152.20000000000002,8.794449310343374e-19,1.3863444817008567e-13,1.9927010523901639e-07,True,True
betti,low,abs,60.0,0.9,50,7.746,0.4723296026110647,0.9272950182788723,4.04326284499018e-22,0.9147389889145294,1.5493190368653095e-16,42.80055248618782,1.138233833199061e-08,0.8622344996930627,0,161.6,1.3926794243855063e-20,1.637348527596293e-15,1.9927010523901639e-07,True,True
betti,low,abs,65.0,0.9,50,8.0623,0.4916166996038196,0.936562184054047,1.703823512490291e-23,0.924298846807111,1.760642713301315e-17,43.44751405101596,8.355497902748805e-09,0.8766114233559101,0,168.60000000000002,8.803088147866504e-22,2.923924506018255e-16,1.9927010523901639e-07,True,True
betti,low,abs,70.0,0.9,50,8.3666,0.5101720698690593,0.9188748008618832,5.094149921721305e-21,0.9028990276619971,1.649189504784868e-15,42.116134300398656,1.5782110928652348e-08,0.8470252066755257,0,165.6,1.214758827487388e-19,1.0801029855281177e-14,1.9927010523901639e-07,True,True
betti,low,abs,75.0,0.9,50,8.6603,0.5280810815249939,0.9085834030922301,7.953235960702994e-20,0.8903049425122053,1.4945640471295634e-14,41.53949757433111,2.078098499295904e-08,0.834211057207358,0,164.9,1.275260248871342e-18,7.277196669269602e-14,1.9927010523901639e-07,True,True
betti,low,abs,80.0,0.9,50,8.9443,0.5453986140761873,0.9227953333455606,1.6228902443475048e-21,0.9154931128117888,1.3174799883739833e-16,42.355026658340904,1.4081070394973369e-08,0.8523339257409089,0,169.7,4.1924664645643875e-20,1.4247167316137262e-15,1.9927010523901639e-07,True,True
betti,low,abs,85.0,0.9,50,9.219499999999998,0.5621795470272025,0.9129063070058089,2.613611697646023e-20,0.8959914693117212,5.720837061777022e-15,41.28655333045191,2.3445627836363665e-08,0.8285900740100425,0,166.4,4.960528324103676e-19,3.148152939321083e-14,1.9927010523901639e-07,True,True
betti,low,abs,90.0,0.9,50,9.486800000000002,0.5784787598826037,0.8792638809684443,4.489763760416291e-17,0.8352807292842419,2.04767297662005e-11,38.96953639202498,7.068117249379685e-08,0.7771008087116662,0,170.89999999999998,4.217656865845607e-16,4.060417629545089e-11,2.416672441883495e-07,True,True
betti,low,abs,95.0,0.9,50,9.7468,0.5943328389787665,0.8869778712056198,1.0072724259357189e-17,0.8475594979975742,5.261819875146239e-12,39.1985879640747,6.338508981723944e-08,0.7821908436461044,0,172.3,1.1151944715716888e-16,1.1906307746681271e-11,2.3392116480171696e-07,True,True
betti,low,abs,100.0,0.9,50,10.0,0.6097722729293373,0.9112088252606565,4.073353959209778e-20,0.8876069002602849,2.3145415206145425e-14,41.10410359905818,2.557678388552402e-08,0.8245356355346262,0,176.20000000000002,7.576438364130186e-19,1.0299156048667582e-13,2.0041006899092496e-07,True,True
betti,low,abs,0.0,1.0,50,0.0,0.0,0.9618328088906299,1.1473881719845252e-28,0.9422250313871942,1.2145644293347188e-19,45.39028436018959,3.2982555671124598e-09,0.919784096893102,0,35.8,1.6927191668103422e-26,6.275249551562714e-18,1.9927010523901639e-07,True,True
betti,low,abs,5.0,1.0,50,2.2361,0.13609915340210135,0.6982405828376395,1.730545152155902e-08,0.8761434116917367,1.321003638744996e-13,34.90719849971146,4.853770540106294e-07,0.6868266333269214,1,48.0,4.5983056900142535e-08,4.635975034086212e-13,8.299303500684265e-07,False,False
betti,low,abs,10.0,1.0,50,3.1622999999999997,0.1924718719214101,0.8183718480184448,3.9327911654585807e-13,0.8959914693117212,5.720837061777022e-15,38.551640170981216,8.621764014203164e-08,0.7678142260218048,1,87.6,2.0319421021536e-12,3.148152939321083e-14,2.5540715153563825e-07,True,False
betti,low,abs,15.0,1.0,50,3.873,0.23572828635854326,0.8958631882978452,1.56521608187117e-18,0.9328435311346734,1.9506687130296e-18,42.64162743779423,1.2279997410377996e-08,0.8587028319509828,1,109.7,1.9153302054476158e-17,4.774005008204021e-17,1.9927010523901639e-07,True,False
betti,low,abs,20.0,1.0,50,4.472100000000001,0.27219222035219237,0.8811396757064885,3.1516348388790597e-17,0.8796896904974426,7.854761721529507e-14,40.51496709736294,3.386870015551963e-08,0.8114437132747321,1,122.80000000000001,3.1181068086782185e-16,2.9938231151731317e-13,2.0041006899092496e-07,True,False
betti,low,abs,25.0,1.0,50,5.0,0.3043226005145149,0.8864452546288288,1.1206132792707197e-17,0.9007924084547724,2.433265294389961e-15,40.50859626374681,3.3971666705814656e-08,0.8113021391943736,1,139.2,1.2260827643785522e-16,1.5187494790487678e-14,2.0041006899092496e-07,True,False
betti,low,abs,30.0,1.0,50,5.477199999999999,0.33336714950762014,0.9090079783778504,7.1473879400995e-20,0.9162899122561449,1.1082765342818523e-16,42.37904620113339,1.3920505674755391e-08,0.8528676933585199,0,151.10000000000002,1.166152769174129e-18,1.2418038275688225e-15,1.9927010523901639e-07,True,True
betti,low,abs,35.0,1.0,50,5.916100000000001,0.3600805873807843,0.9134182596745624,2.282173855974843e-20,0.9086264093502843,5.468034429974969e-16,42.33833445394295,1.4193740674233024e-08,0.8519629878653988,0,165.09999999999997,4.51579082139703e-19,4.498760163068949e-15,1.9927010523901639e-07,True,True
betti,low,abs,40.0,1.0,50,6.324599999999999,0.3849437438428202,0.916380452571552,1.0239724098367323e-20,0.9125439641389812,2.462663817681856e-16,42.266236011718924,1.4690820900388262e-08,0.8503608002604205,0,170.1,2.1907018891419184e-19,2.3611106705609547e-15,1.9927010523901639e-07,True,True
betti,low,abs,45.0,1.0,50,6.708199999999998,0.40829137375429375,0.9242655330269396,1.0403914742531022e-21,0.9105637790930355,3.70249630419349e-16,42.76314424323936,1.1587554827226238e-08,0.8614032054053191,0,181.99999999999997,2.845776679574662e-20,3.2484165687735338e-15,1.9927010523901639e-07,True,True
betti,low,abs,50.0,1.0,50,7.0711,0.4303791080996372,0.9243099315154016,1.0263728924920637e-21,0.9117035795026116,2.9313525553309246e-16,42.75571888360472,1.1628726362505302e-08,0.8612381974134382,0,182.89999999999998,2.845776679574662e-20,2.78179375148751e-15,1.9927010523901639e-07,True,True
betti,low,abs,55.0,1.0,50,7.416200000000001,0.451383453987149,0.9281414851179247,3.08225297066622e-22,0.9221447338213606,2.9438015215762194e-17,43.09133567071705,9.906002983519156e-09,0.8686963482381567,0,191.70000000000002,1.1465981050878337e-20,4.277711586040444e-16,1.9927010523901639e-07,True,True
betti,low,abs,60.0,1.0,50,7.746,0.4714565727170865,0.9252012269813317,7.803084006838352e-22,0.9085837818533994,5.514609232149033e-16,42.74915229816048,1.166525783803542e-08,0.8610922732924552,0,198.79999999999998,2.3430452172085748e-20,4.498760163068949e-15,1.9927010523901639e-07,True,True
betti,low,abs,65.0,1.0,50,8.0623,0.4907080204256347,0.912928228419372,2.5985241947497517e-20,0.8863466573086461,2.8284063377667232e-14,41.69894822783594,1.9258809189040462e-08,0.8377544050630209,0,198.50000000000003,4.960528324103676e-19,1.212174144757167e-13,1.9927010523901639e-07,True,True
betti,low,abs,70.0,1.0,50,8.3666,0.5092290938929481,0.9100317472373297,5.512304967303036e-20,0.8825547362661795,5.099141647729528e-14,41.160706051873184,2.4895725688683283e-08,0.8257934678194041,0,205.49999999999997,9.493414110355229e-19,2.0265819369181461e-13,1.9959504215927115e-07,True,True
betti,low,abs,75.0,1.0,50,8.6603,0.5271050034471706,0.9432648659714324,1.2605846281105972e-24,0.9366303859954461,6.694912312947913e-19,43.84610545524397,6.905762326458522e-09,0.8854690101165327,0,215.3,7.815624694285703e-23,2.3060253522376142e-17,1.9927010523901639e-07,True,True
betti,low,abs,80.0,1.0,50,8.9443,0.544390527156395,0.9080715280725751,9.040260760561505e-20,0.8747224388521393,1.6197270987932985e-13,41.01761287223823,2.665353677401658e-08,0.8226136193830718,0,205.2,1.4249902554783388e-18,5.55847306965966e-13,2.0041006899092496e-07,True,True
betti,low,abs,85.0,1.0,50,9.219499999999998,0.561140443088714,0.9178946677409637,6.719893555127486e-21,0.9058478641135559,9.424133846064058e-16,41.70825207742925,1.9173508040113302e-08,0.8379611572762056,0,213.29999999999998,1.4879764300639435e-19,6.540630206596698e-15,1.9927010523901639e-07,True,True
betti,low,abs,90.0,1.0,50,9.486800000000002,0.57740952931222,0.8855502747506255,1.3389171860068239e-17,0.8457809469209993,6.4529126413471194e-12,39.54245160670538,5.381803788865363e-08,0.7898322579267861,0,207.5,1.4312563022831564e-16,1.439138790516264e-11,2.2407674479362368e-07,True,True
betti,low,abs,95.0,1.0,50,9.7468,0.5932343045389747,0.9257135005553666,6.655491058823098e-22,0.9067315822017903,7.940586994511065e-16,42.48102305475499,1.3258909996701079e-08,0.8551338456612221,0,210.39999999999998,2.1343471326570625e-20,5.814760555035662e-15,1.9927010523901639e-07,True,True
betti,low,abs,100.0,1.0,50,10.0,0.6086452010290297,0.9061113089078205,1.466490182355549e-19,0.8903049425122053,1.4945640471295634e-14,40.50925552353504,3.3960997162441396e-08,0.8113167894118898,0,211.39999999999998,2.130993546235407e-18,7.277196669269602e-14,2.0041006899092496e-07,True,True
betti,mid,abs,0.0,0.1,50,0.0,0.0,0.4071433079098134,0.003341773925806049,0.286658877532249,0.07291747131362374,13.345043964828154,0.009707304750584263,0.20766764366284787,1,1.1,0.003715749683059605,0.07509772793097462,0.010436755396581924,False,False
betti,mid,abs,5.0,0.1,50,2.2361,0.02983787430320628,0.30794980307904185,0.029582671421846122,0.2845550743435225,0.07513977852582135,9.598336028376176,0.04776540946747905,0.12440746729724836,2,0.5,0.03056876046924099,0.07730087835067904,0.050024584239589547,False,False
betti,mid,abs,10.0,0.1,50,3.1622999999999997,0.04219682031618856,0.3242440351073881,0.021606742295558326,0.36597359262450163,0.020209149065778826,7.1596354166666725,0.1276888910008539,0.0702141203703705,2,0.5999999999999999,0.022451698698177924,0.021284834236890496,0.13107137817968445,False,False
betti,mid,abs,15.0,0.1,50,3.873,0.05168019640280753,0.10377120048905862,0.47327932323478344,0.2677460424775898,0.09485402844354454,4.221990467893187,0.37679554935783344,0.0049331215087374935,2,0.0,0.47532372635890774,0.09693873236538068,0.3796531537408289,False,False
betti,mid,abs,20.0,0.1,50,4.472100000000001,0.05967441423521704,0.4406340192752724,0.00136223171261539,0.48333099286893677,0.0015814833455392438,13.478869155491132,0.009158197081951093,0.21064153678869182,2,1.4,0.0015698581074749848,0.0017323669156083588,0.009869204271395732,False,False
betti,mid,abs,25.0,0.1,50,5.0,0.06671855977641043,0.12720784847599842,0.37868141440828174,0.2339064561225862,0.14631160585389846,3.2093976149219974,0.5234144088819187,-0.017568941890622282,2,0.40000000000000013,0.38155332112643775,0.14822417586506054,0.5251083066452906,False,False
betti,mid,abs,30.0,0.1,50,5.477199999999999,0.07308617912147106,0.41084920015406373,0.0030392212904030978,0.40127819769984585,0.01027913023323849,15.192072145513823,0.004318984829437991,0.24871271434475162,2,0.8,0.0033931282113744067,0.011013353821326954,0.004708858020372018,False,False
betti,mid,abs,35.0,0.1,50,5.916100000000001,0.07894273429864436,0.4163724690143492,0.0026331465031215304,0.3767400278369031,0.016566479083041756,9.180202788339663,0.05674975336192722,0.11511561751865919,0,1.7,0.0029539520481339245,0.01760780062540438,0.05923374930032808,False,True
betti,mid,abs,40.0,0.1,50,6.324599999999999,0.08439364063237711,0.06608176467170492,0.6484266421156599,0.13407694065819134,0.4094729520304582,1.2588170462894666,0.8683230610519062,-0.060915176749122966,1,0.19999999999999996,0.6491246255840298,0.4125783807024119,0.8683230610519062,False,False
betti,mid,abs,45.0,0.1,50,6.708199999999998,0.0895122885384233,0.3374770519489271,0.01654138505297745,0.3997030691243957,0.010610012004466835,10.649683511995892,0.03079642274127008,0.14777074471101984,1,0.6000000000000001,0.017362853385179493,0.011354788451270605,0.032362342541673646,False,False
betti,mid,abs,50.0,0.1,50,7.0711,0.09435472160699518,0.195134062789672,0.17446282865036855,0.09370069000644818,0.5652297234675792,3.138879659433041,0.5348591062046575,-0.01913600756815465,1,0.7999999999999998,0.17635916374439428,0.5689000463472388,0.5360118197956159,False,False
betti,mid,abs,55.0,0.1,50,7.416200000000001,0.09895963660276302,0.2537186445643975,0.07541972334951219,0.3763200080681375,0.016697417645466974,9.110647355032926,0.058392548682432224,0.11356994122295391,2,1.0999999999999996,0.07682403364189085,0.017726710514023157,0.06088012362630266,False,False
betti,mid,abs,60.0,0.1,50,7.746,0.10336039280561506,0.4299751956588201,0.0018305403286355128,0.4726480411886521,0.002072221505754845,10.957962039973806,0.02704054772285396,0.15462137866608458,1,1.6,0.0020837239971004,0.002251362149943932,0.028512142156750773,False,False
betti,mid,abs,65.0,0.1,50,8.0623,0.10758100889707078,0.24014174681370676,0.09299824401482244,0.2665339729647884,0.09641618761372493,3.8741777502835135,0.423301764567943,-0.0027960499936996995,1,0.8999999999999999,0.0943166487827534,0.0984270630963383,0.4255898822142562,False,False
betti,mid,abs,70.0,0.1,50,8.3666,0.11164150044506313,-0.00806457349543856,0.9556734645141067,0.219175410520713,0.17420378249071966,7.002809816574361,0.13573981394298731,0.0667291070349858,2,0.0,0.9556734645141067,0.17628892025720272,0.13918194814440818,False,False
betti,mid,abs,75.0,0.1,50,8.6603,0.11556054864632946,0.28140340435634575,0.04773716189653444,0.34843150982614324,0.027569635148399718,7.902632526093876,0.09521071318237294,0.08672516724653057,2,0.9000000000000004,0.048840000620216754,0.02884112563330904,0.09784084338078103,False,False
betti,mid,abs,80.0,0.1,50,8.9443,0.1193501628416296,0.25314655863167257,0.07610311696986506,0.36768759825584413,0.019587965809687656,6.341426674836576,0.1750600445649516,0.05203170388525725,1,0.5,0.07743533783585832,0.02067742134280309,0.1785151770234704,False,False
betti,mid,abs,85.0,0.1,50,9.219499999999998,0.12302235237172322,0.09030302354635089,0.5328478848859711,0.4182885184483803,0.007231499243822553,11.693305144467914,0.01978378304541571,0.1709623365437314,1,0.0,0.5345723116978998,0.007765928749139693,0.021027335122556123,False,False
betti,mid,abs,90.0,0.1,50,9.486800000000002,0.12658912657737012,0.38632200875894573,0.005586796214140298,0.3682727402310156,0.019379599987602237,8.83603681922781,0.0653310232087109,0.1074674848717291,1,1.1,0.006105429470212077,0.020480713623261454,0.0678858676917331,False,False
betti,mid,abs,95.0,0.1,50,9.7468,0.13005849168574346,0.29837569963862764,0.035319572844746315,0.37504536871398797,0.017100128800856033,8.393747476786418,0.07817413053322673,0.09763883281747596,2,1.2000000000000002,0.03637563980688159,0.018133545934773218,0.08077993488433428,False,False
betti,mid,abs,100.0,0.1,50,10.0,0.13343711955282087,0.31234376732018243,0.027222281255275066,0.30178796224025095,0.058418837311919526,6.552731008218046,0.16149807812307854,0.05672735573817881,2,1.3000000000000003,0.028192340275507585,0.06036613188898351,0.16504748643347586,False,False
betti,mid,abs,0.0,0.2,50,0.0,0.0,0.8252693063879438,1.687288633784752e-13,0.6693846586512018,2.3265344274789634e-06,35.886384630503144,3.053681641117254e-07,0.7085863251222921,1,6.3,9.176482043390757e-13,2.7353691751648997e-06,5.702658486423787e-07,True,False
betti,mid,abs,5.0,0.2,50,2.2361,0.02910758528512501,0.6489297036266648,3.450869397693021e-07,0.5814426615484167,8.333449112982317e-05,22.7559402810874,0.00014166409234860235,0.41679867291305334,1,4.1,7.178348948603634e-07,9.416898754645875e-05,0.00016468450735525022,False,False
betti,mid,abs,10.0,0.2,50,3.1622999999999997,0.04116404317658013,0.6435055191738583,4.642265819902412e-07,0.7058824110267837,3.622794292215469e-07,24.843140592325994,5.4098334410184686e-05,0.46318090205168877,1,4.499999999999999,9.405898066468939e-07,4.4215205928613994e-07,6.500187467890408e-05,False,False
betti,mid,abs,15.0,0.2,50,3.873,0.05041531139452134,0.5894107632561678,6.683922733809895e-06,0.6592690829978624,3.725599358476879e-06,21.827772895918724,0.00021687664988055826,0.39617273102041606,1,4.7,1.1021361954686528e-05,4.331009254229372e-06,0.0002499321987471117,False,False
betti,mid,abs,20.0,0.2,50,4.472100000000001,0.05821386885810453,0.5739734970049812,1.3133045491395957e-05,0.7679036686530255,7.3456177245423435e-09,24.292924299699525,6.976978891506892e-05,0.4509538733266561,1,4.1000000000000005,2.0458513077048976e-05,1.0120628864925007e-08,8.308054249809743e-05,False,False
betti,mid,abs,25.0,0.2,50,5.0,0.06508560727410448,0.6773551599504134,6.590409459136423e-08,0.7488037209362627,2.7479598385138128e-08,29.209787816563995,7.086568464317949e-06,0.5602175070347555,1,4.200000000000001,1.583741808009528e-07,3.57426944030468e-08,9.374834526053617e-06,False,False
betti,mid,abs,30.0,0.2,50,5.477199999999999,0.071297377632345,0.5339577196926447,6.511035557606929e-05,0.719991166955257,1.6350851470597332e-07,23.45015314307939,0.00010292582325887754,0.43222562540176424,1,3.799999999999999,8.788480505913561e-05,2.0275055823540692e-07,0.00012131941144582524,False,False
betti,mid,abs,35.0,0.2,50,5.916100000000001,0.07701059223886592,0.5849872805782773,8.139958983536201e-06,0.6735314340572182,1.9081379676088182e-06,21.468577277379705,0.00025563154438264414,0.3881906061639934,1,5.3,1.3142642108834491e-05,2.2605965730907017e-06,0.00029314098184446245,False,False
betti,mid,abs,40.0,0.2,50,6.324599999999999,0.08232808635316026,0.5687202599255303,1.639978138781364e-05,0.7864011203587412,1.8074139450534402e-09,28.3781585826314,1.0454243458847312e-05,0.5417368573918089,1,4.6,2.5044001134099653e-05,2.622301043525272e-09,1.3559897373400279e-05,False,False
betti,mid,abs,45.0,0.2,50,6.708199999999998,0.08732145414322952,0.6311060780384763,8.951144855020636e-07,0.790663024643106,1.2830455384366502e-09,26.853576967816974,2.1280876739391064e-05,0.5078572659514883,1,6.200000000000001,1.7164050959111736e-06,1.9030818991165626e-09,2.6890238271241426e-05,False,False
betti,mid,abs,50.0,0.2,50,7.0711,0.09204536751918402,0.6067714085474291,2.9961937936574242e-06,0.7457305896947014,3.361042331026382e-08,24.29009848154076,6.986092788386225e-05,0.45089107736757245,1,4.199999999999999,5.208336874955896e-06,4.341346344242411e-08,8.308268917134513e-05,False,False
betti,mid,abs,55.0,0.2,50,7.416200000000001,0.09653757613324272,0.5625258698701706,2.1207768035019096e-05,0.7583479982572694,1.4428915624302599e-08,25.292924275626984,4.392698062604948e-05,0.473176095013933,1,4.6,3.135647738087084e-05,1.930775759798765e-08,5.319282810185679e-05,False,False
betti,mid,abs,60.0,0.2,50,7.746,0.10083062278904267,0.5985284147004207,4.411323137055605e-06,0.670566918692144,2.199377602318141e-06,24.58238685919176,6.1033249907913045e-05,0.4573863746487058,1,4.6,7.486369557411885e-06,2.592422268892105e-06,7.295748382308371e-05,False,False
betti,mid,abs,65.0,0.2,50,8.0623,0.10494793830520253,0.5877061218478403,7.213800410280302e-06,0.6901014144389761,8.36652845561224e-07,21.24411493471823,0.0002832579280072438,0.38320255410484955,1,5.5,1.1832159403105258e-05,1.0052805508681373e-06,0.00032283072677296166,False,False
betti,mid,abs,70.0,0.2,50,8.3666,0.10890904836390451,0.5890345563189224,6.797666594026175e-06,0.7454285288386355,3.4277114427675696e-08,25.140983526896374,4.713031887260528e-05,0.4697996339310305,1,5.4,1.116931083470732e-05,4.421319891503245e-08,5.692363188509469e-05,False,False
betti,mid,abs,75.0,0.2,50,8.6603,0.11273217693518539,0.685336355285151,4.005191240603784e-08,0.7990214296048118,6.400488819602608e-10,28.929249319330985,8.080397233059323e-06,0.5539833182073552,1,5.899999999999999,9.986133656197103e-08,9.774145488063098e-10,1.062909395579232e-05,False,False
betti,mid,abs,80.0,0.2,50,8.9443,0.11642903942835453,0.6561178323951405,2.308110195806521e-07,0.7191724522013503,1.7145659427445628e-07,26.054389285194315,3.08554635540868e-05,0.4900975396709848,1,5.300000000000001,4.957372937875438e-07,2.123230794610444e-07,3.8159017427261604e-05,False,False
betti,mid,abs,85.0,0.2,50,9.219499999999998,0.12001135125272126,0.6991757401997637,1.625667465318943e-08,0.777620011152697,3.5755231621105837e-09,29.643842820275573,5.783364213888091e-06,0.5698631737839016,1,6.0,4.3569762038807406e-08,5.070777624186319e-09,7.806282610908455e-06,False,False
betti,mid,abs,90.0,0.2,50,9.486800000000002,0.12349082781759486,0.681619954048225,5.060279398047806e-08,0.7733404492307067,4.931167489845424e-09,28.094301399144936,1.1935874265811932e-05,0.5354289199809986,1,6.9,1.2418347046051774e-07,6.8962191963251796e-09,1.5417170926673746e-05,False,False
betti,mid,abs,95.0,0.2,50,9.7468,0.1268752793958483,0.6629598551834092,1.5581950163165178e-07,0.7226054065645773,1.4035711919412402e-07,25.727314568092602,3.591388918965726e-05,0.48282921262428,1,5.700000000000001,3.4751111874684933e-07,1.7521090047051725e-07,4.412142265043759e-05,False,False
betti,mid,abs,100.0,0.2,50,10.0,0.13017121454820896,0.6911857215904476,2.7526282003291737e-08,0.8358880772316666,1.9196207653647145e-11,32.73820241104411,1.351347425010536e-06,0.6386267202454246,1,5.1,7.150682196385842e-08,3.839241530729429e-11,2.0401836124347378e-06,False,False
betti,mid,abs,0.0,0.3,50,0.0,0.0,0.8959411499930134,1.5387243953548393e-18,0.8313422733605726,3.093290081297231e-11,39.93731379612502,4.4595712985879003e-08,0.7986069732472226,0,12.5,1.908018250240001e-17,5.916647098639386e-11,2.1358185226779228e-07,True,True
betti,mid,abs,5.0,0.3,50,2.2361,0.029285464731252788,0.6698234648746249,1.0398988666166348e-07,0.7823280718075014,2.4898436316530017e-09,27.37652493590673,1.6681441153355394e-05,0.5194783319090385,1,9.299999999999999,2.387915915934495e-07,3.5733866935760674e-09,2.1222626911929573e-05,False,False
betti,mid,abs,10.0,0.3,50,3.1622999999999997,0.041415600876365415,0.630968473901359,9.015147486188705e-07,0.7909998931558813,1.2483426284948599e-09,28.20330894820986,1.1343675789821628e-05,0.5378513099602191,1,8.700000000000001,1.7224974303578888e-06,1.8605106482375315e-09,1.4672626543162885e-05,False,False
betti,mid,abs,15.0,0.3,50,3.873,0.05072340454547742,0.6471211090005433,3.812042147089174e-07,0.792942328164556,1.0647413224833656e-09,29.939824502193726,5.034452464963091e-06,0.5764405444931939,1,8.9,7.86075209931914e-07,1.6022806309215697e-09,6.835096047322153e-06,False,False
betti,mid,abs,20.0,0.3,50,4.472100000000001,0.05856961979546336,0.5723036718671877,1.4099719719471534e-05,0.7495498900722957,2.6156863878376392e-08,25.103542642019388,4.7954684905725296e-05,0.4689676142670975,1,8.799999999999999,2.1709833342894912e-05,3.411764853701268e-08,5.784417245437682e-05,False,False
betti,mid,abs,25.0,0.3,50,5.0,0.06548335211138319,0.6107733337186201,2.4733765194064856e-06,0.8363415533289733,1.8289482538060145e-11,31.918272104907903,1.9881035497418053e-06,0.6204060467757312,1,9.3,4.373080157885992e-06,3.6896353059427187e-11,2.8710191013352157e-06,False,False
betti,mid,abs,30.0,0.3,50,5.477199999999999,0.07173308323689359,0.5440345369846773,4.434617223095371e-05,0.8377456377007395,1.5730063700892924e-11,35.02167423437349,4.5979699205571843e-07,0.6893705385416331,1,8.899999999999999,6.155513458923425e-05,3.208105096892636e-11,7.992732759099403e-07,False,False
betti,mid,abs,35.0,0.3,50,5.916100000000001,0.07748121188523081,0.5207594964669551,0.00010574385913040005,0.8393493678251048,1.3218707575620933e-11,33.6494946075349,8.79282578150739e-07,0.6588776579452199,1,7.900000000000002,0.00013773359802699166,2.754552236521225e-11,1.3859877926782836e-06,False,False
betti,mid,abs,40.0,0.3,50,6.324599999999999,0.08283120175273083,0.5225016311941738,9.930060698595475e-05,0.7221603575925791,1.440704144921333e-07,25.31211136440804,4.353816626128912e-05,0.4736024747646231,1,7.0,0.00013006980915061678,1.7960520841512596e-07,5.285965355482883e-05,False,False
betti,mid,abs,45.0,0.3,50,6.708199999999998,0.08785508452671613,0.5658218760752667,1.8508122348838173e-05,0.8387954201312595,1.4040243329110183e-11,33.29900607932063,1.0373974707788527e-06,0.6510890239849029,1,7.099999999999998,2.7897169828880875e-05,2.88243406094315e-11,1.599966248464897e-06,False,False
betti,mid,abs,50.0,0.3,50,7.0711,0.09260786622296034,0.5650036784185622,1.914698468017927e-05,0.8123534010694411,1.9683402260951226e-10,32.532930120481915,1.4885636804801783e-06,0.634065113788487,1,8.100000000000001,2.8720477020268903e-05,3.228494550738032e-10,2.218532408407958e-06,False,False
betti,mid,abs,55.0,0.3,50,7.416200000000001,0.097127527185688,0.6814409315227895,5.1171620146745885e-08,0.8875550945808645,2.333806530333802e-14,35.85617045892787,3.097691731964704e-07,0.707914899087286,1,10.2,1.252358072012465e-07,1.0335428920049695e-13,5.77325312770977e-07,False,False
betti,mid,abs,60.0,0.3,50,7.746,0.10144680909095484,0.6650532144466625,1.3789127929966224e-07,0.7916735362204594,1.1815593225930012e-09,30.23861519903495,4.376374936861143e-06,0.5830803377563322,1,10.599999999999998,3.082665618958795e-07,1.7666401447130082e-09,5.976547270603322e-06,False,False
betti,mid,abs,65.0,0.3,50,8.0623,0.10558928594552093,0.6033796144391271,3.5177683026527317e-06,0.8513760641019223,3.3660576254243656e-12,32.034246047049756,1.8825130411752464e-06,0.6229832454899946,1,9.0,6.0471802614917574e-06,8.026752799088872e-12,2.7355267629577797e-06,False,False
betti,mid,abs,70.0,0.3,50,8.3666,0.10957460275501972,0.6501297254266262,3.2291450013351377e-07,0.8100308694184926,2.43319922096002e-10,32.21448136181703,1.7293950799165438e-06,0.6269884747070451,1,8.599999999999998,6.748550227509389e-07,3.9286029088416987e-10,2.5408174159911307e-06,False,False
betti,mid,abs,75.0,0.3,50,8.6603,0.11342109485804235,0.635476156956726,7.12557304372905e-07,0.863264343602666,7.697976966874831e-13,33.1174773646696,1.1301197857927202e-06,0.6470550525482133,1,9.3,1.4010111904160712e-06,2.1563610178293955e-12,1.717338890175212e-06,False,False
betti,mid,abs,80.0,0.3,50,8.9443,0.11714054925796895,0.722015911852568,3.267597547542329e-09,0.8878893273528625,2.2121201538050465e-14,37.57776332273296,1.3693473470550546e-07,0.7461725182829547,1,12.3,9.963494161358579e-09,9.986756034168414e-14,3.2992047480860127e-07,True,False
betti,mid,abs,85.0,0.3,50,9.219499999999998,0.12074475295817946,0.6697133414764683,1.0467553430777529e-07,0.8458448551634031,6.4060555301597415e-12,35.52812575225071,3.618198558436656e-07,0.7006250167166824,1,11.900000000000002,2.3918488183349146e-07,1.4321229911174421e-11,6.559307328160019e-07,False,False
betti,mid,abs,90.0,0.3,50,9.486800000000002,0.12424549296205402,0.7116978285009213,6.8748318162486956e-09,0.8776898888606823,1.055132041841193e-13,37.85785486828138,1.1988233486346537e-07,0.7523967748506973,1,11.8,1.9612250273347505e-08,3.833096870751209e-13,3.054536203370488e-07,True,False
betti,mid,abs,95.0,0.3,50,9.7468,0.12765062727184595,0.6670747152982831,1.224264469258544e-07,0.8399062885855143,1.243836552469521e-11,33.89977351580567,7.81302880035973e-07,0.6644394114623482,1,12.100000000000001,2.7568182963933317e-07,2.6112144329495588e-11,1.254942449798713e-06,False,False
betti,mid,abs,100.0,0.3,50,10.0,0.13096670422276638,0.714808416673728,5.512644160699888e-09,0.8123916645772019,1.9614290822950318e-10,32.92341769100986,1.2383899767410184e-06,0.6427426153557747,1,10.899999999999999,1.6021122092034048e-08,3.2228428383999635e-10,1.8757372611875363e-06,True,False
betti,mid,abs,0.0,0.4,50,0.0,0.0,0.9315971956526756,9.823991043958149e-23,0.888056585398493,2.1534917002595358e-14,43.1045725357229,9.843546044238145e-09,0.8689905007938422,0,17.700000000000003,4.5681558354405385e-21,9.817388633536119e-14,1.9927010523901639e-07,True,True
betti,mid,abs,5.0,0.4,50,2.2361,0.02924666626494548,0.6404634786292698,5.468465900984308e-07,0.8576454164614643,1.5718497263754461e-12,33.43002364066191,9.752232529610877e-07,0.6540005253480424,1,9.400000000000002,1.0936931801968615e-06,4.141133840025963e-12,1.5141195747142096e-06,False,False
betti,mid,abs,10.0,0.4,50,3.1622999999999997,0.04136073195726357,0.6433483211840715,4.681932217482496e-07,0.8521461005244554,3.0713029706719775e-12,33.436336886787906,9.723229208711216e-07,0.6541408197063979,1,8.100000000000001,9.465645570127655e-07,7.45773306194501e-12,1.5121409973413764e-06,False,False
betti,mid,abs,15.0,0.4,50,3.873,0.050656204303981864,0.6270208661554567,1.1043414308369735e-06,0.8486750228736973,4.623577027902483e-12,30.49180288345627,3.8862697882055305e-06,0.5887067307434727,1,10.7,2.0664739047854835e-06,1.061710280481311e-11,5.354416152638731e-06,False,False
betti,mid,abs,20.0,0.4,50,4.472100000000001,0.05849202459794405,0.6766147720184028,6.89666401766244e-08,0.8684819103615429,3.8545372532031173e-13,34.075396022918774,7.191225061576312e-07,0.6683421338426394,1,11.8,1.6530663753675437e-07,1.196589837409152e-12,1.1712503165089263e-06,False,False
betti,mid,abs,25.0,0.4,50,5.0,0.06539659734570341,0.63288543619886,8.160759552528567e-07,0.8854068357212075,3.279558672554723e-14,37.98779665912481,1.1270735164081589e-07,0.7552843702027736,1,10.999999999999996,1.577859955062696e-06,1.3863444817008567e-13,2.9322320997756244e-07,False,False
betti,mid,abs,30.0,0.4,50,5.477199999999999,0.07163804859637735,0.597980245051575,4.524551757495672e-06,0.8135285459024283,1.7661493785375885e-10,30.928390605448048,3.1661087071509586e-06,0.5984086801210677,1,11.2,7.664541228544581e-06,2.9435822975626475e-10,4.441147960257001e-06,False,False
betti,mid,abs,35.0,0.4,50,5.916100000000001,0.07737856191138319,0.6712983650322788,9.520294785139977e-08,0.8393312692666578,1.3244820823547574e-11,33.24514544403771,1.0640883862573931e-06,0.6498921209786158,1,11.400000000000002,2.2190160777393933e-07,2.754552236521225e-11,1.6334972751769393e-06,False,False
betti,mid,abs,40.0,0.4,50,6.324599999999999,0.08272146391452714,0.5719398161214182,1.4318888392323301e-05,0.892913164087848,9.685694831609027e-15,35.37922140416723,3.882396978746087e-07,0.6973160312037163,1,12.200000000000003,2.2010853231174662e-05,4.92223835704721e-14,6.956896320296456e-07,False,False
betti,mid,abs,45.0,0.4,50,6.708199999999998,0.08773869086288952,0.564677212475424,1.9407520121781262e-05,0.8614460024474507,9.73161456721252e-13,36.911808029267355,1.8782532237760555e-07,0.7313735117614968,1,9.699999999999996,2.9050325817286824e-05,2.661882808090483e-12,3.988071913497104e-07,False,False
betti,mid,abs,50.0,0.4,50,7.0711,0.09248517589824068,0.5867399582268317,7.531125360114146e-06,0.86879806570748,3.692840352931367e-13,36.4477448856799,2.3405268912463377e-07,0.7210609974595534,1,10.000000000000004,1.2287625587554659e-05,1.1524636000758964e-12,4.7098889504190444e-07,False,False
betti,mid,abs,55.0,0.4,50,7.416200000000001,0.09699884904704113,0.64058101062967,5.434149563600395e-07,0.9261374897193354,1.121625671778965e-17,37.40225665207138,1.4883129564024955e-07,0.7422723700460306,1,15.799999999999997,1.0891722185664585e-06,2.086223749508875e-16,3.460327623635802e-07,False,False
betti,mid,abs,60.0,0.4,50,7.746,0.10131240860796373,0.6708561145286391,9.776187525643922e-08,0.9330136831631233,1.861666320716838e-18,40.791715235296934,2.9683922026531905e-08,0.8175936718954874,1,15.099999999999998,2.2672953613089396e-07,4.774005008204021e-17,2.0041006899092496e-07,False,False
betti,mid,abs,65.0,0.4,50,8.0623,0.10544939735605294,0.6424193425691576,4.922877158807504e-07,0.9061030445113443,8.970909982586769e-16,37.10999951902264,1.7097153374959674e-07,0.7357777670893919,1,17.2,9.931183856162643e-07,6.320413851367951e-15,3.767856075524289e-07,False,False
betti,mid,abs,70.0,0.4,50,8.3666,0.10942943427051244,0.550794689073585,3.403545044833445e-05,0.8530833202024252,2.745233287795721e-12,34.38887659369736,6.201389087985105e-07,0.6753083687488303,1,12.0,4.832514338465807e-05,6.7363244265172046e-12,1.0280377632488676e-06,False,False
betti,mid,abs,75.0,0.4,50,8.6603,0.11327083039859903,0.6084282207836162,2.768408170223471e-06,0.8678284250091458,4.210083629643382e-13,34.95992392141753,4.7342375910588827e-07,0.687998309364834,1,14.299999999999997,4.830430766055962e-06,1.279535220773969e-12,8.168536103311245e-07,False,False
betti,mid,abs,80.0,0.4,50,8.9443,0.11698535712783502,0.6929398929878846,2.4556167512389297e-08,0.8717889575227074,2.448371308741881e-13,34.925215548383996,4.812589813915165e-07,0.687227012186311,1,15.400000000000002,6.396984814151833e-08,8.074416018191309e-13,8.273028700445664e-07,False,False
betti,mid,abs,85.0,0.4,50,9.219499999999998,0.12058478584574252,0.6511838406514393,3.0454292485810697e-07,0.8453280172914939,6.7943291138195034e-12,35.52199567203656,3.6287126614436465e-07,0.7004887927119235,1,15.599999999999998,6.422333789524705e-07,1.5008850536465886e-11,6.565569601444729e-07,False,False
betti,mid,abs,90.0,0.4,50,9.486800000000002,0.12408088793984381,0.7416934979563506,7.187167377165726e-10,0.8999958197378046,2.81244153821197e-15,36.95905000240624,1.8366340280194377e-07,0.7324233333868052,1,17.5,2.3736389044880055e-09,1.687464922927182e-14,3.935644345755938e-07,True,False
betti,mid,abs,95.0,0.4,50,9.7468,0.12748151100182042,0.753138993655916,2.794045525963783e-10,0.9105782326071438,3.6916196307680465e-16,40.032315840154055,4.262323314082421e-08,0.8007181297812013,1,17.0,9.917795187581366e-10,3.2484165687735338e-15,2.1358185226779228e-07,True,False
betti,mid,abs,100.0,0.4,50,10.0,0.13079319469140682,0.7099574756908282,7.76918609979584e-09,0.91402749455594,1.802873508455491e-16,38.53540554834364,8.688554566759422e-08,0.7674534566298586,1,18.1,2.202848497807967e-08,1.842497102047919e-15,2.5574279870171346e-07,True,False
betti,mid,abs,0.0,0.5,50,0.0,0.0,0.9496099426469072,7.863085655729795e-26,0.9081388560509501,6.02357662416771e-16,44.423760210034985,5.238577295777364e-09,0.8983057824452219,0,26.0,5.625130507560545e-24,4.871240226500843e-15,1.9927010523901639e-07,True,True
betti,mid,abs,5.0,0.5,50,2.2361,0.029131844329241752,0.6994735658568975,1.5935402520765536e-08,0.8483957287658489,4.776176857768789e-12,31.706520379192522,2.196344724095456e-06,0.6157004528709449,1,13.999999999999996,4.295630244728101e-08,1.0913622795393056e-11,3.1570333746658024e-06,False,False
betti,mid,abs,10.0,0.5,50,3.1622999999999997,0.04119835039683431,0.6568775147729725,2.210671819853954e-07,0.9099508449276,4.1925672467291833e-16,38.0246613641841,1.107509262735306e-07,0.7561035858707578,1,15.100000000000001,4.803562599215367e-07,3.610266240239019e-15,2.9162263016489807e-07,False,False
betti,mid,abs,15.0,0.5,50,3.873,0.05045732887042321,0.5270027223856695,8.427857718001145e-05,0.8565149164097303,1.8079814469170179e-12,34.89368198015987,4.884895028146816e-07,0.6865262662257748,1,13.900000000000002,0.00011181038056691961,4.670618737868963e-12,8.335692433351447e-07,False,False
betti,mid,abs,20.0,0.5,50,4.472100000000001,0.05826238586145613,0.5845947401390054,8.282414324602118e-06,0.8678692246342364,4.187012908656142e-13,37.98466422936306,1.1287517115265307e-07,0.7552147606525125,1,11.200000000000003,1.3349471961663724e-05,1.2766957393607254e-12,2.9322320997756244e-07,False,False
betti,mid,abs,25.0,0.5,50,5.0,0.06513985136899457,0.5268505194301816,8.475052715777337e-05,0.8833426761824937,4.5189764730591896e-14,36.401684473962845,2.392185919372221e-07,0.7200374327547299,1,16.400000000000006,0.0001121166290991881,1.8352175196266577e-13,4.774104946386621e-07,False,False
betti,mid,abs,30.0,0.5,50,5.477199999999999,0.0713567987836514,0.515965343047445,0.00012549586297452034,0.8456459591992255,6.55294369432769e-12,33.932015810276646,7.694988467831826e-07,0.6651559068950366,1,13.400000000000006,0.00016255035176365447,1.45795158749396e-11,1.2402667721115421e-06,False,False
betti,mid,abs,35.0,0.5,50,5.916100000000001,0.07707477493682176,0.5385459638659498,5.474739929442e-05,0.8531234077624292,2.732038820380677e-12,35.18998749037719,4.246071900228663e-07,0.6931108331194932,1,15.200000000000003,7.465554449239091e-05,6.7363244265172046e-12,7.493068059227053e-07,False,False
betti,mid,abs,40.0,0.5,50,6.324599999999999,0.08239670079366862,0.561540452024456,2.2082683592388167e-05,0.9000804814020469,2.7696454377996145e-15,39.21038936006167,6.303022478620526e-08,0.7824530968902593,1,18.0,3.24950881976598e-05,1.673579247524116e-14,2.3392116480171696e-07,False,False
betti,mid,abs,45.0,0.5,50,6.708199999999998,0.08739423019069789,0.5325833471345321,6.854729452034148e-05,0.8229155279724211,7.224241054232489e-11,34.827003367003364,5.041371409496546e-07,0.6850445192667414,1,18.4,9.225612721261588e-05,1.2748660683939686e-10,8.524500746966887e-07,False,False
betti,mid,abs,50.0,0.5,50,7.0711,0.09212208060305951,0.5447649491099842,4.310799561725439e-05,0.8569609716578905,1.7110909623356062e-12,36.075413541065565,2.792145955365555e-07,0.7127869675792348,1,14.0,6.00156226407883e-05,4.432631183766333e-12,5.310216234130811e-07,False,False
betti,mid,abs,55.0,0.5,50,7.416200000000001,0.09661803314454753,0.6417591991736971,5.101073864703452e-07,0.8702874275956052,3.0132317019880365e-13,38.25707624266895,9.917305265205818e-08,0.7612683609481989,1,18.200000000000003,1.0246217482017732e-06,9.764130602260884e-13,2.786433201402239e-07,False,False
betti,mid,abs,60.0,0.5,50,7.746,0.10091465774084642,0.5565330488207308,2.7065092203759235e-05,0.8450104337291287,7.043751325050352e-12,35.663074629736464,3.3942788299193155e-07,0.7036238806608103,1,20.4,3.910012548543718e-05,1.5522959081272105e-11,6.213935653198746e-07,False,False
betti,mid,abs,65.0,0.5,50,8.0623,0.10503540473844901,0.721425220423219,3.412773557186604e-09,0.8916922549294539,1.1882559214287341e-14,38.31018375986143,9.670169321074837e-08,0.7624485279969206,1,23.599999999999994,1.0372154928704385e-08,5.878074504940015e-14,2.741713337483945e-07,True,False
betti,mid,abs,70.0,0.5,50,8.3666,0.10899981609276597,0.6735249191598132,8.324529800477316e-08,0.851464624056101,3.3308551782531776e-12,33.51587737029551,9.365096419886105e-07,0.655908386006567,1,23.799999999999997,1.9550032107181576e-07,7.963227032841787e-12,1.4662524697801477e-06,False,False
betti,mid,abs,75.0,0.5,50,8.6603,0.11282613096218073,0.6796077582956238,5.735170158303769e-08,0.9111624685348505,3.2763408706032415e-16,39.62906809001729,5.1644478457166746e-08,0.791757068667051,1,23.4,1.3962587034613886e-07,3.0469970096610144e-15,2.233923951868143e-07,False,False
betti,mid,abs,80.0,0.5,50,8.9443,0.11652607451993965,0.637821734435666,6.295231118060578e-07,0.8953168929197836,6.429477961795084e-15,39.01980964283995,6.901120943662922e-08,0.77821799206311,1,21.4,1.2456521148502846e-06,3.4967336283446945e-14,2.4037612275679837e-07,False,False
betti,mid,abs,85.0,0.5,50,9.219499999999998,0.12011137193928909,0.6746557227559251,7.77257066942747e-08,0.8830936250964342,4.695276767486832e-14,38.866642627049366,7.42257770507969e-08,0.774814280601097,1,22.1,1.839310616429401e-07,1.894539610314586e-13,2.447871370824153e-07,False,False
betti,mid,abs,90.0,0.5,50,9.486800000000002,0.12359374839347556,0.719446188952588,3.944673662455405e-09,0.853043238292933,2.7584856841831405e-12,35.38187021982779,3.8775332606587636e-07,0.6973748937739509,1,23.300000000000004,1.1720595866081556e-08,6.75103075339558e-12,6.956896320296456e-07,True,False
betti,mid,abs,95.0,0.5,50,9.7468,0.12698102066466327,0.686163642042694,3.80027782795498e-08,0.866492256420578,5.035139515720431e-13,35.51716141448159,3.6370256888196306e-07,0.7003813647662576,1,25.6,9.526302911046176e-08,1.4865649998793655e-12,6.567832797285935e-07,False,False
betti,mid,abs,100.0,0.5,50,10.0,0.13027970273798914,0.7240864013866606,2.803325455364987e-09,0.8715431177027544,2.5334663053426254e-13,36.71250000000001,2.0644441546960061e-07,0.7269444444444447,1,22.900000000000006,8.661437453453282e-09,8.325525314376825e-13,4.2951522681594757e-07,True,False
betti,mid,abs,0.0,0.6,50,0.0,0.0,0.9251983014337173,7.810150724028583e-22,0.8574849219775783,1.6035108092536006e-12,42.59098056238843,1.2580650817369896e-08,0.857577345830854,0,30.599999999999998,2.3430452172085748e-20,4.2007466270587285e-12,1.9927010523901639e-07,True,True
betti,mid,abs,5.0,0.6,50,2.2361,0.028892968220140952,0.6521604730467095,2.8839746792356606e-07,0.7651904113934567,8.926356495638844e-09,25.751430360238864,3.551430526990516e-05,0.4833651191164192,1,19.599999999999998,6.134573534539102e-07,1.2226084743658504e-08,4.368823267329603e-05,False,False
betti,mid,abs,10.0,0.6,50,3.1622999999999997,0.040860531014959865,0.4336462348133856,0.0016551837528261041,0.707466968945675,3.320802038933265e-07,22.408205103468212,0.00016619805443307957,0.40907122452151584,1,11.399999999999999,0.0018910576045801928,4.079717168042188e-07,0.00019248342543308096,False,False
betti,mid,abs,15.0,0.6,50,3.873,0.05004358745879252,0.4438087824618989,0.0012451555834253254,0.8241171134811291,6.418877834170197e-11,36.32000384781877,2.4866056805640027e-07,0.718222307729306,1,14.600000000000001,0.001438502723708761,1.1370583591958634e-10,4.909858350158222e-07,False,False
betti,mid,abs,20.0,0.6,50,4.472100000000001,0.05778464432596591,0.5049216027326386,0.00018441708897891688,0.8561524897145653,1.890475358321785e-12,35.649234325339485,3.4165932371632087e-07,0.7033163183408775,1,16.700000000000003,0.0002335045854773932,4.8300606682397256e-12,6.227255675820256e-07,False,False
betti,mid,abs,25.0,0.6,50,5.0,0.06460571580014524,0.44922475056616956,0.0010660450086704925,0.8203931680358292,9.232330871154407e-11,36.6530088027322,2.1235064080600483e-07,0.7256224178384933,2,17.9,0.001245504846813515,1.5988952905351208e-10,4.394493684290213e-07,False,False
betti,mid,abs,30.0,0.6,50,5.477199999999999,0.0707716853161111,0.3673776240134937,0.008676992087605372,0.8094597413284375,2.562291118012701e-10,33.769989895587734,8.306703117574382e-07,0.6615553310130607,1,10.600000000000001,0.009339817872075227,4.129862633885289e-10,1.3182993002293813e-06,False,False
betti,mid,abs,35.0,0.6,50,5.916100000000001,0.07644277504904784,0.5000961446023694,0.00021730616567395273,0.8878153320819344,2.238533902603941e-14,39.05512019230768,6.786185664958144e-08,0.7790026709401707,1,21.000000000000007,0.00027199829620023694,1.0057181301553938e-13,2.3757259462781054e-07,False,False
betti,mid,abs,40.0,0.6,50,6.324599999999999,0.08172106202991973,0.540338920459921,5.112644914745691e-05,0.8521139073385587,3.0831243098957167e-12,38.025950858296866,1.1068310877141746e-07,0.756132241295486,1,20.799999999999997,7.023278834141053e-05,7.466941688028688e-12,2.9162263016489807e-07,False,False
betti,mid,abs,45.0,0.6,50,6.708199999999998,0.08667761254610686,0.47755426886938307,0.00045328529814763987,0.8491258749324776,4.3868593036953795e-12,37.37183518438385,1.5099576375826733e-07,0.7415963374307522,1,16.299999999999997,0.0005496158113133052,1.012352147006626e-11,3.465936504383567e-07,False,False
betti,mid,abs,50.0,0.6,50,7.0711,0.09136669539888141,0.5938272534698514,5.474022793300126e-06,0.8974654858700755,4.420004293789153e-15,38.615365009137236,8.364507883960155e-08,0.769230333536383,1,22.6,9.107050443236345e-06,2.5531701821266534e-14,2.5540715153563825e-07,False,False
betti,mid,abs,55.0,0.6,50,7.416200000000001,0.09582578190340742,0.5698680787749879,1.562787891061897e-05,0.8273758259472741,4.637404955933796e-11,37.507191303092974,1.4159993447078967e-07,0.7446042511798439,1,26.199999999999996,2.390448583367704e-05,8.406991440581736e-11,3.3508381439652516e-07,False,False
betti,mid,abs,60.0,0.6,50,7.746,0.10008717491758504,0.5901677165736262,6.4603822167281424e-06,0.8797722710834491,7.758745269920755e-14,36.577405093704925,2.2010019056606362e-07,0.723942335415665,1,25.200000000000003,1.0690668081062586e-05,2.969396337870906e-13,4.508660291331259e-07,False,False
betti,mid,abs,65.0,0.6,50,8.0623,0.10417413249910218,0.5835156403427807,8.685995559109487e-06,0.8695633388881538,3.327439434905412e-13,36.61345034864148,2.163709189835403e-07,0.7247433410809218,1,24.5,1.3951599084580005e-05,1.0597666693363129e-12,4.442051979132284e-07,False,False
betti,mid,abs,70.0,0.6,50,8.3666,0.10810603636269905,0.586990428031838,7.447644310423954e-06,0.886804448780906,2.6304463415848522e-14,38.97258080030782,7.057890743014635e-08,0.7771684622290626,1,23.000000000000007,1.2194206353334995e-05,1.143137896109305e-13,2.416672441883495e-07,False,False
betti,mid,abs,75.0,0.6,50,8.6603,0.11190097610879957,0.5854066633874795,7.990268946491896e-06,0.8434288235833107,8.419071414977585e-12,36.15399038461537,2.690114149814976e-07,0.7145331196581193,1,27.199999999999996,1.294590613281788e-05,1.8124389851687856e-11,5.169020990346959e-07,False,False
betti,mid,abs,80.0,0.6,50,8.9443,0.1155705807662478,0.667631016364013,1.1846471777372456e-07,0.8973390615059326,4.519581970996844e-15,41.07909077802872,2.5883637544005672e-08,0.8239797950673049,1,25.300000000000004,2.68058850436895e-07,2.5786571981761134e-14,2.0041006899092496e-07,False,False
betti,mid,abs,85.0,0.6,50,9.219499999999998,0.1191264793638878,0.626545869799217,1.1314236387242094e-06,0.9064436207475811,8.397948718300931e-16,38.226972071335815,1.0060181893905964e-07,0.7605993793630181,1,26.099999999999994,2.1044479680270297e-06,6.05433512249602e-15,2.804757100788152e-07,False,False
betti,mid,abs,90.0,0.6,50,9.486800000000002,0.12258030093056357,0.6893316447376471,3.103011384612159e-08,0.9101931467598134,3.9919480783422356e-16,39.05630498533724,6.782362466530737e-08,0.779028999674161,1,27.499999999999993,7.971824827871017e-08,3.4696371148208215e-15,2.3757259462781054e-07,False,False
betti,mid,abs,95.0,0.6,50,9.7468,0.12593979815217113,0.628491784120661,1.0242559194411445e-06,0.8837308875953928,4.256537067728e-14,37.03334454912512,1.7730344639410147e-07,0.7340743233138916,1,28.700000000000003,1.928255071012681e-06,1.743867609245392e-13,3.843798826013939e-07,False,False
betti,mid,abs,100.0,0.6,50,10.0,0.12921143160029047,0.6221485284579233,1.4132036573915843e-06,0.8315608929552103,3.024101598797331e-11,32.603302567060865,1.4400260753380003e-06,0.6356289459346859,1,28.299999999999997,2.5820813386525996e-06,5.822804320665668e-11,2.1530936496211258e-06,False,False
betti,mid,abs,0.0,0.7,50,0.0,0.0,0.9461900072739753,3.6578424848753136e-25,0.9002922401348679,2.665272453739174e-15,44.12454720616567,6.0447512828717405e-09,0.8916566045814593,0,36.8,2.4298525078100296e-23,1.631839950492708e-14,1.9927010523901639e-07,True,True
betti,mid,abs,5.0,0.7,50,2.2361,0.02900960591408364,0.6472766098928191,3.779654369377179e-07,0.9071147352221453,7.368346580823873e-16,37.789900932961395,1.238141095897512e-07,0.7508866873991421,1,21.700000000000003,7.811285696712836e-07,5.616854360791969e-15,3.124899886209665e-07,False,False
betti,mid,abs,10.0,0.7,50,3.1622999999999997,0.04102548042668337,0.40709758652890554,0.0033456667646018876,0.8784944726908225,9.375806635044283e-14,38.92321978444958,7.225535103434158e-08,0.7760715507655462,1,15.199999999999996,0.003715749683059605,3.5117722255204247e-13,2.442608790805756e-07,False,False
betti,mid,abs,15.0,0.7,50,3.873,0.05024560784636016,0.4623326749556197,0.0007242526157385439,0.8509445967536998,3.5426170938080422e-12,34.90681697995284,4.854646348787355e-07,0.6868181551100632,1,15.799999999999997,0.0008613234432696239,8.383292359393077e-12,8.299303500684265e-07,False,False
betti,mid,abs,20.0,0.7,50,4.472100000000001,0.05801791449772973,0.42335469259864744,0.0021889528195769893,0.8287357241373375,4.040990143622238e-11,37.32060932762187,1.5471160707963035e-07,0.7404579850582637,1,17.700000000000003,0.0024825928319592684,7.445258326734054e-11,3.504699838408617e-07,False,False
betti,mid,abs,25.0,0.7,50,5.0,0.0648665218775628,0.4475167603351154,0.0011198641248507122,0.8389991982057106,1.3732616211761449e-11,35.919912546249556,3.0055740110208164e-07,0.7093313899166568,1,20.599999999999994,0.0013018420451389528,2.825516167464192e-11,5.63545127066403e-07,False,False
betti,mid,abs,30.0,0.7,50,5.477199999999999,0.0710573827255574,0.5142774784189191,0.00013321439590299327,0.8635440042227184,7.423170524942043e-13,37.17173965293467,1.6603595968437663e-07,0.7371497700652149,1,21.799999999999997,0.00017181648053826351,2.091984420665485e-12,3.694101495370102e-07,False,False
betti,mid,abs,35.0,0.7,50,5.916100000000001,0.07675136601596987,0.5142404004593353,0.00013338870854690996,0.8584562028413392,1.420680636078651e-12,38.058958954147826,1.0896116366041964e-07,0.7568657545366183,1,27.699999999999996,0.00017181648053826351,3.785767884106434e-12,2.9133342615330686e-07,False,False
betti,mid,abs,40.0,0.7,50,6.324599999999999,0.08205096085336674,0.47950395041286,0.0004262026617508239,0.8130700046470779,1.8426136804294523e-10,36.523139423076906,2.2583576455278863e-07,0.7227364316239312,1,23.200000000000003,0.0005194868616359977,3.049164987187528e-10,4.6058609875897684e-07,False,False
betti,mid,abs,45.0,0.7,50,6.708199999999998,0.08702752041181334,0.5481314216334918,3.7801046647399044e-05,0.9045047039117574,1.2187492865350072e-15,41.64422864285367,1.9768215884891966e-08,0.8365384142856371,1,25.299999999999997,5.326511118497138e-05,8.09597740341112e-15,1.9927010523901639e-07,False,False
betti,mid,abs,50.0,0.7,50,7.0711,0.09173553256968688,0.593684516825367,5.509720417190231e-06,0.8974233384783189,4.452969632374742e-15,40.48152759084792,3.441264890380996e-08,0.8107006131299538,1,31.799999999999997,9.15007140711949e-06,2.5563344185855002e-14,2.0041006899092496e-07,False,False
betti,mid,abs,55.0,0.7,50,7.416200000000001,0.09621261990967625,0.5358873392650879,6.055089616662774e-05,0.9236768684214886,2.0454990726681674e-17,42.55532211538456,1.2796724111040327e-08,0.8567849358974348,1,27.0,8.184932185314506e-05,3.279851961347234e-16,1.9927010523901639e-07,False,False
betti,mid,abs,60.0,0.7,50,7.746,0.10049121569272032,0.5991924102721878,4.27768904554729e-06,0.8679823692871839,4.12365371583437e-13,39.965065397191765,4.4010289273214644e-08,0.7992236754931503,1,31.700000000000003,7.28617364900912e-06,1.2615124854361724e-12,2.1358185226779228e-07,False,False
betti,mid,abs,65.0,0.7,50,8.0623,0.10459467186669492,0.5450718445430834,4.259728811844139e-05,0.8313656862826563,3.085810078201255e-11,37.74577606919746,1.2643573999007824e-07,0.7499061348710547,2,26.0,5.9482699624850584e-05,5.916647098639386e-11,3.1484366504498156e-07,False,False
betti,mid,abs,70.0,0.7,50,8.3666,0.10854244838816339,0.5727141859230076,1.3856165833542012e-05,0.8656856874326881,5.604338755654028e-13,37.729481631082876,1.2741778884971265e-07,0.7495440362462862,1,34.3,2.1477057041990117e-05,1.6338667845637133e-12,3.1484366504498156e-07,False,False
betti,mid,abs,75.0,0.7,50,8.6603,0.11235270788325145,0.5950837399896564,5.168899927450652e-06,0.8808238780967237,6.628686753555033e-14,40.51418616944591,3.388130489083392e-08,0.8114263593210201,1,36.0,8.677034174240264e-06,2.5902011263891515e-13,2.0041006899092496e-07,False,False
betti,mid,abs,80.0,0.7,50,8.9443,0.11603712632589704,0.580434000499068,9.94082398801079e-06,0.8926195599204528,1.017601386527151e-14,38.899476087478945,7.307584438791421e-08,0.7755439130550876,1,31.5,1.580336121170946e-05,5.143311355816578e-14,2.444180149986784e-07,False,False
betti,mid,abs,85.0,0.7,50,9.219499999999998,0.11960737969003805,0.6043827197136886,3.3553541037944527e-06,0.8643102472775399,6.71669085528277e-13,35.19452666987023,4.2369630609040595e-07,0.6932117037748939,1,33.900000000000006,5.789386487066495e-06,1.9220069216655308e-12,7.491208453689688e-07,False,False
betti,mid,abs,90.0,0.7,50,9.486800000000002,0.12307514394961258,0.6321514230128739,8.478577222514306e-07,0.9059852003699752,9.177597887274743e-16,41.51293953533118,2.104593107123426e-08,0.8336208785629151,1,32.0,1.6359080533067021e-06,6.417418071553016e-15,1.9927010523901639e-07,False,False
betti,mid,abs,95.0,0.7,50,9.7468,0.12644820308724586,0.6297506547936166,9.60045627106896e-07,0.8641479964318685,6.860794563557554e-13,38.55366509751177,8.613469300318419e-08,0.7678592243891504,1,38.099999999999994,1.8221274147130883e-06,1.945286263447721e-12,2.5540715153563825e-07,False,False
betti,mid,abs,100.0,0.7,50,10.0,0.1297330437551256,0.6906696784558698,2.8462246424744638e-08,0.9147389889145294,1.5493190368653095e-16,40.85750877024365,2.8767467121239057e-08,0.8190557504498588,1,42.599999999999994,7.373228182454739e-08,1.637348527596293e-15,2.0041006899092496e-07,False,False
betti,mid,abs,0.0,0.8,50,0.0,0.0,0.9634097592802422,4.242343777972033e-29,0.9340274823169947,1.4058712966660155e-18,45.57375705261127,3.020799153846661e-09,0.923861267835806,0,45.7,9.843037491504454e-27,4.1559940081271996e-17,1.9927010523901639e-07,True,True
betti,mid,abs,5.0,0.8,50,2.2361,0.029049122225129474,0.5756729486053968,1.2212356354943146e-05,0.8802092466854969,7.268782325309373e-14,34.83553850607987,5.021066276366302e-07,0.6852341890239971,1,22.099999999999994,1.912035590925442e-05,2.816653151057382e-13,8.505631397123244e-07,False,False
betti,mid,abs,10.0,0.8,50,3.1622999999999997,0.041081364524183595,0.48709254090688175,0.0003341557307003654,0.8572429793660439,1.6523731684120044e-12,35.46369104908565,3.730249685005028e-07,0.6991931344241255,1,16.699999999999996,0.0004110645893536241,4.304501531157322e-12,6.710120323123164e-07,False,False
betti,mid,abs,15.0,0.8,50,3.873,0.050314051418955535,0.40348954997704556,0.003665756641686683,0.8274898555773759,4.58439139040005e-11,34.29387558888568,6.486088719664879e-07,0.6731972353085708,1,15.5,0.004053690459891338,8.327117173968841e-11,1.0714143000512146e-06,False,False
betti,mid,abs,20.0,0.8,50,4.472100000000001,0.05809694535262356,0.3250234310227044,0.021275863896025114,0.7947318557380798,9.182141871081023e-10,34.9712328767123,4.708983900919431e-07,0.6882496194824955,1,16.299999999999997,0.022132610093180488,1.395325480409371e-09,8.155223515558792e-07,False,False
betti,mid,abs,25.0,0.8,50,5.0,0.06495488176988837,0.3962879815757521,0.004386177721279553,0.8285016951241134,4.138222602757238e-11,37.02345328586547,1.7813734344215139e-07,0.7338545174636771,1,22.60000000000001,0.004833110522263015,7.575879961740613e-11,3.843798826013939e-07,False,False
betti,mid,abs,30.0,0.8,50,5.477199999999999,0.07115417568600652,0.34073540368656946,0.015462145605057834,0.8361712224064058,1.862524469508454e-11,37.51131141236416,1.4132326785022308e-07,0.744695809163648,1,24.900000000000006,0.016303622916897718,3.749237568491044e-11,3.3508381439652516e-07,False,False
betti,mid,abs,35.0,0.8,50,5.916100000000001,0.07685591520776733,0.3519607843137255,0.012191114197601783,0.8158623634615344,1.4208816735905026e-10,36.199903883121856,2.6322250846698773e-07,0.7155534196249301,1,16.099999999999994,0.012942621237179977,2.4025817389803045e-10,5.089333323789992e-07,False,False
betti,mid,abs,40.0,0.8,50,6.324599999999999,0.08216272904836719,0.45977077896422586,0.0007820392521298224,0.8389991982057106,1.3732616211761449e-11,38.63844601412713,8.273230992156917e-08,0.7697432447583807,1,23.400000000000006,0.000928858881840019,2.825516167464192e-11,2.5540715153563825e-07,False,False
betti,mid,abs,45.0,0.8,50,6.708199999999998,0.08714606757775303,0.5048291821229217,0.00018500189798296182,0.8835649754776074,4.366892081873686e-14,40.49503699433068,3.419185479207473e-08,0.8110008220962374,1,30.599999999999994,0.000233765985223036,1.7812322965537402e-13,2.0041006899092496e-07,False,False
betti,mid,abs,50.0,0.8,50,7.0711,0.09186049289661154,0.5500396524999613,3.50663581584259e-05,0.87315384289275,2.0227466031268265e-13,39.45860129776496,5.600905520528227e-08,0.7879689177281102,1,32.099999999999994,4.963731063521474e-05,6.840561239665268e-13,2.264713971344022e-07,False,False
betti,mid,abs,55.0,0.8,50,7.416200000000001,0.09634367883636923,0.5529013205454656,3.130459720097828e-05,0.8624128179384865,8.594751980748801e-13,39.36010763538512,5.8696592238697526e-08,0.7857801696752249,1,31.0,4.492789413103364e-05,2.3718455021057523e-12,2.274492949249529e-07,False,False
betti,mid,abs,60.0,0.8,50,7.746,0.10062810283791107,0.5411894751051864,4.948672864820818e-05,0.8710520613480405,2.711830334607335e-13,39.71597539289659,4.955162811829553e-08,0.7936883420643687,1,32.39999999999999,6.838433527909897e-05,8.880289476002893e-13,2.2105536626308446e-07,False,False
betti,mid,abs,65.0,0.8,50,8.0623,0.10473714865867421,0.5520934640070709,3.2327079544577384e-05,0.8740818936051308,1.7742019203951068e-13,40.01093374362919,4.3059449019349875e-08,0.8002429720806487,1,38.0,4.6181542206539125e-05,6.021926226158575e-13,2.1358185226779228e-07,False,False
betti,mid,abs,70.0,0.8,50,8.3666,0.1086903027631896,0.558279675812347,2.522036566573149e-05,0.8788446124223418,8.90372129551622e-14,38.63046799923119,8.304668215302247e-08,0.769565955538471,1,37.2,3.676322894848007e-05,3.366040977573205e-13,2.5540715153563825e-07,False,False
betti,mid,abs,75.0,0.8,50,8.6603,0.11250575251835285,0.5602133545305821,2.3313536836050533e-05,0.8797722710834491,7.758745269920755e-14,40.70973863745553,3.086664969123248e-08,0.815771969721234,1,42.000000000000014,3.4198090311556776e-05,2.969396337870906e-13,2.0041006899092496e-07,False,False
betti,mid,abs,80.0,0.8,50,8.9443,0.11619518980288251,0.5572859894613112,2.625514680801954e-05,0.8690734440104597,3.557215119052894e-13,38.58293854802285,8.494441724693315e-08,0.768509745511619,1,42.400000000000006,3.80924906887023e-05,1.1176385340267537e-12,2.5540715153563825e-07,False,False
betti,mid,abs,85.0,0.8,50,9.219499999999998,0.11977030649549718,0.608852790629642,2.7126824000375896e-06,0.893211269854465,9.210674130758213e-15,40.35022589637601,3.6634098632749726e-08,0.8077827976972447,1,42.099999999999994,4.7420951729980426e-06,4.7065532646182074e-14,2.0041006899092496e-07,False,False
betti,mid,abs,90.0,0.8,50,9.486800000000002,0.12324279447491542,0.6068773280617943,2.981126324927456e-06,0.8885341891855427,1.9940248730882867e-14,39.57750276349303,5.292768228829878e-08,0.7906111725220674,1,49.0,5.191849217570289e-06,9.288409816982822e-14,2.2407674479362368e-07,False,False
betti,mid,abs,95.0,0.8,50,9.7468,0.12662044832694963,0.605809571657151,3.1362911992528464e-06,0.9096377731703859,4.465872912194979e-16,41.43799548359198,2.1811894596013896e-08,0.831955455190933,1,42.30000000000001,5.431565764069175e-06,3.810331934258102e-15,1.9927010523901639e-07,False,False
betti,mid,abs,100.0,0.8,50,10.0,0.12990976353977673,0.6309581646569579,9.019959662196687e-07,0.8865546564332114,2.7367855235344637e-14,37.17833485554968,1.6551720388254457e-07,0.7372963301233262,1,52.900000000000006,1.7224974303578888e-06,1.1838188543660705e-13,3.694101495370102e-07,False,False
betti,mid,abs,0.0,0.9,50,0.0,0.0,0.9580668767614815,1.0522566865186321e-27,0.9233733197604922,2.1998061616653687e-17,45.09523511575295,3.798753281723724e-09,0.9132274470167322,0,50.5,1.2232483980779098e-25,3.4096995505813215e-16,1.9927010523901639e-07,True,True
betti,mid,abs,5.0,0.9,50,2.2361,0.02908309342790185,0.5487668190087859,3.6869431650722926e-05,0.8199306706761162,9.653022484705628e-11,32.48966329966326,1.5192114118147138e-06,0.6331036288814058,1,25.6,5.2110290934912345e-05,1.6624649834770804e-10,2.256975420108121e-06,False,False
betti,mid,abs,10.0,0.9,50,3.1622999999999997,0.04112940671126248,0.3530260160613597,0.011914118011326875,0.7879845687583109,1.5928038897672552e-09,31.013150302913736,3.0425445917678897e-06,0.6002922289536385,1,16.900000000000006,0.012692015750898044,2.3291000274898543e-09,4.287221924763845e-06,False,False
betti,mid,abs,15.0,0.9,50,3.873,0.05037289067853132,0.39138342734832937,0.004945305010589694,0.787718641877624,1.627098494345562e-09,34.57604637736935,5.676409129473553e-07,0.6794676972748744,1,18.299999999999997,0.005436328203130515,2.371789341287418e-09,9.460681882455922e-07,False,False
betti,mid,abs,20.0,0.9,50,4.472100000000001,0.05816488623895169,0.38479467536398704,0.0057941317714739525,0.7936881213420225,1.0012051490327574e-09,34.928718343024634,4.804624166110293e-07,0.6873048520672141,2,20.5,0.006302388944410264,1.5140175424397797e-09,8.273028700445664e-07,False,False
betti,mid,abs,25.0,0.9,50,5.0,0.06503084260073756,0.38720838317892337,0.005469467300266675,0.8469485310541954,5.6455288980243836e-12,38.566223033680856,8.562205612009877e-08,0.7681382896373523,1,20.099999999999994,0.005991289268843353,1.2712692191677184e-11,2.5540715153563825e-07,False,False
betti,mid,abs,30.0,0.9,50,5.477199999999999,0.07123738621855194,0.4049895545031934,0.0035295480690481066,0.8608790751057241,1.0462447374271307e-12,37.63404490600507,1.3332432213194294e-07,0.7474232201334461,1,22.099999999999994,0.003912371518730321,2.8367568682426573e-12,3.2373791013761607e-07,False,False
betti,mid,abs,35.0,0.9,50,5.916100000000001,0.0769457935820447,0.4215179867517394,0.002298833117303835,0.8303577492494667,3.4236589686665566e-11,37.34198818046412,1.5314985955456677e-07,0.7409330706769804,1,27.900000000000006,0.0025914118776879597,6.432328971434137e-11,3.4915614412186033e-07,False,False
betti,mid,abs,40.0,0.9,50,6.324599999999999,0.08225881342252496,0.4632019041803768,0.0007055367971834746,0.8391961417539283,1.344132199614008e-11,39.90753447695924,4.523255401263775e-08,0.7979452105990943,2,31.099999999999994,0.0008412169504879889,2.7778732125356163e-11,2.1358185226779228e-07,False,False
betti,mid,abs,45.0,0.9,50,6.708199999999998,0.08724797966685355,0.567184121383652,1.7487893062857505e-05,0.850864677091936,3.576260286460073e-12,39.758156301067004,4.856656341603425e-08,0.7946256955792668,1,41.7,2.6574739458263854e-05,8.429681111967121e-12,2.2105536626308446e-07,False,False
betti,mid,abs,50.0,0.9,50,7.0711,0.09196791822281508,0.45249447483882227,0.0009694341123818647,0.8557101479182,1.9959489073270968e-12,39.54835127860027,5.366713790851102e-08,0.7899633617466727,1,29.099999999999994,0.001142678991780905,5.071673453044262e-12,2.2407674479362368e-07,False,False
betti,mid,abs,55.0,0.9,50,7.416200000000001,0.096456346979118,0.5214308203290899,0.00010321707595091134,0.8882840270513973,2.076110673288308e-14,39.28896680916468,6.071741553951338e-08,0.7841992624258817,1,34.000000000000014,0.00013463096863162348,9.511245941665648e-14,2.3148203545804297e-07,False,False
betti,mid,abs,60.0,0.9,50,7.746,0.10074578135706264,0.5254396948822091,8.92416584536624e-05,0.8555494662628697,2.0356120241065932e-12,40.3875648664232,3.5988205542097784e-08,0.8086125525871821,1,34.900000000000006,0.00011755629229731732,5.144345604399815e-12,2.0041006899092496e-07,False,False
betti,mid,abs,65.0,0.9,50,8.0623,0.10485963245998528,0.58104992321812,9.677366803464166e-06,0.9112480920344085,3.2193148314507337e-16,41.91554625889594,1.7367730462177496e-08,0.8425676946421319,1,47.5,1.5463833551927274e-05,3.0242048416658408e-15,1.9927010523901639e-07,False,False
betti,mid,abs,70.0,0.9,50,8.3666,0.10881740954066618,0.5666394355142126,1.788943723821642e-05,0.8789684078842667,8.742228878248943e-14,37.76743873137914,1.2514183146798657e-07,0.7503875273639808,1,46.999999999999986,2.7052319726083365e-05,3.318478717049599e-13,3.136978524669205e-07,False,False
betti,mid,abs,75.0,0.9,50,8.6603,0.1126373212350335,0.5817928491561798,9.368176328440053e-06,0.8563977901858426,1.8342640977384565e-12,37.725974150771144,1.2763017389457855e-07,0.7494660922393588,1,49.30000000000001,1.4995531816608002e-05,4.71233594170377e-12,3.1484366504498156e-07,False,False
betti,mid,abs,80.0,0.9,50,8.9443,0.1163310730947554,0.5779272894957205,1.1082921048757594e-05,0.9195840047456445,5.3220708470111356e-17,41.85686481810754,1.786096322905896e-08,0.8412636626246119,1,46.999999999999986,1.7410669890784734e-05,6.780172448931995e-16,1.9927010523901639e-07,False,False
betti,mid,abs,85.0,0.9,50,9.219499999999998,0.1199103706715,0.5838235294117646,8.569029940656263e-06,0.8884924808188578,2.0074950249608034e-14,38.55123510188386,8.623424256149506e-08,0.7678052244863081,1,54.19999999999999,1.3787539523893296e-05,9.288409816982822e-14,2.5540715153563825e-07,False,False
betti,mid,abs,90.0,0.9,50,9.486800000000002,0.12338691951693544,0.6170679031968528,1.8195366994529798e-06,0.9165048978090096,1.0574473028711508e-16,40.025612568463494,4.275951003620874e-08,0.8005691681880777,1,57.099999999999994,3.298575303101893e-06,1.2106294489511536e-15,2.1358185226779228e-07,False,False
betti,mid,abs,95.0,0.9,50,9.7468,0.12676852333217378,0.6150926257610911,2.0049923328937845e-06,0.9156220222179068,1.281282511103111e-16,40.903877011770355,2.813860130511777e-08,0.820086155817119,1,53.999999999999986,3.5858516722908074e-06,1.4018738062657567e-15,2.0041006899092496e-07,False,False
betti,mid,abs,100.0,0.9,50,10.0,0.13006168520147512,0.6513923306896067,3.0102693393753665e-07,0.8884507783250741,2.0210488689269334e-14,37.066770768269826,1.7451409734200928e-07,0.7348171281837739,1,58.39999999999999,6.362614740043388e-07,9.304828951000238e-14,3.8263232586351356e-07,False,False
betti,mid,abs,0.0,1.0,50,0.0,0.0,0.963065202525862,5.291955640593793e-29,0.934601835158182,1.196716619716214e-18,45.53322582198045,3.0800157262448483e-09,0.9229605738217879,0,54.699999999999996,9.843037491504454e-27,3.709821521120264e-17,1.9927010523901639e-07,True,True
betti,mid,abs,5.0,1.0,50,2.2361,0.029080711073262978,0.40250901644125686,0.0037572756869319714,0.781199953775152,2.7175731015968704e-09,29.96650802807419,4.971880277184598e-06,0.5770335117349821,1,21.5,0.004149960081765717,3.8882199761309065e-09,6.7600126575755506e-06,False,False
betti,mid,abs,10.0,1.0,50,3.1622999999999997,0.04112603757746948,0.31770813892385824,0.02455594945057361,0.8112461058434272,2.1784938597464257e-10,36.11017307692303,2.7465434349258456e-07,0.7135594017094007,1,16.099999999999994,0.025459345584206754,3.554384718533642e-10,5.255731264364273e-07,False,False
betti,mid,abs,15.0,1.0,50,3.873,0.05036876436060442,0.3328271424862892,0.018192039011152163,0.7509421991480869,2.3845646168342822e-08,30.84127342623739,3.2983182745421056e-06,0.5964727428052753,2,21.5,0.01900965874199046,3.1234437938815244e-08,4.585106121560775e-06,False,False
betti,mid,abs,20.0,1.0,50,4.472100000000001,0.05816012163621455,0.3039361756766329,0.03188535218895013,0.7829913193269908,2.3644006002463356e-09,36.337152744400655,2.466478857372402e-07,0.7186033943200145,2,20.200000000000003,0.03287514139215479,3.398597462487005e-09,4.892490870257171e-07,False,False
betti,mid,abs,25.0,1.0,50,5.0,0.06502551557010638,0.3662028702473005,0.008909796507358937,0.8015914506869166,5.134548485213416e-10,37.48564768084592,1.4305541490187955e-07,0.7441255040187983,2,25.0,0.009568257219219183,7.91895537520477e-10,3.3766887273793904e-07,False,False
betti,mid,abs,30.0,1.0,50,5.477199999999999,0.07123155077611731,0.3568027343060354,0.010975134501124372,0.8012903834647713,5.269701095864088e-10,39.42646168628389,5.6872257769056603e-08,0.787254704139642,2,28.700000000000003,0.011745540950570387,8.100532263063805e-10,2.274492949249529e-07,False,False
betti,mid,abs,35.0,1.0,50,5.916100000000001,0.07693949053286127,0.33881505811053125,0.016090697545746706,0.8338518019870056,2.381220107626257e-11,39.00939077751596,6.935403661338943e-08,0.7779864617225769,1,26.799999999999983,0.016936120217541022,4.66217831598404e-11,2.406688583972096e-07,False,False
betti,mid,abs,40.0,1.0,50,6.324599999999999,0.08225207515493896,0.44257262236037087,0.001289627277637101,0.8215604157949683,8.245655900005704e-11,38.09852990631755,1.0693202756271832e-07,0.7577451090292789,1,38.900000000000006,0.001488031474196655,1.4441544231648408e-10,2.8825155256037113e-07,False,False
betti,mid,abs,45.0,1.0,50,6.708199999999998,0.0872408327094775,0.42301888654737496,0.002208687120309347,0.8293109857552983,3.81100490359278e-11,38.97324843825083,7.055650046567583e-08,0.7771832986277961,1,36.20000000000002,0.002501923290971611,7.074320479723125e-11,2.416672441883495e-07,False,False
betti,mid,abs,50.0,1.0,50,7.0711,0.09196038462955584,0.4871846670195963,0.0003331585697045673,0.83132666144229,3.098287244126216e-11,38.11542711636396,1.0607708795451035e-07,0.7581206025858658,1,36.39999999999999,0.00041038075473542727,5.916647098639386e-11,2.87614261800859e-07,False,False
betti,mid,abs,55.0,1.0,50,7.416200000000001,0.09644844571420458,0.4749771738869134,0.0004914666912775253,0.8779168685980546,1.0206378254772397e-13,39.908039404132616,4.522168073264404e-08,0.797956431202947,1,46.80000000000001,0.0005943615382159929,3.7517516904894583e-13,2.1358185226779228e-07,False,False
betti,mid,abs,60.0,1.0,50,7.746,0.10073752872120884,0.4719567677886171,0.0005398947923320023,0.8465908585712911,5.882185649613226e-12,38.51197098525242,8.785877309047536e-08,0.7669326885611648,1,45.0,0.0006495500088858501,1.3213605444783333e-11,2.5574279870171346e-07,False,False
betti,mid,abs,65.0,1.0,50,8.0623,0.10485104283617373,0.547933894417754,3.809503603588609e-05,0.8515539112820766,3.295713677674298e-12,40.16135664873172,4.008268374783492e-08,0.8035857033051493,1,50.79999999999998,5.359815962688966e-05,7.899519897518292e-12,2.1060393155642077e-07,False,False
betti,mid,abs,70.0,1.0,50,8.3666,0.10880849571377044,0.5597635709777675,2.3744829935594012e-05,0.9109912939196758,3.393211154345054e-16,40.56562394887319,3.306097751654011e-08,0.8125694210860709,1,51.5,3.4721213585066715e-05,3.124441954000891e-15,2.0041006899092496e-07,False,False
betti,mid,abs,75.0,1.0,50,8.6603,0.11262809449835844,0.5268595138632248,8.472257021937102e-05,0.9029414003784323,1.6361892682561749e-15,41.30326191391232,2.325954683903749e-08,0.8289613758647183,1,48.30000000000001,0.0001121166290991881,1.0791886662966259e-14,1.9927010523901639e-07,False,False
betti,mid,abs,80.0,1.0,50,8.9443,0.1163215437827405,0.5675516020966881,1.7221697876502037e-05,0.8573665659665959,1.6272417453509984e-12,38.83676675474416,7.528779981168608e-08,0.774150372327648,1,57.30000000000001,2.6213058960960546e-05,4.25094051454053e-12,2.469904307426018e-07,False,False
betti,mid,abs,85.0,1.0,50,9.219499999999998,0.11990054815971916,0.5723839961083474,1.4051755468277227e-05,0.896033506022402,5.6792069672783676e-15,39.72036023054754,4.9448306248830254e-08,0.7937857829010565,1,58.80000000000001,2.167186166749224e-05,3.148152939321083e-14,2.2105536626308446e-07,False,False
betti,mid,abs,90.0,1.0,50,9.486800000000002,0.12337681222209702,0.5308695967123541,7.306544985834535e-05,0.8536116418772232,2.5760456952948764e-12,36.401850160988,2.3919980709119094e-07,0.7200411146886222,1,53.79999999999998,9.763055800037525e-05,6.422848516418861e-12,4.774104946386621e-07,False,False
betti,mid,abs,95.0,1.0,50,9.7468,0.12675813903174257,0.6233347249577614,1.3313690451856532e-06,0.8950648211510263,6.714885719899875e-15,39.914254838864586,4.508804875182284e-08,0.7980945519747686,1,61.39999999999998,2.451828142619124e-06,3.6307230927365606e-14,2.1358185226779228e-07,False,False
betti,mid,abs,100.0,1.0,50,10.0,0.13005103114021277,0.5948079756060527,5.2344837695921534e-06,0.8750098590993856,1.554604913070497e-13,39.73915552563237,4.9007853620544226e-08,0.7942034561251637,1,66.1,8.75552141316673e-06,5.354750256131712e-13,2.2105536626308446e-07,False,False
betti,high,rel,0.02,0.1,50,5.24491,0.02000001094197877,0.5733921660557076,1.3462413677878473e-05,0.4812117058866636,0.001669738214386058,16.29410641611815,0.002648871882322085,0.27320236480262555,0,2.4000000000000004,2.0901577162649384e-05,0.0018226015720411196,0.0028981774712465167,False,True
betti,high,rel,0.04,0.1,50,10.48981,0.03999998632188451,0.5134783135657522,0.00013701785665634218,0.47237187052955637,0.002086512360719465,14.435650304550322,0.006026917709419599,0.23190334010111827,0,1.7999999999999998,0.00017624703553305426,0.0022642432852614967,0.006517480778790962,False,True
betti,high,rel,0.06,0.1,50,15.734722000000001,0.06000000471306657,0.5608553867449844,2.2710387136413477e-05,0.5324382003185627,0.0004054580189388459,17.28321859722638,0.0017027319911461338,0.29518263549391954,1,2.0,3.336597162221885e-05,0.0004510477961879506,0.0018717975789195088,False,False
betti,high,rel,0.08,0.1,50,20.979622,0.07999998166749556,0.5448463658759441,4.2971964226359075e-05,0.5491636180643434,0.00024284292035072955,15.66802496328929,0.0034985623375866867,0.25928944362865086,0,2.0,5.991593212970606e-05,0.00027112114757044234,0.0038188532558164536,False,True
betti,high,rel,0.1,0.1,50,26.224538,0.10000001527708703,0.7328482228581434,1.4430751906352276e-09,0.7427465949960884,4.0759418861828994e-08,28.564482501861495,9.582713121663103e-06,0.5458773889302554,0,3.4,4.580409308159596e-09,5.242912799654352e-08,1.246422825614921e-05,True,True
betti,high,rel,0.12,0.1,50,31.469438000000004,0.11999999223151603,0.5519390953728531,3.252591969355549e-05,0.4569959762700806,0.0030323820191903127,15.131687738310237,0.004435738250705882,0.24737083862911638,0,2.1,4.6394333305224854e-05,0.0032792038114499893,0.0048304877905813465,False,True
betti,high,rel,0.14,0.1,50,36.714349999999996,0.14000001062269807,0.5008589585290459,0.00021177559240979297,0.5001504656997183,0.0010149952939343101,16.857761641192308,0.0020598885206016644,0.2857280364709402,2,1.2999999999999998,0.0002654330201362634,0.001115774968509348,0.002261743003730281,False,False
betti,high,rel,0.16,0.1,50,41.95924999999999,0.15999998600260382,0.3738236876512918,0.00749097678954626,0.31673091313854984,0.046452515821455286,8.826168841057923,0.06559437347228711,0.10724819646795385,1,2.0000000000000004,0.008100707458462817,0.04821522289503729,0.06808344567994086,False,False
betti,high,rel,0.18,0.1,50,47.20416000000001,0.17999999694458257,0.5578007908952948,2.5714275394262002e-05,0.4451302058900235,0.0040004640002121936,24.013074276462227,7.939421507422707e-05,0.44473498392138283,2,1.4,3.736605643228697e-05,0.004316045847096682,9.382035580563046e-05,False,False
betti,high,rel,0.2,0.1,50,52.44907,0.20000000788656133,0.2960728992813684,0.03682861947163085,0.253571346500825,0.11438217912729262,5.09813141369273,0.27737599260542695,0.024402920304282896,1,1.2000000000000002,0.037887849677673335,0.11625729681790398,0.2803909490467903,False,False
betti,high,rel,0.02,0.2,50,5.302714000000001,0.020000001302790005,0.656332871567432,2.280129148723838e-07,0.7674595653085834,7.58508775890237e-09,26.942100635075704,2.0421951256260187e-05,0.5098244585572379,1,5.5,4.920000251306657e-07,1.043510594050178e-08,2.5840019956900647e-05,False,False
betti,high,rel,0.04,0.2,50,10.605428,0.04000000376243535,0.6153083073227067,1.9839198462121694e-06,0.7266825777782266,1.1023675229641851e-07,25.378129391810017,4.222629700686774e-05,0.4750695420402226,1,5.499999999999999,3.561863816558528e-06,1.3798139924047e-07,5.133392969462352e-05,False,False
betti,high,rel,0.06,0.2,50,15.908140000000001,0.05999999779971629,0.7188194563117284,4.128772965881146e-09,0.7932805415353882,1.0354752152234572e-09,30.27253114849468,4.307312857434111e-06,0.583834025522104,1,7.5,1.222853139576263e-08,1.5632986203860636e-09,5.908260999135285e-06,True,False
betti,high,rel,0.08,0.2,50,21.210853999999998,0.07999999862342455,0.6706884540688826,9.874871131194866e-08,0.7728652334811685,5.108185565738186e-09,28.854949152542332,8.366084429563534e-06,0.5523322033898296,1,7.1,2.2844851124406032e-07,7.122357685362089e-09,1.0989348191375828e-05,False,False
betti,high,rel,0.1,0.2,50,26.51357,0.10000000768830564,0.7648586280681108,1.0056488287133695e-10,0.8113930808560947,2.1494392434517278e-10,33.620552325581365,8.913750561930571e-07,0.6582344961240303,1,7.1,3.7261092059897754e-10,3.5131432274342827e-10,1.4003020308438228e-06,True,False
betti,high,rel,0.12,0.2,50,31.816284000000007,0.12000000793989427,0.7826332876709633,1.8979408486906642e-11,0.8249719954732274,5.897957995644915e-11,37.467509304461295,1.4429239884412293e-07,0.7437224289880288,1,7.699999999999999,7.810110572045653e-11,1.0528024829078256e-10,3.397264074051502e-07,True,False
betti,high,rel,0.14,0.2,50,37.118998,0.14000000944686333,0.6883695617152384,3.3009145564501135e-08,0.718152975548108,1.8185399555425767e-07,28.73209858609333,8.860664389090229e-06,0.549602190802074,1,5.500000000000002,8.387569774586353e-08,2.2489922322534525e-07,1.155738833359595e-05,False,False
betti,high,rel,0.16,0.2,50,42.421702,0.1599999737805948,0.7702903843776006,6.137650715667778e-11,0.7534385045160636,2.017055294455557e-08,32.06497081712059,1.855487707109363e-06,0.6236660181582353,0,7.1,2.3298021083963403e-10,2.664575886141574e-08,2.700475066684988e-06,True,True
betti,high,rel,0.18,0.2,50,47.72442399999999,0.18000000280262918,0.8322852738862694,6.863623930392895e-14,0.8307723178348133,3.280708370667067e-11,37.17643192034409,1.656667160769798e-07,0.7372540426743132,1,7.9,3.9160553713284614e-13,6.188760212414548e-11,3.694101495370102e-07,True,False
betti,high,rel,0.2,0.2,50,53.027136,0.20000000034632529,0.7427641941150037,6.593030436746706e-10,0.7358590580023047,6.29908001382116e-08,31.42368076755341,2.508757592174173e-06,0.6094151281678536,1,8.400000000000002,2.197676812248902e-09,8.024855360073533e-08,3.567499328321072e-06,True,False
betti,high,rel,0.02,0.3,50,5.272410000000001,0.020000003328420498,0.7845946594166179,1.5640358406937635e-11,0.8125089801501282,1.940380823348426e-10,32.22488555566375,1.7209451175495679e-06,0.62721967901475,0,10.8,6.573436609924763e-11,3.193901178254931e-10,2.532403416647307e-06,True,True
betti,high,rel,0.04,0.3,50,10.544816,0.03999999717976213,0.6587537209212964,1.9862500055585692e-07,0.803495862974294,4.351909451632163e-10,29.36056624812139,6.603709291624648e-06,0.563568138847142,1,9.7,4.3772808179371314e-07,6.781489251246471e-10,8.849351068027265e-06,False,False
betti,high,rel,0.06,0.3,50,15.817228,0.06000000899605464,0.5851579879237089,8.078718221035083e-06,0.8208950910977947,8.795232912614432e-11,30.845580296896063,3.29165481920561e-06,0.5965684510421347,1,13.1,1.306644860097848e-05,1.5288909549030694e-10,4.582693086618589e-06,False,False
betti,high,rel,0.08,0.3,50,21.089634,0.08000000238399511,0.7516832587807132,3.159686112754358e-10,0.8641936518633877,6.819954550426079e-13,34.804835599267186,5.094491762347675e-07,0.6845519022059374,1,15.899999999999999,1.1047022875419373e-09,1.940914672168108e-12,8.59868845550515e-07,True,False
betti,high,rel,0.1,0.3,50,26.362048,0.10000002768859789,0.7407558106996361,7.74864136719775e-10,0.8522098451589979,3.048021354598859e-12,35.656516028603384,3.404834944089891e-07,0.7034781339689641,1,15.099999999999998,2.5374072082725028e-09,7.42057554915429e-12,6.221014730851863e-07,True,False
betti,high,rel,0.12,0.3,50,31.634455999999997,0.12000002827060614,0.7304990177027857,1.7286286794283729e-09,0.8163223497958393,1.360760664221427e-10,32.441330509290424,1.5541914370861964e-06,0.6320295668731205,1,16.699999999999996,5.4311644319877925e-09,2.3093201053392832e-10,2.3052600263001e-06,True,False
betti,high,rel,0.14,0.3,50,36.90686,0.14000001059696435,0.8002040242227109,3.111040539222216e-12,0.8870860317532487,2.5152395286373172e-14,37.25168186863564,1.5985577708810584e-07,0.7389262637474587,1,16.299999999999997,1.4394366674013238e-11,1.0982031744754484e-13,3.590963108500928e-07,True,False
betti,high,rel,0.16,0.3,50,42.179262,0.15999998789727873,0.8242342273150183,1.9202327508703162e-13,0.8784751828836311,9.402486926393395e-14,39.40807798098727,5.737195803654776e-08,0.7868461773552727,1,16.200000000000003,1.0263312978789622e-12,3.5117722255204247e-13,2.274492949249529e-07,True,False
betti,high,rel,0.18,0.3,50,47.451674000000004,0.1800000012660623,0.845398415873736,1.1373408177245085e-14,0.8978889990799545,4.1012700100638596e-15,37.920260303687606,1.1638137065834538e-07,0.753783562304169,1,17.0,6.913248107737208e-14,2.3988560436222575e-14,2.989908141222685e-07,True,False
betti,high,rel,0.2,0.3,50,52.724078,0.19999998012695017,0.7622642495629083,1.2672560799343817e-10,0.8441828951005692,7.734635058171379e-12,33.63892261732676,8.83680631056871e-07,0.6586427248294836,1,15.699999999999996,4.603703727886621e-10,1.684592647330066e-11,1.3905634295818783e-06,True,False
betti,high,rel,0.02,0.4,50,5.260459999999999,0.020000003642205003,0.6756798131338122,7.30246501958562e-08,0.8422818974232618,9.569842749609658e-12,32.51519579475304,1.5010504528496557e-06,0.6336710176611787,1,14.0,1.7413570431319554e-07,2.0412737975084823e-11,2.233563073840288e-06,False,False
betti,high,rel,0.04,0.4,50,10.520914,0.03999998386224466,0.6114605619994207,2.392620361274729e-06,0.8311774703438635,3.1464243618308274e-11,33.12845583277138,1.1242846542613145e-06,0.6472990185060307,1,14.699999999999996,4.2383560685438056e-06,5.983997252561697e-11,1.713304421010528e-06,False,False
betti,high,rel,0.06,0.4,50,15.781372000000001,0.05999997575990749,0.6060332462096962,3.103179530751975e-06,0.8580098345116445,1.502126581719379e-12,36.05974282411865,2.8129511486264543e-07,0.7124387294248589,1,16.199999999999996,5.384248066416673e-06,3.979993507119722e-12,5.329505636803608e-07,False,False
betti,high,rel,0.08,0.4,50,21.041839999999997,0.08000001237328405,0.7107040998558845,7.3728730621921155e-09,0.8491657690279651,4.3664702534920155e-12,33.414256158583534,9.825046067240985e-07,0.6536501368574119,1,21.200000000000003,2.0968721553023448e-08,1.0101535661063619e-11,1.5203482267111675e-06,True,False
betti,high,rel,0.1,0.4,50,26.302296000000002,0.09999999984514604,0.7033130762124115,1.2293095415896211e-08,0.8938406613147271,8.278844691154803e-15,37.11609737323197,1.7047762382751501e-07,0.7359132749607105,1,25.400000000000002,3.3526623861535126e-08,4.2774030904299816e-14,3.7658952531968875e-07,True,False
betti,high,rel,0.12,0.4,50,31.562756000000004,0.12000000066931714,0.7416756514110828,7.197485710382984e-10,0.8744925884986308,1.6736421258699045e-13,36.33239172281041,2.472050293446537e-07,0.7184975938402313,1,23.3,2.3736389044880055e-09,5.722379327422835e-13,4.892490870257171e-07,True,False
betti,high,rel,0.14,0.4,50,36.823212,0.13999998793584717,0.8301901336150382,9.017029705192593e-14,0.9557063728866987,8.771945204196569e-22,42.008965284799444,1.6610406285518757e-08,0.8446436729955432,1,30.800000000000004,5.082325833835825e-13,2.4147449937699575e-19,1.9927010523901639e-07,True,False
betti,high,rel,0.16,0.4,50,42.083676,0.16000000305187093,0.7978068305307636,4.023056269581835e-12,0.8858352635909816,3.0660919734825755e-14,37.96703741152679,1.1382418263430074e-07,0.7548230535894842,1,28.0,1.8162341411218963e-11,1.3020390572323266e-13,2.9486487423370383e-07,True,False
betti,high,rel,0.18,0.4,50,47.344123999999994,0.1799999591024381,0.8232267603193978,2.1760569586038536e-13,0.9257892849924044,1.2226962030737842e-17,42.72510000481952,1.1800047057208822e-08,0.8605577778848782,1,27.299999999999997,1.1410557035828655e-12,2.1867451324204217e-16,1.9927010523901639e-07,True,False
betti,high,rel,0.2,0.4,50,52.604596,0.20000000997874917,0.7740131351375198,4.341428919182484e-11,0.8782880546629512,9.665042058785687e-14,36.20440284861895,2.626619906310088e-07,0.7156533966359766,1,25.699999999999996,1.6753231928795477e-10,3.5810713604265694e-13,5.089076068475796e-07,True,False
betti,high,rel,0.02,0.5,50,5.281862,0.0200000418058471,0.6973734441578417,1.83344372846401e-08,0.8990259966561907,3.3492503359818574e-15,36.82741811175335,1.9549528274301607e-07,0.7294981802611856,1,20.700000000000003,4.857842357468744e-08,1.9839508359637753e-14,4.113362283959388e-07,False,False
betti,high,rel,0.04,0.5,50,10.563702000000001,0.039999992145183065,0.5538974088903201,3.0084834755721166e-05,0.8105815191408567,2.3145183847651282e-10,36.946608578443175,1.847504627449435e-07,0.7321468572987372,1,21.799999999999997,4.3310985019846265e-05,3.750003654758832e-10,3.948171740247908e-07,False,False
betti,high,rel,0.06,0.5,50,15.845560000000003,0.06000001528993842,0.6203087993885879,1.5494317770861584e-06,0.8847699601325426,3.62287870322222e-14,38.634497374885584,8.288775671223441e-08,0.7696554972196796,1,22.9,2.8199051911744174e-06,1.5176924297282273e-13,2.5540715153563825e-07,False,False
betti,high,rel,0.08,0.5,50,21.127406,0.07999999325972298,0.6837309076890737,4.4327550334770536e-08,0.8774218217177905,1.0972820379801225e-13,37.69156307217883,1.297326466161306e-07,0.748701401603974,1,32.8,1.0993232483023094e-07,3.955318974114395e-13,3.176979579227851e-07,False,False
betti,high,rel,0.1,0.5,50,26.409263999999997,0.10000001503023988,0.704598029674144,1.126021391278917e-08,0.9079559667509681,6.24536521248642e-16,39.06687983843823,6.748333580634022e-08,0.7792639964097385,1,34.0,3.107418082757842e-08,4.922083249353638e-15,2.3757259462781054e-07,True,False
betti,high,rel,0.12,0.5,50,31.691108,0.11999998331358926,0.6791010933185032,5.917933649272513e-08,0.9004153313363725,2.606316959038179e-15,38.78037697744866,7.733380459964242e-08,0.7728972661655258,1,35.900000000000006,1.4369917216249185e-07,1.615916514603671e-14,2.490365700778531e-07,False,False
betti,high,rel,0.14,0.5,50,36.972968,0.14000001554721184,0.8160196839962429,5.20600475965179e-13,0.9322685869731692,2.282047302975595e-18,42.1877014092636,1.5252058132582062e-08,0.8486155868725245,1,39.0,2.6456745499869753e-12,5.441805107095649e-17,1.9927010523901639e-07,True,False
betti,high,rel,0.16,0.5,50,42.25482,0.1600000158540054,0.8520426839326902,4.288183264395876e-15,0.9128438401064668,2.3132479505705205e-16,40.226211305518135,3.886344738029636e-08,0.805026917900403,1,38.2,2.8283761956653647e-14,2.2886389298197704e-15,2.0535798899815693e-07,True,False
betti,high,rel,0.18,0.5,50,47.53667,0.18000000905068814,0.8448284659956874,1.23396484731449e-14,0.9216518303378848,3.304360666835924e-17,41.55788764261299,2.0599476006944817e-08,0.8346197253913997,1,40.8,7.40378908388694e-14,4.586649880831955e-16,1.9927010523901639e-07,True,False
betti,high,rel,0.2,0.5,50,52.818516,0.19999998776582514,0.8712249876947361,1.9195218256307928e-16,0.9073278080024832,7.067170702723143e-16,41.127633286861204,2.529143872543419e-08,0.8250585174858045,1,41.2,1.6082480160690426e-15,5.431792358291342e-15,2.0041006899092496e-07,True,False
betti,high,rel,0.02,0.6,50,5.260162,0.020000014300156344,0.6288394890803243,1.0061322095880715e-06,0.8272201871524535,4.7106903863190326e-11,34.003137481353114,7.440855409567614e-07,0.6667363884745137,1,24.0,1.8979775961803377e-06,8.523233578359339e-11,1.2076781031235395e-06,False,False
betti,high,rel,0.04,0.6,50,10.520314,0.03999999100529718,0.5639152283157136,2.002838363827934e-05,0.8354768736404231,2.0054679958342814e-11,37.16049341156101,1.6692429196100463e-07,0.7368998535902448,1,27.599999999999994,2.980223485375966e-05,3.9937585356014595e-11,3.705002184337334e-07,False,False
betti,high,rel,0.06,0.6,50,15.780476,0.06000000568504653,0.5622819250017708,2.1421331735875068e-05,0.8296225225753612,3.691632537225484e-11,36.63083245217721,2.1459513419708832e-07,0.7251296100483824,1,30.9,3.1571851845267535e-05,6.907883822172435e-11,4.425132479008695e-07,False,False
betti,high,rel,0.08,0.6,50,21.040632000000002,0.07999999706795836,0.5863872440631703,7.650152988151332e-06,0.8355161190956737,1.9971219371751436e-11,40.08930288461538,4.148205127274277e-08,0.8019845085470084,1,40.599999999999994,1.2438185802413877e-05,3.985672535564128e-11,2.1299068806659125e-07,False,False
betti,high,rel,0.1,0.6,50,26.300794,0.10000000955668459,0.622178438725889,1.4110839014424363e-06,0.8772362064085528,1.127389921277984e-13,39.158302884615374,6.461153091799125e-08,0.7812956196581194,1,44.1,2.5820813386525996e-06,4.0481568601873553e-13,2.342268914382895e-07,False,False
betti,high,rel,0.12,0.6,50,31.560948,0.11999999556879565,0.6800490461209797,5.580313612277753e-08,0.917689083419134,8.146290096904563e-17,40.75441126977257,3.021641739904236e-08,0.8167646948838349,1,46.3,1.3621237951229162e-07,9.589936443191448e-16,2.0041006899092496e-07,False,False
betti,high,rel,0.14,0.6,50,36.82110600000001,0.1399999944969212,0.7095524655415979,7.992464200971086e-09,0.9236768684214886,2.0454990726681674e-17,40.61198422621907,3.233861661185508e-08,0.813599649471535,1,48.19999999999999,2.2524217293645786e-08,3.279851961347234e-16,2.0041006899092496e-07,True,False
betti,high,rel,0.16,0.6,50,42.081266,0.15999999634007886,0.7638356243793888,1.1020338055146361e-10,0.9167200347566007,1.008788501842065e-16,38.43751081626763,9.1023807028101e-08,0.7652780181392808,1,52.5,4.035005665860675e-10,1.1727166333914005e-15,2.631774044790985e-07,True,False
betti,high,rel,0.18,0.6,50,47.341426,0.18000000830520804,0.7696448319553446,6.513170960096715e-11,0.9274666683841806,8.03730796555237e-18,41.65918485052386,1.9627662272716376e-08,0.8368707744560857,1,50.099999999999994,2.4523275274858075e-10,1.5572284183257718e-16,1.9927010523901639e-07,True,False
betti,high,rel,0.2,0.6,50,52.601586,0.20000001034581572,0.8451792791139,1.1736074233671981e-14,0.8811548904639501,6.306317721242787e-14,37.380753701211255,1.5035798508430572e-07,0.7417945266935835,1,58.599999999999994,7.087369504749963e-14,2.474631004538309e-13,3.465936504383567e-07,True,False
betti,high,rel,0.02,0.7,50,5.270146,0.020000031344298518,0.5968411806102929,4.768500774767291e-06,0.9045047039117574,1.2187492865350072e-15,38.019842224253196,1.1100474309502572e-07,0.7559964938722933,1,25.1,8.063101310061056e-06,8.09597740341112e-15,2.9162263016489807e-07,False,False
betti,high,rel,0.04,0.7,50,10.540282,0.04000002151150338,0.4923461902622936,0.00028141321651802947,0.7834696842540668,2.277613224649554e-09,37.04034243939975,1.7671583132724917e-07,0.7342298319866611,2,29.299999999999997,0.00034895238848235656,3.2789168713995127e-09,3.843798826013939e-07,False,False
betti,high,rel,0.06,0.7,50,15.81041,0.059999984524406275,0.5726178215379384,1.3912986506254347e-05,0.8403625002969247,1.1831543974079482e-11,37.318247368168024,1.5488512189096147e-07,0.7404054970704005,1,39.7,2.151370250618754e-05,2.5007581581577084e-11,3.504699838408617e-07,False,False
betti,high,rel,0.08,0.7,50,21.080548,0.07999997939184897,0.5857983901727336,7.852754200045575e-06,0.8654417292236919,5.788070810228646e-13,39.279833709809175,6.098182654539841e-08,0.7839963046624261,1,45.2,1.2745307863948316e-05,1.67170989239523e-12,2.3148203545804297e-07,False,False
betti,high,rel,0.1,0.7,50,26.350694000000004,0.10000001474613654,0.6521018250475148,2.893439963881268e-07,0.8771949974264323,1.1341788234002826e-13,39.05393528535025,6.790011380799737e-08,0.77897633967445,1,51.8,6.134573534539102e-07,4.056870406777934e-13,2.3757259462781054e-07,False,False
betti,high,rel,0.12,0.7,50,31.620832000000004,0.12000001125632251,0.688907607301442,3.188823689314626e-08,0.9256153298452483,1.2763500393378057e-17,41.27549646583639,2.3569582340098715e-08,0.8283443659074753,1,58.900000000000006,8.147269316106049e-08,2.23963308789464e-16,1.9927010523901639e-07,False,False
betti,high,rel,0.14,0.7,50,36.890968,0.14000000767036208,0.6891494505637928,3.139612966347752e-08,0.9088396368681444,5.240574542734371e-16,41.528983278877575,2.0885476548897954e-08,0.8339774061972794,1,56.099999999999994,8.043636525353746e-08,4.35154850423479e-15,1.9927010523901639e-07,False,False
betti,high,rel,0.16,0.7,50,42.16110600000001,0.160000000737281,0.795155362170176,5.3250854995939675e-12,0.9554819812579368,9.63701698260705e-22,43.70338380197069,7.393484167099661e-09,0.8822974178215708,1,61.7,2.3582521498201857e-11,2.4147449937699575e-19,1.9927010523901639e-07,True,False
betti,high,rel,0.18,0.7,50,47.431248000000004,0.18000002050119626,0.7792806971793905,2.6299366563434085e-11,0.8959914693117212,5.720837061777022e-15,38.02720153735284,1.1061737220553595e-07,0.7561600341633964,1,65.89999999999999,1.049717206179987e-10,3.148152939321083e-14,2.9162263016489807e-07,True,False
betti,high,rel,0.2,0.7,50,52.701386,0.20000001378807106,0.878046676690452,5.6311335528295e-17,0.9247329733853694,1.5844677086959774e-17,41.936773542277514,1.7192676715422893e-08,0.8430394120506114,1,77.5,5.185103172407362e-16,2.6791908528859253e-16,1.9927010523901639e-07,True,False
betti,high,rel,0.02,0.8,50,5.28168,0.019999987715500926,0.5569430483279755,2.662124457710891e-05,0.8081486406299973,2.8832686609599836e-10,30.899774060186488,3.208944726925807e-06,0.5977727568930331,1,31.9,3.8563485135064306e-05,4.6072849736989426e-10,4.4809588529144155e-06,False,False
betti,high,rel,0.04,0.8,50,10.563366,0.039999996783758915,0.45895588871912263,0.0008012697653113887,0.7939864442698065,9.767962771608516e-10,38.0539334487401,1.0922159652801059e-07,0.756754076638669,2,30.900000000000006,0.0009504858185453973,1.4819258364756801e-09,2.9133342615330686e-07,False,False
betti,high,rel,0.06,0.8,50,15.845054,0.06000001257470615,0.5110176747706863,0.00014935898136405796,0.8397878055780474,1.2600671170249512e-11,39.06140747510699,6.765921819194441e-08,0.7791423883357109,1,44.2,0.0001915915209221709,2.6393297721468574e-11,2.3757259462781054e-07,False,False
betti,high,rel,0.08,0.8,50,21.126732,0.07999999147081308,0.5264452887043809,8.60188728606979e-05,0.8353591704478918,2.0306956223591297e-11,39.9730273906775,4.384374959411779e-08,0.7994006086817222,2,49.000000000000014,0.00011363288602336512,4.035356685457245e-11,2.1358185226779228e-07,False,False
betti,high,rel,0.1,0.8,50,26.408419999999996,0.1000000089065439,0.6142452066497113,2.08981755757696e-06,0.8671764125767476,4.595375362463266e-13,39.634985100451786,5.1499232672066154e-08,0.7918885577878174,1,64.4,3.7303845077669342e-06,1.3697753484265502e-12,2.233923951868143e-07,False,False
betti,high,rel,0.12,0.8,50,31.690094000000002,0.11999997063341102,0.6613380786105865,1.7118368317295377e-07,0.8442396052579255,7.685331516865348e-12,35.33469044414535,3.9650805949461244e-07,0.6963264543143411,1,73.5,3.799542371141933e-07,1.6817313672199468e-11,7.077783019769473e-07,False,False
betti,high,rel,0.14,0.8,50,36.971786,0.1400000017640275,0.6877781523779289,3.428382926530021e-08,0.8751331259675182,1.5274370868238965e-13,37.34159857733343,1.5317817935668712e-07,0.7409244128296317,1,78.5,8.664119895850324e-08,5.280730448870721e-13,3.4915614412186033e-07,False,False
betti,high,rel,0.16,0.8,50,42.253474000000004,0.16000001680253095,0.7662501236978105,8.872755573034181e-11,0.9255283890354153,1.3039907886035904e-17,39.154542395693106,6.472721623617248e-08,0.7812120532376245,1,81.89999999999999,3.313920756193489e-10,2.2457619137061835e-16,2.342268914382895e-07,True,False
betti,high,rel,0.18,0.8,50,47.535148,0.17999998326333105,0.7989044338450121,3.577837039760894e-12,0.9504136413854527,7.151767794302743e-21,43.033789756894386,1.0182156945987659e-08,0.8674175501532085,1,84.00000000000001,1.63107276812629e-11,5.5426200405846265e-19,1.9927010523901639e-07,True,False
betti,high,rel,0.2,0.8,50,52.816835999999995,0.19999999963536477,0.8743207411577288,1.1100156497079635e-16,0.9270749189819587,8.872641566847348e-18,41.83089302012778,1.8083700997014248e-08,0.8406865115583951,1,96.20000000000002,9.738816549324586e-16,1.6839911545240884e-16,1.9927010523901639e-07,True,False
betti,high,rel,0.02,0.9,50,5.268086,0.020000012356933373,0.5755950448627919,1.2253222502701491e-05,0.8108483647113267,2.2589741228260199e-10,34.10461353238622,7.092673572328176e-07,0.6689914118308048,2,34.9,1.9152095676491407e-05,3.672807577322025e-10,1.1572256881167024e-06,False,False
betti,high,rel,0.04,0.9,50,10.536164,0.03999999912448386,0.48729003082438643,0.00033202142994075184,0.8285755112911224,4.107319922849121e-11,39.715318433068965,4.9567126891220734e-08,0.7936737429570881,2,35.5,0.00040965349563787347,7.534137136587145e-11,2.2105536626308446e-07,False,False
betti,high,rel,0.06,0.9,50,15.804252000000002,0.06000001885058685,0.4755587648575142,0.00048260501078768926,0.8025607269271668,4.721109849458665e-10,40.50426401307565,3.404186363074342e-08,0.8112058669572366,2,49.5,0.0005844045052507174,7.305544359395272e-10,2.0041006899092496e-07,False,False
betti,high,rel,0.08,0.9,50,21.072328000000002,0.07999998882586123,0.5251640763085026,9.01440498953596e-05,0.7748157698116166,4.417364577721426e-09,39.55227218081267,5.3567083801021e-08,0.7900504929069483,2,60.30000000000001,0.00011857703875910102,6.224468268607463e-09,2.2407674479362368e-07,False,False
betti,high,rel,0.1,0.9,50,26.340412,0.0999999948491345,0.6096135203203265,2.615431859417241e-06,0.8669729598811348,4.722227692421483e-13,40.80948561548434,2.9433560979405234e-08,0.8179885692329854,1,75.7,4.580699866775959e-06,1.398621577691713e-12,2.0041006899092496e-07,False,False
betti,high,rel,0.12,0.9,50,31.608494,0.11999999501404116,0.6356010641716836,7.078899521052629e-07,0.887356975744487,2.408882129294629e-14,41.17388568683956,2.4739759045448775e-08,0.8260863485964347,1,86.10000000000001,1.3947831683429968e-06,1.0567265944547192e-13,1.9959504215927115e-07,False,False
betti,high,rel,0.14,0.9,50,36.87658,0.14000000983168762,0.7206748267643576,3.605965723625227e-09,0.9360570585714357,7.904458447158349e-19,40.7135990001442,3.080991345459201e-08,0.81585775555876,1,96.9,1.0852906546833207e-08,2.5348780537438842e-17,2.0041006899092496e-07,True,False
betti,high,rel,0.16,0.9,50,42.144670000000005,0.16000003634362042,0.8106284985393247,9.75588551617695e-13,0.9377309525334755,4.846000649322025e-19,39.4827104150653,5.537012413648844e-08,0.78850467589034,1,100.39999999999999,4.7502479214893e-12,1.9529223643041642e-17,2.2486556963726746e-07,True,False
betti,high,rel,0.18,0.9,50,47.412743999999996,0.18000000402452657,0.8246881727292631,1.8145435981790046e-13,0.9330624416887241,1.836877276171249e-18,40.80317803740561,2.9522184294919078e-08,0.8178484008312358,1,114.1,9.811195036665549e-13,4.774005008204021e-17,2.0041006899092496e-07,True,False
betti,high,rel,0.2,0.9,50,52.680829999999986,0.20000002414608606,0.8591692214814286,1.426739272107936e-15,0.9553025817104942,1.0385999973204118e-21,43.82786932500597,6.966245406362952e-09,0.8850637627779104,1,114.0,1.0052026689851368e-14,2.4147449937699575e-19,1.9927010523901639e-07,True,False
betti,high,rel,0.02,1.0,50,5.262698,0.020000005614585974,0.5314747262244788,7.14398460062034e-05,0.8266373229606169,4.994894692659709e-11,34.14310576923075,6.964889934300468e-07,0.6698467948717944,1,34.300000000000004,9.587165481351972e-05,8.985013663778587e-11,1.1383739259928708e-06,False,False
betti,high,rel,0.04,1.0,50,10.525396,0.04000001240557207,0.373048179850586,0.007625776233967459,0.7588007313929226,1.3984462849778007e-08,38.663771807564714,8.174219417132059e-08,0.7703060401681048,2,33.10000000000001,0.008227345588851203,1.8739986239616062e-08,2.5510147845412127e-07,False,False
betti,high,rel,0.06,1.0,50,15.788097999999998,0.060000029699603566,0.422508411369836,0.0022389885941127485,0.7423609905770975,4.1779968772252283e-08,37.066197386123385,1.7456157407432904e-07,0.7348043863582975,2,53.5,0.002533162278010774,5.36676394450202e-08,3.8263232586351356e-07,False,False
betti,high,rel,0.08,1.0,50,21.050784,0.07999999392108935,0.5226620642862035,9.872566564232215e-05,0.8251254459196998,5.808751780514516e-11,40.27169094668014,3.803058864639196e-08,0.806037576592892,2,74.20000000000002,0.00012949911008090212,1.0388729145920193e-10,2.0210541394939726e-07,False,False
betti,high,rel,0.1,1.0,50,26.313477999999996,0.09999998651575812,0.5891024517800897,6.777007232552849e-06,0.8428744831858755,8.958019572044891e-12,40.09097328977709,4.144906475125462e-08,0.8020216286617131,1,87.20000000000002,1.1155073851812653e-05,1.919575622581048e-11,2.1299068806659125e-07,False,False
betti,high,rel,0.12,1.0,50,31.576177999999995,0.11999999892472119,0.6225789404989092,1.3829836680586248e-06,0.8916085004320231,1.2049289679819556e-14,42.39750552725174,1.3798352194001111e-08,0.8532779006055942,1,94.30000000000001,2.5368339473264715e-06,5.929015556736608e-14,1.9927010523901639e-07,False,False
betti,high,rel,0.14,1.0,50,36.838879999999996,0.14000001942062693,0.7195386866483983,3.9181665815676615e-09,0.9018879305874644,1.9898518444384496e-15,37.595233519123575,1.3580372464274178e-07,0.7465607448694128,1,114.5,1.1679150387365144e-08,1.2851126495331653e-14,3.2889964561914024e-07,True,False
betti,high,rel,0.16,1.0,50,42.101574,0.1600000145703443,0.7969247884362823,4.418381594046075e-12,0.9289687916491712,5.472628387180584e-18,39.28192169108815,6.09212766223988e-08,0.7840427042464033,1,120.09999999999997,1.9755263857994467e-11,1.1064226956691182e-16,2.3148203545804297e-07,True,False
betti,high,rel,0.18,1.0,50,47.364274,0.18000002604045356,0.7870847030825744,1.2198250812558896e-11,0.947462713576645,2.0902536219591872e-20,41.40814238362874,2.21246971044832e-08,0.8312920529695276,1,128.8,5.2038409429723735e-11,1.293489918300138e-18,1.9927010523901639e-07,True,False
betti,high,rel,0.2,1.0,50,52.62697,0.20000002378353593,0.8458955152680717,1.0589818586942968e-14,0.953230637699318,2.4126415016248307e-21,42.07639909689195,1.6084299008101307e-08,0.8461422021531544,1,131.60000000000002,6.609752540843598e-14,3.7395943275184877e-19,1.9927010523901639e-07,True,False
betti,low,rel,0.02,0.1,50,0.34948599999999996,0.01999951151785347,0.41009229922427265,0.0030989715290399233,0.27586385922795603,0.0848880078150184,8.59183508488275,0.07215192643459029,0.1020407796640611,0,1.2000000000000002,0.0034556876762675405,0.08713669676376061,0.07480634513285281,False,True
betti,low,rel,0.04,0.1,50,0.698984,0.039999760467823636,0.38405711624532607,0.005896638067323731,0.272022643619953,0.08949729352579536,8.495188515538722,0.07503320554671497,0.09989307812308271,1,1.0,0.0064063941619288195,0.09166573015307233,0.07762055746211893,False,False
betti,low,rel,0.06,0.1,50,1.0484740000000001,0.05999947052285351,0.4459084649472208,0.0011727514250652214,0.34603689141977034,0.028727974211303627,10.788916242975636,0.02904158749355229,0.1508648053994586,1,1.4999999999999998,0.0013599237223324888,0.029985427627960016,0.030552801322402297,False,False
betti,low,rel,0.08,0.1,50,1.3979679999999999,0.07999944630637018,0.3527097178668604,0.01199579657269265,0.36173332329320385,0.02181710005106693,8.359844559585449,0.0792512393758606,0.09688543465745442,1,1.0999999999999999,0.01276440596407799,0.022926444121460162,0.08180205618152092,False,False
betti,low,rel,0.1,0.1,50,1.747472,0.10000046141135817,0.3495170937563293,0.012847504700486808,0.21518292717519646,0.18237956773510502,11.337963967874972,0.023017171336556005,0.16306586595277714,1,1.4,0.013608404751085115,0.18436195434092137,0.02438037510591923,False,False
betti,low,rel,0.12,0.1,50,2.096966,0.12000043719487488,0.48168697376575176,0.0003976208461171526,0.39101955146637213,0.012601905375449174,14.923665905052012,0.0048621860322739735,0.24274813122337804,1,1.6999999999999997,0.000485922978829109,0.013455536164371678,0.0052825151986154156,False,False
betti,low,rel,0.14,0.1,50,2.4464559999999995,0.14000014724990473,0.33239106723561945,0.018353761852805524,0.24209685811874712,0.13230015850911186,6.610523629682512,0.15795835409830286,0.05801163621516693,0,1.5,0.01915712516622799,0.13417573327532611,0.16178553888923092,False,True
betti,low,rel,0.16,0.1,50,2.7959540000000005,0.1600003961998749,0.30837533721515864,0.029346869855665782,0.26331471641822557,0.10066121585980714,4.80161436787406,0.3082653399763895,0.017813652619423553,0,1.1,0.0303588308851715,0.10264795038335597,0.3112777048621522,False,True
betti,low,rel,0.18,0.1,50,3.1454400000000002,0.17999990771772836,0.3835403835405753,0.005969393138499511,0.35650124713696496,0.023947055517521628,9.474513548387101,0.05027357981769912,0.12165585663082447,2,1.5999999999999999,0.006477871200472048,0.025136299809588165,0.05258496453312392,False,False
betti,low,rel,0.2,0.1,50,3.4949260000000004,0.1999994192355818,0.2892094332343457,0.041644600573757996,0.35252250175042843,0.025680246086320174,5.52831876193343,0.23725142940251848,0.03396263915407622,0,1.6999999999999997,0.042700637854018675,0.026925173461417994,0.2403527552770612,False,True
betti,low,rel,0.02,0.2,50,0.34821799999999997,0.019999650230264877,0.7088074588221372,8.419022381592715e-09,0.7013310773311927,4.637301943442932e-07,26.64987051062786,2.3396280238060965e-05,0.5033304557917302,0,5.3,2.3583406068919352e-08,5.630144657182672e-07,2.94034332721577e-05,True,True
betti,low,rel,0.04,0.2,50,0.6964500000000001,0.04000032838129813,0.5833151426110668,8.762955610671745e-06,0.6026215427077002,3.876504574847528e-05,18.59309444006308,0.0009446098221444133,0.32429098755695734,1,3.9000000000000004,1.4050946065387452e-05,4.4126673863013476e-05,0.0010483140030958286,False,False
betti,low,rel,0.06,0.2,50,1.044666,0.05999988613937316,0.5303670196532098,7.444122181109988e-05,0.6050107047370843,3.543650713283585e-05,17.47576143999213,0.0015618922512269462,0.2994613653331584,1,3.4000000000000004,9.932616396602997e-05,4.0387195629334975e-05,0.001719005672948,False,False
betti,low,rel,0.08,0.2,50,1.3928900000000002,0.0799998731740887,0.4745896697398969,0.0004974523317880458,0.6587297785859629,3.818419345966998e-06,18.664449451410654,0.0009146609569086921,0.32587665447579234,1,4.0,0.0006006817458969201,4.427842882480434e-06,0.001016289952120769,False,False
betti,low,rel,0.1,0.2,50,1.7411139999999998,0.09999981130577548,0.4172653806430424,0.0025722176864754055,0.6718525189295957,2.0683893852077597e-06,19.991366130929016,0.0005013629248221829,0.3553636917984226,1,2.3999999999999995,0.002889085082635419,2.444221255709297e-06,0.0005631250242567996,False,False
betti,low,rel,0.12,0.2,50,2.0893420000000003,0.1200001887811838,0.11732385740565167,0.4171188936886303,0.42938220811615413,0.00569406982076133,11.487849826005991,0.021595229908238527,0.16639666280013315,1,0.5999999999999996,0.4198274579333617,0.0061219478997780775,0.022926442710801177,False,False
betti,low,rel,0.14,0.2,50,2.437562,0.13999999361432208,0.45144606991411035,0.0009995199528465858,0.5229039530683481,0.0005367367523982948,14.596703992210296,0.005615104636996416,0.2354823109380066,1,3.2,0.0011721986836662355,0.0005942442615838264,0.006086302228912199,False,False
betti,low,rel,0.16,0.2,50,2.7857819999999998,0.15999978241685578,0.42198731781121857,0.002270300138752205,0.4780981014745249,0.0018072841691406478,13.740910858364915,0.008169565945166815,0.21646468574144254,2,4.9,0.002565466742453889,0.001970427054279956,0.008814032864275102,False,False
betti,low,rel,0.18,0.2,50,3.134004,0.17999967281245485,0.5506625491387576,3.4213835376317125e-05,0.500899181938045,0.0009946283920798655,16.70808288129794,0.002202344176563787,0.2824018418066209,0,5.5,4.850437027435203e-05,0.0010946797687979585,0.0024124618188507913,False,True
betti,low,rel,0.2,0.2,50,3.482236,0.20000032505898585,0.6236599796472402,1.3097130776110388e-06,0.6463377684278884,6.633269733270515e-06,20.813171754608394,0.0003448520821793245,0.37362603899129765,1,5.299999999999999,2.416732464639417e-06,7.644288540200222e-06,0.00038968704304589524,False,False
betti,low,rel,0.02,0.3,50,0.34697,0.019999678077898674,0.7933335431297152,6.441233803590213e-12,0.7325568969881456,7.724512156050448e-08,32.3906692437787,1.5917181657527434e-06,0.63090376097286,0,11.2,2.8123696888915014e-11,9.787188426603428e-08,2.3534147760732133e-06,True,True
betti,low,rel,0.04,0.3,50,0.6939479999999999,0.04000001608974855,0.6534149847428673,2.688304227009815e-07,0.7067872878564113,3.4473660439336244e-07,25.41321545131274,4.1545153197034915e-05,0.47584923225139425,2,8.8,5.734226906236532e-07,4.2184873958661453e-07,5.057197967701894e-05,False,False
betti,low,rel,0.06,0.3,50,1.040922,0.06000001305903325,0.6137572131280141,2.1401660520053045e-06,0.6399182010623302,8.74599041426748e-06,20.992843992248034,0.0003177053617890204,0.37761875538328965,1,6.399999999999999,3.8056490026098147e-06,1.005410517338536e-05,0.000360324373736328,False,False
betti,low,rel,0.08,0.3,50,1.3878899999999998,0.07999979073969082,0.4970968476133952,0.0002403476914890345,0.6861171708359521,1.0250852026825189e-06,20.613187345574314,0.00037777657581064333,0.3691819410127625,1,4.699999999999999,0.00029922804964498275,1.2237859287480648e-06,0.0004263740479416242,False,False
betti,low,rel,0.1,0.3,50,1.734866,0.09999978129175333,0.6169180726566411,1.8330245219892968e-06,0.6616329533805402,3.3427084705144724e-06,25.69989851150202,3.637358669514845e-05,0.4822199669222671,2,7.199999999999999,3.310121952330187e-06,3.900525567852521e-06,4.462722378164651e-05,False,False
betti,low,rel,0.12,0.3,50,2.0818380000000003,0.11999973415598354,0.5368443500200891,5.83998725387626e-05,0.7728652334811685,5.108185565738186e-09,27.11058584686772,1.8881306089697118e-05,0.5135685743748383,1,6.399999999999999,7.917183886450323e-05,7.122357685362089e-09,2.395581809470439e-05,False,False
betti,low,rel,0.14,0.3,50,2.428812,0.13999968326732404,0.6270894933987787,1.1004788868415888e-06,0.6915229157621915,7.77562354221771e-07,23.395357936431232,0.00010555697009859482,0.43100795414291626,1,8.8,2.063397912827979e-06,9.367007635055014e-07,0.00012394947246425906,False,False
betti,low,rel,0.16,0.3,50,2.775798,0.16000045124727236,0.5270834364585444,8.402927597765039e-05,0.6872179556141694,9.694501500463401e-07,24.833666328845123,5.433602867544679e-05,0.46297036286322496,2,6.899999999999999,0.0001116388952274498,1.158854292471846e-06,6.520323441053615e-05,False,False
betti,low,rel,0.18,0.3,50,3.12277,0.18000035837441378,0.7633806389999683,1.1476498630744954e-10,0.8296738273232215,3.672313221098464e-11,33.76081081081078,8.34277328040123e-07,0.6613513513513507,1,12.100000000000001,4.18554655944816e-10,6.88558728955962e-11,1.3217681687858847e-06,True,False
betti,low,rel,0.2,0.3,50,3.469734,0.1999997219658628,0.6462170305843726,4.005534789452432e-07,0.7581095224664265,1.4668282203712436e-08,26.55064621913575,2.450114468578558e-05,0.50112547153635,1,9.600000000000001,8.223283342584462e-07,1.9571739525756908e-08,3.066765081800887e-05,False,False
betti,low,rel,0.02,0.4,50,0.343576,0.01999994106771199,0.8166692013186156,4.819963575509182e-13,0.7712373546902106,5.76048759329602e-09,34.32008874740752,6.406256518823498e-07,0.6737797499423893,0,12.399999999999999,2.4765558702892486e-12,7.983984294732188e-09,1.0601100645028209e-06,True,True
betti,low,rel,0.04,0.4,50,0.68716,0.040000447129971785,0.6993849644113148,1.6030350407547392e-08,0.6750755182741768,1.770931271951936e-06,25.295942686221508,4.386558649243014e-05,0.4732431708049224,1,9.9,4.308735803184703e-08,2.100722044534822e-06,5.318773851103003e-05,False,False
betti,low,rel,0.06,0.4,50,1.030734,0.0600001882668543,0.5596984057115257,2.3807922039758293e-05,0.6329500499366629,1.1724085326715904e-05,20.307491683941556,0.00043421513212908106,0.36238870408759016,1,8.2,3.4758818676570195e-05,1.3460986856599743e-05,0.0004882951304474551,False,False
betti,low,rel,0.08,0.4,50,1.374298,0.07999934675915547,0.5951740296786014,5.147592722758728e-06,0.7281210244194961,1.0112777672293077e-07,23.698483091787406,9.179462989173351e-05,0.43774406870638677,1,9.200000000000003,8.656891920733486e-06,1.26921501150237e-07,0.00010833630177577685,False,False
betti,low,rel,0.1,0.4,50,1.717888,0.10000013082979377,0.4835874045748903,0.0003741628110868598,0.6899011935821892,8.453011329894721e-07,21.94819224836095,0.00020523590918124213,0.39884871663024335,1,7.399999999999999,0.00045785712409313105,1.0143613595873664e-06,0.00023710483917832942,False,False
betti,low,rel,0.12,0.4,50,2.061462,0.12000001478490636,0.5780870508793333,1.1006661471758367e-05,0.7617052559240767,1.1422621039534e-08,26.70520094562647,2.2801839865419382e-05,0.5045600210139215,1,11.399999999999999,1.732012718906139e-05,1.5508084039075356e-08,2.8695143538349154e-05,False,False
betti,low,rel,0.14,0.4,50,2.40504,0.14000005479975935,0.652087337716102,2.8957825609275975e-07,0.8288659356932463,3.987821903359885e-11,31.14693591293833,2.8572102231201646e-06,0.6032652425097407,1,12.3,6.134573534539102e-07,7.373110079770761e-11,4.032178311838775e-06,False,False
betti,low,rel,0.16,0.4,50,2.748616,0.16000005699902115,0.6618791546852317,1.6590681359205397e-07,0.7302767804553523,8.877585912224942e-08,33.30230621088106,1.0357839353993648e-06,0.6511623602418014,2,12.700000000000003,3.6912281492968944e-07,1.1217601764088582e-07,1.599966248464897e-06,False,False
betti,low,rel,0.18,0.4,50,3.092194,0.18000002564447024,0.7819917884250451,2.0210677168987568e-11,0.8239224370848808,6.543379490452685e-11,33.44558773916814,9.68088557095397e-07,0.6543463942037364,1,15.7,8.24382884524493e-11,1.1569093015439159e-10,1.5080776517566485e-06,True,False
betti,low,rel,0.2,0.4,50,3.4357639999999994,0.19999977215068362,0.7448159709383145,5.581633558386063e-10,0.7917107975828795,1.1779645138659464e-09,35.04128749578698,4.5555118311612025e-07,0.6898063887952662,1,17.1,1.8739780538985696e-09,1.7641014458862e-09,7.948641656622736e-07,True,False
betti,low,rel,0.02,0.5,50,0.3466560000000001,0.01999985706008775,0.8277525211126276,1.2329246008445546e-13,0.8586973490481298,1.3784243486046232e-12,36.43794102031951,2.351428414459647e-07,0.7208431337848781,1,17.1,6.865987298116382e-13,3.694336150438904e-12,4.7129922962229997e-07,True,False
betti,low,rel,0.04,0.5,50,0.693324,0.04000045222695113,0.6501349939824931,3.2282015721788505e-07,0.760234047053901,1.2659966966171769e-08,26.056495570107867,3.08252996077277e-05,0.49014434600239704,1,12.399999999999999,6.748550227509389e-07,1.7063433737014122e-08,3.8159017427261604e-05,False,False
betti,low,rel,0.06,0.5,50,1.039972,0.05999988244777699,0.49598168709642704,0.00024946549541202926,0.6810400351020229,1.3219017416473876e-06,20.586368231046922,0.00038242242053249066,0.3685859606899316,1,12.799999999999997,0.000310164319162015,1.574095543831076e-06,0.00043109436496389854,False,False
betti,low,rel,0.08,0.5,50,1.3866260000000004,0.0799995111719844,0.5395139429928258,5.276432719132986e-05,0.7610248580608034,1.198015624688457e-08,24.683175366851078,5.825377660080991e-05,0.4596261192633573,1,11.399999999999999,7.237584703235513e-05,1.6194106554655014e-08,6.972459747587287e-05,False,False
betti,low,rel,0.1,0.5,50,1.733288,0.09999987782989958,0.45230871414532603,0.0009747049253260368,0.7202737578527293,1.608453590989324e-07,23.15330188679245,0.00011800200427250149,0.42562893081760994,1,11.0,0.0011474374437382459,1.997145313244421e-07,0.0001376936812715513,False,False
betti,low,rel,0.12,0.5,50,2.079952,0.12000010432403807,0.4391795099336734,0.001419079604702444,0.6786527848658997,1.4872390407864047e-06,19.980390079460612,0.0005038703704545095,0.35511977954356916,1,11.5,0.0016293136202139174,1.7687113912165684e-06,0.0005652586785557224,False,False
betti,low,rel,0.14,0.5,50,2.426612,0.1400002652060609,0.638036463413304,6.223907719379099e-07,0.7395230331643188,5.0053936973571264e-08,25.592241089037444,3.823599869703797e-05,0.4798275797563876,1,15.700000000000003,1.2341650701540644e-06,6.403048333620533e-08,4.6727304583765194e-05,False,False
betti,low,rel,0.16,0.5,50,2.773266,0.15999992069280303,0.7862567841036454,1.325403686100776e-11,0.8630207932116988,7.945057911162182e-13,34.856416301785124,4.971740810365396e-07,0.6856981400396694,1,24.799999999999997,5.6028428548805524e-11,2.212246663886476e-12,8.452868288189796e-07,True,False
betti,low,rel,0.18,0.5,50,3.1199199999999996,0.17999984363421903,0.7208827737226425,3.5514221011397684e-09,0.8153528458174596,1.4903741556571523e-10,32.39759992304359,1.5865315337583902e-06,0.6310577760676354,1,20.700000000000003,1.0723449850844106e-08,2.510956457900637e-10,2.3494814114574886e-06,True,False
betti,low,rel,0.2,0.5,50,3.46659,0.20000047717251668,0.7880126794987804,1.1109653476584197e-11,0.8178301276225147,1.1799637553733905e-10,33.16819626348226,1.1034122287775955e-06,0.6481821391884947,1,27.799999999999997,4.783323024640418e-11,2.0135161330224828e-10,1.687785152570993e-06,True,False
betti,low,rel,0.02,0.6,50,0.34437799999999996,0.020000419509512795,0.8795946202083025,4.219985330958709e-17,0.8837582299883194,4.238604306389266e-14,38.87204259625113,7.403542038042153e-08,0.7749342799166917,0,20.7,4.004679956930203e-16,1.743867609245392e-13,2.447871370824153e-07,True,True
betti,low,rel,0.04,0.6,50,0.6887540000000001,0.04000038870295751,0.6459678626435177,4.0604518146707366e-07,0.738313187578149,5.402397357503898e-08,24.06954992289898,7.735122233727894e-05,0.445989998286644,0,15.600000000000001,8.310066932463749e-07,6.891947246198388e-08,9.152243864334532e-05,False,True
betti,low,rel,0.06,0.6,50,1.033128,0.060000510660346326,0.510959355687915,0.00014966338844239275,0.7492502627166322,2.668073382522397e-08,22.752331756300077,0.00014189923545068414,0.416718483473335,1,13.199999999999996,0.00019171756370719732,3.47522163269724e-08,0.00016475192130978308,False,False
betti,low,rel,0.08,0.6,50,1.377494,0.07999990091881805,0.43650532624061805,0.0015291460621899204,0.7610963930384547,1.1920368756065255e-08,24.84888867506974,5.395462792891313e-05,0.463308637223772,1,12.299999999999997,0.0017513618692569285,1.613674373091803e-08,6.491307111757984e-05,False,False
betti,low,rel,0.1,0.6,50,1.721868,0.10000006446440138,0.6044155740831645,3.3501542177377864e-06,0.7708281192786856,5.936264173136733e-09,26.36385866949069,2.6723672827621706e-05,0.4969746370997931,1,17.300000000000004,5.789386487066495e-06,8.21536559675173e-09,3.322595685787191e-05,False,False
betti,low,rel,0.12,0.6,50,2.0662439999999997,0.12000026123924672,0.5627148242478812,2.104369626666764e-05,0.7914500784742137,1.2033333609281931e-09,27.124780976220258,1.8756911184761288e-05,0.5138840216937836,1,17.4,3.116343555414157e-05,1.7963082273887955e-09,2.383050191506557e-05,False,False
betti,low,rel,0.14,0.6,50,2.410616,0.14000006303300386,0.7071176633309639,9.467181277014027e-09,0.8248540804529215,5.967376268752987e-11,31.29444043668542,2.6658783438644535e-06,0.6065431208152315,1,23.900000000000006,2.643987563850764e-08,1.0631532432835781e-10,3.7678827656442884e-06,True,False
betti,low,rel,0.16,0.6,50,2.754994,0.16000035724700623,0.7161165968754349,5.01938515121241e-09,0.853484450294749,2.615858171558171e-12,33.790030313236784,8.228491339337984e-07,0.662000673627484,1,28.199999999999996,1.467933393279101e-08,6.487328265464264e-12,1.3094235332189902e-06,True,False
betti,low,rel,0.18,0.6,50,3.0993580000000005,0.17999981124067407,0.7893484694364239,9.703027999718697e-12,0.8489663547591872,4.469283065959056e-12,36.44388250564875,2.3448156817677608e-07,0.7209751667921945,1,35.0,4.216736467167471e-11,1.0288201117182977e-11,4.7098889504190444e-07,True,False
betti,low,rel,0.2,0.6,50,3.443738,0.20000009950559214,0.8055082996504082,1.7394664645081165e-12,0.8811548904639501,6.306317721242787e-14,36.46356600326889,2.323040584632331e-07,0.7214125778504197,1,38.099999999999994,8.253590877513002e-12,2.474631004538309e-13,4.703081476503807e-07,True,False
betti,low,rel,0.02,0.7,50,0.346794,0.01999988363234768,0.7090450554081185,8.280713740090415e-09,0.8015914506869166,5.134548485213416e-10,29.357350324597217,6.613658066747504e-06,0.5634966738799382,1,20.299999999999997,2.3266053710828056e-08,7.91895537520477e-10,8.849930938237667e-06,True,False
betti,low,rel,0.04,0.7,50,0.6935919999999999,0.040000181628170574,0.6712013963005166,9.575859514317062e-08,0.7511731429594568,2.348116901619098e-08,25.15396244583531,4.684785094480965e-05,0.4700880543518958,1,20.7,2.226387337078717e-07,3.0843908453471203e-08,5.6656048606856923e-05,False,False
betti,low,rel,0.06,0.7,50,1.040382,0.05999990653652082,0.5440590415330738,4.4304109011319355e-05,0.6646101670885692,2.9119840890996306e-06,19.903552346570383,0.0005217747782015823,0.35341227436823075,1,16.800000000000004,6.155513458923425e-05,3.4021924659078595e-06,0.0005846392093102067,False,False
betti,low,rel,0.08,0.7,50,1.3871719999999998,0.07999954326855317,0.4782285492832528,0.0004437480583131758,0.710512861102176,2.8046821829272343e-07,21.240485011788472,0.00028372818164959285,0.38312188915085493,1,14.5,0.0005394584238317038,3.4547740796322227e-07,0.0003229708799683248,False,False
betti,low,rel,0.1,0.7,50,1.7339700000000002,0.09999984207870546,0.6273377584956722,1.0866106025000298e-06,0.8125207093780358,1.9382880765260917e-10,29.317480633209833,6.7382448913297055e-06,0.5626106807379962,1,22.200000000000003,2.04151082893945e-06,3.193901178254931e-10,8.952239641338037e-06,False,False
betti,low,rel,0.12,0.7,50,2.080768,0.12000003829034372,0.6345424801319468,7.48365019672789e-07,0.8436667330864912,8.197227381795526e-12,31.004111960756006,3.0554887259860834e-06,0.600091376905689,1,25.999999999999993,1.4683111145478773e-06,1.7770213205291e-11,4.298947829299634e-06,False,False
betti,low,rel,0.14,0.7,50,2.427558,0.13999972383212317,0.7515608907685443,3.1923973307260665e-10,0.8312486282453808,3.1233782177092135e-11,33.94056145748207,7.664001565756406e-07,0.6653458101662681,1,34.099999999999994,1.1119586208146972e-09,5.952339636208132e-11,1.2374169194710863e-06,True,False
betti,low,rel,0.16,0.7,50,2.774358,0.16000001252400697,0.8261392192696003,1.5125235141382002e-13,0.898223765948744,3.864778668807926e-15,38.592682692307676,8.455186485527912e-08,0.7687262820512817,1,44.60000000000001,8.274393342050154e-13,2.2748380772097288e-14,2.5540715153563825e-07,True,False
betti,low,rel,0.18,0.7,50,3.12115,0.18000000834153554,0.782296549282414,1.9616592686383118e-11,0.8681045772947289,4.056231953622677e-13,35.91473259334005,3.012956832801708e-07,0.7092162798520011,1,46.0,8.036753831866212e-11,1.2491045420096324e-12,5.637927272647059e-07,True,False
betti,low,rel,0.2,0.7,50,3.4679540000000006,0.200000567733464,0.7832392358479995,1.78818698203424e-11,0.8545805540700464,2.290911677914377e-12,34.96555998654687,4.7216350339982117e-07,0.6881235552565972,1,43.3,7.424169166481442e-11,5.727279194785943e-12,8.161934166576835e-07,True,False
betti,low,rel,0.02,0.8,50,0.343552,0.020000053598647777,0.8454187925664579,1.1340232217786098e-14,0.8689614811261562,3.611782635216678e-13,36.93212013112226,1.860244675538343e-07,0.7318248918027169,0,29.6,6.913248107737208e-14,1.130962239310273e-12,3.9588731081250774e-07,True,True
betti,low,rel,0.04,0.8,50,0.687098,0.03999980878283194,0.6496971715308092,3.3074860000065457e-07,0.8122153365553069,1.9934672768326033e-10,28.257703404500845,1.1059198058706361e-05,0.5390600756555743,1,22.699999999999996,6.896775739923963e-07,3.26395170326465e-10,1.4324588014758935e-05,False,False
betti,low,rel,0.06,0.8,50,1.0306579999999999,0.06000035501546781,0.5150401431625121,0.00012967468697475083,0.7882437803060683,1.560025745083528e-09,26.61552860786292,2.377295529137079e-05,0.5025673023969538,1,20.199999999999996,0.00016749647067571983,2.2883658405799385e-09,2.9836502592408684e-05,False,False
betti,low,rel,0.08,0.8,50,1.3742,0.07999989144525081,0.6435549217421104,4.629864783221579e-07,0.8309039602980326,3.236498728043172e-11,30.257576632500843,4.337629545150253e-06,0.5835017029444631,1,25.599999999999994,9.401253817458665e-07,6.13023180668055e-11,5.941083176715369e-06,False,False
betti,low,rel,0.1,0.8,50,1.7177580000000003,0.10000019895262204,0.5271508239117796,8.3821653471873e-05,0.7482461095712375,2.8508392071516397e-08,24.39819650844033,6.645737847069394e-05,0.4532932557431184,1,28.000000000000007,0.0001116388952274498,3.70290567409361e-08,7.923764356121201e-05,False,False
betti,low,rel,0.12,0.8,50,2.0613,0.11999986380103554,0.626545869799217,1.1314236387242094e-06,0.8392355471089028,1.338373855912471e-11,30.196135172811584,4.464432964611718e-06,0.5821363371735907,1,32.8,2.1044479680270297e-06,2.7721329309545613e-11,6.0878631335614335e-06,False,False
betti,low,rel,0.14,0.8,50,2.404852,0.14000001381622562,0.6990364053441993,1.6409058875735582e-08,0.8876069002602849,2.3145415206145425e-14,33.95028596145526,7.628891311323961e-07,0.6655619102545612,1,43.599999999999994,4.385179527136233e-08,1.0299156048667582e-13,1.233890246875006e-06,False,False
betti,low,rel,0.16,0.8,50,2.748406,0.16000016489728697,0.8263911619136235,1.4652103605442757e-13,0.9370260617376588,5.964492879464834e-19,40.28444166826829,3.780029970830844e-08,0.8063209259615176,1,55.599999999999994,8.062991924888617e-13,2.2187913511609183e-17,2.0203608464785544e-07,True,False
betti,low,rel,0.18,0.8,50,3.091956,0.18000012871667606,0.8161372492484117,5.13402238242105e-13,0.9137270887698657,1.9212638293003072e-16,38.702465160980275,8.025224491010053e-08,0.7711658924662284,1,58.7,2.623429019588778e-12,1.9421471317927017e-15,2.5143374038810354e-07,True,False
betti,low,rel,0.2,0.8,50,3.435506,0.20000014268992597,0.8543091289631183,3.0410940115838642e-15,0.9338560312420149,1.4747075512709417e-18,40.63188391870465,3.2033400342302506e-08,0.8140418648601033,1,68.79999999999998,2.0494329208499957e-14,4.1559940081271996e-17,2.0041006899092496e-07,True,False
betti,low,rel,0.02,0.9,50,0.343986,0.020000029915274414,0.8468535646097716,9.22211395359994e-15,0.8674207449824162,4.447266776463918e-13,36.695801673559664,2.080854743925139e-07,0.7265733705235481,0,31.800000000000004,5.834398623706085e-14,1.347217622837604e-12,4.319631499666025e-07,True,True
betti,low,rel,0.04,0.9,50,0.687972,0.04000041149111416,0.6099651697387857,2.571580721502872e-06,0.7232159797622412,1.354069876763623e-07,24.152945136317708,7.442951857035571e-05,0.4478432252515046,1,23.599999999999994,4.5123963603729636e-06,1.6925873459545284e-07,8.829011769187603e-05,False,False
betti,low,rel,0.06,0.9,50,1.0319539999999998,0.06000008645250174,0.5059796286565148,0.00017784104108740408,0.763825558729215,9.836257491542153e-09,26.572841346153826,2.4249581699099687e-05,0.5016186965811962,1,24.200000000000003,0.0002256373372595986,1.3432774547921001e-08,3.039368056625702e-05,False,False
betti,low,rel,0.08,0.9,50,1.37593,0.07999971008446566,0.5579906456292106,2.551740856118023e-05,0.7394188480878672,5.03848405160313e-08,24.85600807808816,5.3777163071724164e-05,0.4634668461797369,1,23.700000000000003,3.713801245993367e-05,6.43652495603147e-08,6.478337002163663e-05,False,False
betti,low,rel,0.1,0.9,50,1.7199179999999998,0.10000004532400028,0.5797322551068365,1.0249062304426866e-05,0.803756573030419,4.25389701406241e-10,27.899942266057273,1.3069075542364063e-05,0.531109828134606,1,34.5,1.618272995435821e-05,6.660141789693673e-10,1.6741377760879585e-05,False,False
betti,low,rel,0.12,0.9,50,2.063898,0.11999976036065502,0.6755064281657129,7.38013627783901e-08,0.829427770930016,3.765838489083532e-11,30.92461190945354,3.171732229021238e-06,0.5983247090989675,1,39.5,1.755377682452757e-07,7.018496582861092e-11,4.442335802695409e-06,False,False
betti,low,rel,0.14,0.9,50,2.407886,0.14000003103383402,0.7332100144530618,1.4032668997947704e-09,0.853491462843583,2.6136482004772425e-12,33.892510208983865,7.839868100918404e-07,0.6642780046440859,1,47.500000000000014,4.484667411715245e-09,6.487328265464264e-12,1.257082298940365e-06,True,False
betti,low,rel,0.16,0.9,50,2.7518640000000003,0.15999962590373987,0.8077849080309639,1.3479393879728325e-12,0.9107774612537909,3.5447299197531956e-16,38.43525058863101,9.112163897018251e-08,0.7652277908584668,1,58.5,6.495251973133339e-12,3.231959632716149e-15,2.631774044790985e-07,True,False
betti,low,rel,0.18,0.9,50,3.095852,0.17999999402747413,0.8666250190217368,4.2222722886994923e-16,0.9185718771514664,6.689396523422029e-17,41.48470446900527,2.1331304246933254e-08,0.8329934326445616,1,74.30000000000001,3.3850976107676967e-15,8.406944279435792e-16,1.9927010523901639e-07,True,False
betti,low,rel,0.2,0.9,50,3.4398440000000003,0.20000042394727907,0.8801595425855692,3.7945471170843085e-17,0.9299374765205468,4.252131273244691e-18,41.31143186512319,2.3169096408563614e-08,0.8291429303360709,1,84.5,3.675967519675424e-16,9.415433533613244e-17,1.9927010523901639e-07,True,False
betti,low,rel,0.02,1.0,50,0.344906,0.019999719465896272,0.7874252112979766,1.1787572744478325e-11,0.9079133427119451,6.298149534119172e-16,37.40293283330927,1.4878353890766993e-07,0.7422873962957616,1,36.60000000000001,5.051816890490711e-11,4.922083249353638e-15,3.460327623635802e-07,True,False
betti,low,rel,0.04,1.0,50,0.689822,0.04000027631300289,0.5408292461590679,5.017520583406846e-05,0.7791517088632309,3.1814569615122756e-09,25.889633120161555,3.3308141758249365e-05,0.4864362915591457,1,21.0,6.90280198604788e-05,4.531018337222689e-09,4.108298651879563e-05,False,False
betti,low,rel,0.06,1.0,50,1.034732,0.06000018230040816,0.48728017286334274,0.00033212767280748023,0.7909665684302531,1.2517361404201478e-09,27.904560778270067,1.3040944585639192e-05,0.5312124617393348,1,19.299999999999997,0.00040965349563787347,1.86258337694518e-09,1.6728384089164756e-05,False,False
betti,low,rel,0.08,1.0,50,1.379634,0.07999957588946251,0.5867788058885038,7.518121041755908e-06,0.7869783742186838,1.7262303144371435e-09,25.89320421012158,3.325297892450114e-05,0.4865156491138129,1,33.900000000000006,1.2287625587554659e-05,2.508428425666474e-09,4.106941620157511e-05,False,False
betti,low,rel,0.1,1.0,50,1.7245420000000002,0.09999956851345095,0.6103234495442064,2.5276057957750255e-06,0.855589628190659,2.0256295529269215e-12,31.691737960203803,2.211668128802944e-06,0.6153719546711957,1,40.3,4.4520329357401014e-06,5.133066714501463e-12,3.174153333004225e-06,False,False
betti,low,rel,0.12,1.0,50,2.069458,0.11999996675464525,0.6962122797405533,1.9802520760950975e-08,0.8549016439006777,2.2031523744116186e-12,32.2815769230769,1.675619604137549e-06,0.6284794871794867,1,46.19999999999999,5.2023571490633924e-08,5.522726976287885e-12,2.4706059709301544e-06,False,False
betti,low,rel,0.14,1.0,50,2.414368,0.13999996237940768,0.7808635896239889,2.256153530694146e-11,0.8844092875658951,3.832022556656314e-14,35.79856312172618,3.18336240672544e-07,0.7066347360383596,1,62.000000000000014,9.083215513184224e-11,1.5909736507546303e-13,5.897464219630795e-07,True,False
betti,low,rel,0.16,1.0,50,2.7592839999999996,0.1600003083813452,0.8234700518762255,2.1114698189568335e-13,0.9184425402990919,6.88627457963357e-17,39.101109989909176,6.639347540112673e-08,0.7800246664424262,1,75.10000000000001,1.121203825888993e-12,8.426625472446342e-16,2.3757259462781054e-07,True,False
betti,low,rel,0.18,1.0,50,3.10419,0.18000006477768743,0.8120597937688891,8.273760245517919e-13,0.9290995739945457,5.290429447829967e-18,38.75184936112977,7.838990823462266e-08,0.7722633191362172,1,82.6,4.1368801227589594e-12,1.0933554192181932e-16,2.4966648855547627e-07,True,False
betti,low,rel,0.2,1.0,50,3.449098,0.20000003349120563,0.8747898200829615,1.0203305824533995e-16,0.9125867854695291,2.4407846045142915e-16,41.72767316745123,1.8996661013698563e-08,0.8383927370544717,1,102.20000000000002,9.03721373030154e-16,2.3611106705609547e-15,1.9927010523901639e-07,True,False
betti,mid,rel,0.02,0.1,50,1.580984,0.02000008837148248,0.2591487709636143,0.06917192219922425,0.058606791185362814,0.7194325880594215,8.906028141989085,0.06349173273934691,0.10902284759975743,1,0.9,0.07053715750578789,0.722540288223825,0.06604844680938772,False,False
betti,mid,rel,0.04,0.1,50,3.1619539999999997,0.03999997626341149,0.2896211211216279,0.0413418625064815,0.3630543888146484,0.021305067206553972,12.046004398826966,0.017012423476940527,0.17880009775171035,2,0.8999999999999999,0.04243701118214988,0.022413701925447053,0.018123200267531146,False,False
betti,mid,rel,0.06,0.1,50,4.742934,0.06000001383082357,0.2816134366527964,0.04756422906058831,0.3041364591778122,0.05639040176003101,6.27184860968073,0.17974547270124935,0.05048552465957178,2,0.5,0.04871666632857614,0.05833489837244587,0.1830923215905388,False,False
betti,mid,rel,0.08,0.1,50,6.323913999999999,0.08000005453526723,0.11070852219697454,0.4440424771305425,0.1874598406059711,0.246738126652523,1.8230244664237065,0.7682673001787514,-0.04837723407947319,1,0.2999999999999998,0.44644270673665354,0.24914924841134245,0.7690942832790515,False,False
betti,mid,rel,0.1,0.1,50,7.904885999999999,0.09999995455394398,0.2803888680114589,0.04857971338461094,0.31510480361433046,0.04764979847692394,5.536074527820303,0.23657665104273395,0.034134989507117845,2,0.8999999999999999,0.04964739939306392,0.04940280109647632,0.24019245138618184,False,False
betti,mid,rel,0.12,0.1,50,9.485866,0.11999999525838763,0.432755245897549,0.001696309472122104,0.3835980854100532,0.014547900270118075,12.071414598991026,0.016828034318309957,0.17936476886646727,1,1.4,0.001935666023403137,0.015497763174352587,0.017947330178931492,False,False
betti,mid,rel,0.14,0.1,50,11.066846,0.1400000328257997,0.345133055141668,0.014101105473817748,0.34620698963099583,0.02864438776974095,6.5757920389926525,0.16007707752618794,0.05723982308872561,1,1.4,0.014902304648466484,0.029931775984111328,0.16377522783207346,False,False
betti,mid,rel,0.16,0.1,50,12.647816000000002,0.15999992071772873,0.3304220379892847,0.019099251562967448,0.3419698924601177,0.030787313252983915,11.431763456090632,0.022117047240520032,0.16515029902423628,2,0.6000000000000001,0.019912896808923462,0.032098880409501165,0.023453653288122725,False,False
betti,mid,rel,0.18,0.1,50,14.228800000000001,0.1800000090892112,0.4477509250841284,0.0011123445351746931,0.47787815287159907,0.0018173678812645568,11.9884434320425,0.017437410064713346,0.17752096515649998,1,1.7000000000000002,0.0012947189207915702,0.001979100854304494,0.0185546811901412,False,False
betti,mid,rel,0.2,0.1,50,15.809784,0.20000009746069367,0.41250017423541807,0.002912409198589382,0.3668782415572145,0.01987926556600446,10.584861494429116,0.0316479056475313,0.14633025543175815,1,1.9000000000000004,0.0032593749153888387,0.020961130358712186,0.03321958493476762,False,False
betti,mid,rel,0.02,0.2,50,1.5930039999999996,0.019999987415101075,0.7450571060631666,5.47288923257868e-10,0.6499647267111242,5.657781370745495e-06,29.57224039447345,5.980603281998754e-06,0.5682720087660766,0,5.6,1.8441257196732511e-09,6.53631885067492e-06,8.04914768778414e-06,True,True
betti,mid,rel,0.04,0.2,50,3.1860119999999994,0.04000003716003392,0.570156432623935,1.5439302887839968e-05,0.6253435336451931,1.6013592553918436e-05,19.562681247864074,0.0006091026776607403,0.3458373610636461,1,3.8,2.3693979679358367e-05,1.829562785644244e-05,0.000679215216096509,False,False
betti,mid,rel,0.06,0.2,50,4.779016,0.06000002209138734,0.5311286298813537,7.236548956170776e-05,0.6964762950226074,6.004477121806215e-07,23.000374531835195,0.0001266043561031869,0.42223054515189323,1,3.200000000000001,9.68343961041557e-05,7.252160679584129e-07,0.00014736176617767685,False,False
betti,mid,rel,0.08,0.2,50,6.3720159999999995,0.07999999341368266,0.5928482602204345,5.723233032576932e-06,0.7502073184393965,2.5040749643753383e-08,25.886127841461008,3.336237646346702e-05,0.48635839647691126,1,4.1,9.487712513897588e-06,3.27537231627154e-08,4.10953776304958e-05,False,False
betti,mid,rel,0.1,0.2,50,7.965020000000001,0.09999996704225443,0.6600424652252468,1.8446405606138617e-07,0.747606813821034,2.9731908344521445e-08,29.324864130434758,6.714997619990792e-06,0.5627747584541057,1,5.300000000000001,4.084561241359265e-07,3.851068908134393e-08,8.934117005137964e-06,False,False
betti,mid,rel,0.12,0.2,50,9.558026,0.1200000228655261,0.6753107634373432,7.468717543958602e-08,0.7520521068772773,2.2140836757256028e-08,27.96801148530271,1.2660515867413839e-05,0.5326224774511713,1,5.600000000000001,1.7719151316024235e-07,2.9194429577933767e-08,1.6285310866797884e-05,False,False
betti,mid,rel,0.14,0.2,50,11.15103,0.1400000037767448,0.6782346079389592,6.243199446971939e-08,0.7656368781647125,8.646158531400632e-09,31.626754002911174,2.2803031078404345e-06,0.6139278667313595,1,4.299999999999999,1.5080975287490656e-07,1.1859774976699983e-08,3.267614622945461e-06,False,False
betti,mid,rel,0.16,0.2,50,12.744044,0.1600001208050148,0.6761164254465777,7.110254930003771e-08,0.6972043768793182,5.778117370651179e-07,24.275812326970716,7.032350154305794e-05,0.4505736072660159,1,6.4,1.6998809986898475e-07,6.987840253193233e-07,8.352599800133318e-05,False,False
betti,mid,rel,0.18,0.2,50,14.337038,0.17999999248089715,0.7370255216852929,1.0418830040572267e-09,0.800566144640448,5.608562522643153e-10,32.67986371379895,1.3890092769064211e-06,0.6373303047510878,1,5.300000000000001,3.3879412369693032e-09,8.607199910987018e-10,2.09025667883976e-06,True,False
betti,mid,rel,0.2,0.2,50,15.930042,0.20000000877801777,0.7845617821960517,1.5691429326917175e-11,0.8552157803609953,2.12035603109921e-12,35.76258759847274,3.238057255916278e-07,0.7058352799660609,1,8.4,6.573436609924763e-11,5.3439867450467895e-12,5.974986603178846e-07,True,False
betti,mid,rel,0.02,0.3,50,1.5741900000000002,0.01999996839525248,0.8010045612680247,2.852886152010549e-12,0.8034429217755319,4.3720685259959634e-10,32.56174836995892,1.4684930288019807e-06,0.6347055193324205,0,11.599999999999998,1.3265920606849053e-11,6.788019581262515e-10,2.1921324506995856e-06,True,True
betti,mid,rel,0.04,0.3,50,3.1483879999999997,0.04000006776043248,0.5049015320962721,0.00018454394658697204,0.7136648031912798,2.3495624557208922e-07,20.947991492241467,0.0003242769865327882,0.37662203316092147,1,6.899999999999999,0.0002335045854773932,2.901850044914249e-07,0.00036688272198965086,False,False
betti,mid,rel,0.06,0.3,50,4.72257,0.05999994855132188,0.6319276800734399,8.577724782153268e-07,0.8502850916837403,3.829368821771835e-12,33.974153667841755,7.54339513183976e-07,0.6660923037298168,1,10.0,1.6516116040170886e-06,8.970561723546113e-12,1.222187712998428e-06,False,False
betti,mid,rel,0.08,0.3,50,6.296769999999999,0.08000006572737542,0.6451640569569904,4.2424405897602616e-07,0.8580502526494387,1.494575017370987e-12,35.851228934279774,3.104949499978042e-07,0.7078050874284394,1,8.400000000000002,8.633413016361145e-07,3.97129933187148e-12,5.775206069959159e-07,False,False
betti,mid,rel,0.1,0.3,50,7.8709620000000005,0.10000006151412762,0.6122905404039581,2.298356200700777e-06,0.8350695346278576,2.094046478309025e-11,31.99589661989488,1.9167957220916176e-06,0.622131035997664,1,10.100000000000001,4.079143638648325e-06,4.1435387762284966e-11,2.7776651150291408e-06,False,False
betti,mid,rel,0.12,0.3,50,9.445152,0.12000005448318901,0.752172972490702,3.0319172490052e-10,0.8879311330042902,2.1973269456313636e-14,37.43420226888726,1.4659168070409473e-07,0.7429822726419392,1,13.899999999999999,1.0680617581722864e-09,9.968361265547161e-14,3.4340116638490703e-07,True,False
betti,mid,rel,0.14,0.3,50,11.019336000000001,0.13999995459970363,0.6340173149989591,7.692357195409788e-07,0.7738228787404401,4.757324281474459e-09,30.331025999710572,4.190741570210363e-06,0.5851339111046794,1,9.0,1.4966301656341217e-06,6.693360940652416e-09,5.765369319963961e-06,False,False
betti,mid,rel,0.16,0.3,50,12.593520000000003,0.15999985598889643,0.7056824142497325,1.0452598589234389e-08,0.8197318379145224,9.839342139638548e-11,34.78310856372217,5.147097285628807e-07,0.6840690791938261,1,10.2,2.9017661755188003e-08,1.6914211071837063e-10,8.671739992092012e-07,True,False
betti,mid,rel,0.18,0.3,50,14.16772,0.17999999632955113,0.7769705328166144,3.282002508291569e-11,0.8643562929962597,6.676316173871216e-13,36.298010118043834,2.512658487683761e-07,0.7177335581787518,1,15.299999999999997,1.293331496911508e-10,1.9163500128704416e-12,4.927164243156518e-07,True,False
betti,mid,rel,0.2,0.3,50,15.741908,0.1999999519586785,0.7454502106576465,5.299886714593253e-10,0.848423739687655,4.760661755178118e-12,38.18724049901259,1.025189799418388e-07,0.7597164555336131,1,11.3,1.7988666586028194e-09,1.0904964119004063e-11,2.8291587936471833e-07,True,False
betti,mid,rel,0.02,0.4,50,1.590744,0.020000021060124044,0.7993271361554509,3.4191730394311998e-12,0.8697389655952855,3.248518146126007e-13,35.503914951063074,3.659901816970301e-07,0.7000869989125127,1,13.3,1.5664191757000076e-11,1.0417661641024782e-12,6.596334670120892e-07,True,False
betti,mid,rel,0.04,0.4,50,3.18147,0.03999985135627517,0.5725956772628543,1.3926074095403117e-05,0.8340870764244138,2.3230096334640616e-11,30.30455005055612,4.243109787568514e-06,0.5845455566790249,1,9.7,2.151370250618754e-05,4.5578037112269564e-11,5.828791879525434e-06,False,False
betti,mid,rel,0.06,0.4,50,4.772232,0.060000104055242136,0.5994230463123963,4.23215704344528e-06,0.8426970012093803,9.137301699050628e-12,33.12593358999037,1.125622581975734e-06,0.6472429686664526,1,10.199999999999996,7.221845964044239e-06,1.9534920873832377e-11,1.713304421010528e-06,False,False
betti,mid,rel,0.08,0.4,50,6.362972000000001,0.08000008486253679,0.7181822363434762,4.3242239158261975e-09,0.876637616908262,1.2298635665890519e-13,38.20358569572122,1.0172590563081121e-07,0.7600796821271383,1,13.0,1.2726355195311277e-08,4.3489472126533015e-13,2.8240326040792366e-07,True,False
betti,mid,rel,0.1,0.4,50,7.95371,0.10000004142351507,0.6831608282505798,4.59461432128552e-08,0.8830790503102774,4.70579193529752e-14,37.94645665492785,1.149423045271972e-07,0.7543657034428412,1,12.400000000000002,1.1364338613817908e-07,1.894539610314586e-13,2.961117540451341e-07,False,False
betti,mid,rel,0.12,0.4,50,9.544442,0.11999992433846263,0.702095085459946,1.3353794054877953e-08,0.8893695919548691,1.7414887615021368e-14,38.177348225891855,1.0300194826911201e-07,0.7594966272420413,1,14.600000000000001,3.631294874572075e-08,8.305561785625576e-14,2.834077274860182e-07,True,False
betti,mid,rel,0.14,0.4,50,11.135193999999998,0.14000004969427135,0.7096083247601624,7.961314811775254e-09,0.8760386776312347,1.3411170278951724e-13,36.45026972353335,2.3377275369993608e-07,0.7211171049674079,1,15.699999999999996,2.2504628495291752e-08,4.688867804295152e-13,4.7098889504190444e-07,True,False
betti,mid,rel,0.16,0.4,50,12.725934000000002,0.1600000213124223,0.7223365918888032,3.1912387023867397e-09,0.893882668066228,8.219924478773906e-15,39.376515005771424,5.824012807530981e-08,0.7861447779060317,1,22.6,9.762671030327855e-09,4.2774030904299816e-14,2.274492949249529e-07,True,False
betti,mid,rel,0.18,0.4,50,14.316679999999998,0.18000009106671705,0.7440208763000198,5.954820035719965e-10,0.8656856874326881,5.604338755654028e-13,35.931526027133636,2.9890871639271335e-07,0.7095894672696363,1,20.699999999999996,1.9920800838919306e-09,1.6338667845637133e-12,5.615860732226736e-07,True,False
betti,mid,rel,0.2,0.4,50,15.90741,0.19999996068185028,0.7974421539144488,4.182254877166199e-12,0.9008809138360347,2.3942463483508485e-15,39.83666057340772,4.6784940738178684e-08,0.796370234964616,1,20.700000000000003,1.878984075248582e-11,1.5147272816097205e-14,2.1864319038445315e-07,True,False
betti,mid,rel,0.02,0.5,50,1.588412,0.02000000382340684,0.7701447035657875,6.220560286211852e-11,0.8888680677089976,1.88922053186835e-14,35.219678521584285,4.186842305881843e-07,0.6937706338129841,1,17.4,2.351675230153261e-10,8.91865530272876e-14,7.430846077233042e-07,True,False
betti,mid,rel,0.04,0.5,50,3.176824,0.039999973238958014,0.5803204511041945,9.990111825918272e-06,0.8202003657093587,9.405574772514857e-11,29.890754644335335,5.151573489536258e-06,0.5753501032074518,1,14.700000000000003,1.5854614331235484e-05,1.6258707320518248e-10,6.9839115820243726e-06,False,False
betti,mid,rel,0.06,0.5,50,4.76524,0.06000003224075205,0.5671301977598524,1.7527271836892565e-05,0.8720350054952973,2.365899957570645e-13,34.87741407528642,4.922619028422445e-07,0.686164757228587,1,13.0,2.659113019300177e-05,7.858167716216785e-13,8.384680762697571e-07,False,False
betti,mid,rel,0.08,0.5,50,6.353648,0.07999993168113952,0.6165172966745293,1.869560817220198e-06,0.8421823770385087,9.67636025630043e-12,35.25359634351693,4.120187965190799e-07,0.6945243631892651,1,19.1,3.3630397679202786e-06,2.0592711758259495e-11,7.326529268886124e-07,False,False
betti,mid,rel,0.1,0.5,50,7.94207,0.10000009144367147,0.6678075470494054,1.1723284233987667e-07,0.8918179309426117,1.1636444899009403e-14,38.892306952591575,7.332540449960351e-08,0.7753845989464795,1,21.0,2.659183984782568e-07,5.849672300583105e-14,2.444180149986784e-07,False,False
betti,mid,rel,0.12,0.5,50,9.530479999999999,0.12000003495267726,0.6665289195067415,1.264335997832668e-07,0.9228376850623549,2.4992123357518746e-17,41.748537477148055,1.880848505941703e-08,0.8388563883810679,1,24.4,2.8401750675951235e-07,3.8011746487724857e-16,1.9927010523901639e-07,False,False
betti,mid,rel,0.14,0.5,50,11.118888000000002,0.13999999555635637,0.7265404243890949,2.3335299993386702e-09,0.9052189673894713,1.0634956691369292e-15,37.90386944818301,1.1729090660904363e-07,0.7534193210707335,1,31.900000000000006,7.233942997949878e-09,7.272433619833412e-15,3.0049736403969857e-07,True,False
betti,mid,rel,0.16,0.5,50,12.707298000000002,0.159999948882467,0.7789777253319418,2.7078598881321487e-11,0.9128438401064668,2.3132479505705205e-16,40.89998558038932,2.8190847146986258e-08,0.819999679564207,1,29.000000000000007,1.0762007247704695e-10,2.2886389298197704e-15,2.0041006899092496e-07,True,False
betti,mid,rel,0.18,0.5,50,14.29572,0.18000007689879038,0.7474001308546314,4.515383085598259e-10,0.8260173895796379,5.314753054571675e-11,34.032007311559006,7.340099879202106e-07,0.6673779402568668,1,32.00000000000001,1.5495595090798454e-09,9.541931159752236e-11,1.1934078474926499e-06,True,False
betti,mid,rel,0.2,0.5,50,15.884124,0.19999998447495912,0.7600962100662898,1.533956808764033e-10,0.8917341410301854,1.1799993366082243e-14,39.78021354367063,4.8059256109237765e-08,0.7951158565260139,1,27.700000000000003,5.550894288523544e-10,5.868445898639832e-14,2.2105536626308446e-07,True,False
betti,mid,rel,0.02,0.6,50,1.5975219999999999,0.020000033885099567,0.6816182746394174,5.060810247799594e-08,0.8219848652314395,7.912029798697875e-11,29.449487808397006,6.334444803042816e-06,0.5655441735199335,1,18.2,1.2418347046051774e-07,1.3883373042998158e-10,8.513054431834997e-06,False,False
betti,mid,rel,0.04,0.6,50,3.195036,0.03999996336488958,0.48545745741961427,0.0003523093293511011,0.8151996128061799,1.5118875757246027e-10,28.0481052226604,1.2196028560467022e-05,0.5344023382813422,1,13.599999999999994,0.0004322528711035937,2.542595742176999e-10,1.5709565874285775e-05,False,False
betti,mid,rel,0.06,0.6,50,4.792562,0.0600000448034801,0.4648976251811465,0.0006702725926072647,0.8371935812073762,1.6693440793604215e-11,29.69545958451823,5.64520789447863e-06,0.571010212989294,1,12.5,0.0008012255927053421,3.3897161436794587e-11,7.630876950385357e-06,False,False
betti,mid,rel,0.08,0.6,50,6.390082,0.08000004745990326,0.5021659593823034,0.0002025961634355346,0.8519938151799272,3.1276000466814315e-12,32.63869943725649,1.4162112849158448e-06,0.6364155430501443,1,21.799999999999997,0.0002549586359878852,7.535409438895677e-12,2.1243169273737675e-06,False,False
betti,mid,rel,0.1,0.6,50,7.987595999999999,0.09999997695811504,0.5176968206173308,0.00011800382883003866,0.8226450671957752,7.418116834139098e-11,31.728701211305523,2.173550302307793e-06,0.6161933602512338,1,21.299999999999997,0.00015348749763907126,1.3041301806709566e-10,3.129104924374996e-06,False,False
betti,mid,rel,0.12,0.6,50,9.585107999999998,0.11999986329439587,0.6970755739126586,1.8700969475732713e-08,0.9070295481312666,7.492108736581398e-16,37.7695871581679,1.2501422811355842e-07,0.7504352701815089,1,28.700000000000003,4.940881139895291e-08,5.626307655502528e-15,3.136978524669205e-07,False,False
betti,mid,rel,0.14,0.6,50,11.182638000000003,0.14000001473499024,0.7365046149536612,1.0854371882530262e-09,0.9054316148512103,1.0210027812467459e-15,39.3986390959365,5.763022194403337e-08,0.7866364243541445,1,35.6,3.5172703312728724e-09,7.03357471525536e-15,2.274492949249529e-07,True,False
betti,mid,rel,0.16,0.6,50,12.780154,0.15999994949414786,0.713269573563711,6.151210535906582e-09,0.9088823003882651,5.19614728746491e-16,39.527121984043035,5.42121156758767e-08,0.7894915996454007,1,34.19999999999999,1.771091578449883e-08,4.35154850423479e-15,2.2407674479362368e-07,True,False
betti,mid,rel,0.18,0.6,50,14.377674000000003,0.1799999840103297,0.7832956902696467,1.778273387911395e-11,0.9069018124824981,7.681362982532276e-16,39.700595867371455,4.991572786585778e-08,0.7933465748304768,1,41.0,7.416117716401782e-11,5.714934059004014e-15,2.2105536626308446e-07,True,False
betti,mid,rel,0.2,0.6,50,15.975189999999998,0.19999991237092454,0.8369457258316599,3.68980622701227e-14,0.9217817044779416,3.205514923491277e-17,42.602365498341236,1.2512433161825162e-08,0.857830344407583,1,42.30000000000001,2.1313787522493234e-13,4.5168619376468e-16,1.9927010523901639e-07,True,False
betti,mid,rel,0.02,0.7,50,1.59587,0.0200000422284744,0.686213166069322,3.788328541718859e-08,0.8435477531729011,8.307478253004645e-12,30.12455490328166,4.616822111374054e-06,0.5805456645173702,1,23.099999999999998,9.522014983239295e-08,1.792564913061327e-11,6.286448848576677e-06,False,False
betti,mid,rel,0.04,0.7,50,3.191726,0.03999989920425315,0.4361302866752954,0.0015451758997756491,0.8319126117498267,2.9158256173657336e-11,30.249569193742456,4.353949940345788e-06,0.5833237598609434,1,15.899999999999991,0.0017675443871972372,5.625970589523096e-11,5.954666830178798e-06,False,False
betti,mid,rel,0.06,0.7,50,4.787596000000001,0.05999997423942807,0.44948820273921536,0.0010579530494629061,0.836131975675615,1.8703424053330447e-11,32.09912061508889,1.825903011354292e-06,0.6244249025575309,1,17.5,0.0012376054540886826,3.7568432763709104e-11,2.6657610683822475e-06,False,False
betti,mid,rel,0.08,0.7,50,6.383461999999998,0.08000001135719687,0.5374357306382801,5.710590616473272e-05,0.8704509539832932,2.9462415919152584e-13,36.331965951716825,2.472549149484807e-07,0.7184881322603739,1,26.400000000000006,7.753064632584149e-05,9.580435945738427e-13,4.892490870257171e-07,False,False
betti,mid,rel,0.1,0.7,50,7.979336000000001,0.10000009687351233,0.5627450980392157,2.1017518059357266e-05,0.8975076392007328,4.3872642832746e-15,37.749168589004206,1.2623222760062886e-07,0.7499815242000935,1,31.900000000000006,3.116343555414157e-05,2.5500973646533608e-14,3.1484366504498156e-07,False,False
betti,mid,rel,0.12,0.7,50,9.575192000000001,0.11999995936304514,0.6318627450980393,8.606701128409691e-07,0.9177752716403543,7.991852982462407e-17,41.78870146097654,1.8451464656131553e-08,0.8397489213550342,1,38.2,1.6537669523597134e-06,9.5287477867821e-16,1.9927010523901639e-07,False,False
betti,mid,rel,0.14,0.7,50,11.171064000000001,0.14000003066271416,0.6989524299459237,1.6501545936909398e-08,0.8934628668557989,8.826919304651714e-15,38.90452142994427,7.290072227839596e-08,0.7756560317765393,1,43.5,4.397260092070413e-08,4.5353784272519854e-14,2.444180149986784e-07,False,False
betti,mid,rel,0.16,0.7,50,12.766926000000002,0.15999999495007755,0.7638356243793888,1.1020338055146361e-10,0.9290995739945457,5.290429447829967e-18,41.89756754158254,1.7517384626675073e-08,0.8421681675907231,1,49.3,4.035005665860675e-10,1.0933554192181932e-16,1.9927010523901639e-07,True,False
betti,mid,rel,0.18,0.7,50,14.362791999999999,0.17999998450859483,0.7994521753631689,3.3735321226152937e-12,0.9386116040681706,3.7257618583813023e-19,42.079347460477635,1.6061679623930152e-08,0.8462077213439474,1,59.900000000000006,1.5531608287288235e-11,1.5749811492248233e-17,1.9927010523901639e-07,True,False
betti,mid,rel,0.2,0.7,50,15.958658,0.19999997306946898,0.823430485747584,2.1218481006071264e-13,0.9077429065657632,6.51344347412974e-16,38.5250228222745,8.731540223007399e-08,0.7672227293838778,1,61.79999999999998,1.121203825888993e-12,5.047918692450549e-15,2.5574279870171346e-07,True,False
betti,mid,rel,0.02,0.8,50,1.5881740000000002,0.02000000804057741,0.7360496620386802,1.1248757959393359e-09,0.8956533201342571,6.066323811576676e-15,33.78791901120568,8.236696418635584e-07,0.6619537558045707,1,28.800000000000004,3.6198425267251987e-09,3.3186359675095937e-14,1.3094235332189902e-06,True,False
betti,mid,rel,0.04,0.8,50,3.1763500000000007,0.039999985125498336,0.46302333387014427,0.0007093457923749576,0.7930542543147228,1.0549717331085063e-09,28.080397440215553,1.2013588318943248e-05,0.5351199431159012,1,18.300000000000004,0.0008446755274119213,1.5901518829674406e-09,1.549602931569656e-05,False,False
betti,mid,rel,0.06,0.8,50,4.764526,0.06000002671124914,0.44775349046606194,0.0011122624055038544,0.8475855141515173,5.24603705450077e-12,37.72875078166337,1.2746201417760616e-07,0.7495277951480749,1,20.599999999999994,0.0012947189207915702,1.1899547465087113e-11,3.1484366504498156e-07,False,False
betti,mid,rel,0.08,0.8,50,6.3526940000000005,0.07999993972264365,0.49836265281248787,0.000230365620598462,0.8784118880163565,9.490534314768195e-14,39.379909532746254,5.814613298542389e-08,0.7862202118388056,1,27.799999999999997,0.0002875705062504291,3.530478765093769e-13,2.274492949249529e-07,False,False
betti,mid,rel,0.1,0.8,50,7.940880000000001,0.10000009856590551,0.5012574997624255,0.00020893724945370744,0.8293157458205386,3.8091540797074073e-11,36.059143613182584,2.8137497501834105e-07,0.7124254136262796,1,31.5,0.0002625832999891188,7.074320479723125e-11,5.329505636803608e-07,False,False
betti,mid,rel,0.12,0.8,50,9.529046,0.11999994873386875,0.6180630015045854,1.7322724723393635e-06,0.881627332987525,5.871673152213328e-14,36.848762792485445,1.9352631357596057e-07,0.7299725064996766,1,46.70000000000002,3.146510545460172e-06,2.3236834176844235e-13,4.0811671570440665e-07,False,False
betti,mid,rel,0.14,0.8,50,11.117212,0.1399998628725916,0.7209571733024424,3.532096779573604e-09,0.9281743136700338,6.713178316897772e-18,39.202589478741245,6.326454254387637e-08,0.7822797661942499,1,55.400000000000006,1.0699837149848378e-08,1.3283523052584953e-16,2.3392116480171696e-07,True,False
betti,mid,rel,0.16,0.8,50,12.705406,0.16000012150032997,0.7773015711507671,3.179982856750165e-11,0.9512931770535877,5.129534475777041e-21,42.39338009223676,1.382555887530943e-08,0.853186224271928,1,65.69999999999999,1.2584613007564483e-10,4.994249871256548e-19,1.9927010523901639e-07,True,False
betti,mid,rel,0.18,0.8,50,14.293578,0.1800000909129974,0.8119207994720818,8.407737440296907e-13,0.9364528264949347,7.04943629890348e-19,40.73784615384613,3.045592126677644e-08,0.8163965811965807,1,76.69999999999999,4.181388138757285e-12,2.3414199135643698e-17,2.0041006899092496e-07,True,False
betti,mid,rel,0.2,0.8,50,15.881742000000004,0.19999994197470733,0.8673969804039168,3.706689613808531e-16,0.9454364344625559,4.2145823870636424e-20,42.37841018251679,1.3924733663820958e-08,0.8528535596114841,1,76.29999999999998,2.99758377464516e-15,2.305624482334816e-18,1.9927010523901639e-07,True,False
betti,mid,rel,0.02,0.9,50,1.5894920000000001,0.020000029201616854,0.7156088900550279,5.205670428927011e-09,0.8680733091108104,4.0733831889625547e-13,32.080807351809064,1.841709272911735e-06,0.6240179411513125,1,31.799999999999997,1.5176405952671224e-08,1.2502463253251405e-12,2.684623234808642e-06,True,False
betti,mid,rel,0.04,0.9,50,3.1789840000000003,0.040000018423891476,0.3357843137254902,0.01712689958743724,0.7606674854850694,1.228304477969956e-08,26.840027873894673,2.1415473454631055e-05,0.5075561749754371,1,14.5,0.017957177695960128,1.6579436349957316e-08,2.698697874364076e-05,False,False
betti,mid,rel,0.06,0.9,50,4.7684679999999995,0.059999953663259734,0.36967002854351777,0.008237820009992593,0.8228382262458898,7.279163740675402e-11,32.867290034132964,1.2715892571797873e-06,0.6414953340918437,1,21.0,0.008877372664302562,1.2821254315962354e-10,1.922891071832849e-06,False,False
betti,mid,rel,0.08,0.9,50,6.357954000000001,0.07999986320862539,0.42744070944891294,0.001961062687593362,0.8410157833705219,1.1010780483578743e-11,34.251256667787985,6.618006448598017e-07,0.6722501481730663,1,27.400000000000006,0.002229570048241842,2.3379054451434318e-11,1.0893355747249833e-06,False,False
betti,mid,rel,0.1,0.9,50,7.947454000000001,0.09999999759186894,0.5798880266950276,1.0179887416487437e-05,0.8897120043506795,1.6469481501302813e-14,37.265101638714,1.5884104137783694e-07,0.7392244808603111,1,45.10000000000001,1.61008423424036e-05,7.904954920979002e-14,3.5768079535445124e-07,False,False
betti,mid,rel,0.12,0.9,50,9.536948,0.12000003642619314,0.6577325129652465,2.1056127971260764e-07,0.9233733197604922,2.1998061616653687e-17,40.385745856353566,3.6019406090731526e-08,0.8085721301411903,1,56.69999999999999,4.618443163507667e-07,3.4096995505813215e-16,2.0041006899092496e-07,False,False
betti,mid,rel,0.14,0.9,50,11.126438000000002,0.14000001379081295,0.7362568183397561,1.1067533467690412e-09,0.9331500490727667,1.7931182292541196e-18,41.47939833725793,2.1385362918212827e-08,0.8328755186057318,1,67.70000000000002,3.573891015608362e-09,4.774005008204021e-17,1.9927010523901639e-07,True,False
betti,mid,rel,0.16,0.9,50,12.71593,0.16000003584446215,0.7758312655306838,3.65728410026363e-11,0.9339436802197518,1.4391291951877848e-18,41.0012490392006,2.6862286108531107e-08,0.8222499786489023,1,79.0,1.4291068122878888e-10,4.1559940081271996e-17,2.0041006899092496e-07,True,False
betti,mid,rel,0.18,0.9,50,14.305416000000001,0.17999996253594258,0.8547992661570156,2.8211355271814453e-15,0.9533201051205764,2.3282639013347475e-21,42.780180656320574,1.1493641549237537e-08,0.8617817923626794,1,89.79999999999998,1.9291588531461354e-14,3.7395943275184877e-19,1.9927010523901639e-07,True,False
betti,mid,rel,0.2,0.9,50,15.894910000000003,0.2000000069397138,0.8601287877487998,1.2246209421835944e-15,0.9203801827891746,4.4365387397827345e-17,40.69335126825519,3.11086595442992e-08,0.8154078059612265,1,97.00000000000001,8.693873864356814e-15,5.979682649272382e-16,2.0041006899092496e-07,True,False
betti,mid,rel,0.02,1.0,50,1.5890660000000003,0.01999996590773708,0.5379390268197416,5.602543064380475e-05,0.7939118320021729,9.828484021603775e-10,25.67639590246716,3.677231832207413e-05,0.48169768672149244,1,25.5,7.617492762973452e-05,1.4886791759106696e-09,4.5056990829418895e-05,False,False
betti,mid,rel,0.04,1.0,50,3.1781420000000002,0.04000006714576064,0.3530599690324468,0.011905378682338324,0.8132991783270123,1.8040186687487367e-10,30.73587092430509,3.4656470779332007e-06,0.5941304649845576,1,14.600000000000009,0.012692015750898044,2.9906191834872103e-10,4.803355860622767e-06,False,False
betti,mid,rel,0.06,1.0,50,4.767208,0.060000014178787225,0.36622047319250006,0.008906268613724332,0.8295446054563752,3.721155227357122e-11,35.08930442724605,4.453208708606017e-07,0.6908734317165789,1,24.299999999999997,0.009568257219219183,6.949145304100649e-11,7.814120941516218e-07,False,False
betti,mid,rel,0.08,1.0,50,6.3562720000000015,0.0799999797188362,0.4312792893603146,0.001766440572582095,0.8825547362661795,5.099141647729528e-14,39.59709372147763,5.243645722683661e-08,0.7910465271439473,1,34.3,0.002013222711398711,2.0265819369181461e-13,2.2407674479362368e-07,False,False
betti,mid,rel,0.1,1.0,50,7.9453499999999995,0.10000010295976264,0.5175724430308789,0.00011852807865152713,0.8864298393891924,2.7914247585937914e-14,37.52358508696071,1.405022773352885e-07,0.7449685574880157,1,46.20000000000002,0.0001539540686395534,1.2018634377278824e-13,3.3504389210722643e-07,False,False
betti,mid,rel,0.12,1.0,50,9.534414,0.12000006086196077,0.639582944736287,5.732062973688344e-07,0.9068166853585972,7.809979820361496e-16,40.07920349730974,4.1682048632386677e-08,0.8017600777179943,1,65.10000000000001,1.1415029048244453e-06,5.764508915028723e-15,2.1299068806659125e-07,False,False
betti,mid,rel,0.14,1.0,50,11.123483999999998,0.14000006239536275,0.7068287768265523,9.658216998481289e-09,0.9290995739945457,5.290429447829967e-18,40.417111965401226,3.548515849830496e-08,0.8092691547866939,1,76.80000000000001,2.6892640145471853e-08,1.0933554192181932e-16,2.0041006899092496e-07,True,False
betti,mid,rel,0.16,1.0,50,12.712548000000002,0.16000000990998622,0.8112355240277005,9.098917729861382e-13,0.9484759988953703,1.456630695499901e-20,42.35686208553578,1.406873607826368e-08,0.8523747130119063,1,98.4,4.453680783563729e-12,9.676189620106485e-19,1.9927010523901639e-07,True,False
betti,mid,rel,0.18,1.0,50,14.301617999999998,0.18000001938561208,0.8075715085534757,1.38074456404947e-12,0.9472849198588896,2.2253589992260438e-20,41.873561617519904,1.7719216794229414e-08,0.8416347026115534,1,108.80000000000001,6.6190332194124085e-12,1.293489918300138e-18,1.9927010523901639e-07,True,False
betti,mid,rel,0.2,1.0,50,15.890672,0.1999998248354592,0.8753009213608204,9.304815523255598e-17,0.9367182706201758,6.525730745737137e-19,40.40422731421435,3.570365474496688e-08,0.8089828292047634,1,127.19999999999999,8.401435375366705e-16,2.3060253522376142e-17,2.0041006899092496e-07,True,False
